tree
version=v4
num_class=1
num_tree_per_iteration=1
label_index=0
max_feature_idx=82
objective=lambdarank
feature_names=Column_0 Column_1 Column_2 Column_3 Column_4 Column_5 Column_6 Column_7 Column_8 Column_9 Column_10 Column_11 Column_12 Column_13 Column_14 Column_15 Column_16 Column_17 Column_18 Column_19 Column_20 Column_21 Column_22 Column_23 Column_24 Column_25 Column_26 Column_27 Column_28 Column_29 Column_30 Column_31 Column_32 Column_33 Column_34 Column_35 Column_36 Column_37 Column_38 Column_39 Column_40 Column_41 Column_42 Column_43 Column_44 Column_45 Column_46 Column_47 Column_48 Column_49 Column_50 Column_51 Column_52 Column_53 Column_54 Column_55 Column_56 Column_57 Column_58 Column_59 Column_60 Column_61 Column_62 Column_63 Column_64 Column_65 Column_66 Column_67 Column_68 Column_69 Column_70 Column_71 Column_72 Column_73 Column_74 Column_75 Column_76 Column_77 Column_78 Column_79 Column_80 Column_81 Column_82
feature_infos=[0:1] [0.015709187835454941:0.83773982524871826] [-0.035817231982946396:0.86836433410644531] [0.68125581741333008:0.9911797046661377] [0:1] [0:1] [0.304232:0.83412900000000001] [0:1] [0:1] [0.080000000000000002:1] [0:1] none [0:1] none [0:1] [0:0.84759300000000004] [0.52320800000000001:0.79572299999999996] [0:0.79816399999999998] [0.53646899999999997:0.79394299999999995] [0.52918699999999996:0.82273300000000005] [0.488902:0.82699] [0:1] [0.092766000000000001:0.645644] [0:1] [0:1] [0:1] [0:1] [0:1] [0:1] [0:1] [0:1] [0:0.80000000000000004] [0:1] [0:1] [0:1] [0:1] [0:1] [0:1] none [0:1] [0:1] [0:1] [0:1] [0:1] [0:1] [0:1] [0:1] [0:1] [0:1] [0:1] [0:1] [0:0.5] [0:1] [0.55000000000000004:0.90000000000000002] [0:1] [0:1] none [0:1] [0:1] [0:1] [0.059999999999999998:1] [0:1] [0.16666666666666666:1] [0:1] [0:1] [0:1] [0:1] [0:1] [0:1] [0:1] [0:1] [0:1] [0:1] [0:1] [0:1] [0:1] [0:1] [0:1] [0:1] [0:1] [0:1] [0:1] [0:1]
tree_sizes=889 895 886 888 882 891 892 893 894 889 892 887 890 883 887 871 887 892 896 890 886 893 890 897 888 894 894 894 894 890 890 895 897 886 888 874 889 893 898 891 896 897 889 898 899 887 889 883 891 893 892 896 895 895 891 891 873 897 896 890 902 896 896 893 892 888 893 890 900 900 877 896 890 888 890 898 898 889 887 893 893 899 887 899 894 901 894 881 902 895 900 894 893 894 899 902 896 903 890 900 895 893 894 886 900 899 902 897 898 889 896 895 883 900 891 890 898 891 905 902 894 908 896 898 903 894 899 897 894 896 902 898 898 898 895 904 898 897 903 894 900 901 898 901 907 860 910 896 895 887 869 892 909 893 889 897 903 898 901 893 900 897 903 900 905 903 897 894 893 904 884 898 887 886 899 899 899 902 899 880 898 898 883 900 894 897 899 900 898 896 895 899 900 903 904 904 900 900 895 904 900 895 889 896 894 895 887 897 903 875 894 897 905 897 903 904 882 910 899 900 906 898 904 894 909 903 890 903 877 902 893 894 902 899 908 901 897 895 905 903

Tree=0
num_leaves=7
num_cat=0
split_feature=9 1 19 62 62 39
split_gain=818.422 235.441 114.719 66.1895 53.7399 38.3188
threshold=0.65000000000000013 0.5700967311859132 0.72681700000000016 0.75000000000000011 0.75000000000000011 1.0000000180025095e-35
decision_type=2 2 2 2 2 2
left_child=2 4 -1 -3 5 -2
right_child=1 3 -4 -5 -6 -7
leaf_value=-0.042438790880806126 -0.02615719700094964 0.038394761771253456 0.010387473453860407 0.0024683503709394599 -0.025165800208786129 0.013826578757989538
leaf_weight=216.19317638035864 16.076547238975763 248.57022781204432 27.833016484044492 37.753985531628132 51.652882252819836 74.656352714635432
leaf_count=6437 436 1436 409 739 1353 978
internal_value=0 0.0207723 -0.0363338 0.0337503 -0.00539668 0.00613676
internal_weight=672.736 428.71 244.026 286.324 142.386 90.7329
internal_count=11788 4942 6846 2175 2767 1414
is_linear=0
shrinkage=0.025


Tree=1
num_leaves=7
num_cat=0
split_feature=9 47 39 44 1 44
split_gain=894.116 298.434 205.768 162.528 143.821 78.2065
threshold=0.71000000000000008 0.94094600000000017 1.0000000180025095e-35 0.17055000000000001 0.49414388835430151 0.076556500000000013
decision_type=2 2 2 2 2 2
left_child=4 2 -2 -4 -1 -6
right_child=1 -3 3 -5 5 -7
leaf_value=-0.04639877479821812 -0.027555538263151283 0.037661289476988762 -0.0047482845426145507 0.023605305984860527 -0.030388980123219996 -0.0014520474955274309
leaf_weight=183.6563140694052 98.103609300218523 246.78093681740575 218.34119668416679 293.71292456844822 120.17783592827618 113.13373634871095
leaf_count=4346 1164 411 1556 1076 2185 1050
internal_value=0 0.0146036 0.00514789 0.0115339 -0.029921 -0.0165586
internal_weight=1273.91 856.939 610.158 512.054 416.968 233.312
internal_count=11788 4207 3796 2632 7581 3235
is_linear=0
shrinkage=0.025


Tree=2
num_leaves=7
num_cat=0
split_feature=9 62 61 1 29 44
split_gain=743.697 321.831 107.07 83.4726 76.0415 52.1723
threshold=0.57000000000000017 0.58333333333333337 0.68532600000000021 0.51987746357917797 0.60023650000000017 0.076556500000000013
decision_type=2 2 2 2 2 2
left_child=5 3 4 -2 -3 -1
right_child=1 2 -4 -5 -6 -7
leaf_value=-0.04413677468065981 -0.010069887154370384 -0.016145506259652855 0.016257895265882141 0.028933110387490135 0.023642920734463765 -0.016764794152931244
leaf_weight=189.41016758419573 35.841897279489785 283.4098486865405 111.11615664046258 410.27463478920981 31.160295823588967 63.384368969593197
leaf_count=4902 418 3509 569 1052 148 1190
internal_value=0 0.0109614 -0.00456734 0.0257414 -0.0120213 -0.0375393
internal_weight=1124.6 871.803 425.686 446.117 314.57 252.795
internal_count=11788 5696 4226 1470 3657 6092
is_linear=0
shrinkage=0.025


Tree=3
num_leaves=7
num_cat=0
split_feature=2 47 34 22 62 15
split_gain=627.849 193.21 162.73 132.919 109.923 107.933
threshold=0.53648993372917186 0.95126050000000006 0.050023500000000005 0.40920200000000001 0.75000000000000011 0.67519200000000013
decision_type=2 2 2 2 2 2
left_child=5 2 3 -2 -4 -1
right_child=1 -3 4 -5 -6 -7
leaf_value=-0.038423500741046904 -0.036364665395291811 0.030547891392926609 0.016913802819617421 0.02214147127802582 -0.017284272462861648 -0.0030570925157276814
leaf_weight=233.04752887040377 91.541926428675652 239.09941367991269 341.47223477438092 30.617155011743307 68.483602561987936 71.256307420320809
leaf_count=5786 1868 400 1614 152 1079 889
internal_value=0 0.0120003 0.00354589 -0.0214809 0.0111096 -0.030263
internal_weight=1075.52 771.214 532.115 122.159 409.956 304.304
internal_count=11788 5113 4713 2020 2693 6675
is_linear=0
shrinkage=0.025


Tree=4
num_leaves=7
num_cat=0
split_feature=9 62 19 2 19 30
split_gain=643.127 205.796 112.515 93.91 55.9145 55.2387
threshold=0.71000000000000008 0.75000000000000011 0.72681700000000016 0.66892853379249584 0.68233650000000012 0.91500000000000015
decision_type=2 2 2 2 2 2
left_child=2 3 5 4 -2 -1
right_child=1 -3 -4 -5 -6 -7
leaf_value=-0.03839838044882643 -0.0072448848193655746 -0.017155015193168414 0.002075579933559456 0.03106008116728249 0.016473073091599739 0.00080476787712283049
leaf_weight=251.78162010572851 79.987644349224865 111.06664977502078 61.92356035951525 253.55581280216575 252.0308749191463 24.050851097330451
leaf_count=6758 750 1814 525 489 1154 298
internal_value=0 0.0137189 -0.0281888 0.0196377 0.0107215 -0.0349722
internal_weight=1034.4 696.641 337.756 585.574 332.019 275.832
internal_count=11788 4207 7581 2393 1904 7056
is_linear=0
shrinkage=0.025


Tree=5
num_leaves=7
num_cat=0
split_feature=9 1 19 39 44 16
split_gain=586.368 201.793 103.545 83.5356 84.2475 50.6887
threshold=0.65000000000000013 0.60725557804107677 0.72440300000000002 1.0000000180025095e-35 0.10009250000000001 0.59352450000000012
decision_type=2 2 2 2 2 2
left_child=2 3 -1 -2 -5 -3
right_child=1 5 -4 4 -6 -7
leaf_value=-0.038795843950940559 -0.031291195053605052 -0.026827598880645849 0.001674506637950132 -0.019062086728205446 0.012063744000890575 0.023595191764389775
leaf_weight=219.09664454124868 55.529025494121015 10.68138433806598 47.342222611419857 77.575023086741567 166.41796195413917 428.95885402709246
leaf_count=6386 1112 117 460 1194 1150 1369
internal_value=0 0.0114672 -0.0316236 -0.00431893 0.00203915 0.0222056
internal_weight=1005.6 739.162 266.439 299.522 243.993 439.64
internal_count=11788 4942 6846 3456 2344 1486
is_linear=0
shrinkage=0.025


Tree=6
num_leaves=7
num_cat=0
split_feature=9 62 1 43 6 59
split_gain=532.54 219.465 86.2989 49.6367 45.3812 43.8372
threshold=0.57000000000000017 0.75000000000000011 0.51881211996078502 1.0000000180025095e-35 0.71382100000000015 1.0000000180025095e-35
decision_type=2 2 2 2 2 2
left_child=-1 2 5 -4 -3 -2
right_child=1 4 3 -5 -6 -7
leaf_value=-0.034545716695671608 -0.031669341119116561 -0.028137193199053907 0.022389759934404344 0.0024274970280638163 0.0037200947299269489 0.006951761857796313
leaf_weight=215.10129581112415 29.954284429550171 95.590877757407725 471.54563863109797 95.13231364544481 37.692251928150654 40.073594792746007
leaf_count=6092 582 2106 1523 646 396 443
internal_value=0 0.00973113 0.0158442 0.0190793 -0.0191609 -0.00996988
internal_weight=985.09 769.989 636.706 566.678 133.283 70.0279
internal_count=11788 5696 3194 2169 2502 1025
is_linear=0
shrinkage=0.025


Tree=7
num_leaves=7
num_cat=0
split_feature=9 62 47 39 48 44
split_gain=488.85 185.03 82.7704 104.057 42.395 34.4757
threshold=0.57000000000000017 0.75000000000000011 0.87956550000000011 1.0000000180025095e-35 0.66350000000000009 0.076556500000000013
decision_type=2 2 2 2 2 2
left_child=5 2 3 -2 -3 -1
right_child=1 4 -4 -5 -6 -7
leaf_value=-0.039930695412716551 -0.026409057132809496 -0.026823892879772222 0.025726349783520275 0.012312974889839567 0.0049702172670585834 -0.015508939597295074
leaf_weight=152.53930607810616 47.453337736427784 91.244471180252731 257.12810797709972 327.00087244343013 34.823719293810427 54.791930449195206
leaf_count=4902 762 2082 509 1923 420 1190
internal_value=0 0.00932462 0.0148517 0.00724004 -0.0180475 -0.0337801
internal_weight=964.982 757.651 631.582 374.454 126.068 207.331
internal_count=11788 5696 3194 2685 2502 6092
is_linear=0
shrinkage=0.025


Tree=8
num_leaves=7
num_cat=0
split_feature=9 62 29 47 19 44
split_gain=450.903 173.481 68.9368 62.6226 49.4426 32.0908
threshold=0.57000000000000017 0.58333333333333337 0.43853150000000002 0.86248650000000004 0.68291200000000007 0.076556500000000013
decision_type=2 2 2 2 2 2
left_child=5 4 3 -3 -2 -1
right_child=1 2 -4 -5 -6 -7
leaf_value=-0.039043820521420081 0.00028553464955411947 -0.01742362363549475 0.019706043114406453 0.0077305457835778399 0.023851151283609193 -0.015303878773346517
leaf_weight=147.06227492215112 67.477757879532874 190.78974311612546 59.426345607731491 88.661592129617929 338.28156352043152 54.644034325145185
leaf_count=4902 543 3341 373 512 927 1190
internal_value=0 0.00899803 -0.00417501 -0.00941414 0.0199794 -0.0329214
internal_weight=946.343 744.637 338.878 279.451 405.759 201.706
internal_count=11788 5696 4226 3853 1470 6092
is_linear=0
shrinkage=0.025


Tree=9
num_leaves=7
num_cat=0
split_feature=9 1 19 44 0 16
split_gain=423.812 147.938 86.2873 64.9939 48.9492 34.9625
threshold=0.65000000000000013 0.60725557804107677 0.72440300000000002 0.10009250000000001 0.51350000000000018 0.60382200000000008
decision_type=2 2 2 2 2 2
left_child=2 3 -1 -2 -5 -3
right_child=1 5 -4 4 -6 -7
leaf_value=-0.035749781768330588 -0.021111427237717102 -0.016328059148156656 0.0029880403782107522 0.017365204460836902 -0.0082225358026407867 0.020515584442901129
leaf_weight=193.73383912630379 92.963315085042268 14.717533069662748 43.045709121972322 88.80937906075269 93.012797274626791 406.17573621217161
leaf_count=6386 1713 155 460 617 1126 1331
internal_value=0 0.00984057 -0.0287132 -0.00438219 0.0042941 0.0191178
internal_weight=932.458 695.679 236.78 274.785 181.822 420.893
internal_count=11788 4942 6846 3456 1743 1486
is_linear=0
shrinkage=0.025


Tree=10
num_leaves=7
num_cat=0
split_feature=9 62 2 39 48 44
split_gain=396.472 157.793 71.1671 48.84 35.0061 25.9106
threshold=0.57000000000000017 0.75000000000000011 0.6828153431415559 1.0000000180025095e-35 0.66350000000000009 0.076556500000000013
decision_type=2 2 2 2 2 2
left_child=5 2 3 -2 -3 -1
right_child=1 4 -4 -5 -6 -7
leaf_value=-0.037537157546659844 -0.015029224934117466 -0.025802558631734251 0.024366653364495117 0.010399239252031485 0.003679135271223702 -0.015412217506394372
leaf_weight=138.92047948203981 52.693255491089076 86.104114676825702 233.45420701103285 323.45799287594855 33.684250318445265 51.954111656174064
leaf_count=4902 729 2082 508 1957 420 1190
internal_value=0 0.00841178 0.0135755 0.00673827 -0.0175351 -0.0318373
internal_weight=920.268 729.394 609.605 376.151 119.788 190.875
internal_count=11788 5696 3194 2686 2502 6092
is_linear=0
shrinkage=0.025


Tree=11
num_leaves=7
num_cat=0
split_feature=9 61 0 19 15 30
split_gain=373.411 120.629 117.857 73.9391 45.7639 37.844
threshold=0.71000000000000008 0.49425850000000005 0.51600000000000013 0.72681700000000016 0.6667415000000001 0.91500000000000015
decision_type=2 2 2 2 2 2
left_child=3 2 4 5 -2 -1
right_child=1 -3 -4 -5 -6 -7
leaf_value=-0.033558379514789245 -0.0042309396152286757 0.020626306793427075 -0.017401198691485265 0.0016788094412907022 0.024730604573785293 0.0010358338220363668
leaf_weight=202.60287340730429 51.385232982225716 342.98553357226774 141.25956286070868 55.632691953331232 92.748135909438133 21.167614473029971
leaf_count=6758 610 1176 2028 525 393 298
internal_value=0 0.0106888 -0.0012992 -0.0239207 0.0144497 -0.030272
internal_weight=907.782 628.378 285.393 279.403 144.133 223.77
internal_count=11788 4207 3031 7581 1003 7056
is_linear=0
shrinkage=0.025


Tree=12
num_leaves=7
num_cat=0
split_feature=1 18 9 44 62 61
split_gain=365.005 87.5472 72.116 37.7525 35.4704 33.7976
threshold=0.5700967311859132 0.67970300000000006 0.80800000000000016 0.40703000000000006 0.75000000000000011 0.49425850000000005
decision_type=2 2 2 2 2 2
left_child=1 3 -2 -1 -3 -4
right_child=2 4 5 -5 -6 -7
leaf_value=-0.032291117912269768 -0.00032404860885393299 0.0079689846243336648 0.0067090086704129533 -0.0033154186335988423 -0.02197398840577908 0.023712752396683509
leaf_weight=205.56879191333428 178.53695162199438 76.891791471280158 106.24587399279699 33.990586207248271 33.36596398986876 264.57315014954656
leaf_count=6499 2022 638 677 505 788 659
internal_value=0 -0.0198797 0.0126916 -0.0282927 -0.00130099 0.0189419
internal_weight=899.173 349.817 549.356 239.559 110.258 370.819
internal_count=11788 8430 3358 7004 1426 1336
is_linear=0
shrinkage=0.025


Tree=13
num_leaves=7
num_cat=0
split_feature=9 62 19 1 44 29
split_gain=349.591 127.344 69.2698 63.6236 49.3008 23.8199
threshold=0.65000000000000013 0.75000000000000011 0.72440300000000002 0.61204838752746593 0.10009250000000001 0.31620650000000006
decision_type=2 2 2 2 2 2
left_child=2 3 -1 4 -2 -5
right_child=1 -3 -4 5 -6 -7
leaf_value=-0.033715126933090991 -0.01498050941559099 -0.016709284101260963 0.0015040108644488388 0.015116036396203437 0.010786606340439507 0.029294864197265791
leaf_weight=179.48428701190278 65.663766385056078 99.490646889898926 42.347284659743309 241.49738607415929 142.49416696466506 118.08334722183645
leaf_count=6386 986 2092 460 763 879 222
internal_value=0 0.00904757 -0.027011 0.01363 0.00253547 0.0199665
internal_weight=889.061 667.229 221.832 567.739 208.158 359.581
internal_count=11788 4942 6846 2850 1865 985
is_linear=0
shrinkage=0.025


Tree=14
num_leaves=7
num_cat=0
split_feature=9 62 1 16 59 48
split_gain=326.694 127.982 66.0811 39.6957 29.4963 28.2076
threshold=0.57000000000000017 0.75000000000000011 0.51881211996078502 0.59352450000000012 1.0000000180025095e-35 0.66350000000000009
decision_type=2 2 2 2 2 2
left_child=-1 2 4 -4 -2 -3
right_child=1 5 3 -5 -6 -7
leaf_value=-0.029966235331881148 -0.029924726057474371 -0.02423949019425517 -0.027840896709913555 0.01642447947569883 0.0031082246177947686 0.0027676331138918016
leaf_weight=178.30373507877812 26.726916359737515 79.802984376437962 10.65358724305406 511.29452066868544 38.08311301516369 32.766946429386735
leaf_count=6092 582 2082 163 2006 443 420
internal_value=0 0.00771985 0.0124146 0.0153759 -0.0109897 -0.0164129
internal_weight=877.632 699.328 586.758 521.948 64.81 112.57
internal_count=11788 5696 3194 2169 1025 2502
is_linear=0
shrinkage=0.025


Tree=15
num_leaves=7
num_cat=0
split_feature=9 1 19 0 61 24
split_gain=311.056 97.7632 58.5363 44.5622 42.2225 34.1032
threshold=0.71000000000000008 0.60725557804107677 0.72440300000000002 0.51350000000000018 0.48477250000000005 1.0000000180025095e-35
decision_type=2 2 2 2 2 2
left_child=2 3 -1 5 -5 -2
right_child=1 -3 -4 4 -6 -7
leaf_value=-0.028724972993782266 -0.0076505228325426363 0.017593412290592178 0 -0.02669136778236561 0.0014277507456660716 0.021454309032338116
leaf_weight=206.09699322190136 40.86461285315454 378.20760541781783 55.864054035395384 63.829879752360284 65.569781760219485 57.813662994652987
leaf_count=7001 601 1294 580 1428 595 289
internal_value=0 0.00983421 -0.0226382 -0.00304571 -0.0126194 0.00942372
internal_weight=868.247 606.286 261.961 228.078 129.4 98.6783
internal_count=11788 4207 7581 2913 2023 890
is_linear=0
shrinkage=0.025


Tree=16
num_leaves=7
num_cat=0
split_feature=9 62 19 61 44 21
split_gain=298.867 106.58 57.9886 53.4187 56.4451 20.9207
threshold=0.65000000000000013 0.75000000000000011 0.72440300000000002 0.50715900000000003 0.046724500000000009 0.77400000000000013
decision_type=2 2 2 2 2 2
left_child=2 3 -1 4 -2 -5
right_child=1 -3 -4 5 -6 -7
leaf_value=-0.032243854840114779 -0.020110681251563959 -0.015844552429270992 0.0005151932825839255 -0.0015662319577519378 0.0096678503310598241 0.022097709253269225
leaf_weight=168.04180440492928 45.656021063216031 94.5655915774405 41.36204575933516 24.51479303278029 225.26103629777208 261.4115571891889
leaf_count=6386 750 2092 460 124 1366 610
internal_value=0 0.00836137 -0.0258022 0.0125402 0.00447945 0.0200425
internal_weight=860.813 651.409 209.404 556.843 270.917 285.926
internal_count=11788 4942 6846 2850 2116 734
is_linear=0
shrinkage=0.025


Tree=17
num_leaves=7
num_cat=0
split_feature=9 62 19 29 47 19
split_gain=284.316 103.797 54.6191 50.4861 40.6632 30.0354
threshold=0.65000000000000013 0.58333333333333337 0.72440300000000002 0.60023650000000017 0.88802250000000005 0.68291200000000007
decision_type=2 2 2 2 2 2
left_child=2 5 -1 4 -3 -2
right_child=1 3 -4 -5 -6 -7
leaf_value=-0.031771868447264519 0.00014681824302596063 -0.0141102617354968 0.00021599624782887535 0.023408622095307086 0.0080606684632918268 0.019894473395064428
leaf_weight=164.56356254452839 58.003327016718686 170.47105977777392 40.967692267149687 35.58943609520793 71.285264392849058 310.03336405195296
leaf_count=6386 481 3033 460 166 398 864
internal_value=0 0.00816473 -0.0254278 -0.00334751 -0.00752144 0.0168278
internal_weight=850.914 645.382 205.531 277.346 241.756 368.037
internal_count=11788 4942 6846 3597 3431 1345
is_linear=0
shrinkage=0.025


Tree=18
num_leaves=7
num_cat=0
split_feature=1 62 44 20 43 21
split_gain=273.443 87.4375 65.4471 72.8113 39.0096 32.5606
threshold=0.51881211996078502 0.75000000000000011 0.046724500000000009 0.71108850000000012 1.0000000180025095e-35 0.87400000000000011
decision_type=2 2 2 2 2 2
left_child=5 2 3 -2 -4 -1
right_child=1 -3 4 -5 -6 -7
leaf_value=-0.028250273721720006 -0.025757306396924518 -0.015019919427806977 0.01907445395205068 0.013237984521133698 -0.0020899545906503695 0.0057533629592076627
leaf_weight=184.50416904641315 53.476858456153423 86.46322142938152 376.85169055778533 61.728101667948067 62.151730033103377 18.121794736944139
leaf_count=6140 1281 1955 1321 333 492 266
internal_value=0 0.00801578 0.0116767 -0.00495147 0.0160634 -0.0251335
internal_weight=843.298 640.672 554.208 115.205 439.003 202.626
internal_count=11788 5382 3427 1614 1813 6406
is_linear=0
shrinkage=0.025


Tree=19
num_leaves=7
num_cat=0
split_feature=9 62 61 44 16 48
split_gain=261.554 104.062 53.1375 48.5256 26.0317 22.9552
threshold=0.57000000000000017 0.75000000000000011 0.50715900000000003 0.046724500000000009 0.60382200000000008 0.66350000000000009
decision_type=2 2 2 2 2 2
left_child=-1 2 3 -2 -4 -3
right_child=1 5 4 -5 -6 -7
leaf_value=-0.0278591195810464 -0.018486064778246117 -0.022854131185451754 -0.016169069613216163 0.0082683942601839127 0.020229179847133558 0.0022827708886268426
leaf_weight=165.90768209658563 49.450539619196206 74.513962910976261 10.792209186125545 226.00362925184891 277.81649126391858 30.740259034559131
leaf_count=6092 906 2082 123 1459 706 420
internal_value=0 0.00698358 0.0112536 0.00331079 0.0187109 -0.0155489
internal_weight=835.225 669.317 564.063 275.454 288.609 105.254
internal_count=11788 5696 3194 2365 829 2502
is_linear=0
shrinkage=0.025


Tree=20
num_leaves=7
num_cat=0
split_feature=1 49 9 15 61 2
split_gain=253.088 61.7818 54.4561 53.5525 43.8106 36.5441
threshold=0.5700967311859132 1.0000000180025095e-35 0.71000000000000008 0.63940700000000017 0.51328400000000018 0.71798974275589
decision_type=2 2 2 2 2 2
left_child=1 3 -2 -1 -3 -4
right_child=2 4 5 -5 -6 -7
leaf_value=-0.018874835402984194 -0.0077655559180985064 -0.031311394509703661 0.0097737156160801197 0.01366168647913921 0.0014107654760687144 0.026347100128324336
leaf_weight=64.119539069011807 80.755964539479464 163.13348375074565 316.44655207823962 57.57033654069528 29.39393054228276 115.10221034893766
leaf_count=1832 1460 5721 1652 539 338 246
internal_value=0 -0.0175843 0.0108182 -0.0034465 -0.0263167 0.0143406
internal_weight=826.522 314.217 512.305 121.69 192.527 431.549
internal_count=11788 8430 3358 2371 6059 1898
is_linear=0
shrinkage=0.025


Tree=21
num_leaves=7
num_cat=0
split_feature=9 1 39 31 16 2
split_gain=243.153 97.5128 56.3899 42.1361 25.7907 23.1318
threshold=0.63000000000000012 0.61204838752746593 1.0000000180025095e-35 0.30852950000000007 0.60382200000000008 0.6828153431415559
decision_type=2 2 2 2 2 2
left_child=-1 2 -2 -4 -3 -6
right_child=1 4 3 -5 5 -7
leaf_value=-0.026880255556899754 -0.027736971647993575 -0.016682892619371999 -0.0057594091510308597 0.017599978097533192 0.0086188052313858673 0.021749104820082552
leaf_weight=165.09295294014737 49.785730425734073 13.137998624239115 163.65029500238597 65.466236475855112 150.77282419148833 211.96955754188821
leaf_count=6170 1206 181 2499 387 804 541
internal_value=0 0.00685389 -0.00430335 0.000995295 0.0151294 0.0164118
internal_weight=819.876 654.783 278.902 229.117 375.88 362.742
internal_count=11788 5618 4092 2886 1526 1345
is_linear=0
shrinkage=0.025


Tree=22
num_leaves=7
num_cat=0
split_feature=9 62 21 61 0 33
split_gain=233.912 79.9646 47.4351 43.8895 37.1806 30.4114
threshold=0.71000000000000008 0.75000000000000011 0.87400000000000011 0.50715900000000003 0.51600000000000013 0.50000000000000011
decision_type=2 2 2 2 2 2
left_child=2 3 5 4 -2 -1
right_child=1 -3 -4 -5 -6 -7
leaf_value=-0.02795975137859058 0.014361969755003971 -0.013909728491794469 0.0096647209412119434 0.019691697713631152 -0.005279898944566464 0.00071604695590266596
leaf_weight=187.61693695792928 118.74181055650115 81.257561008445919 27.015587225090712 254.25025676097721 116.91728714248165 25.499376059975475
leaf_count=6745 701 1814 290 616 1076 546
internal_value=0 0.00870333 -0.0205777 0.0125233 0.0046272 -0.0245196
internal_weight=811.299 571.167 240.132 489.909 235.659 213.116
internal_count=11788 4207 7581 2393 1777 7291
is_linear=0
shrinkage=0.025


Tree=23
num_leaves=7
num_cat=0
split_feature=1 9 62 43 15 6
split_gain=225.832 56.3975 54.3463 33.2569 28.8051 27.3806
threshold=0.5700967311859132 0.57000000000000017 0.58333333333333337 1.0000000180025095e-35 0.63612200000000019 0.53074100000000002
decision_type=2 2 2 2 2 2
left_child=1 -1 -2 -4 -3 -6
right_child=2 4 3 -5 5 -7
leaf_value=-0.030006360777292136 0.016545146902263743 -0.018768800895310873 0.0042961013195898174 -0.023433562052978581 0.021318547564711826 -0.0068836484635637204
leaf_weight=121.09340711403638 316.91160498745739 81.276565652340651 152.68834449676797 30.217505767010152 27.312825416214764 74.577055157162249
leaf_count=5137 1248 1931 1479 631 150 1212
internal_value=0 -0.0169016 0.0103216 -0.000492071 -0.00790337 0.000921974
internal_weight=804.077 304.26 499.817 182.906 183.166 101.89
internal_count=11788 8430 3358 2110 3293 1362
is_linear=0
shrinkage=0.025


Tree=24
num_leaves=7
num_cat=0
split_feature=1 62 29 47 46 22
split_gain=216.228 70.1665 41.3895 43.7669 35.2553 31.0699
threshold=0.51881211996078502 0.58333333333333337 0.89118900000000012 0.91687750000000012 0.022381000000000002 0.25120250000000005
decision_type=2 2 2 2 2 2
left_child=-1 4 3 -3 5 -2
right_child=1 2 -4 -5 -6 -7
leaf_value=-0.023263303375942793 0.020592353523443588 -0.012908898882420475 0.028584120008513889 0.010996721631359637 0.017312373592859861 -0.01947908164131637
leaf_weight=188.02387905539945 16.213948639109731 164.95884997583926 21.160264851525426 64.476266846526414 312.34381073061377 31.573008677922189
leaf_count=6406 136 3195 69 333 1000 649
internal_value=0 0.0072277 -0.00288975 -0.00610705 0.0142634 -0.00536116
internal_weight=798.75 610.726 250.595 229.435 360.131 47.787
internal_count=11788 5382 3597 3528 1785 785
is_linear=0
shrinkage=0.025


Tree=25
num_leaves=7
num_cat=0
split_feature=9 1 39 44 29 47
split_gain=208.611 80.5794 51.1872 34.7693 25.0327 30.3218
threshold=0.57000000000000017 0.61204838752746593 1.0000000180025095e-35 0.40703000000000006 0.52868100000000007 0.87956550000000011
decision_type=2 2 2 2 2 2
left_child=-1 2 -2 -4 5 -3
right_child=1 4 3 -5 -6 -7
leaf_value=-0.025828270579260244 -0.026860655611689543 0.0014980181869332931 -0.0057083118717383193 0.014951057509241229 0.027227184457257608 0.017673259405991241
leaf_weight=154.47039525723085 47.334581524133682 131.88122878642753 151.20938345650211 73.546530521474779 70.825290704146028 163.10678144777194
leaf_count=6092 1231 1013 2457 471 152 372
internal_value=0 0.00633081 -0.00392961 0.00110362 0.0139611 0.0105445
internal_weight=792.374 637.904 272.09 224.756 365.813 294.988
internal_count=11788 5696 4159 2928 1537 1385
is_linear=0
shrinkage=0.025


Tree=26
num_leaves=7
num_cat=0
split_feature=9 62 21 29 62 62
split_gain=200.786 67.7107 40.1248 37.8406 41.7185 28.6551
threshold=0.71000000000000008 0.75000000000000011 0.87400000000000011 1.0000000180025095e-35 0.41666666666666669 0.58333333333333337
decision_type=2 2 2 2 2 2
left_child=2 3 5 4 -2 -1
right_child=1 -3 -4 -5 -6 -7
leaf_value=-0.010810526714888082 0.022442197172333124 -0.012806788376966916 0.0081117024561673384 0.019155734607600988 -0.00093524695416905218 -0.030692511233691096
leaf_weight=79.05415077554062 61.058240844868124 79.753184637520462 27.394381730351597 225.03031512722373 188.09522964153439 124.7409752914682
leaf_count=2175 147 1814 290 906 1340 5116
internal_value=0 0.00816713 -0.0194467 0.0117618 0.00492496 -0.023247
internal_weight=785.126 553.937 231.19 474.184 249.153 203.795
internal_count=11788 4207 7581 2393 1487 7291
is_linear=0
shrinkage=0.025


Tree=27
num_leaves=7
num_cat=0
split_feature=1 62 43 29 21 30
split_gain=196.954 62.7988 39.9901 29.6318 27.2022 27.195
threshold=0.51881211996078502 0.58333333333333337 1.0000000180025095e-35 0.89118900000000012 0.87400000000000011 0.25000000000000006
decision_type=2 2 2 2 2 2
left_child=4 5 3 -3 -1 -2
right_child=1 2 -4 -5 -6 -7
leaf_value=-0.025666325644715188 -0.0019244246694600821 -0.0014538529708878777 -0.02438509942747295 0.028367731348009156 0.0064642464718859642 0.016735433618238083
leaf_weight=164.9454705612734 56.856164405122399 182.10979115217924 41.395099099725485 20.937783520668745 16.806009286548942 294.46228295285255
leaf_count=6140 810 2478 1058 61 266 975
internal_value=0 0.00696044 -0.00272899 0.00188633 -0.0226004 0.0136986
internal_weight=777.513 595.761 244.443 203.048 181.751 351.318
internal_count=11788 5382 3597 2539 6406 1785
is_linear=0
shrinkage=0.025


Tree=28
num_leaves=7
num_cat=0
split_feature=9 62 19 43 48 24
split_gain=190.278 73.367 40.552 35.8143 20.273 15.6512
threshold=0.57000000000000017 0.75000000000000011 0.68291200000000007 1.0000000180025095e-35 0.66350000000000009 0.25000000000000006
decision_type=2 2 2 2 2 2
left_child=-1 2 5 -4 -3 -2
right_child=1 4 3 -5 -6 -7
leaf_value=-0.025303611102660523 -0.016569662386712342 -0.020640283814888062 0.016443603167815353 -0.0020583550793780449 0.0031469599825501393 0.0035267959243724979
leaf_weight=147.40164798055775 38.841356111690402 69.104130366817117 351.54022699501365 78.564561289269477 30.853234856389463 55.611153250560164
leaf_count=6092 748 2082 1358 637 420 451
internal_value=0 0.00604938 0.00980163 0.0130514 -0.013315 -0.00486131
internal_weight=771.916 624.515 524.557 430.105 99.9574 94.4525
internal_count=11788 5696 3194 1995 2502 1199
is_linear=0
shrinkage=0.025


Tree=29
num_leaves=7
num_cat=0
split_feature=9 1 39 44 16 2
split_gain=182.516 72.0484 43.6475 30.6541 23.3544 18.1697
threshold=0.57000000000000017 0.61013403534889232 1.0000000180025095e-35 0.10183150000000002 0.60382200000000008 0.6828153431415559
decision_type=2 2 2 2 2 2
left_child=-1 2 -2 -4 -3 -6
right_child=1 4 3 -5 5 -7
leaf_value=-0.025009119825061737 -0.02572569690266337 -0.016490734730965181 -0.011873943598928514 0.0076492562355015385 0.0075186802929764658 0.019379575529986592
leaf_weight=144.96039609203581 45.142644952982664 13.697196629829703 75.38541851262562 139.0095006825868 148.26117512956262 198.64931238908321
leaf_count=6092 1223 193 1579 1327 831 543
internal_value=0 0.00592288 -0.00407577 0.00068644 0.0131218 0.0144256
internal_weight=765.106 620.145 259.538 214.395 360.608 346.91
internal_count=11788 5696 4129 2906 1567 1374
is_linear=0
shrinkage=0.025


Tree=30
num_leaves=7
num_cat=0
split_feature=9 62 47 39 6 20
split_gain=176.862 70.1319 38.1221 69.3861 18.8447 16.6961
threshold=0.57000000000000017 0.75000000000000011 0.91687750000000012 1.0000000180025095e-35 0.71382100000000015 0.69660450000000018
decision_type=2 2 2 2 2 2
left_child=-1 2 3 -2 -3 -4
right_child=1 4 5 -5 -6 -7
leaf_value=-0.024841797847969513 -0.024583771898956591 -0.020221101760654191 -0.0021274485592051341 0.0087908897472018504 0.0031215993884497811 0.021008123699419012
leaf_weight=142.53369164653122 42.4920434942469 68.865763558074832 20.756323624402285 285.17077599978074 29.276044183410704 168.01587281376123
leaf_count=6092 784 2106 87 1988 396 335
internal_value=0 0.00583865 0.0095326 0.00428291 -0.0132664 0.018424
internal_weight=757.111 614.577 516.435 327.663 98.1418 188.772
internal_count=11788 5696 3194 2772 2502 422
is_linear=0
shrinkage=0.025


Tree=31
num_leaves=7
num_cat=0
split_feature=1 49 62 61 24 29
split_gain=171.531 46.9376 40.5862 38.9499 38.9338 26.8074
threshold=0.5700967311859132 1.0000000180025095e-35 0.58333333333333337 0.51328400000000018 0.25000000000000006 0.31620650000000006
decision_type=2 2 2 2 2 2
left_child=1 4 -2 -3 -1 -4
right_child=2 3 5 -5 -6 -7
leaf_value=-0.016067488175170685 0.0147635529903663 -0.02877735639304458 -0.0067999875618007166 0.0036739108090273068 0.013126146251353716 0.014369021662095955
leaf_weight=59.251663352362812 297.09421034622937 142.15957013587467 121.88843171065673 26.331031614914536 50.490001986268908 50.924084554892033
leaf_count=1820 1248 5721 1746 338 551 364
internal_value=0 -0.015477 0.00919734 -0.0236753 -0.00256491 -0.000396081
internal_weight=748.139 278.232 469.907 168.491 109.742 172.813
internal_count=11788 8430 3358 6059 2371 2110
is_linear=0
shrinkage=0.025


Tree=32
num_leaves=7
num_cat=0
split_feature=9 1 19 39 18 30
split_gain=165.064 55.2877 35.1949 31.8946 28.5604 21.4354
threshold=0.71000000000000008 0.61368605494499218 0.72440300000000002 1.0000000180025095e-35 0.63553400000000015 0.91500000000000015
decision_type=2 2 2 2 2 2
left_child=2 3 5 -2 -5 -1
right_child=1 -3 -4 4 -6 -7
leaf_value=-0.026705841562966307 -0.022984473510727962 0.014185413276131032 0.00047955643834441173 -0.029657030573326689 0.0051631314436499584 0.0018946243300271245
leaf_weight=149.75668664043769 35.591748360544443 312.63941684179008 47.322841051965952 13.591815487481652 167.59855493856594 17.361454500816762
leaf_count=6703 938 1195 580 344 1730 298
internal_value=0 0.00749569 -0.0183788 -0.00216394 0.00213542 -0.0236989
internal_weight=743.863 529.422 214.441 216.782 181.19 167.118
internal_count=11788 4207 7581 3012 2074 7001
is_linear=0
shrinkage=0.025


Tree=33
num_leaves=7
num_cat=0
split_feature=9 62 21 19 33 29
split_gain=158.806 54.9887 33.1778 29.55 25.5181 22.7027
threshold=0.71000000000000008 0.75000000000000011 0.87400000000000011 0.68233650000000012 0.50000000000000011 0.91839300000000013
decision_type=2 2 2 2 2 2
left_child=2 3 4 -2 -1 -5
right_child=1 -3 -4 5 -6 -7
leaf_value=-0.02534871205498454 -0.0037163397990341747 -0.011947732545667876 0.0072414448162867271 0.011038430155897505 0.002391700961259062 0.030046496558864474
leaf_weight=162.07906989380717 72.701960083097219 76.323222370818257 26.318786860909313 333.21486318856478 22.593325989088044 44.423329124227166
leaf_count=6745 800 1814 290 1531 546 62
internal_value=0 0.00734303 -0.0182006 0.0106796 -0.0219215 0.0134804
internal_weight=737.655 526.663 210.991 450.34 184.672 377.638
internal_count=11788 4207 7581 2393 7291 1593
is_linear=0
shrinkage=0.025


Tree=34
num_leaves=7
num_cat=0
split_feature=1 44 20 62 21 29
split_gain=154.386 55.1563 51.6402 36.8004 24.4364 23.9253
threshold=0.51881211996078502 0.046724500000000009 0.71108850000000012 0.75000000000000011 0.77400000000000013 0.91839300000000013
decision_type=2 2 2 2 2 2
left_child=-1 2 -2 5 -4 -3
right_child=1 3 4 -5 -6 -7
leaf_value=-0.02101162166527476 -0.024033517006295045 0.010702716439876855 -0.027906797741906665 -0.0079868248792056788 0.013644990605691357 0.029965219407943389
leaf_weight=166.0306549903471 62.06257830443792 337.38463005470112 7.9456214262172571 56.886080836877227 55.424200021196157 45.531161688268185
leaf_count=6406 1830 1741 204 1242 293 72
internal_value=0 0.00623725 -0.0082293 0.0104061 0.00744076 0.0131954
internal_weight=731.265 565.234 125.432 439.802 63.3698 382.916
internal_count=11788 5382 2327 3055 497 1813
is_linear=0
shrinkage=0.025


Tree=35
num_leaves=7
num_cat=0
split_feature=9 2 43 39 17 15
split_gain=150 58.3294 39.6775 48.2116 34.0193 20.7777
threshold=0.63000000000000012 0.53648993372917186 1.0000000180025095e-35 1.0000000180025095e-35 0.57131600000000005 0.64426550000000005
decision_type=2 2 2 2 2 2
left_child=-1 5 4 -4 -3 -2
right_child=1 2 3 -5 -6 -7
leaf_value=-0.023479486512504172 -0.022272078748243065 -0.026698344349079452 -0.035929845959006654 0.0050469579196646096 0.013694162707970931 0
leaf_weight=135.44363860948943 51.236080950591713 11.08851292869076 22.096243438310921 63.753627367317677 389.74029824789613 52.119011503644288
leaf_count=6170 1557 169 480 527 2051 834
internal_value=0 0.00546609 0.00909791 -0.00611897 0.0123965 -0.0113637
internal_weight=725.477 590.034 486.679 85.8499 400.829 103.355
internal_count=11788 5618 3227 1007 2220 2391
is_linear=0
shrinkage=0.025


Tree=36
num_leaves=7
num_cat=0
split_feature=9 62 61 0 16 48
split_gain=145.236 57.2023 32.6513 43.6421 20.6579 18.6506
threshold=0.57000000000000017 0.75000000000000011 0.49961550000000005 0.51350000000000018 0.6088205000000001 0.66350000000000009
decision_type=2 2 2 2 2 2
left_child=-1 2 3 -2 -4 -3
right_child=1 5 4 -5 -6 -7
leaf_value=-0.02361323976174335 0.010531394060720853 -0.019421652582589096 -0.012012394032160196 -0.012145069679858355 0.016019602645789773 0.0037559593587439656
leaf_weight=130.44429531646892 128.70694358972833 65.564998891204596 15.390374091453848 86.436028074938804 263.50134157855064 29.966519976966083
leaf_count=6092 1040 2082 168 1178 808 420
internal_value=0 0.00530219 0.00873904 0.00134582 0.0143486 -0.0121516
internal_weight=720.011 589.566 494.035 215.143 278.892 95.5315
internal_count=11788 5696 3194 2218 976 2502
is_linear=0
shrinkage=0.025


Tree=37
num_leaves=7
num_cat=0
split_feature=1 44 47 29 62 21
split_gain=142.188 40.2972 35.1506 46.5564 38.8373 24.5487
threshold=0.5700967311859132 0.076556500000000013 0.94094600000000017 0.75473800000000013 0.41666666666666669 0.87400000000000011
decision_type=2 2 2 2 2 2
left_child=1 5 3 4 -2 -1
right_child=2 -3 -4 -5 -6 -7
leaf_value=-0.028398654854148542 0.018040757213836991 -0.0045335664615844696 0.017979316078527131 0.024956901640955095 -0.0061218965819202845 0.0031191069440705882
leaf_weight=114.08127805870026 49.832549661397934 129.43378653354011 155.7269693929702 49.007354274392128 199.09666049387306 16.701138656120747
leaf_count=5489 240 2687 387 125 2606 254
internal_value=0 -0.0146508 0.00843775 0.00331327 -0.00111874 -0.0243251
internal_weight=713.88 260.216 453.664 297.937 248.929 130.782
internal_count=11788 8430 3358 2971 2846 5743
is_linear=0
shrinkage=0.025


Tree=38
num_leaves=7
num_cat=0
split_feature=2 16 62 15 43 44
split_gain=136.411 49.4447 35.0338 28.0748 26.4206 18.0853
threshold=0.53648993372917186 0.60382200000000008 0.58333333333333337 0.67519200000000013 1.0000000180025095e-35 0.046724500000000009
decision_type=2 2 2 2 2 2
left_child=3 -2 5 -1 -4 -3
right_child=1 2 4 -5 -6 -7
leaf_value=-0.024687688831337214 -0.018118223390141939 0.00086317385960268066 0.0044743646677678694 -0.0018966944514306147 -0.020195992309417606 0.017094520328250807
leaf_weight=130.48114221054129 44.519237047294155 53.971607797080651 162.70081827114336 47.022164409048855 29.947180819232017 237.63367729727179
leaf_count=5786 1201 580 1809 889 771 752
internal_value=0 0.00637277 0.00872378 -0.018809 0.000384917 0.014153
internal_weight=706.276 528.773 484.253 177.503 192.648 291.605
internal_count=11788 5113 3912 6675 2580 1332
is_linear=0
shrinkage=0.025


Tree=39
num_leaves=7
num_cat=0
split_feature=9 1 21 6 31 47
split_gain=132.563 47.5115 28.7315 27.5827 21.4904 17.4093
threshold=0.71000000000000008 0.61013403534889232 0.87400000000000011 0.53074100000000002 0.5186845000000001 0.91687750000000012
decision_type=2 2 2 2 2 2
left_child=2 3 4 -2 -1 -5
right_child=1 -3 -4 5 -6 -7
leaf_value=-0.023115311726543065 0.013673754298784039 0.012973370653139138 0.0068568600682671595 -0.012408208523390512 0.010467535784183867 0.0071862422693395739
leaf_weight=162.02245565294288 46.474988743662834 305.37737682648003 25.356001512147486 117.37279911153018 11.070319762453435 34.683936540037394
leaf_count=7051 378 1244 290 2368 240 217
internal_value=0 0.00681748 -0.0171807 -0.00265143 -0.0207992 -0.00783818
internal_weight=702.358 503.909 198.449 198.532 173.093 152.057
internal_count=11788 4207 7581 2963 7291 2585
is_linear=0
shrinkage=0.025


Tree=40
num_leaves=7
num_cat=0
split_feature=9 2 39 29 16 44
split_gain=127.004 50.679 41.9308 28.1757 16.9892 13.9034
threshold=0.57000000000000017 0.6828153431415559 1.0000000180025095e-35 0.43853150000000002 0.60382200000000008 0.076556500000000013
decision_type=2 2 2 2 2 2
left_child=5 2 -2 -4 -3 -1
right_child=1 4 3 -5 -6 -7
leaf_value=-0.027941904381821717 -0.018836338784985043 -0.017184141836965195 -0.00021337705049567876 0.01845061396846244 0.016979160047442748 -0.0081197845880975044
leaf_weight=88.936342564411461 61.189333454705775 7.3689204952679566 261.7087547108531 59.879973056726158 183.38522049738094 34.487348519498482
leaf_count=4902 1451 101 3282 311 551 1190
internal_value=0 0.00497192 -0.000272793 0.00335039 0.0154089 -0.0227438
internal_weight=696.956 573.532 382.778 321.589 190.754 123.424
internal_count=11788 5696 5044 3593 652 6092
is_linear=0
shrinkage=0.025


Tree=41
num_leaves=7
num_cat=0
split_feature=1 49 30 24 61 43
split_gain=124.202 37.2588 30.6987 29.9679 29.7667 25.2182
threshold=0.5700967311859132 1.0000000180025095e-35 0.33500000000000008 0.25000000000000006 0.51328400000000018 1.0000000180025095e-35
decision_type=2 2 2 2 2 2
left_child=1 3 -2 -1 -3 -4
right_child=2 4 5 -5 -6 -7
leaf_value=-0.014612909224025148 -0.005570034397928165 -0.026799490270007432 0.014014577848610703 0.012041579682341159 0.0022935344336070481 -0.0037967333294886734
leaf_weight=53.514699172461405 82.59805092937313 123.88323768647388 301.00039238389581 47.174381428863853 25.496472533326596 57.421417585108429
leaf_count=1820 1267 5721 1461 551 338 630
internal_value=0 -0.0139939 0.00796903 -0.00205089 -0.0218202 0.0111303
internal_weight=691.089 250.069 441.02 100.689 149.38 358.422
internal_count=11788 8430 3358 2371 6059 2091
is_linear=0
shrinkage=0.025


Tree=42
num_leaves=7
num_cat=0
split_feature=9 62 29 61 21 0
split_gain=120.482 52.2503 30.8126 25.9353 23.4198 17.3072
threshold=0.63000000000000012 0.58333333333333337 0.60023650000000017 0.71538450000000009 0.70400000000000007 0.51350000000000018
decision_type=2 2 2 2 2 2
left_child=-1 4 3 -3 5 -2
right_child=1 2 -4 -5 -6 -7
leaf_value=-0.022148764546565294 0.0095165691824740609 -0.010284790308803225 0.018064395532721839 0.013450987509213683 0.016750038622578386 -0.011233063242088212
leaf_weight=123.10361832403578 67.247020040638745 191.55193849932402 33.571410461328924 31.271230636164546 202.80593745736405 36.625646598637104
leaf_count=6170 476 3768 188 213 581 392
internal_value=0 0.00491884 -0.00336978 -0.00680257 0.011848 0.00202591
internal_weight=686.177 563.073 256.395 222.823 306.679 103.873
internal_count=11788 5618 4169 3981 1449 868
is_linear=0
shrinkage=0.025


Tree=43
num_leaves=7
num_cat=0
split_feature=1 44 22 43 60 39
split_gain=116.375 44.8197 48.9106 35.6882 32.3127 32.0289
threshold=0.51881211996078502 0.046724500000000009 0.41168150000000009 1.0000000180025095e-35 0.68000000000000005 1.0000000180025095e-35
decision_type=2 2 2 2 2 2
left_child=-1 2 -2 4 -3 -5
right_child=1 3 -4 5 -6 -7
leaf_value=-0.019302326361076344 -0.018176662064355909 0.016371123991963964 0.016825846276577027 -0.033101257961345769 -0.0020565069938623753 0.0039264032068193119
leaf_weight=149.41297058272175 83.202073415741324 276.7422089446336 32.731660347199067 18.531914726365358 73.873201467096806 45.31343155214563
leaf_count=6406 2137 1493 190 481 647 434
internal_value=0 0.00550254 -0.00807393 0.0093468 0.0124766 -0.00753177
internal_weight=679.807 530.394 115.934 414.461 350.615 63.8453
internal_count=11788 5382 2327 3055 2140 915
is_linear=0
shrinkage=0.025


Tree=44
num_leaves=7
num_cat=0
split_feature=9 2 39 19 29 62
split_gain=114.916 43.2475 33.2054 26.9598 23.6227 19.5092
threshold=0.71000000000000008 0.66892853379249584 1.0000000180025095e-35 0.72681700000000016 1.0000000180025095e-35 0.41666666666666669
decision_type=2 2 2 2 2 2
left_child=3 2 -2 5 -4 -1
right_child=1 -3 4 -5 -6 -7
leaf_value=0.0014174096593590291 -0.019076289496794886 0.015608356608553187 -0.0027719947301618805 0.0010138177359702676 0.012539541714496822 -0.024964813290876769
leaf_weight=19.24389507714659 43.807364176958799 191.07050562463701 140.78765743365511 41.769000689964741 109.44808027427644 126.84126353636384
leaf_count=551 1074 645 1676 525 812 6505
internal_value=0 0.00643087 0.000356482 -0.0164734 0.00394814 -0.0214652
internal_weight=672.968 485.114 294.043 187.854 250.236 146.085
internal_count=11788 4207 3562 7581 2488 7056
is_linear=0
shrinkage=0.025


Tree=45
num_leaves=7
num_cat=0
split_feature=9 62 29 47 19 17
split_gain=111.241 48.7322 30.0966 26.5203 22.1235 15.468
threshold=0.63000000000000012 0.58333333333333337 0.60023650000000017 0.88802250000000005 0.68291200000000007 0.74611800000000017
decision_type=2 2 2 2 2 2
left_child=-1 4 3 -3 -2 -6
right_child=1 2 -4 -5 5 -7
leaf_value=-0.021695609567372931 -0.0035454238060448418 -0.01232699454809609 0.017799347208502656 0.0065001843415184576 0.016052065962388919 -0.010835289500521782
leaf_weight=118.5906156047713 48.470786464400589 154.06346207903698 33.812474506907165 64.149199412204325 235.79509084485471 12.095314998179672
leaf_count=6170 532 3538 188 443 846 71
internal_value=0 0.00476892 -0.00327232 -0.00674168 0.0116066 0.0146101
internal_weight=666.977 548.386 252.025 218.213 296.361 247.89
internal_count=11788 5618 4169 3981 1449 917
is_linear=0
shrinkage=0.025


Tree=46
num_leaves=7
num_cat=0
split_feature=1 62 44 22 21 62
split_gain=108.254 39.5062 32.4517 37.7494 19.1709 18.5355
threshold=0.51881211996078502 0.75000000000000011 0.095145000000000021 0.38608900000000007 0.87400000000000011 0.41666666666666669
decision_type=2 2 2 2 2 2
left_child=4 2 3 -2 -1 -4
right_child=1 -3 5 -5 -6 -7
leaf_value=-0.022059271430779182 -0.01506581738412734 -0.011166251198843196 0.0230896106845172 0.011871577610983305 0.0062587539681448704 0.0088057289913555485
leaf_weight=129.11703849921469 67.058138738153502 74.643380795605481 76.642935434356332 58.418228521943092 15.24327624356374 240.79078521812335
leaf_count=6140 1501 1955 196 365 266 1365
internal_value=0 0.00535248 0.00820306 -0.00246924 -0.0189539 0.0124353
internal_weight=661.914 517.553 442.91 125.476 144.36 317.434
internal_count=11788 5382 3427 1866 6406 1561
is_linear=0
shrinkage=0.025


Tree=47
num_leaves=7
num_cat=0
split_feature=9 61 0 19 15 2
split_gain=105.05 40.4322 50.1644 24.5736 20.8621 20.295
threshold=0.71000000000000008 0.49425850000000005 0.50913350000000013 0.72440300000000002 0.6667415000000001 0.71798974275589
decision_type=2 2 2 2 2 2
left_child=3 2 4 -1 -2 -3
right_child=1 5 -4 -5 -6 -7
leaf_value=-0.021131735100143819 -0.0039522340449099861 0.0077781431946840401 -0.013741287681501877 0.0002906423049707472 0.018067872734685197 0.023036934515628275
leaf_weight=138.08343842253089 40.691751302219927 174.52851641643792 107.40007455833256 42.783175820950419 69.799047337844968 81.994321951642632
leaf_count=7001 604 996 2040 580 387 180
internal_value=0 0.00618322 -0.00169963 -0.0160818 0.00997281 0.0128645
internal_weight=655.28 474.414 217.891 180.867 110.491 256.523
internal_count=11788 4207 3031 7581 991 1176
is_linear=0
shrinkage=0.025


Tree=48
num_leaves=7
num_cat=0
split_feature=2 9 15 22 61 61
split_gain=101.394 39.2253 25.1365 24.5336 22.4689 21.8716
threshold=0.53648993372917186 0.75000000000000011 0.67519200000000013 0.25186700000000006 0.71470600000000017 0.50715900000000003
decision_type=2 2 2 2 2 2
left_child=2 3 -1 -2 -5 -3
right_child=1 5 -4 4 -6 -7
leaf_value=-0.023208134080431386 0.011431255814536086 0.0026925494789779266 -0.00072212053653348575 -0.01944528042533877 0.0062562185019117231 0.015297915253274919
leaf_weight=115.28222704143263 35.353245587088168 153.39864774700254 43.534225567709655 71.021659014979377 27.862772188149393 203.0977006983012
leaf_count=5786 516 1420 889 2153 278 746
internal_value=0 0.00562714 -0.0172053 -0.0057737 -0.0121413 0.00995478
internal_weight=649.55 490.734 158.816 134.238 98.8844 356.496
internal_count=11788 5113 6675 2947 2431 2166
is_linear=0
shrinkage=0.025


Tree=49
num_leaves=7
num_cat=0
split_feature=1 62 29 47 16 15
split_gain=99.7716 37.8085 24.0859 24.3182 21.0795 17.151
threshold=0.51881211996078502 0.58333333333333337 0.89118900000000012 0.88802250000000005 0.59413050000000012 0.67831000000000008
decision_type=2 2 2 2 2 2
left_child=5 4 3 -3 -2 -1
right_child=1 2 -4 -5 -6 -7
leaf_value=-0.023162973613220637 -0.019098168460123022 -0.011529401235079952 0.022181016442613923 0.0069010332475355086 0.012491185178027706 -0.0018285689702715131
leaf_weight=108.06250480748713 11.477049484848974 132.07564326445572 19.367343097925186 64.390549295581877 278.02036433550529 31.661502697970718
leaf_count=5673 268 3116 69 412 1517 733
internal_value=0 0.00518317 -0.00269048 -0.00543415 0.0110561 -0.0185072
internal_weight=645.055 505.331 215.834 196.466 289.497 139.724
internal_count=11788 5382 3597 3528 1785 6406
is_linear=0
shrinkage=0.025


Tree=50
num_leaves=7
num_cat=0
split_feature=9 1 39 29 62 47
split_gain=96.3257 42.0042 34.0008 20.367 15.441 13.1329
threshold=0.63000000000000012 0.63570797443389904 1.0000000180025095e-35 0.43853150000000002 0.58333333333333337 0.68989250000000013
decision_type=2 2 2 2 2 2
left_child=-1 2 -2 -4 -3 -6
right_child=1 4 3 -5 5 -7
leaf_value=-0.020934404130072689 -0.020892727153424679 0.016075862929378817 -0.0016099607850771078 0.016924427576546334 -0.014294388835353722 0.0085608855622758846
leaf_weight=110.77271799836308 47.045915459748358 171.38077200390399 195.68289840454236 42.972479850053787 19.23418118013069 53.576039597392082
leaf_count=6170 1325 480 2918 254 324 317
internal_value=0 0.00445404 -0.00202851 0.00183193 0.0120177 0.00213296
internal_weight=640.665 529.892 285.701 238.655 244.191 72.8102
internal_count=11788 5618 4497 3172 1121 641
is_linear=0
shrinkage=0.025


Tree=51
num_leaves=7
num_cat=0
split_feature=1 44 22 43 47 39
split_gain=94.2103 35.562 37.6146 30.8607 27.1928 27.1078
threshold=0.51881211996078502 0.046724500000000009 0.41168150000000009 1.0000000180025095e-35 0.95126050000000006 1.0000000180025095e-35
decision_type=2 2 2 2 2 2
left_child=-1 2 4 -3 -2 -5
right_child=1 3 -4 5 -6 -7
leaf_value=-0.018289573939707326 -0.025013792748018127 0.011516819333739907 0.014216186657226787 -0.031999428039577123 0.0087759106560322264 0.0031473457907583908
leaf_weight=135.61120679858141 58.371810973156244 331.8927244618535 32.4134205582086 17.159992358647287 17.836272841319442 42.948721157386899
leaf_count=6406 2072 2140 190 481 65 434
internal_value=0 0.00502063 -0.00747227 0.00852994 -0.0169667 -0.00762379
internal_weight=636.234 500.623 108.622 392.001 76.2081 60.1087
internal_count=11788 5382 2327 3055 2137 915
is_linear=0
shrinkage=0.025


Tree=52
num_leaves=7
num_cat=0
split_feature=9 2 39 1 22 22
split_gain=90.1167 36.412 23.5542 21.6183 20.0819 22.1071
threshold=0.71000000000000008 0.6828153431415559 1.0000000180025095e-35 0.49414388835430151 0.25186700000000006 0.40920200000000001
decision_type=2 2 2 2 2 2
left_child=3 2 -2 -1 -5 -6
right_child=1 -3 -4 4 5 -7
leaf_value=-0.026923992439273289 -0.015469676718674439 0.015442350157306509 0.0036218183663136901 0.0084542595965965694 -0.024393541010234481 0.0025579903312331273
leaf_weight=62.366931696422398 45.250342724379152 156.77125908154994 258.31362073030323 30.193962137913331 50.08767361450009 28.252020961605012
leaf_count=4346 1109 525 2573 674 2187 374
internal_value=0 0.00575898 0.000644268 -0.0153717 -0.00819781 -0.0147871
internal_weight=631.236 460.335 303.564 170.901 108.534 78.3397
internal_count=11788 4207 3682 7581 3235 2561
is_linear=0
shrinkage=0.025


Tree=53
num_leaves=7
num_cat=0
split_feature=2 16 62 15 29 60
split_gain=86.8207 36.5875 26.9577 22.4851 19.8124 15.2196
threshold=0.53648993372917186 0.60382200000000008 0.58333333333333337 0.67519200000000013 0.75473800000000013 0.68000000000000005
decision_type=2 2 2 2 2 2
left_child=3 -2 5 -1 -4 -3
right_child=1 2 4 -5 -6 -7
leaf_value=-0.022564370832286212 -0.017059133645890828 0.015517811430835266 -0.0033981632571664431 -0.0007869439438102394 0.02038241089858046 0.00034580965286237677
leaf_weight=106.13852096069604 39.613761907210574 204.88761379453354 156.74903604434803 42.163936431985348 22.882706401869655 53.234967973083258
leaf_count=5786 1201 963 2500 889 80 369
internal_value=0 0.00519988 0.00731948 -0.0165465 -8.25966e-05 0.0124557
internal_weight=625.671 477.368 437.754 148.302 179.632 258.123
internal_count=11788 5113 3912 6675 2580 1332
is_linear=0
shrinkage=0.025


Tree=54
num_leaves=7
num_cat=0
split_feature=9 62 61 44 21 31
split_gain=85.5113 37.6378 22.3572 21.8336 20.2715 13.9562
threshold=0.63000000000000012 0.58333333333333337 0.71538450000000009 0.15442000000000003 0.70400000000000007 0.5186845000000001
decision_type=2 2 2 2 2 2
left_child=5 4 3 -3 -2 -1
right_child=1 2 -4 -5 -6 -7
leaf_value=-0.022845891684895682 0.0010287572990392865 -0.015462137900408507 0.014770394500612042 0.0007909353885583644 0.01534516991274845 0.0098737974993888603
leaf_weight=97.334661739412695 96.042425086721778 87.67291129892692 34.932478715665638 118.17836233996786 180.24206995777786 7.1115205292589954
leaf_count=5952 868 2248 229 1692 581 218
internal_value=0 0.00419032 -0.00299414 -0.00619179 0.0104537 -0.0203575
internal_weight=621.514 517.068 240.784 205.851 276.284 104.446
internal_count=11788 5618 4169 3940 1449 6170
is_linear=0
shrinkage=0.025


Tree=55
num_leaves=7
num_cat=0
split_feature=9 29 47 2 44 2
split_gain=82.8099 36.0731 44.1446 34.412 11.5213 11.1531
threshold=0.57000000000000017 0.43853150000000002 0.94094600000000017 0.72832196950912487 0.076556500000000013 0.54364302754402172
decision_type=2 2 2 2 2 2
left_child=4 2 3 -2 -1 -6
right_child=1 -3 -4 -5 5 -7
leaf_value=-0.025955314687558292 -0.0079074293807871038 0.017068073297181404 0.013041738985463125 0.017857387674842257 -0.023321758986762944 0.0053204294962003731
leaf_weight=70.239679549820721 253.23068127385341 103.67579959053546 123.86982792615891 34.545698784291744 11.74060893780552 18.491095858626068
leaf_count=4902 4564 552 441 139 781 409
internal_value=0 0.0040717 0.000694077 -0.00465723 -0.0204757 -0.00646726
internal_weight=615.793 515.322 411.646 287.776 100.471 30.2317
internal_count=11788 5696 5144 4703 6092 1190
is_linear=0
shrinkage=0.025


Tree=56
num_leaves=7
num_cat=0
split_feature=19 62 43 2 44 29
split_gain=80.1621 36.6412 23.2301 20.6334 18.7653 14.7655
threshold=0.68291200000000007 0.58333333333333337 1.0000000180025095e-35 0.66488465666770946 0.43680000000000002 0.75473800000000013
decision_type=2 2 2 2 2 2
left_child=3 -2 5 4 -1 -3
right_child=1 2 -4 -5 -6 -7
leaf_value=-0.022305469812117142 0.012122341078020845 -0.0010224474551042758 -0.019907154326484967 0.0080869065249546089 0 0.021010064425355912
leaf_weight=117.0501764259534 240.27357004955411 149.125154964393 35.404624424874783 19.970776879228652 29.795033950358629 19.174911862239242
leaf_count=6276 1321 2426 1106 149 444 66
internal_value=0 0.00555463 -0.00220272 -0.0146473 -0.0178813 0.00170733
internal_weight=610.794 443.978 203.705 166.816 146.845 168.3
internal_count=11788 4919 3598 6869 6720 2492
is_linear=0
shrinkage=0.025


Tree=57
num_leaves=7
num_cat=0
split_feature=1 49 24 62 61 16
split_gain=79.0301 28.9152 23.7214 21.8109 20.7345 14.2329
threshold=0.5700967311859132 1.0000000180025095e-35 0.25000000000000006 0.58333333333333337 0.51328400000000018 0.59413050000000012
decision_type=2 2 2 2 2 2
left_child=1 2 -1 5 -3 -2
right_child=3 4 -4 -5 -6 -7
leaf_value=-0.013135752345188779 -0.016568529808979309 -0.024591088800458689 0.012158660500534465 -0.00075108936257778391 0.00079975886754897149 0.012496377351216496
leaf_weight=45.981771495891735 8.6763815290760231 101.5099899484776 41.8003985658288 151.52740778611042 23.905907205771655 233.12237530504353
leaf_count=1820 180 5721 551 2110 338 1068
internal_value=0 -0.0121747 -0.000990905 0.00663438 -0.0197618 0.0112588
internal_weight=606.524 213.198 87.7822 393.326 125.416 241.799
internal_count=11788 8430 2371 3358 6059 1248
is_linear=0
shrinkage=0.025


Tree=58
num_leaves=7
num_cat=0
split_feature=19 62 44 47 2 48
split_gain=75.7194 33.4837 19.1144 24.7575 18.1559 17.4974
threshold=0.68291200000000007 0.75000000000000011 0.10009250000000001 0.95126050000000006 0.66488465666770946 0.66350000000000009
decision_type=2 2 2 2 2 2
left_child=4 2 3 -2 -1 -3
right_child=1 5 -4 -5 -6 -7
leaf_value=-0.017534376133583971 -0.0073131736459584526 -0.017887702640778335 0.012824296385031199 0.015164198839949228 0.0068719995200722033 0.0061849911707824732
leaf_weight=142.88315822207369 82.458449718542397 49.583328041713685 233.69239015271887 45.333057000301778 20.009773838799447 27.311159304808825
leaf_count=6720 1415 1796 1213 118 149 377
internal_value=0 0.00541139 0.00860762 0.000731315 -0.0144248 -0.0093019
internal_weight=601.271 438.378 361.484 127.792 162.893 76.8945
internal_count=11788 4919 2746 1533 6869 2173
is_linear=0
shrinkage=0.025


Tree=59
num_leaves=7
num_cat=0
split_feature=1 29 47 39 21 20
split_gain=73.3322 33.4891 34.261 30.6189 15.6175 12.1926
threshold=0.51881211996078502 0.91839300000000013 0.95126050000000006 1.0000000180025095e-35 0.87400000000000011 0.69660450000000018
decision_type=2 2 2 2 2 2
left_child=4 2 3 -2 -1 -4
right_child=1 -3 5 -5 -6 -7
leaf_value=-0.020262878573204499 -0.019088091292021776 0.02420384797855973 -0.0072119273644305447 0.0013573053241048381 0.0061516012436834654 0.015789153425394553
leaf_weight=108.14977797877509 53.423575757071376 45.914743842091411 14.450353296473621 247.92091024538968 14.306458481121807 112.00549572147429
leaf_count=6140 1409 130 91 3423 266 329
internal_value=0 0.00447266 0.0022063 -0.00236577 -0.0170455 0.0130041
internal_weight=596.171 473.715 427.8 301.344 122.456 126.456
internal_count=11788 5382 5252 4832 6406 420
is_linear=0
shrinkage=0.025


Tree=60
num_leaves=7
num_cat=0
split_feature=2 16 44 22 43 15
split_gain=69.5189 30.4312 22.1219 32.8501 22.1101 19.8322
threshold=0.53648993372917186 0.60382200000000008 0.046724500000000009 0.41168150000000009 1.0000000180025095e-35 0.67519200000000013
decision_type=2 2 2 2 2 2
left_child=5 -2 3 -3 -4 -1
right_child=1 2 4 -5 -6 -7
leaf_value=-0.021482608685430078 -0.016179361674329176 -0.015069641533403524 0.012425592476683442 0.016242607153917888 -0.0050364514730312053 -0.00053637487530967961
leaf_weight=96.438558536814526 37.270516641205177 58.272077398840338 278.37962708435953 29.380727753508836 51.831594517920166 40.939912090310827
leaf_count=5786 1201 1449 1619 145 699 889
internal_value=0 0.00471448 0.00668402 -0.00431753 0.00964112 -0.0154242
internal_weight=592.513 455.135 417.864 87.6528 330.211 137.378
internal_count=11788 5113 3912 1594 2318 6675
is_linear=0
shrinkage=0.025


Tree=61
num_leaves=7
num_cat=0
split_feature=9 29 2 39 44 2
split_gain=70.3817 32.8537 30.5057 18.6273 11.2476 10.2583
threshold=0.57000000000000017 0.43853150000000002 0.72832196950912487 1.0000000180025095e-35 0.076556500000000013 0.54364302754402172
decision_type=2 2 2 2 2 2
left_child=4 2 3 -2 -1 -6
right_child=1 -3 -4 -5 5 -7
leaf_value=-0.02539112713349409 -0.014763207974247919 0.016457518662366076 0.01674037325484563 0.00032634320417672022 -0.022591450778873715 0.0055164823574765653
leaf_weight=64.076700432924554 59.886911292094737 99.113700549583882 58.796751238871366 277.17654972849414 10.812278305296788 18.123961694072932
leaf_count=4902 1442 552 195 3507 781 409
internal_value=0 0.00377393 0.000492946 -0.00241784 -0.0196563 -0.00566932
internal_weight=587.987 494.974 395.86 337.063 93.0129 28.9362
internal_count=11788 5696 5144 4949 6092 1190
is_linear=0
shrinkage=0.025


Tree=62
num_leaves=7
num_cat=0
split_feature=9 62 61 29 19 62
split_gain=67.6011 28.7017 21.7774 19.6418 17.446 14.6024
threshold=0.71000000000000008 0.75000000000000011 0.54886350000000006 1.0000000180025095e-35 0.72440300000000002 0.41666666666666669
decision_type=2 2 2 2 2 2
left_child=4 2 3 -2 5 -1
right_child=1 -3 -4 -5 -6 -7
leaf_value=0.0023465490719143433 -0.0036026240887848692 -0.0094844595464334911 0.016176489355327086 0.010654265999029328 0.00010809627290417117 -0.022519803089959378
leaf_weight=16.044502748874947 122.05000313022174 68.37459983699955 126.47188382782042 114.19112729234621 39.028106377925724 98.096397725283168
leaf_count=550 1247 1814 397 749 580 6451
internal_value=0 0.00507373 0.00788817 0.00329144 -0.0141319 -0.018974
internal_weight=584.257 431.088 362.713 236.241 153.169 114.141
internal_count=11788 4207 2393 1996 7581 7001
is_linear=0
shrinkage=0.025


Tree=63
num_leaves=7
num_cat=0
split_feature=19 62 43 44 2 17
split_gain=66.3083 33.0165 20.2784 15.7037 19.9858 14.4823
threshold=0.68291200000000007 0.58333333333333337 1.0000000180025095e-35 0.43680000000000002 0.6828153431415559 0.74611800000000017
decision_type=2 2 2 2 2 2
left_child=3 5 -3 4 -1 -2
right_child=1 2 -4 -5 -6 -7
leaf_value=-0.021489301149300893 0.012974857609742679 0.0012929808093833756 -0.019414380538116078 0.00057279954434934081 0.010825301620726429 -0.013560472729760499
leaf_weight=107.89376733847894 218.01578594383318 162.91598828998394 33.392577494727448 35.022165157366544 11.514430778566746 11.35472689475864
leaf_count=6327 1248 2492 1106 475 67 73
internal_value=0 0.00509502 -0.00238522 -0.0139016 -0.0181434 0.0114915
internal_weight=580.109 425.679 196.309 154.43 119.408 229.371
internal_count=11788 4919 3598 6869 6394 1321
is_linear=0
shrinkage=0.025


Tree=64
num_leaves=7
num_cat=0
split_feature=1 49 29 47 62 24
split_gain=63.9062 26.2363 20.825 25.5208 20.2926 18.4433
threshold=0.5700967311859132 1.0000000180025095e-35 0.75473800000000013 0.94094600000000017 0.41666666666666669 0.25000000000000006
decision_type=2 2 2 2 2 2
left_child=1 5 3 4 -2 -1
right_child=2 -3 -4 -5 -6 -7
leaf_value=-0.011819309837760479 0.013674336323069981 -0.018973964664101981 0.021653470782416157 0.012987495782522417 -0.0052024052804239516 0.010984110903883461
leaf_weight=42.618076726095751 42.092933186329901 115.45281134743709 44.627156091853976 118.00370105728507 172.54464517207816 41.00954025471583
leaf_count=1820 240 6059 134 378 2606 551
internal_value=0 -0.011377 0.0060389 0.00377204 -0.00134534 -0.000541068
internal_weight=576.349 199.08 377.268 332.641 214.638 83.6276
internal_count=11788 8430 3358 3224 2846 2371
is_linear=0
shrinkage=0.025


Tree=65
num_leaves=7
num_cat=0
split_feature=9 29 47 39 31 3
split_gain=62.4092 28.6863 31.1798 28.723 13.78 9.63632
threshold=0.63000000000000012 0.43853150000000002 0.94094600000000017 1.0000000180025095e-35 0.5186845000000001 0.94829779863357555
decision_type=2 2 2 2 2 2
left_child=4 2 3 -2 -1 -4
right_child=1 -3 5 -5 -6 -7
leaf_value=-0.021565477215404163 -0.022188519657211414 0.015635305070906502 -0.001010265680546505 -0.00044214875587485051 0.011476291921661545 0.015230015046069018
leaf_weight=83.70596104406286 43.46238391334191 96.240062640048563 28.892507690005004 223.8750444019679 6.7816026995424172 87.395961532369256
leaf_count=5952 1357 546 128 3276 218 311
internal_value=0 0.00361511 0.000495236 -0.00418281 -0.0187531 0.011185
internal_weight=570.354 479.866 383.626 267.337 90.4876 116.288
internal_count=11788 5618 5072 4633 6170 439
is_linear=0
shrinkage=0.025


Tree=66
num_leaves=7
num_cat=0
split_feature=19 62 43 32 2 60
split_gain=60.1029 30.4873 18.8541 14.7414 14.785 13.7348
threshold=0.68291200000000007 0.58333333333333337 1.0000000180025095e-35 0.40703000000000006 0.6828153431415559 0.68000000000000005
decision_type=2 2 2 2 2 2
left_child=3 5 -3 4 -1 -2
right_child=1 2 -4 -5 -6 -7
leaf_value=-0.02023905275516711 0.014110932993418236 0.0011753206706840566 -0.019045494411466756 0.0020617173071667818 0.0070146792207267401 -0.0011014186436983336
leaf_weight=107.80851674510632 180.48607984534465 159.61316665052436 32.451011750148609 29.157050343463197 12.272010118700562 44.783500344026834
leaf_count=6415 997 2492 1106 383 71 324
internal_value=0 0.00487372 -0.00239702 -0.0134848 -0.0172961 0.0110694
internal_weight=566.571 417.334 192.064 149.238 120.081 225.27
internal_count=11788 4919 3598 6869 6486 1321
is_linear=0
shrinkage=0.025


Tree=67
num_leaves=7
num_cat=0
split_feature=9 2 0 61 1 22
split_gain=57.8078 26.5069 18.2688 31.6344 17.1341 19.0129
threshold=0.71000000000000008 0.6828153431415559 0.50913350000000013 0.48363350000000005 0.49414388835430151 0.25186700000000006
decision_type=2 2 2 2 2 2
left_child=4 2 -2 -4 -1 -6
right_child=1 -3 3 -5 5 -7
leaf_value=-0.025595687784316874 0.0089327316899262144 0.013433187816813102 -0.017869646929851192 0.0034384743083849209 0.0099413737704481982 -0.013843177774641441
leaf_weight=47.132305256673135 95.146102123893797 141.10234660934657 66.435759805608541 115.27190024871379 27.04165619588457 70.203203484299593
leaf_count=4346 990 525 1710 982 674 2561
internal_value=0 0.00471662 0.000162319 -0.00444147 -0.013502 -0.0070581
internal_weight=562.333 417.956 276.854 181.708 144.377 97.2449
internal_count=11788 4207 3682 2692 7581 3235
is_linear=0
shrinkage=0.025


Tree=68
num_leaves=7
num_cat=0
split_feature=2 44 48 43 60 39
split_gain=56.3387 25.6618 31.1272 24.5779 21.1405 20.5527
threshold=0.53648993372917186 0.046724500000000009 0.72016650000000004 1.0000000180025095e-35 0.68000000000000005 1.0000000180025095e-35
decision_type=2 2 2 2 2 2
left_child=-1 2 -2 4 -3 -5
right_child=1 3 -4 5 -6 -7
leaf_value=-0.014535214098277955 -0.013110868329691626 0.014039307046838024 0.024167775419084797 -0.030086597174427712 -0.0022601569337565163 0.0022649120990594998
leaf_weight=126.15112619672436 81.249371202429757 222.10035667731427 14.307353903539477 15.091248092241583 61.935643257573247 38.214275650912896
leaf_count=6675 2206 1391 44 480 584 408
internal_value=0 0.00429485 -0.00696618 0.00753823 0.0104659 -0.00767481
internal_weight=559.049 432.898 95.5567 337.342 284.036 53.3055
internal_count=11788 5113 2250 2863 1975 888
is_linear=0
shrinkage=0.025


Tree=69
num_leaves=7
num_cat=0
split_feature=19 62 43 0 2 39
split_gain=55.2499 28.2448 18.6492 14.1615 14.0202 12.8215
threshold=0.68291200000000007 0.58333333333333337 1.0000000180025095e-35 0.48510000000000003 0.54265937209129345 1.0000000180025095e-35
decision_type=2 2 2 2 2 2
left_child=4 5 3 -3 -1 -2
right_child=1 2 -4 -5 -6 -7
leaf_value=-0.020437499270842124 -0.003124580796552966 0.014808695861937407 -0.019062390895860225 -0.0026893583399556723 -0.0046270134931873132 0.01332919418069522
leaf_weight=75.567821819451638 33.147169120144099 34.816916331532411 31.634780242340639 124.61976992094424 70.179956019972451 185.76201550778933
leaf_count=5272 363 507 1106 1985 1597 958
internal_value=0 0.00470459 -0.00227278 0.00124737 -0.0130899 0.0107911
internal_weight=555.728 409.981 191.071 159.437 145.748 218.909
internal_count=11788 4919 3598 2492 6869 1321
is_linear=0
shrinkage=0.025


Tree=70
num_leaves=7
num_cat=0
split_feature=1 49 29 47 62 61
split_gain=53.9886 25.7135 18.6627 22.6045 20.0422 17.1987
threshold=0.5700967311859132 1.0000000180025095e-35 0.75473800000000013 0.94094600000000017 0.41666666666666669 0.51328400000000018
decision_type=2 2 2 2 2 2
left_child=1 -1 3 4 -2 -3
right_child=2 5 -4 -5 -6 -7
leaf_value=0 0.013898637388801897 -0.023387159779543282 0.020801974183904989 0.012421869506487611 -0.0052450084575144914 0.00065731178749998216
leaf_weight=80.402474879054353 40.183473199605942 86.903410542407073 42.421086955349892 111.58515546564013 167.73969264514744 22.420269578462467
leaf_count=2371 240 5721 134 378 2606 338
internal_value=0 -0.0107201 0.00565454 0.00347036 -0.00138253 -0.0184734
internal_weight=551.656 189.726 361.929 319.508 207.923 109.324
internal_count=11788 8430 3358 3224 2846 6059
is_linear=0
shrinkage=0.025


Tree=71
num_leaves=7
num_cat=0
split_feature=9 29 47 39 31 27
split_gain=52.6373 27.7028 27.9185 22.5782 15.4448 10.4895
threshold=0.63000000000000012 0.43853150000000002 0.88802250000000005 1.0000000180025095e-35 0.5186845000000001 1.0000000180025095e-35
decision_type=2 2 2 2 2 2
left_child=4 2 3 -2 -1 -4
right_child=1 -3 5 -5 -6 -7
leaf_value=-0.020928601673269837 -0.022084589082817966 0.015491248264918933 0.001809871269996606 -0.0013867883724846565 0.013225311123891831 0.015815820483841555
leaf_weight=78.736556839314289 37.49433698807843 91.510314975632355 66.603911326266825 195.75564410851803 7.2030623955652109 69.572291885502636
leaf_count=5952 1300 546 402 3116 218 254
internal_value=0 0.00337283 0.000263505 -0.00494994 -0.0176741 0.00918472
internal_weight=546.876 460.936 369.426 233.25 85.9396 136.176
internal_count=11788 5618 5072 4416 6170 656
is_linear=0
shrinkage=0.025


Tree=72
num_leaves=7
num_cat=0
split_feature=2 16 2 0 18 28
split_gain=51.0263 22.7013 18.2886 21.5256 16.9957 11.5984
threshold=0.53648993372917186 0.60382200000000008 0.72832196950912487 0.48510000000000003 0.63329400000000013 0.71038650000000014
decision_type=2 2 2 2 2 2
left_child=4 -2 3 -3 -1 -6
right_child=1 2 -4 -5 5 -7
leaf_value=-0.027198373933903116 -0.014680873111141343 0.01363095922671117 0.017173777744437704 -0.00079192125666852358 -0.010681196791440152 0.015605229395793377
leaf_weight=39.565062593785115 34.131258470704779 86.86009865719825 70.817731861723587 229.70675886492245 71.774214358418249 9.717112157493828
leaf_count=3814 1201 844 252 2816 2723 138
internal_value=0 0.00411963 0.00588204 0.00321382 -0.0141376 -0.0070714
internal_weight=542.572 421.516 387.385 316.567 121.056 81.4913
internal_count=11788 5113 3912 3660 6675 2861
is_linear=0
shrinkage=0.025


Tree=73
num_leaves=7
num_cat=0
split_feature=9 62 61 44 31 21
split_gain=50.0852 26.313 18.0701 15.9675 14.3647 13.1417
threshold=0.63000000000000012 0.75000000000000011 0.54886350000000006 0.046724500000000009 0.5186845000000001 0.77400000000000013
decision_type=2 2 2 2 2 2
left_child=4 2 3 -2 -1 -4
right_child=1 -3 5 -5 -6 -7
leaf_value=-0.020749516926024662 -0.01184568365798482 -0.0093393760802428696 -0.012108320145395257 0.004891976986870928 0.012386201152245665 0.015761933224992041
leaf_weight=76.169903452857397 40.457714775926434 81.751905744604301 9.3912789318710548 203.11398450075649 7.1359434589976436 121.57158144935966
leaf_count=5952 949 2469 100 1645 218 455
internal_value=0 0.00327878 0.00609989 0.00198416 -0.017531 0.0135084
internal_weight=539.592 456.286 374.535 243.572 83.3058 130.963
internal_count=11788 5618 3149 2594 6170 555
is_linear=0
shrinkage=0.025


Tree=74
num_leaves=7
num_cat=0
split_feature=2 16 29 47 18 28
split_gain=48.1834 23.0062 18.5394 23.099 16.1438 10.8071
threshold=0.53648993372917186 0.60382200000000008 0.9893010000000001 0.80202400000000007 0.63329400000000013 0.71038650000000014
decision_type=2 2 2 2 2 2
left_child=4 -2 3 -3 -1 -6
right_child=1 2 -4 -5 5 -7
leaf_value=-0.02693157437755192 -0.015152395303889921 -0.0023372476373372982 0.022345578613485378 0.010452631440726379 -0.010525821873824994 0.014957150842303778
leaf_weight=38.026715171290562 33.272894268622622 178.17335049028043 35.889953827485442 169.33058110740967 70.721482096181717 9.6219937198329699
leaf_count=3814 1201 2968 93 851 2723 138
internal_value=0 0.00400999 0.00578306 0.00390011 -0.0139063 -0.00700907
internal_weight=535.037 416.667 383.394 347.504 118.37 80.3435
internal_count=11788 5113 3912 3819 6675 2861
is_linear=0
shrinkage=0.025


Tree=75
num_leaves=7
num_cat=0
split_feature=1 49 61 31 9 59
split_gain=47.3909 30.144 28.5983 19.9124 15.1235 11.4242
threshold=0.61013403534889232 1.0000000180025095e-35 0.48477250000000005 0.30852950000000007 0.80800000000000016 1.0000000180025095e-35
decision_type=2 2 2 2 2 2
left_child=1 3 -3 5 -2 -1
right_child=4 2 -4 -5 -6 -7
leaf_value=-0.014759789211498809 -0.0015142857939556987 -0.022953943288850916 -0.0010213070616575117 0.01835101761331474 0.01105901280937744 0.0048820102713854271
leaf_weight=33.275224187178537 84.184708057669923 94.431085469899699 62.043365115532652 32.354561244603246 190.42741847969592 35.540883203037083
leaf_count=1480 1155 6099 1007 333 915 799
internal_value=0 -0.0076633 -0.0144653 0.00286771 0.0071941 -0.00467733
internal_weight=532.257 257.645 156.474 101.171 274.612 68.8161
internal_count=11788 9718 7106 2612 2070 2279
is_linear=0
shrinkage=0.025


Tree=76
num_leaves=7
num_cat=0
split_feature=2 16 44 48 43 18
split_gain=44.9635 23.2984 18.783 25.4337 17.9431 15.7223
threshold=0.53648993372917186 0.60382200000000008 0.046724500000000009 0.72016650000000004 1.0000000180025095e-35 0.63329400000000013
decision_type=2 2 2 2 2 2
left_child=5 -2 3 -3 -4 -1
right_child=1 2 4 -5 -6 -7
leaf_value=-0.026750938253125023 -0.015416619557637679 -0.011492595062702012 0.011128117844687979 0.023262238044003562 -0.0055201534653306662 -0.0067956342086000106
leaf_weight=36.561028410447761 33.246671735076234 66.371568196569569 254.12062607659027 13.736039802432058 45.699022138258442 78.956733570026699
leaf_count=3814 1201 1554 1619 40 699 2861
internal_value=0 0.00386654 0.0056666 -0.00490362 0.00853695 -0.0136185
internal_weight=528.692 413.174 379.927 80.1076 299.82 115.518
internal_count=11788 5113 3912 1594 2318 6675
is_linear=0
shrinkage=0.025


Tree=77
num_leaves=7
num_cat=0
split_feature=9 2 29 47 31 61
split_gain=44.6318 25.8607 24.7499 26.9973 14.7328 11.6568
threshold=0.63000000000000012 0.72832196950912487 0.75473800000000013 0.95126050000000006 0.5186845000000001 0.53044100000000005
decision_type=2 2 2 2 2 2
left_child=4 2 3 -2 -1 -3
right_child=1 5 -4 -5 -6 -7
leaf_value=-0.020438444557193416 -0.0060616845102849258 -0.0017622021040070721 0.018281299982562144 0.0098483640344682669 0.012735285314040277 0.022182526493572354
leaf_weight=72.124227865017019 246.60882756934734 15.119534076657144 40.765593133866787 88.340320663526654 7.3971343666780731 53.665776344947517
leaf_count=5952 4834 107 164 380 218 133
internal_value=0 0.00311054 0.000464183 -0.00179772 -0.0169518 0.0169193
internal_weight=524.021 444.5 375.715 334.949 79.5214 68.7853
internal_count=11788 5618 5378 5214 6170 240
is_linear=0
shrinkage=0.025


Tree=78
num_leaves=7
num_cat=0
split_feature=9 2 31 0 61 21
split_gain=43.1116 21.8087 20.3779 16.5667 23.2499 14.7338
threshold=0.73000000000000009 0.6828153431415559 0.5186845000000001 0.51600000000000013 0.47455900000000001 0.87400000000000011
decision_type=2 2 2 2 2 2
left_child=2 3 5 -2 -5 -1
right_child=1 -3 -4 4 -6 -7
leaf_value=-0.018482570636342392 0.00876191311738698 0.012808971050575449 0.016036180173819758 -0.019246886323345425 0.0013275346847960797 0.0029147862876148472
leaf_weight=106.67437890183646 87.627987796906382 125.98864452727139 12.760716023156418 45.435247980523854 117.61454449221492 23.058211366878822
leaf_count=7118 992 514 253 1406 1187 318
internal_value=0 0.00443368 -0.0115943 0.000104849 -0.00455693 -0.0146301
internal_weight=519.16 376.666 142.493 250.678 163.05 129.733
internal_count=11788 4099 7689 3585 2593 7436
is_linear=0
shrinkage=0.025


Tree=79
num_leaves=7
num_cat=0
split_feature=19 39 47 60 31 0
split_gain=43.009 25.514 24.1491 21.4218 17.412 12.7636
threshold=0.68291200000000007 1.0000000180025095e-35 0.93223050000000007 0.68000000000000005 0.30852950000000007 0.80776700000000012
decision_type=2 2 2 2 2 2
left_child=-1 2 -2 4 -3 -5
right_child=1 3 -4 5 -6 -7
leaf_value=-0.012142820016507952 -0.020779996094339587 0.0062838427510147126 0.0086040490046022343 -0.013529632914211468 0.021170744152466222 0.0058866062650747937
leaf_weight=132.45810159476241 41.649464196525514 162.61647294240538 26.600157517008483 39.420706276549026 71.993402289692312 39.900235996581614
leaf_count=6869 1370 1904 133 868 322 322
internal_value=0 0.00426009 -0.00930459 0.00728696 0.0110641 -0.00377444
internal_weight=514.639 382.18 68.2496 313.931 234.61 79.3209
internal_count=11788 4919 1503 3416 2226 1190
is_linear=0
shrinkage=0.025


Tree=80
num_leaves=7
num_cat=0
split_feature=1 49 61 15 62 15
split_gain=43.0131 26.8915 24.9922 17.9566 13.157 12.039
threshold=0.61013403534889232 1.0000000180025095e-35 0.48477250000000005 0.63767200000000013 0.58333333333333337 0.4890425000000001
decision_type=2 2 2 2 2 2
left_child=1 3 -3 -1 5 -2
right_child=4 2 -4 -5 -6 -7
leaf_value=-0.0088582820400115881 -0.0055609872596683518 -0.022283771882016162 -0.00135834281286499 0.012056492282310906 -0.00060985524209135344 0.01352317687547084
leaf_weight=44.05855479685124 21.780816755490378 89.045262064144481 60.532942158868536 54.324303315836005 90.743796936003491 150.64904299587943
leaf_count=1961 205 6099 1007 651 1166 699
internal_value=0 -0.00743298 -0.0140345 0.00261613 0.00700736 0.0110175
internal_weight=511.135 247.961 149.578 98.3829 263.174 172.43
internal_count=11788 9718 7106 2612 2070 904
is_linear=0
shrinkage=0.025


Tree=81
num_leaves=7
num_cat=0
split_feature=19 62 43 17 9 0
split_gain=40.634 23.4434 14.2863 13.3833 11.6566 11.3697
threshold=0.68291200000000007 0.58333333333333337 1.0000000180025095e-35 0.64299000000000006 0.80800000000000016 0.48510000000000003
decision_type=2 2 2 2 2 2
left_child=3 -2 5 4 -1 -3
right_child=1 2 -4 -5 -6 -7
leaf_value=-0.023591196644570378 0.010003471632688993 0.013205185076176152 -0.017801452741484848 -0.002508100720555689 0.00081847821514210528 -0.0029168772759022191
leaf_weight=58.715939119632822 199.45181127660908 32.988153255311772 28.654979351325892 57.429757890524343 14.219005155377088 115.67771725158673
leaf_count=4924 1321 507 1106 1675 270 1985
internal_value=0 0.00416793 -0.00239508 -0.0118977 -0.018847 0.000761863
internal_weight=507.137 376.773 177.321 130.365 72.9349 148.666
internal_count=11788 4919 3598 6869 5194 2492
is_linear=0
shrinkage=0.025


Tree=82
num_leaves=7
num_cat=0
split_feature=2 29 62 61 22 32
split_gain=39.5885 20.7331 20.374 23.903 15.4716 11.0355
threshold=0.53648993372917186 0.91839300000000013 0.41666666666666669 0.71538450000000009 0.47193300000000005 0.17192500000000002
decision_type=2 2 2 2 2 2
left_child=4 2 5 -4 -1 -2
right_child=1 -3 3 -5 -6 -7
leaf_value=-0.016772952242140166 0.0025985011358241918 0.020762967510295147 -0.0046862637898051514 0.013087978254092428 0.0095014351540303223 0.02327557817884876
leaf_weight=95.108598756254651 31.616850945632905 37.638106542173773 233.88101209257729 56.531825396697968 14.243267176439984 34.661142165772617
leaf_count=6370 294 129 4156 427 305 107
internal_value=0 0.00370273 0.00174618 -0.00111428 -0.0131366 0.0139921
internal_weight=503.681 394.329 356.691 290.413 109.352 66.278
internal_count=11788 5113 4984 4583 6675 401
is_linear=0
shrinkage=0.025


Tree=83
num_leaves=7
num_cat=0
split_feature=9 62 29 24 44 48
split_gain=39.4001 23.1093 16.0036 16.0802 11.219 10.3186
threshold=0.57000000000000017 0.75000000000000011 0.43853150000000002 1.0000000180025095e-35 0.076556500000000013 0.66350000000000009
decision_type=2 2 2 2 2 2
left_child=4 2 3 -2 -1 -3
right_child=1 5 -4 -5 -6 -7
leaf_value=-0.023651694788361433 -0.0055302418341989894 -0.015356626520293329 0.016049036212625427 0.007091777812761265 -0.0026021942938072697 0.0033306482010015005
leaf_weight=47.14498345030006 91.985162187949754 52.089924335828982 71.579958943999372 185.6382515366422 25.687644147081301 25.717923619551584
leaf_count=4902 1448 2082 332 1414 1190 420
internal_value=0 0.00292492 0.00568838 0.00286645 -0.0166765 -0.00915954
internal_weight=499.844 427.011 349.203 277.623 72.8326 77.8078
internal_count=11788 5696 3194 2862 6092 2502
is_linear=0
shrinkage=0.025


Tree=84
num_leaves=7
num_cat=0
split_feature=9 62 29 62 1 22
split_gain=37.882 20.153 14.7506 14.9477 14.2478 15.8318
threshold=0.71000000000000008 0.75000000000000011 1.0000000180025095e-35 0.41666666666666669 0.49414388835430151 0.25186700000000006
decision_type=2 2 2 2 2 2
left_child=4 2 3 -2 -1 -6
right_child=1 -3 -4 -5 5 -7
leaf_value=-0.024408165983902552 0.014642259308415931 -0.0085783389205688811 0.012339028479225586 -0.0028565131473103299 0.0099670572809500996 -0.012483036101441605
leaf_weight=36.778046438179445 37.655891762580723 62.89906061894726 146.93845510389656 123.43397363531403 25.405805465998128 63.336119102663361
leaf_count=4346 147 1814 906 1340 674 2561
internal_value=0 0.00402327 0.00667303 0.00134171 -0.0117357 -0.00586294
internal_weight=496.447 370.927 308.028 161.09 125.52 88.7419
internal_count=11788 4207 2393 1487 7581 3235
is_linear=0
shrinkage=0.025


Tree=85
num_leaves=7
num_cat=0
split_feature=1 44 39 22 62 60
split_gain=37.28 26.9883 19.9527 12.4183 11.7219 11.2748
threshold=0.61368605494499218 0.076556500000000013 1.0000000180025095e-35 0.40920200000000001 0.58333333333333337 0.68000000000000005
decision_type=2 2 2 2 2 2
left_child=1 3 -3 -1 -2 -4
right_child=4 2 5 -5 -6 -7
leaf_value=-0.021184804128591174 0.010769818781852018 -0.019751280612359569 0.0082280813572372692 0.0022725397986241621 -0.0005324023136072803 -0.0080988252058740561
leaf_weight=78.125815995561425 160.81620752927847 24.717172071104869 94.015661160752643 15.749401929555459 85.836692578857765 33.690475401934236
leaf_count=6096 867 1098 1432 322 1111 862
internal_value=0 -0.00684532 -0.00023583 -0.0172017 0.00683558 0.00378084
internal_weight=492.951 246.299 152.423 93.8752 246.653 127.706
internal_count=11788 9810 3392 6418 1978 2294
is_linear=0
shrinkage=0.025


Tree=86
num_leaves=7
num_cat=0
split_feature=19 39 47 60 31 17
split_gain=36.5107 22.2642 22.5346 16.9175 16.2356 11.8673
threshold=0.68291200000000007 1.0000000180025095e-35 0.93223050000000007 0.68000000000000005 0.30852950000000007 0.64299000000000006
decision_type=2 2 2 2 2 2
left_child=5 2 -2 4 -3 -1
right_child=1 3 -4 -5 -6 -7
leaf_value=-0.018404801775837056 -0.020294302722207273 0.005565274431357496 0.0087798188358346359 -0.0032069758951002469 0.020203438083138653 -0.0026464874947335635
leaf_weight=68.309774674184155 39.783681381610222 155.87506721611135 25.132838330697268 75.51082303491421 69.304423481924459 55.84972022078
leaf_count=5194 1370 1904 133 1190 322 1675
internal_value=0 0.00398366 -0.00900012 0.0068667 0.0102813 -0.0115776
internal_weight=489.766 365.607 64.9165 300.69 225.179 124.159
internal_count=11788 4919 1503 3416 2226 6869
is_linear=0
shrinkage=0.025


Tree=87
num_leaves=7
num_cat=0
split_feature=9 2 29 47 1 22
split_gain=35.3691 21.453 16.7377 19.7575 13.7059 16.5491
threshold=0.71000000000000008 0.71798974275589 0.91839300000000013 0.95126050000000006 0.49414388835430151 0.25186700000000006
decision_type=2 2 2 2 2 2
left_child=4 2 3 -2 -1 -6
right_child=1 -3 -4 -5 5 -7
leaf_value=-0.024318609124742839 -0.005140932423843482 0.016538392933187408 0.018491284232748133 0.0098123510087275226 0.010448405879494506 -0.012607616840291283
leaf_weight=34.81769524642732 196.42164261103608 65.99603125359863 28.17906560190022 73.822998042684048 25.231611698283814 62.330781790195033
leaf_count=4346 3551 246 94 316 674 2561
internal_value=0 0.00391128 0.000975532 -0.000971549 -0.011492 -0.00576112
internal_weight=486.8 364.42 298.424 270.245 122.38 87.5624
internal_count=11788 4207 3961 3867 7581 3235
is_linear=0
shrinkage=0.025


Tree=88
num_leaves=7
num_cat=0
split_feature=2 39 43 60 31 22
split_gain=34.2522 18.6754 21.2961 17.3051 14.3021 13.775
threshold=0.53648993372917186 1.0000000180025095e-35 1.0000000180025095e-35 0.68000000000000005 0.31505900000000003 0.47193300000000005
decision_type=2 2 2 2 2 2
left_child=5 2 -2 4 -3 -1
right_child=1 3 -4 -5 -6 -7
leaf_value=-0.016239059756322349 0.00047497316738273404 0.0049694169599576862 -0.029858619244197179 -0.0038202947074985043 0.018291509702614964 0.0087566190724727901
leaf_weight=88.934388356574345 48.516359075903893 157.84554038569331 17.743793469853699 80.031427326262929 75.641222962411121 14.107827197993172
leaf_count=6370 792 1933 705 1321 362 305
internal_value=0 0.00348079 -0.00831107 0.00604665 0.00947042 -0.0126076
internal_weight=482.821 379.778 66.2602 313.518 233.487 103.042
internal_count=11788 5113 1497 3616 2295 6675
is_linear=0
shrinkage=0.025


Tree=89
num_leaves=7
num_cat=0
split_feature=9 2 0 61 59 19
split_gain=33.4215 19.7437 14.5413 17.9641 12.7256 12.652
threshold=0.71000000000000008 0.6828153431415559 0.50913350000000013 0.47455900000000001 1.0000000180025095e-35 0.72440300000000002
decision_type=2 2 2 2 2 2
left_child=5 2 4 -4 -2 -1
right_child=1 -3 3 -5 -6 -7
leaf_value=-0.016316240235016023 -0.0041764979635509408 0.012112550210983269 -0.017617923441482136 0.00058413444091920169 0.015482144671804171 0.0013148811850691616
leaf_weight=85.646065301436465 30.90241730841808 117.39767697267234 44.936543907155283 115.14398807380348 51.478305304422975 34.016172168776393
leaf_count=7001 527 525 1470 1222 463 580
internal_value=0 0.00381237 -0.000253382 -0.00466393 0.00809895 -0.0113083
internal_weight=479.521 359.859 242.461 160.081 82.3807 119.662
internal_count=11788 4207 3682 2692 990 7581
is_linear=0
shrinkage=0.025


Tree=90
num_leaves=7
num_cat=0
split_feature=19 39 47 29 62 17
split_gain=32.0741 20.722 19.5389 15.9798 17.9357 11.4941
threshold=0.68291200000000007 1.0000000180025095e-35 0.93223050000000007 1.0000000180025095e-35 0.41666666666666669 0.64299000000000006
decision_type=2 2 2 2 2 2
left_child=5 2 -2 4 -3 -1
right_child=1 3 -4 -5 -6 -7
leaf_value=-0.017972321123648705 -0.019683634298469796 0.018637150326579852 0.0076728832403468693 0.012699365202852584 -0.002939372802036223 -0.0022495067752294801
leaf_weight=65.120639704458881 38.363826432381757 26.952831422910094 24.814471506047994 137.979281049571 128.5054531613132 54.856120878946967
leaf_count=5194 1370 106 133 1187 2123 1675
internal_value=0 0.00376779 -0.00892255 0.00658193 0.00098186 -0.0110476
internal_weight=476.593 356.616 63.1783 293.438 155.458 119.977
internal_count=11788 4919 1503 3416 2229 6869
is_linear=0
shrinkage=0.025


Tree=91
num_leaves=7
num_cat=0
split_feature=9 2 39 1 22 22
split_gain=31.4925 18.1896 15.8379 12.761 15.7596 13.7474
threshold=0.71000000000000008 0.66892853379249584 1.0000000180025095e-35 0.49414388835430151 0.25186700000000006 0.40920200000000001
decision_type=2 2 2 2 2 2
left_child=3 2 -2 -1 -5 -6
right_child=1 -3 -4 4 5 -7
leaf_value=-0.023956546636737821 -0.016236477513298753 0.010905680844180914 0.0021091887134443979 0.010315194247208124 -0.021226471880100937 0.0026384984138255341
leaf_weight=32.439774083439261 32.15850858646445 133.70590448193252 190.39092663384508 24.88631930318661 37.523396224190947 22.444986904971302
leaf_count=4346 1074 645 2488 674 2187 374
internal_value=0 0.00370595 -0.000653806 -0.0110984 -0.00553769 -0.0124061
internal_weight=473.55 356.255 222.549 117.294 84.8547 59.9684
internal_count=11788 4207 3562 7581 3235 2561
is_linear=0
shrinkage=0.025


Tree=92
num_leaves=7
num_cat=0
split_feature=2 29 47 44 18 22
split_gain=30.1865 17.6424 15.3487 17.4762 13.2226 8.17028
threshold=0.53648993372917186 0.9893010000000001 0.98987100000000006 0.15442000000000003 0.63329400000000013 0.47193300000000005
decision_type=2 2 2 2 2 2
left_child=4 2 3 -2 -1 -6
right_child=1 -3 -4 -5 5 -7
leaf_value=-0.02584394913508134 -0.0082274826275513593 0.020507960984363315 0.012117631106352975 0.0043844388386905936 -0.0098526343116793966 0.0103245136345467
leaf_weight=28.510275907116011 118.84744970209431 31.398459099698812 66.095998561475426 155.14895254338626 57.344450937176589 13.295039252727291
leaf_count=3814 3044 100 259 1710 2602 259
internal_value=0 0.00328344 0.00152963 -0.00107933 -0.0120805 -0.00571236
internal_weight=470.641 371.491 340.092 273.996 99.1498 70.6395
internal_count=11788 5113 5013 4754 6675 2861
is_linear=0
shrinkage=0.025


Tree=93
num_leaves=7
num_cat=0
split_feature=1 39 43 31 61 46
split_gain=29.3907 16.8946 20.9039 17.5252 17.8814 12.0899
threshold=0.51881211996078502 1.0000000180025095e-35 1.0000000180025095e-35 0.31505900000000003 0.71538450000000009 0.7758750000000002
decision_type=2 2 2 2 2 2
left_child=-1 2 -2 4 -3 -5
right_child=1 3 -4 5 -6 -7
leaf_value=-0.012980795501366155 0.0004539753886315278 -0.0017880507489498989 -0.029801929408299094 0.017296171581993189 0.015372274611111573 -0.015607568722458817
leaf_weight=86.094316381495446 47.748266557580791 184.34559693903429 17.488465055008419 81.855351439211518 45.005695634754375 5.415887552779167
leaf_count=6406 828 3017 703 465 280 89
internal_value=0 0.00299206 -0.00832832 0.00539889 0.00167103 0.014779
internal_weight=467.954 381.859 65.2367 316.623 229.351 87.2712
internal_count=11788 5382 1531 3851 3297 554
is_linear=0
shrinkage=0.025


Tree=94
num_leaves=7
num_cat=0
split_feature=19 62 0 48 17 39
split_gain=29.5701 19.5428 12.4781 14.9389 10.7868 9.73813
threshold=0.68291200000000007 0.58333333333333337 0.38683350000000005 0.65910000000000013 0.64299000000000006 1.0000000180025095e-35
decision_type=2 2 2 2 2 2
left_child=4 5 -3 -4 -1 -2
right_child=1 2 3 -5 -6 -7
leaf_value=-0.01771380877328926 -0.0037556955654245642 0.013292143285064537 -0.012243810327108706 0.0037917159012848152 -0.0022195682922598174 0.011690028475585507
leaf_weight=62.186466695391573 28.263556088320911 23.821445133537054 81.756922112079337 61.046208768268116 53.600139004760422 154.51060802233405
leaf_count=5194 363 344 2571 683 1675 958
internal_value=0 0.00363489 -0.00250294 -0.00538135 -0.0108137 0.00923588
internal_weight=465.185 349.399 166.625 142.803 115.787 182.774
internal_count=11788 4919 3598 3254 6869 1321
is_linear=0
shrinkage=0.025


Tree=95
num_leaves=7
num_cat=0
split_feature=1 49 61 31 62 59
split_gain=28.9992 23.1485 20.0325 18.1875 9.99194 9.83183
threshold=0.61368605494499218 1.0000000180025095e-35 0.47289900000000007 0.30852950000000007 0.58333333333333337 1.0000000180025095e-35
decision_type=2 2 2 2 2 2
left_child=1 3 -3 5 -2 -1
right_child=4 2 -4 -5 -6 -7
leaf_value=-0.014403315094231681 0.0099613552239629626 -0.022353692401329985 -0.0032264114993313074 0.018500889435733813 -0.00076833561602464469 0.0048011382871635516
leaf_weight=29.132162620604504 150.97464441286866 65.983313873875886 72.873501479392871 30.281707509071566 81.13737252028659 32.35719882696867
leaf_count=1486 867 5729 1450 335 1111 810
internal_value=0 -0.00624466 -0.012612 0.00337576 0.00620515 -0.00436797
internal_weight=462.74 230.628 138.857 91.7711 232.112 61.4894
internal_count=11788 9810 7179 2631 1978 2296
is_linear=0
shrinkage=0.025


Tree=96
num_leaves=7
num_cat=0
split_feature=2 49 29 59 62 61
split_gain=28.0667 18.27 15.06 11.5721 11.3558 13.2761
threshold=0.57394796609878551 1.0000000180025095e-35 0.43853150000000002 1.0000000180025095e-35 0.41666666666666669 0.71538450000000009
decision_type=2 2 2 2 2 2
left_child=1 3 4 -1 -2 -6
right_child=2 -3 -4 -5 5 -7
leaf_value=-0.0098868419476951241 0.011837406865329973 -0.016773986904661524 0.014799749303012592 0.01036809142159731 -0.0047800844724272974 0.010407107315853092
leaf_weight=30.752240511414129 48.91835992760025 80.324470869149081 64.068960044765845 34.887421262566932 155.55103111441713 43.939738443586975
leaf_count=1535 288 5749 390 732 2719 375
internal_value=0 -0.00896122 0.00422385 0.000735644 0.00134099 -0.00130424
internal_weight=458.442 145.964 312.478 65.6397 248.409 199.491
internal_count=11788 8016 3772 2267 3382 3094
is_linear=0
shrinkage=0.025


Tree=97
num_leaves=7
num_cat=0
split_feature=44 22 39 60 43 47
split_gain=27.9221 26.8027 20.3959 17.7607 15.1681 11.4161
threshold=0.046724500000000009 0.41168150000000009 1.0000000180025095e-35 0.68000000000000005 1.0000000180025095e-35 0.95126050000000006
decision_type=2 2 2 2 2 2
left_child=1 5 4 -4 -2 -1
right_child=2 -3 3 -5 -6 -7
leaf_value=-0.020978782784432659 -0.00075893333030234043 0.0096239804765960689 0.010014611934315567 -0.0040368415984822015 -0.028463179945326791 0.0032554504595290173
leaf_weight=74.239757843781263 38.849488289793953 28.896467699320056 210.92954883753555 73.727757291286252 16.198531017173082 12.983001299900932
leaf_count=6177 827 342 2276 1315 773 78
internal_value=0 -0.0104523 0.0036231 0.00634128 -0.00994563 -0.0172838
internal_weight=455.825 116.119 339.705 284.657 55.048 87.2228
internal_count=11788 6597 5191 3591 1600 6255
is_linear=0
shrinkage=0.025


Tree=98
num_leaves=7
num_cat=0
split_feature=2 29 2 47 15 0
split_gain=27.2783 16.2855 14.6908 15.2342 12.4543 7.03692
threshold=0.53867933154106151 0.91839300000000013 0.72832196950912487 0.95919300000000007 0.67519200000000013 0.38173350000000006
decision_type=2 2 2 2 2 2
left_child=4 2 3 -2 -1 -6
right_child=1 -3 -4 -5 5 -7
leaf_value=-0.017734350227024635 -0.0045505641524425959 0.019150632288468694 0.012827488392995568 0.0090470496716962244 0.016483005146843904 -0.0064459007732969699
leaf_weight=64.491013367776759 198.3843072996242 33.738849303219467 55.387386150192469 66.593711566645652 9.7181845828890783 23.811947762966156
leaf_count=5852 4282 128 305 304 120 797
internal_value=0 0.0032424 0.00140463 -0.00104791 -0.0115026 0.000639415
internal_weight=452.125 354.104 320.365 264.978 98.0211 33.5301
internal_count=11788 5019 4891 4586 6769 917
is_linear=0
shrinkage=0.025


Tree=99
num_leaves=7
num_cat=0
split_feature=44 22 39 60 14 27
split_gain=26.5728 24.7966 18.692 16.7337 14.2763 12.431
threshold=0.046724500000000009 0.38608900000000007 1.0000000180025095e-35 0.68000000000000005 1.0000000180025095e-35 1.0000000180025095e-35
decision_type=2 2 2 2 2 2
left_child=1 -1 4 -4 -2 -3
right_child=2 5 3 -5 -6 -7
leaf_value=-0.019209342203449012 -0.0002991941454635735 -0.010868277195986719 0.0097303619421576018 -0.0039650612521465204 -0.027122702507940591 0.014976291675287435
leaf_weight=70.654011755657848 37.180886655463837 17.198031912150327 208.78323754546 73.120447190362029 16.67793347639963 25.649903445271775
leaf_count=5962 840 373 2276 1315 760 262
internal_value=0 -0.0103252 0.00354087 0.00614364 -0.0095953 0.00438272
internal_weight=449.264 113.502 335.763 281.904 53.8588 42.8479
internal_count=11788 6597 5191 3591 1600 635
is_linear=0
shrinkage=0.025


Tree=100
num_leaves=7
num_cat=0
split_feature=2 44 9 6 22 61
split_gain=26.0241 14.9349 12.445 11.1752 15.5947 10.2794
threshold=0.57394796609878551 0.095145000000000021 0.80800000000000016 0.53074100000000002 0.40920200000000001 0.49425850000000005
decision_type=2 2 2 2 2 2
left_child=1 -1 3 -2 -5 -4
right_child=2 -3 5 4 -6 -7
leaf_value=-0.018445714518695585 0.012861324123731499 -0.0018758269928042478 -6.1950700198370423e-05 -0.01600528700432341 0.0041286650882352794 0.012005116794350248
leaf_weight=56.578577441920061 21.242034322116524 84.796430350281298 64.589151562657207 46.969094859319739 44.1731903036125 127.45467062899843
leaf_count=5583 436 2433 707 1445 535 649
internal_value=0 -0.00877324 0.00411253 -0.00240429 -0.00630398 0.00795304
internal_weight=445.803 141.375 304.428 112.384 91.1423 192.044
internal_count=11788 8016 3772 2416 1980 1356
is_linear=0
shrinkage=0.025


Tree=101
num_leaves=7
num_cat=0
split_feature=19 62 0 48 44 17
split_gain=25.6833 16.9335 11.1832 16.668 11.6334 9.65416
threshold=0.68291200000000007 0.58333333333333337 0.48510000000000003 0.65910000000000013 0.17984500000000003 0.64299000000000006
decision_type=2 2 2 2 2 2
left_child=5 -2 4 -4 -3 -1
right_child=1 2 3 -5 -6 -7
leaf_value=-0.017230358427968821 0.0088256727614673888 -0.0061227423657881927 -0.01449035225955856 0.0034982933517521881 0.020517060816837695 -0.0021301413971354893
leaf_weight=57.6163731131237 173.15824972477276 15.785096127656287 65.04835361323785 58.832592941471376 21.145640570437536 51.331932093831711
leaf_count=5194 1321 583 2153 675 187 1675
internal_value=0 0.00344532 -0.00234096 -0.00597788 0.00924239 -0.0104017
internal_weight=442.918 333.97 160.812 123.881 36.9307 108.948
internal_count=11788 4919 3598 2828 770 6869
is_linear=0
shrinkage=0.025


Tree=102
num_leaves=7
num_cat=0
split_feature=2 44 22 0 47 1
split_gain=25.0354 19.955 17.7665 16.446 14.8452 14.2262
threshold=0.6828153431415559 0.046724500000000009 0.40920200000000001 0.48510000000000003 0.7728560000000001 0.51881211996078502
decision_type=2 2 2 2 2 2
left_child=1 2 -1 5 -5 -3
right_child=-2 3 -4 4 -6 -7
leaf_value=-0.020179403763081055 0.0093283248463734685 -0.0066251327352053581 0.0061171900575773281 -0.01415265420771324 0.0019326886510726627 0.014391419948788332
leaf_weight=64.458071775501594 125.56709094089456 26.343648653943092 19.225566811219323 62.217442823864985 77.479523634421639 64.714641368249431
leaf_count=6016 874 1080 306 2124 800 588
internal_value=0 -0.00376934 -0.0140343 2.62505e-05 -0.00529265 0.00820313
internal_weight=440.006 314.439 83.6836 230.755 139.697 91.0583
internal_count=11788 10914 6322 4592 2924 1668
is_linear=0
shrinkage=0.025


Tree=103
num_leaves=7
num_cat=0
split_feature=2 29 2 22 22 6
split_gain=24.0416 15.6391 13.8537 13.8637 10.3939 7.01805
threshold=0.53648993372917186 0.91839300000000013 0.72832196950912487 0.25565250000000006 0.47193300000000005 0.70776500000000009
decision_type=2 2 2 2 2 2
left_child=4 2 3 -2 -1 -4
right_child=1 -3 5 -5 -6 -7
leaf_value=-0.01482419189339286 0.011045085227062077 0.018854020701650681 0.0009198674647185115 -0.0038682613561543222 0.007653957408460213 0.019642904080502115
leaf_weight=76.910293157503475 44.823653906118125 32.59452738519758 21.829011725261807 215.43847460043617 13.175401146057991 31.469585706945509
leaf_count=6370 694 129 184 3985 305 121
internal_value=0 0.00300717 0.0011961 -0.00118586 -0.0113243 0.0125163
internal_weight=436.241 346.155 313.561 260.262 90.0857 53.2986
internal_count=11788 5113 4984 4679 6675 305
is_linear=0
shrinkage=0.025


Tree=104
num_leaves=7
num_cat=0
split_feature=1 49 61 44 1 62
split_gain=24.4941 17.9879 18.933 12.3088 9.59694 8.9879
threshold=0.61368605494499218 1.0000000180025095e-35 0.47289900000000007 0.16062100000000004 0.51881211996078502 0.58333333333333337
decision_type=2 2 2 2 2 2
left_child=1 3 -3 -1 -5 -2
right_child=5 2 -4 4 -6 -7
leaf_value=-0.0078204083931376848 0.0095564282475376419 -0.021785311869493652 -0.0024735265385575906 -0.0041003933412657222 0.018088631399801002 -0.00084973040359133259
leaf_weight=36.588297528098337 141.21264477109071 60.122478457982652 68.134508050628938 16.462125866732094 33.098359679337591 78.290297716506757
leaf_count=1929 867 5729 1450 481 221 1111
internal_value=0 -0.00597485 -0.0118366 0.00274101 0.0107072 0.00583767
internal_weight=433.909 214.406 128.257 86.1488 49.5605 219.503
internal_count=11788 9810 7179 2631 702 1978
is_linear=0
shrinkage=0.025


Tree=105
num_leaves=7
num_cat=0
split_feature=1 39 31 18 9 21
split_gain=22.905 17.1959 17.2399 15.9246 8.70047 9.24149
threshold=0.61368605494499218 1.0000000180025095e-35 0.30852950000000007 0.63553400000000015 0.78000000000000014 0.77400000000000013
decision_type=2 2 2 2 2 2
left_child=1 -1 3 -3 -2 -6
right_child=4 2 -4 -5 5 -7
leaf_value=-0.020946051713312399 -0.0027736095423614572 -0.024871865489701016 0.010038849551977364 -0.0027102385864754505 -0.0025741578511152487 0.01154939389983594
leaf_weight=36.209690163086634 54.76509428024292 23.246002080792096 47.555820739653427 105.05608139064861 34.869187589734793 129.23342714691535
leaf_count=2719 1000 3144 867 3080 284 694
internal_value=0 -0.00582062 -0.00240724 -0.00719105 0.00564182 0.00850225
internal_weight=430.935 212.068 175.858 128.302 218.868 164.103
internal_count=11788 9810 7091 6224 1978 978
is_linear=0
shrinkage=0.025


Tree=106
num_leaves=7
num_cat=0
split_feature=19 29 62 31 48 39
split_gain=22.8613 16.2619 13.642 9.01093 8.10175 8.03817
threshold=0.68291200000000007 0.91839300000000013 0.75000000000000011 0.26463300000000006 0.66350000000000009 1.0000000180025095e-35
decision_type=2 2 2 2 2 2
left_child=3 2 5 -1 -4 -2
right_child=1 -3 4 -5 -6 -7
leaf_value=-0.014946750813088409 -0.0052592077183802113 0.020804787664536757 -0.015824104911227054 0.00031977064920331582 0.0026948971513934021 0.0063504729063135305
leaf_weight=70.777628862590063 43.165278023690917 27.686462960438803 37.020551289664581 34.249234593531583 21.397253127186559 194.00159790902399
leaf_count=5687 774 94 1783 1182 370 1898
internal_value=0 0.00329913 0.00146934 -0.00999528 -0.00906511 0.00416814
internal_weight=428.298 323.271 295.585 105.027 58.4178 237.167
internal_count=11788 4919 4825 6869 2153 2672
is_linear=0
shrinkage=0.025


Tree=107
num_leaves=7
num_cat=0
split_feature=1 29 47 39 20 48
split_gain=21.9067 16.7113 15.3842 16.2208 8.06289 3.06669
threshold=0.46926748752594 0.91839300000000013 0.88802250000000005 1.0000000180025095e-35 0.66945500000000013 0.25536650000000005
decision_type=2 2 2 2 2 2
left_child=5 2 3 -2 -4 -1
right_child=1 -3 4 -5 -6 -7
leaf_value=-0.0032413784113706971 -0.017958055040402238 0.018302542758179153 -0.017983779006522243 -0.00046196653504082384 0.0089882723786777249 -0.020778158792618556
leaf_weight=10.554044744290875 37.685175367398188 32.729604023974389 4.8766144688706836 195.75224551139399 114.11563445464708 30.154889354598708
leaf_count=1049 1818 149 82 4659 662 3369
internal_value=0 0.00188199 0.000214212 -0.0034839 0.00746355 -0.0168847
internal_weight=425.868 385.159 352.43 233.437 118.992 40.7089
internal_count=11788 7370 7221 6477 744 4418
is_linear=0
shrinkage=0.025


Tree=108
num_leaves=7
num_cat=0
split_feature=62 21 0 31 48 16
split_gain=21.4025 16.3047 19.8212 16.7981 11.0761 10.6165
threshold=0.75000000000000011 0.70400000000000007 0.46886700000000009 0.24180350000000003 0.66350000000000009 0.59352450000000012
decision_type=2 2 2 2 2 2
left_child=1 2 3 -1 -2 -3
right_child=4 5 -4 -5 -6 -7
leaf_value=-0.0051679026028303649 -0.016460550899543347 -0.022382341235858402 -0.014216911307349887 0.015808655294075446 0.0028186278832054014 0.0088395003446488478
leaf_weight=52.053202554991003 61.464961413992569 4.5820381017401806 59.139883314841427 39.693133447435685 24.340690449695103 182.54947398114018
leaf_count=2235 4504 181 2636 457 448 1327
internal_value=0 0.00284418 -0.00320262 0.00399316 -0.0109675 0.00774387
internal_weight=423.823 338.018 150.886 91.7463 85.8057 187.132
internal_count=11788 6836 5328 2692 4952 1508
is_linear=0
shrinkage=0.025


Tree=109
num_leaves=7
num_cat=0
split_feature=9 1 0 6 1 47
split_gain=21.3137 13.6138 11.0487 16.8562 12.8053 9.29241
threshold=0.75000000000000011 0.67759954929351818 0.4233670000000001 0.70389700000000011 0.45967935025691992 0.95126050000000006
decision_type=2 2 2 2 2 2
left_child=2 5 4 -4 -1 -2
right_child=1 -3 3 -5 -6 -7
leaf_value=-0.021583866091574602 -0.0023730563077887317 0.01287705682032462 -0.020227898466983203 0.0029848368350000177 0.006881836791899798 0.010042374833385846
leaf_weight=9.9445457669789885 155.70855495735304 75.78103059809655 60.867433470615651 26.551149346400052 44.972469808417372 46.854779225774109
leaf_count=1663 2895 360 4962 351 1320 237
internal_value=0 0.00401728 -0.00778973 -0.0131933 0.000859438 0.000543497
internal_weight=420.68 278.344 142.336 87.4186 54.917 202.563
internal_count=11788 3492 8296 5313 2983 3132
is_linear=0
shrinkage=0.025


Tree=110
num_leaves=7
num_cat=0
split_feature=2 44 22 0 61 19
split_gain=21.0841 17.6761 13.7563 13.0821 12.0992 10.5172
threshold=0.6828153431415559 0.075027500000000011 0.40920200000000001 0.48510000000000003 0.47689900000000002 0.69013400000000014
decision_type=2 2 2 2 2 2
left_child=1 2 -1 5 -5 -3
right_child=-2 3 -4 4 -6 -7
leaf_value=-0.017372542992520456 0.0087736260208626151 -0.0013436875044158046 0.0043569673889623075 -0.015774739266377253 0.00075347496148705595 0.016380407669003959
leaf_weight=73.378986590250861 119.36602859012783 36.300396822451148 22.038307064620312 37.561351440381259 85.988291681744158 43.332848057616502
leaf_count=6435 874 1038 375 1567 1076 423
internal_value=0 -0.003551 -0.0122813 0.000605745 -0.00441519 0.00839946
internal_weight=417.966 298.6 95.4173 203.183 123.55 79.6332
internal_count=11788 10914 6810 4104 2643 1461
is_linear=0
shrinkage=0.025


Tree=111
num_leaves=7
num_cat=0
split_feature=62 44 22 47 48 62
split_gain=20.1455 14.8049 15.7404 11.0088 10.6938 8.18099
threshold=0.75000000000000011 0.095145000000000021 0.41168150000000009 0.94094600000000017 0.66350000000000009 0.41666666666666669
decision_type=2 2 2 2 2 2
left_child=1 2 3 -1 -2 -3
right_child=4 5 -4 -5 -6 -7
leaf_value=-0.015788465350714136 -0.016280545465363207 0.015368716024767599 0.010152479283789552 0.0065205205790987916 0.0027597303832549696 0.0037318999025336879
leaf_weight=59.077476001461037 59.680246881325729 47.534879307611845 28.377307665767148 15.674071125453336 24.25144746445585 180.65279986162204
leaf_count=4096 4504 276 242 89 448 2133
internal_value=0 0.00278522 -0.00494873 -0.0109378 -0.0107571 0.00633423
internal_weight=415.248 331.317 103.129 74.7515 83.9317 228.188
internal_count=11788 6836 4427 4185 4952 2409
is_linear=0
shrinkage=0.025


Tree=112
num_leaves=7
num_cat=0
split_feature=1 29 62 61 16 17
split_gain=19.9974 15.6893 11.8254 12.5685 5.80169 6.35209
threshold=0.46926748752594 0.43853150000000002 0.41666666666666669 0.71538450000000009 0.6088205000000001 0.74006150000000004
decision_type=2 2 2 2 2 2
left_child=-1 2 -2 -4 -3 -6
right_child=1 4 3 -5 5 -7
leaf_value=-0.016556806139533579 0.010258427459296015 -0.012671712067148018 -0.0054200171314170674 0.0090935516408486485 0.015913380149350818 -0.01049874214089137
leaf_weight=38.604527231946122 48.686194002628326 3.2979593427153295 211.3877941215178 42.459969964809716 63.960679698851891 4.1193049610592416
leaf_count=4418 455 161 5813 411 489 41
internal_value=0 0.00180802 -0.000681366 -0.00289326 0.0121437 0.013876
internal_weight=412.516 373.912 302.534 253.848 71.3779 68.08
internal_count=11788 7370 6679 6224 691 530
is_linear=0
shrinkage=0.025


Tree=113
num_leaves=7
num_cat=0
split_feature=19 39 47 60 22 0
split_gain=19.7374 14.8997 13.8074 12.0531 10.1582 9.36842
threshold=0.68291200000000007 1.0000000180025095e-35 0.93223050000000007 0.68000000000000005 0.46894550000000007 0.80776700000000012
decision_type=2 2 2 2 2 2
left_child=-1 2 -2 4 -3 -5
right_child=1 3 -4 5 -6 -7
leaf_value=-0.0095356386258669545 -0.018083262635138875 0.0042336620071548904 0.0065193953651829471 -0.012588372280531435 0.016397355627318668 0.0055269917424968576
leaf_weight=99.756512253021356 33.173798904637806 120.9930194952176 21.374047659337521 32.309026544215158 68.912912426516414 33.715698452666402
leaf_count=6869 1370 1787 133 868 439 322
internal_value=0 0.00311549 -0.00842634 0.00566703 0.00884879 -0.00334587
internal_weight=410.235 310.479 54.5478 255.931 189.906 66.0247
internal_count=11788 4919 1503 3416 2226 1190
is_linear=0
shrinkage=0.025


Tree=114
num_leaves=7
num_cat=0
split_feature=9 2 31 6 47 0
split_gain=19.138 13.4239 12.2392 9.9576 9.62396 13.7357
threshold=0.73000000000000009 0.72284990549087536 0.5186845000000001 0.71258150000000009 0.95126050000000006 0.51600000000000013
decision_type=2 2 2 2 2 2
left_child=2 4 3 -1 5 -2
right_child=1 -3 -4 -5 -6 -7
leaf_value=-0.015682068851888106 0.0065338478284404219 0.014721671308050197 0.013575900553583369 0.0039965440082841393 0.0091517395683577765 -0.0071869158923789636
leaf_weight=78.173312977975002 70.394573236815631 50.164161728229374 10.989499419927595 18.138536411337554 61.984912260435522 118.34128223516745
leaf_count=7224 988 217 253 212 316 2578
internal_value=0 0.00323684 -0.00894351 -0.0118801 0.000781749 -0.00200508
internal_weight=408.186 300.885 107.301 96.3118 250.721 188.736
internal_count=11788 4099 7689 7436 3882 3566
is_linear=0
shrinkage=0.025


Tree=115
num_leaves=7
num_cat=0
split_feature=9 1 0 61 1 47
split_gain=18.8384 12.051 10.5572 11.3798 11.3684 7.54314
threshold=0.75000000000000011 0.67759954929351818 0.4233670000000001 0.71845200000000009 0.45967935025691992 0.95126050000000006
decision_type=2 2 2 2 2 2
left_child=2 5 4 -4 -1 -2
right_child=1 -3 3 -5 -6 -7
leaf_value=-0.020956102653272118 -0.0021677876646930337 0.012299640126159818 -0.01766109091231621 0.0040165094489435808 0.0067572129709003205 0.0091629193060846215
leaf_weight=9.047220438369548 151.10285878571449 73.124481088016182 65.261818213097285 17.652285155374557 43.482272568333428 45.645467144902796
leaf_count=1663 2895 360 5069 244 1320 237
internal_value=0 0.00381216 -0.0075272 -0.012961 0.00108991 0.000498999
internal_weight=405.316 269.873 135.444 82.9141 52.5295 196.748
internal_count=11788 3492 8296 5313 2983 3132
is_linear=0
shrinkage=0.025


Tree=116
num_leaves=7
num_cat=0
split_feature=29 47 39 31 61 48
split_gain=18.5838 17.8697 16.3435 13.7644 7.2211 7.9387
threshold=0.91839300000000013 0.88802250000000005 1.0000000180025095e-35 0.30852950000000007 0.50715900000000003 0.74193350000000013
decision_type=2 2 2 2 2 2
left_child=1 2 -1 -4 -3 -6
right_child=-2 4 3 -5 5 -7
leaf_value=-0.019047245980622088 0.01785697969917904 -0.0028375764019907264 -0.0060870932823487147 0.0080322788025347647 0.013405120677550758 -0.0085074812947044214
leaf_weight=42.202985662559513 30.943882444058545 34.032814726000652 159.52332492062123 56.064685887540691 71.120407634647563 9.7680829686578345
leaf_count=3017 181 401 6855 941 316 77
internal_value=0 -0.00159165 -0.00525301 -0.00232518 0.00648396 0.0104783
internal_weight=403.656 372.712 257.791 215.588 114.921 80.8885
internal_count=11788 11607 10813 7796 794 393
is_linear=0
shrinkage=0.025


Tree=117
num_leaves=7
num_cat=0
split_feature=44 22 29 62 20 47
split_gain=18.9001 17.5849 13.8587 12.189 9.62551 9.05949
threshold=0.046724500000000009 0.40416600000000008 0.75473800000000013 0.41666666666666669 0.7161415000000001 0.88802250000000005
decision_type=2 2 2 2 2 2
left_child=1 -1 3 -2 -3 -5
right_child=2 4 -4 5 -6 -7
leaf_value=-0.016344328300326946 0.012806677943585799 -0.012291475173164357 0.017913997871060374 -0.0047743811714627514 0.015042354402970607 0.0056425032821132036
leaf_weight=67.712123382545542 44.054941065958701 9.7288022334105353 32.516863946337253 150.51557996252086 20.867135541979223 76.309315958060324
leaf_count=6163 309 288 161 4146 146 575
internal_value=0 -0.00938797 0.0030938 0.0011352 0.00581451 -0.00120843
internal_weight=401.705 98.3081 303.397 270.88 30.5959 226.825
internal_count=11788 6597 5191 5030 434 4721
is_linear=0
shrinkage=0.025


Tree=118
num_leaves=7
num_cat=0
split_feature=2 49 29 59 60 43
split_gain=17.6605 12.5028 10.6875 9.53908 8.70347 15.4914
threshold=0.57394796609878551 1.0000000180025095e-35 0.43853150000000002 1.0000000180025095e-35 0.68000000000000005 1.0000000180025095e-35
decision_type=2 2 2 2 2 2
left_child=1 3 4 -1 5 -2
right_child=2 -3 -4 -5 -6 -7
leaf_value=-0.0096151377490810933 0.0073615562359661546 -0.014893831855277621 0.013078048489879224 0.010144154336320526 -0.0071611251317741272 -0.01285276801849101
leaf_weight=26.107302540622186 136.59294998343103 66.841009295429103 55.46478993515484 30.099276622058824 57.607302718795836 25.952746617957018
leaf_count=1535 1654 5749 390 732 1036 692
internal_value=0 -0.0077829 0.00351335 0.00079853 0.000944555 0.00393524
internal_weight=398.665 123.048 275.618 56.2066 220.153 162.546
internal_count=11788 8016 3772 2267 3382 2346
is_linear=0
shrinkage=0.025


Tree=119
num_leaves=7
num_cat=0
split_feature=19 39 43 60 22 47
split_gain=17.2975 13.5719 12.3766 11.2267 9.57969 9.09317
threshold=0.68291200000000007 1.0000000180025095e-35 1.0000000180025095e-35 0.68000000000000005 0.46894550000000007 0.91687750000000012
decision_type=2 2 2 2 2 2
left_child=-1 2 5 4 -3 -2
right_child=1 3 -4 -5 -6 -7
leaf_value=-0.0090947930169338938 -0.011799840022757233 0.0040270877007995733 -0.027208304827039516 -0.0033514745264038429 0.016066635846703922 0.010850216901913502
leaf_weight=96.065592839353485 20.096730908728205 117.09721168869874 13.007494427205527 64.415011043078266 66.052944645518437 19.156194131821394
leaf_count=6869 777 1787 629 1190 439 97
internal_value=0 0.00296513 -0.00828328 0.0054337 0.00857416 -0.000548786
internal_weight=395.891 299.826 52.2604 247.565 183.15 39.2529
internal_count=11788 4919 1503 3416 2226 874
is_linear=0
shrinkage=0.025


Tree=120
num_leaves=7
num_cat=0
split_feature=2 49 29 59 2 6
split_gain=16.6321 12.1533 9.65152 9.22026 8.20307 8.43425
threshold=0.57394796609878551 1.0000000180025095e-35 0.9893010000000001 1.0000000180025095e-35 0.72832196950912487 0.53150800000000009
decision_type=2 2 2 2 2 2
left_child=1 3 4 -1 5 -2
right_child=2 -3 -4 -5 -6 -7
leaf_value=-0.009379103792737771 0.012816252126397669 -0.014672586462834956 0.018249725485104982 0.010129687930629884 0.010891401604938469 -0.0023033530734228778
leaf_weight=25.904527379956562 23.914696230902337 65.83461308144615 22.633878914639354 29.755208431975916 48.078713914612308 177.46703199669719
leaf_count=1535 464 5749 86 732 310 2912
internal_value=0 -0.0075997 0.00343168 0.000886802 0.00188475 -0.0003298
internal_weight=393.589 121.494 272.094 55.6597 249.46 201.382
internal_count=11788 8016 3772 2267 3686 3376
is_linear=0
shrinkage=0.025


Tree=121
num_leaves=7
num_cat=0
split_feature=44 22 39 60 14 15
split_gain=16.6092 17.9409 13.9948 13.5069 11.3317 8.82222
threshold=0.046724500000000009 0.40416600000000008 1.0000000180025095e-35 0.68000000000000005 1.0000000180025095e-35 0.48366800000000004
decision_type=2 2 2 2 2 2
left_child=1 -1 4 5 -2 -4
right_child=2 -3 3 -5 -6 -7
leaf_value=-0.016093508375779147 -0.00023572565526183242 0.0066190501375587955 -0.011168486061489222 -0.0041342516044554087 -0.025770405877079849 0.010201683336312772
leaf_weight=65.576104576088255 32.182849249918945 29.607719896361232 10.564275116659699 66.682244939613156 14.500653270166366 172.71864478464704
leaf_count=6163 840 434 294 1315 760 1982
internal_value=0 -0.00895041 0.00292266 0.00530014 -0.00925187 0.00878911
internal_weight=391.832 95.1838 296.649 249.965 46.6835 183.283
internal_count=11788 6597 5191 3591 1600 2276
is_linear=0
shrinkage=0.025


Tree=122
num_leaves=7
num_cat=0
split_feature=29 1 49 61 28 9
split_gain=16.1341 15.9252 12.2647 12.7255 9.35922 6.37003
threshold=0.94364700000000012 0.61368605494499218 1.0000000180025095e-35 0.50029400000000013 0.31620650000000006 0.78000000000000014
decision_type=2 2 2 2 2 2
left_child=1 2 4 -4 -1 -3
right_child=-2 5 3 -5 -6 -7
leaf_value=-0.0057896314875667421 0.01749369163655369 -0.0040938511259527386 -0.018225268371922676 -0.00040655600479074406 0.0120310065225432 0.0064458314463025166
leaf_weight=43.531088252202608 27.910002350341529 45.431003819219768 68.784339288278716 40.37553451990243 28.046391874959227 135.35591160622425
leaf_count=2060 152 981 6402 717 536 940
internal_value=0 -0.00146139 -0.00668181 -0.0118696 0.00124533 0.0037298
internal_weight=389.434 361.524 180.737 109.16 71.5775 180.787
internal_count=11788 11636 9715 7119 2596 1921
is_linear=0
shrinkage=0.025


Tree=123
num_leaves=7
num_cat=0
split_feature=9 1 0 6 1 29
split_gain=15.8917 10.8109 9.53008 12.3774 10.1925 6.79522
threshold=0.75000000000000011 0.67759954929351818 0.4233670000000001 0.70389700000000011 0.45967935025691992 1.0000000180025095e-35
decision_type=2 2 2 2 2 2
left_child=2 5 4 -4 -1 -2
right_child=1 -3 3 -5 -6 -7
leaf_value=-0.020409326625073443 -0.0039080181347442696 0.011865008527677164 -0.018992995188674075 0.0016825004834922356 0.0065679045451724613 0.0054634420434899302
leaf_weight=8.3398871355166175 101.72672843647888 68.955777734983712 53.320192828134168 25.116982142906636 42.307948157249484 87.445885300461669
leaf_count=1663 1996 360 4962 351 1320 1136
internal_value=0 0.00357566 -0.00708225 -0.0124168 0.00121001 0.000393088
internal_weight=387.213 258.128 129.085 78.4372 50.6478 189.173
internal_count=11788 3492 8296 5313 2983 3132
is_linear=0
shrinkage=0.025


Tree=124
num_leaves=7
num_cat=0
split_feature=22 47 49 2 39 31
split_gain=15.6084 16.1091 19.1432 15.5035 12.7871 11.334
threshold=0.46894550000000007 0.92427900000000018 1.0000000180025095e-35 0.65660560131073009 1.0000000180025095e-35 0.47100750000000008
decision_type=2 2 2 2 2 2
left_child=1 2 5 -4 -2 -1
right_child=4 -3 3 -5 -6 -7
leaf_value=-0.0017548686782803817 -0.011482630102194942 0.0070822717092877746 -0.019142179266480132 -0.00040504846193444109 0.011488039274754357 0.021205668781654773
leaf_weight=70.301571037096437 15.550954838632604 68.95210107951425 80.441214716818649 42.979360981145874 92.91086794360308 13.898895678459665
leaf_count=2546 500 437 6651 702 809 143
internal_value=0 -0.00315352 -0.00663834 -0.0128243 0.00793121 0.00243646
internal_weight=385.035 276.573 207.621 123.421 108.462 84.2005
internal_count=11788 10479 10042 7353 1309 2689
is_linear=0
shrinkage=0.025


Tree=125
num_leaves=7
num_cat=0
split_feature=1 29 2 49 9 48
split_gain=15.2787 12.7923 9.87399 10.2666 5.25377 4.0153
threshold=0.45630170404911047 0.9893010000000001 0.72832196950912487 1.0000000180025095e-35 0.73000000000000009 0.25536650000000005
decision_type=2 2 2 2 2 2
left_child=5 2 3 -2 -4 -1
right_child=1 -3 4 -5 -6 -7
leaf_value=-0.00060767034563205286 0.0058932099602198636 0.017622395729233045 -0.0066559265633663644 -0.004668336355667854 0.013880064180401407 -0.022368750908540552
leaf_weight=8.2148722308047599 76.755430692632217 25.686123103485443 7.3262945252936325 204.5969669893384 39.912061577197164 20.075939045433188
leaf_count=975 1475 116 125 5986 185 2926
internal_value=0 0.00145821 4.46996e-05 -0.0017297 0.0103447 -0.0168965
internal_weight=382.568 354.277 328.591 281.352 47.2384 28.2908
internal_count=11788 7887 7771 7461 310 3901
is_linear=0
shrinkage=0.025


Tree=126
num_leaves=7
num_cat=0
split_feature=62 22 44 48 31 39
split_gain=15.3815 11.1653 13.3625 10.4103 7.65233 7.47671
threshold=0.75000000000000011 0.41742650000000009 0.046724500000000009 0.66350000000000009 0.4765890000000001 1.0000000180025095e-35
decision_type=2 2 2 2 2 2
left_child=1 2 -1 -2 -4 -3
right_child=3 5 4 -5 -6 -7
leaf_value=-0.011537190667981236 -0.015605104746159002 -0.0052545118244713938 0.00022482679246219799 0.0036699695223366968 0.015801707735598258 0.011480518220752873
leaf_weight=52.811387558816932 54.111826716951327 17.818975884118117 116.75547906890279 23.223761504283175 21.538956106174737 94.927134490455501
leaf_count=3802 4504 320 1844 448 242 628
internal_value=0 0.002547 -0.00110518 -0.00977356 0.00295053 0.00870309
internal_weight=381.188 303.852 191.106 77.3356 138.294 112.746
internal_count=11788 6836 5888 4952 2086 948
is_linear=0
shrinkage=0.025


Tree=127
num_leaves=7
num_cat=0
split_feature=2 49 29 59 47 20
split_gain=14.742 10.1404 8.77262 8.24093 7.31728 8.97466
threshold=0.57394796609878551 1.0000000180025095e-35 0.9893010000000001 1.0000000180025095e-35 0.94094600000000017 0.69660450000000018
decision_type=2 2 2 2 2 2
left_child=1 3 4 -1 -2 -6
right_child=2 -3 -4 -5 5 -7
leaf_value=-0.0094404583693698876 -0.0010913131805002215 -0.014056287565219393 0.017684293443766333 0.0093149332645058713 -0.014128954125703894 0.011276076727991427
leaf_weight=24.772614416113356 167.47670376941096 61.787861724733375 21.656797864707187 28.999258472642396 7.4935998884029678 66.314026761800051
leaf_count=1535 3301 5749 86 732 72 313
internal_value=0 -0.00734968 0.0032689 0.000483323 0.00177105 0.00820368
internal_weight=378.501 115.56 262.941 53.7719 241.284 73.8076
internal_count=11788 8016 3772 2267 3686 385
is_linear=0
shrinkage=0.025


Tree=128
num_leaves=7
num_cat=0
split_feature=62 9 48 29 4 17
split_gain=14.5949 10.7638 9.67671 8.2797 10.4022 5.23476
threshold=0.75000000000000011 0.25000000000000006 0.66350000000000009 0.43853150000000002 1.0000000180025095e-35 0.73184600000000011
decision_type=2 2 2 2 2 2
left_child=1 -1 -2 4 -3 -5
right_child=2 3 -4 5 -6 -7
leaf_value=-0.015168606173620387 -0.015319155379090597 0.0028053933776147617 0.0033987232621361706 0.014889222601268841 -0.02074445064247802 -0.0071350814885657093
leaf_weight=17.562813388562063 52.905168769968441 218.25500627196743 22.937747952179052 49.238412972277729 9.8376887495396641 5.6752917517442247
leaf_count=2671 4504 3454 448 353 306 52
internal_value=0 0.00248641 -0.00961867 0.00373592 0.00153785 0.0122491
internal_weight=376.412 300.569 75.8429 283.006 228.093 54.9137
internal_count=11788 6836 4952 4165 3760 405
is_linear=0
shrinkage=0.025


Tree=129
num_leaves=7
num_cat=0
split_feature=44 22 29 27 62 17
split_gain=14.2097 15.1672 12.0246 11.1578 10.4269 7.92611
threshold=0.046724500000000009 0.38608900000000007 0.94364700000000012 1.0000000180025095e-35 0.41666666666666669 0.56917700000000016
decision_type=2 2 2 2 2 2
left_child=1 -1 4 -3 -2 -6
right_child=2 3 -4 -5 5 -7
leaf_value=-0.016918594505036605 0.012201661876292954 -0.011617580120119179 0.019320495711343012 0.014276896429440368 -0.024303042499966551 -6.2626479436023223e-05
leaf_weight=52.513172909093555 41.802128017414361 15.402391823299693 22.54865915607661 22.06019644823391 6.3110959648620328 213.71830242677242
leaf_count=5962 315 373 93 262 243 4540
internal_value=0 -0.00852207 0.00274709 0.00335091 0.00111747 -0.00106245
internal_weight=374.356 89.9758 284.38 37.4626 261.832 220.029
internal_count=11788 6597 5191 635 5098 4783
is_linear=0
shrinkage=0.025


Tree=130
num_leaves=7
num_cat=0
split_feature=15 22 43 47 39 29
split_gain=14.0645 14.5697 9.99589 9.76672 8.61797 7.31784
threshold=0.66566200000000009 0.47488350000000007 1.0000000180025095e-35 0.74914150000000013 1.0000000180025095e-35 0.60023650000000017
decision_type=2 2 2 2 2 2
left_child=1 3 5 -1 -4 -2
right_child=2 -3 4 -5 -6 -7
leaf_value=-0.012688077625848504 0.0044995753197452481 0.010177702489623661 -0.024899921937053364 0.00059460433790569679 0.0015632828765346719 0.018735008444381088
leaf_weight=99.186851817008574 138.26650183054153 30.051158980524633 9.6042216066853161 50.25902636803221 18.859670741483569 26.104604114079848
leaf_count=7584 2074 395 564 718 316 137
internal_value=0 -0.00500032 0.00465889 -0.00822721 -0.00837275 0.00705962
internal_weight=372.332 179.497 192.835 149.446 28.4639 164.371
internal_count=11788 8697 3091 8302 880 2211
is_linear=0
shrinkage=0.025


Tree=131
num_leaves=7
num_cat=0
split_feature=22 15 39 60 48 49
split_gain=13.5597 13.1979 11.8 10.9145 9.21865 7.00747
threshold=0.46894550000000007 0.6667415000000001 1.0000000180025095e-35 0.82000000000000017 0.65910000000000013 1.0000000180025095e-35
decision_type=2 2 2 2 2 2
left_child=1 4 -2 -4 5 -1
right_child=2 -3 3 -5 -6 -7
leaf_value=-0.0026547846635448873 -0.011344377389588944 0.0032157204821077964 0.01426835599586234 -0.010044274859519484 0.0042915237596813406 -0.015489163761231231
leaf_weight=44.974412548093824 15.157203915528951 116.18636423459975 78.970126395986881 11.18681814521551 28.867489736061543 75.370745409862138
leaf_count=2209 500 2167 652 157 420 5683
internal_value=0 -0.00301293 0.00748659 0.0109676 -0.00789369 -0.0109157
internal_weight=370.713 265.399 105.314 90.1569 149.213 120.345
internal_count=11788 10479 1309 809 8312 7892
is_linear=0
shrinkage=0.025


Tree=132
num_leaves=7
num_cat=0
split_feature=1 39 22 43 31 60
split_gain=13.7086 11.4418 13.7679 12.4508 12.317 8.9684
threshold=0.45630170404911047 1.0000000180025095e-35 0.47193300000000005 1.0000000180025095e-35 0.4765890000000001 0.82000000000000017
decision_type=2 2 2 2 2 2
left_child=-1 3 4 -2 -3 -4
right_child=1 2 5 -5 -6 -7
leaf_value=-0.016409748199730161 -0.0010104963272298166 -0.0023732568383828031 0.014676498145101797 -0.026590613459613496 0.016969282394266618 -0.0079917958388335524
leaf_weight=26.824014103680383 42.312944267119747 178.49841228980222 75.678894412121736 14.604092905792639 20.705964785302058 10.52384092658758
leaf_count=3901 1200 4793 590 979 186 139
internal_value=0 0.00139549 0.00346914 -0.0085639 -0.000133944 0.0116632
internal_weight=369.148 342.324 285.407 56.917 199.204 86.2027
internal_count=11788 7887 5708 2179 4979 729
is_linear=0
shrinkage=0.025


Tree=133
num_leaves=7
num_cat=0
split_feature=62 21 31 48 16 34
split_gain=13.4127 10.3143 13.5423 9.15452 7.90904 7.54009
threshold=0.75000000000000011 0.70400000000000007 0.4765890000000001 0.66350000000000009 0.59352450000000012 0.20665700000000001
decision_type=2 2 2 2 2 2
left_child=1 2 5 -2 -3 -1
right_child=3 4 -4 -5 -6 -7
leaf_value=-0.015480078732548237 -0.015014047303218193 -0.02085814481092696 0.015403885012170541 0.003303892956335978 0.0076679218289462175 -0.0015619634158349546
leaf_weight=34.248826382565312 51.205711470684037 3.8061021869070819 19.178656577074435 22.815725539578125 157.29114553990075 79.027914390782826
leaf_count=3581 4504 181 251 448 1327 1496
internal_value=0 0.00241156 -0.00268446 -0.00933006 0.00663203 -0.00608903
internal_weight=367.574 293.553 132.455 74.0214 161.097 113.277
internal_count=11788 6836 5328 4952 1508 5077
is_linear=0
shrinkage=0.025


Tree=134
num_leaves=7
num_cat=0
split_feature=1 39 0 22 16 62
split_gain=12.8881 11.9363 10.2621 10.9822 8.3388 7.39241
threshold=0.61368605494499218 1.0000000180025095e-35 0.3501665000000001 0.40748050000000008 0.68260100000000012 0.58333333333333337
decision_type=2 2 2 2 2 2
left_child=1 -1 4 -4 -3 -2
right_child=5 2 3 -5 -6 -7
leaf_value=-0.01898764674396819 0.0083181650011408641 0.013503434626848193 -0.011611749581036118 0.0042792659226030877 -0.015202015283343246 -0.0017864768278401588
leaf_weight=28.31323573316331 117.75467106467113 33.959580283146352 69.738886005419772 40.886372349108569 5.2153474654187439 69.350961443618871
leaf_count=2719 867 1053 5109 747 182 1111
internal_value=0 -0.0047792 -0.00176866 -0.00569641 0.00878923 0.00455254
internal_weight=365.219 178.113 149.8 110.625 39.1749 187.106
internal_count=11788 9810 7091 5856 1235 1978
is_linear=0
shrinkage=0.025


Tree=135
num_leaves=7
num_cat=0
split_feature=29 1 49 47 24 62
split_gain=12.53 12.8435 9.09591 10.4802 7.09754 6.63614
threshold=0.91839300000000013 0.61368605494499218 1.0000000180025095e-35 0.57840000000000014 1.0000000180025095e-35 0.58333333333333337
decision_type=2 2 2 2 2 2
left_child=1 2 4 -4 -1 -3
right_child=-2 5 3 -5 -6 -7
leaf_value=-0.007487459240266091 0.015472741806970145 0.0072125957441037452 -0.020832979670766513 -0.0040198559252416985 0.0082811353657860059 -0.0027596349585949208
leaf_weight=31.198898807371734 27.542154501075856 105.5879525145283 38.651025757484604 60.434870335506275 35.187925092119258 64.599951184238307
leaf_count=1880 181 824 5393 1712 710 1088
internal_value=0 -0.0013746 -0.00630613 -0.0110157 0.000740776 0.00339151
internal_weight=363.203 335.661 165.473 99.0859 66.3868 170.188
internal_count=11788 11607 9695 7105 2590 1912
is_linear=0
shrinkage=0.025


Tree=136
num_leaves=7
num_cat=0
split_feature=22 47 0 31 0 39
split_gain=12.4042 13.6285 15.4523 11.2542 10.482 10.0697
threshold=0.46894550000000007 0.92427900000000018 0.46606650000000005 0.47100750000000008 0.72386700000000015 1.0000000180025095e-35
decision_type=2 2 2 2 2 2
left_child=1 2 3 -1 -4 -2
right_child=5 -3 4 -5 -6 -7
leaf_value=-0.00252926265653327 -0.010488727444995819 0.0067658527298631631 -0.021667680324875763 0.020527529467558897 -0.0052782451296302388 0.010483378729657473
leaf_weight=76.893585019075545 14.50673216889845 64.845308630960062 44.358879496256122 13.327719312626867 59.377919711143477 88.054194435593672
leaf_count=4138 500 437 3928 183 1793 809
internal_value=0 -0.00291686 -0.00624349 0.00124402 -0.0127139 0.00725469
internal_weight=361.364 258.803 193.958 90.2213 103.737 102.561
internal_count=11788 10479 10042 4321 5721 1309
is_linear=0
shrinkage=0.025


Tree=137
num_leaves=7
num_cat=0
split_feature=29 47 44 2 6 61
split_gain=12.3418 11.0088 11.0314 8.24424 7.29588 4.98016
threshold=0.43853150000000002 0.94094600000000017 0.077879000000000018 0.72832196950912487 0.73788250000000011 0.47455900000000001
decision_type=2 2 2 2 2 2
left_child=1 2 4 -4 -1 -3
right_child=-2 5 3 -5 -6 -7
leaf_value=-0.015726452240247806 0.009786336777971116 -0.011991059659484542 -0.0032979069732793093 0.013277539840054456 0.0065297796006833914 0.0082853991260571965
leaf_weight=63.384614358801628 63.4697803016752 5.9677251829998559 132.81741638889071 19.198968323878944 8.6906612045131606 66.102434218162671
leaf_count=6448 1027 112 3635 121 75 370
internal_value=0 -0.00216165 -0.00490955 -0.000966922 -0.0127966 0.00614336
internal_weight=359.632 296.162 224.092 152.016 72.0753 72.0702
internal_count=11788 10761 10279 3756 6523 482
is_linear=0
shrinkage=0.025


Tree=138
num_leaves=7
num_cat=0
split_feature=39 22 31 47 43 1
split_gain=11.9248 13.2809 11.9687 10.7762 10.7096 9.38708
threshold=1.0000000180025095e-35 0.47193300000000005 0.4765890000000001 0.79546250000000007 1.0000000180025095e-35 0.61725264787673961
decision_type=2 2 2 2 2 2
left_child=4 2 3 -2 5 -1
right_child=1 -3 -4 -5 -6 -7
leaf_value=-0.015130788261619619 -0.0077528124944311327 0.010269210218418239 0.015553487997818197 0.0043803922780008813 -0.026380942092680933 0.0067715723652553884
leaf_weight=19.450562083395198 122.34509478695691 85.090783877472859 20.971850415109657 69.197985875420272 15.399895160167942 24.801389078609645
leaf_count=1605 6783 783 277 682 1385 273
internal_value=0 0.00206418 -0.00126162 -0.00332444 -0.00996707 -0.00296257
internal_weight=357.258 297.606 212.515 191.543 59.6518 44.252
internal_count=11788 8525 7742 7465 3263 1878
is_linear=0
shrinkage=0.025


Tree=139
num_leaves=7
num_cat=0
split_feature=29 9 2 47 62 6
split_gain=12.1112 11.9373 10.2945 7.11715 6.00224 10.4313
threshold=0.94364700000000012 0.73000000000000009 0.72284990549087536 0.95126050000000006 0.58333333333333337 0.74554050000000005
decision_type=2 2 2 2 2 2
left_child=1 4 3 -3 -1 -6
right_child=-2 2 -4 -5 5 -7
leaf_value=-0.0011401264454607824 0.015851258654107928 -0.0035448984192491192 0.012778237518651534 0.006900416841774757 -0.019070973639268754 0.01129322246012582
leaf_weight=36.919858496461529 25.307408998021856 152.61253974708961 39.472680291626602 52.600551499053836 43.140633772694855 6.277566223870962
leaf_count=2223 152 3489 206 312 5363 43
internal_value=0 -0.00132159 0.00148348 -0.000774585 -0.00918782 -0.0146872
internal_weight=356.331 331.024 244.686 205.213 86.3381 49.4182
internal_count=11788 11636 4007 3801 7629 5406
is_linear=0
shrinkage=0.025


Tree=140
num_leaves=7
num_cat=0
split_feature=39 60 22 31 43 1
split_gain=12.7069 13.6706 12.445 13.6756 11.2919 8.81393
threshold=1.0000000180025095e-35 0.68000000000000005 0.46576400000000007 0.43963300000000005 1.0000000180025095e-35 0.61725264787673961
decision_type=2 2 2 2 2 2
left_child=4 2 3 -2 5 -1
right_child=1 -3 -4 -5 -6 -7
leaf_value=-0.014934543097804814 -0.0020041920517587875 -0.0067451485378543386 0.014118101775863848 0.017917969916765461 -0.027026656419831964 0.0064338956790051943
leaf_weight=19.068899031175533 128.11827051603177 76.69117704614473 66.975494757003617 23.221922801225446 15.59004739060765 24.540973396040499
leaf_count=1605 4720 2995 555 255 1385 273
internal_value=0 0.00214132 0.00534365 0.00123733 -0.0103251 -0.00302306
internal_weight=354.207 295.007 218.316 151.34 59.1999 43.6099
internal_count=11788 8525 5530 4975 3263 1878
is_linear=0
shrinkage=0.025


Tree=141
num_leaves=7
num_cat=0
split_feature=29 9 61 0 21 22
split_gain=12.2643 10.6055 7.77526 8.16949 6.71676 5.00212
threshold=0.43853150000000002 0.73000000000000009 0.50715900000000003 0.48566650000000006 0.64000000000000012 0.25120250000000005
decision_type=2 2 2 2 2 2
left_child=1 5 3 -3 -4 -1
right_child=-2 2 4 -5 -6 -7
leaf_value=-0.0003876286614397078 0.0098435455135742252 0.0037080788937671316 -0.012485864599706489 -0.0092478527003131469 0.008129670601731441 -0.014277575787712025
leaf_weight=25.210270887764636 62.274177773622796 51.499324766977224 8.5532343215309066 66.208146663324442 87.087256782921031 51.658554663998075
leaf_count=2568 1027 867 109 1966 708 4543
internal_value=0 -0.00217824 0.000678193 -0.00354736 0.00592575 -0.00998811
internal_weight=352.491 290.217 213.348 117.707 95.6405 76.8688
internal_count=11788 10761 3650 2833 817 7111
is_linear=0
shrinkage=0.025


Tree=142
num_leaves=7
num_cat=0
split_feature=29 18 39 47 17 1
split_gain=11.4456 11.3842 10.0278 10.8174 8.64739 7.07331
threshold=0.9893010000000001 0.63507150000000012 1.0000000180025095e-35 0.93223050000000007 0.64803900000000014 0.68452709913253795
decision_type=2 2 2 2 2 2
left_child=1 4 3 -3 -1 -4
right_child=-2 2 5 -5 -6 -7
leaf_value=-0.022565918619627732 0.015935923102856346 -0.018133025049965289 0.00023992537834402093 0.004918434199615203 0.0024889371086610837 0.010676979045187713
leaf_weight=22.875317145473673 23.60005065635778 31.081732828140957 193.63916574946779 18.270498682744801 11.449736488750203 49.522235400392674
leaf_count=4225 134 1888 4466 140 585 350
internal_value=0 -0.00126292 0.000354116 -0.0096048 -0.0143692 0.00248818
internal_weight=350.439 326.839 292.514 49.3522 34.3251 243.161
internal_count=11788 11654 6844 2028 4810 4816
is_linear=0
shrinkage=0.025


Tree=143
num_leaves=7
num_cat=0
split_feature=1 39 43 60 22 15
split_gain=11.1007 9.14866 10.7375 10.6519 10.1681 6.95471
threshold=0.45630170404911047 1.0000000180025095e-35 1.0000000180025095e-35 0.68000000000000005 0.46576400000000007 0.6723960000000001
decision_type=2 2 2 2 2 2
left_child=-1 2 5 4 -3 -2
right_child=1 3 -4 -5 -6 -7
leaf_value=-0.015454812115833031 -0.013053547336317948 0.002036466139668465 -0.025738021199160629 -0.0050117192793525172 0.014052688925083372 0.0071281403549391387
leaf_weight=24.341066008200869 15.257977281813508 136.2588516966498 12.917956881079588 70.706470671808347 64.915133231785148 24.036322860396467
leaf_count=3901 821 3214 979 1973 521 379
internal_value=0 0.00127016 -0.00803253 0.00314545 0.00608174 -0.000811115
internal_weight=348.434 324.093 52.2123 271.88 201.174 39.2943
internal_count=11788 7887 2179 5708 3735 1200
is_linear=0
shrinkage=0.025


Tree=144
num_leaves=7
num_cat=0
split_feature=29 1 49 47 59 62
split_gain=11.4794 10.7846 8.68588 9.15104 7.01364 6.46384
threshold=0.9893010000000001 0.61368605494499218 1.0000000180025095e-35 0.57840000000000014 1.0000000180025095e-35 0.58333333333333337
decision_type=2 2 2 2 2 2
left_child=1 2 4 -4 -1 -3
right_child=-2 5 3 -5 -6 -7
leaf_value=-0.0077242882636657413 0.016003669596157333 0.0070366052557937252 -0.020278326160919194 -0.0040485250840742986 0.0082218845969741251 -0.0029269283684266343
leaf_weight=28.452541770617245 23.446912697516382 101.12320987798739 35.656262170668924 58.356103088881355 36.090516433556331 63.688595016137697
leaf_count=1666 134 829 5413 1718 932 1096
internal_value=0 -0.00127428 -0.00590276 -0.0106605 0.00103591 0.00314787
internal_weight=346.814 323.367 158.555 94.0124 64.5431 164.812
internal_count=11788 11654 9729 7131 2598 1925
is_linear=0
shrinkage=0.025


Tree=145
num_leaves=7
num_cat=0
split_feature=44 22 39 29 14 62
split_gain=10.7446 11.7364 9.70594 10.073 8.96583 8.96537
threshold=0.046724500000000009 0.38608900000000007 1.0000000180025095e-35 0.75473800000000013 1.0000000180025095e-35 0.41666666666666669
decision_type=2 2 2 2 2 2
left_child=1 -1 4 5 -2 -4
right_child=2 -3 3 -5 -6 -7
leaf_value=-0.015856209342763501 0 0.0028584469451140709 0.013993487551232385 0.018593861673934692 -0.024255947420154855 0
leaf_weight=45.83594748241012 27.732328504731413 34.594419495435432 32.22612225782359 25.564425073680468 12.220883024303474 165.99278510181466
leaf_count=5962 840 635 221 119 760 3251
internal_value=0 -0.00785771 0.00244761 0.00451056 -0.00848635 0.00244167
internal_weight=344.167 80.4304 263.737 223.783 39.9532 198.219
internal_count=11788 6597 5191 3591 1600 3472
is_linear=0
shrinkage=0.025


Tree=146
num_leaves=7
num_cat=0
split_feature=19 39 43 17 47 60
split_gain=10.6507 8.28014 8.69901 7.89051 8.49651 7.17931
threshold=0.68291200000000007 1.0000000180025095e-35 1.0000000180025095e-35 0.64299000000000006 0.28485650000000007 0.68000000000000005
decision_type=2 2 2 2 2 2
left_child=3 2 -2 -1 -5 -3
right_child=1 5 -4 4 -6 -7
leaf_value=-0.015547510579393527 -0.00021114064993229634 0.0072182297956964632 -0.024935710732653688 0.013682609071156947 -0.0081625321861604951 -0.0028925492702622261
leaf_weight=38.750748058228055 33.576604773348663 159.58539249681053 9.995919202337971 14.978642437199595 28.090452094358625 57.177199377096258
leaf_count=5194 874 2226 629 522 1153 1190
internal_value=0 0.00248022 -0.00711838 -0.00773114 -3.93275e-05 0.00450875
internal_weight=342.155 260.335 43.5725 81.8198 43.0691 216.763
internal_count=11788 4919 1503 6869 1675 3416
is_linear=0
shrinkage=0.025


Tree=147
num_leaves=7
num_cat=0
split_feature=15 22 47 29 6 32
split_gain=10.2595 10.8951 7.82957 7.50327 6.79202 5.47537
threshold=0.66566200000000009 0.47488350000000007 0.74914150000000013 0.60023650000000017 0.74200750000000004 0.77950000000000019
decision_type=2 2 2 2 2 2
left_child=1 2 4 5 -1 -2
right_child=3 -3 -4 -5 -6 -7
leaf_value=-0.013881811459444511 -0.00014302569401115203 0.0091633923409852932 0.00066010611244901162 0.015711210528905013 0.0082080178399487665 0.013035609752062451
leaf_weight=80.961721358587965 130.22754178274772 27.40542847168399 46.718323757697362 26.972600938228425 7.5554030314087859 20.454329953761771
leaf_count=7507 2693 395 718 190 77 208
internal_value=0 -0.00450095 -0.00744961 0.00412585 -0.0117265 0.00177234
internal_weight=340.295 162.641 135.235 177.654 88.5171 150.682
internal_count=11788 8697 8302 3091 7584 2901
is_linear=0
shrinkage=0.025


Tree=148
num_leaves=7
num_cat=0
split_feature=61 44 47 0 61 1
split_gain=10.1818 14.0092 12.2062 7.42372 13.779 8.07923
threshold=0.71538450000000009 0.15442000000000003 0.95126050000000006 0.48510000000000003 0.48477250000000005 0.51881211996078502
decision_type=2 2 2 2 2 2
left_child=1 2 -1 5 -5 -3
right_child=-2 3 -4 4 -6 -7
leaf_value=-0.011782179549712906 0.010597907450265218 -0.0050624397293761898 0.0081678131398655058 -0.013801271837703325 0.0047916612564365179 0.014810987849584538
leaf_weight=100.69635632623977 46.146503128809854 15.230308707104994 21.12579272815492 33.754270212579286 76.674633655231446 45.39291641744785
leaf_count=8061 459 659 172 1271 772 394
internal_value=0 -0.00174542 -0.00815749 0.00282253 -0.000993785 0.00967683
internal_weight=339.021 292.874 121.822 171.052 110.429 60.6232
internal_count=11788 11329 8233 3096 2043 1053
is_linear=0
shrinkage=0.025


Tree=149
num_leaves=7
num_cat=0
split_feature=19 62 17 47 0 61
split_gain=9.82177 7.89873 7.712 7.86163 6.2296 9.38184
threshold=0.68291200000000007 0.58333333333333337 0.64299000000000006 0.28485650000000007 0.48510000000000003 0.71538450000000009
decision_type=2 2 2 2 2 2
left_child=2 -2 -1 -4 -3 -6
right_child=1 4 3 -5 5 -7
leaf_value=-0.015360056997560668 0.006709681695507003 0.0077121988436510518 0.01330938543399196 -0.0077904507896496764 -0.0091745386649107388 0.0082665125336161115
leaf_weight=37.665011255041463 129.14482988772215 29.013653644593433 14.890932737936962 27.700318703864468 76.412338276772061 22.861139292828739
leaf_count=5194 1321 770 522 1153 2543 285
internal_value=0 0.00238812 -0.00750092 0 -0.00194053 -0.00496776
internal_weight=337.688 257.432 80.2563 42.5913 128.287 99.2735
internal_count=11788 4919 6869 1675 3598 2828
is_linear=0
shrinkage=0.025


Tree=150
num_leaves=7
num_cat=0
split_feature=29 9 2 31 17 6
split_gain=9.54785 9.75979 8.84653 6.99095 6.97739 5.16659
threshold=0.94364700000000012 0.63000000000000012 0.72284990549087536 0.5186845000000001 0.56917700000000016 0.70776500000000009
decision_type=2 2 2 2 2 2
left_child=1 3 4 -1 -3 -4
right_child=-2 2 5 -5 -6 -7
leaf_value=-0.016121076506098019 0.014490621866691084 -0.02288652757301847 0 0.01026559568062157 -0.00047873489447971282 0.01777642423475027
leaf_weight=36.094890269800089 23.732373550534248 6.5961613823019425 17.819904616335407 5.295976035995408 222.35241764475359 24.017213146202266
leaf_count=5905 152 356 159 216 4900 100
internal_value=0 -0.00120798 0.000528888 -0.0121531 -0.00140236 0.0107779
internal_weight=335.909 312.177 270.786 41.3909 228.949 41.8371
internal_count=11788 11636 5515 6121 5256 259
is_linear=0
shrinkage=0.025


Tree=151
num_leaves=7
num_cat=0
split_feature=1 29 44 0 47 48
split_gain=9.47713 8.05297 6.51222 7.22899 6.43871 3.6095
threshold=0.46926748752594 0.52868100000000007 0.79200000000000015 0.81750000000000012 0.95919300000000007 0.25536650000000005
decision_type=2 2 2 2 2 2
left_child=5 2 4 -4 -2 -1
right_child=1 -3 3 -5 -6 -7
leaf_value=2.9876039950575966e-05 -0.0040228282272087136 0.010901055979232747 0.016926072620624441 -0.011902368119437038 0.0055665153528750774 -0.018566741500911654
leaf_weight=7.9106995368783855 181.75036224791256 43.994824018853251 21.504521879949611 4.7175997419981277 54.465799090918154 19.700603680001223
leaf_count=1049 6254 472 187 102 355 3369
internal_value=0 0.00130492 -0.000358426 0.0108504 -0.00173996 -0.0133881
internal_weight=334.044 306.433 262.438 26.2221 236.216 27.6113
internal_count=11788 7370 6898 289 6609 4418
is_linear=0
shrinkage=0.025


Tree=152
num_leaves=7
num_cat=0
split_feature=19 39 43 46 17 47
split_gain=9.57514 7.99997 8.15438 7.67568 7.29185 7.33843
threshold=0.68291200000000007 1.0000000180025095e-35 1.0000000180025095e-35 0.58423250000000004 0.64299000000000006 0.28485650000000007
decision_type=2 2 2 2 2 2
left_child=4 2 -2 -3 -1 -6
right_child=1 3 -4 -5 5 -7
leaf_value=-0.015223745852529988 -0.00039011291225617953 0.0069003436952674111 -0.024694584957013245 -0.0043190328603080535 0.012696176943929048 -0.0077239435293910341
leaf_weight=36.760326295319828 32.678362125821877 165.6282579448598 9.6567661716253479 46.402890769182704 14.861909149156416 27.470495594578097
leaf_count=5194 874 2607 629 809 522 1153
internal_value=0 0.00236991 -0.00719703 0.00438249 -0.00746083 -5.15374e-05
internal_weight=333.459 254.366 42.3351 212.031 79.0927 42.3324
internal_count=11788 4919 1503 3416 6869 1675
is_linear=0
shrinkage=0.025


Tree=153
num_leaves=7
num_cat=0
split_feature=1 29 62 61 44 48
split_gain=9.482 7.50296 6.27662 9.46337 3.86243 3.71795
threshold=0.46926748752594 0.52868100000000007 0.41666666666666669 0.71538450000000009 0.31897500000000006 0.25536650000000005
decision_type=2 2 2 2 2 2
left_child=5 2 4 -4 -2 -1
right_child=1 -3 3 -5 -6 -7
leaf_value=0.00016948795369342044 8.4851964032832029e-05 0.010605725322954094 -0.0044737794739832899 0.008778221900317967 0.015360378459897035 -0.018703986631186661
leaf_weight=7.9116626955219571 20.944513417314738 43.667177614115644 181.03023347949784 38.532637646887451 20.554747850401327 19.574962184546166
leaf_count=1049 378 472 5992 422 106 3369
internal_value=0 0.00130969 -0.000297885 -0.00203605 0.00829262 -0.0134185
internal_weight=332.216 304.729 261.062 219.563 41.4993 27.4866
internal_count=11788 7370 6898 6414 484 4418
is_linear=0
shrinkage=0.025


Tree=154
num_leaves=7
num_cat=0
split_feature=1 60 43 44 3 14
split_gain=9.94853 8.40513 11.4707 7.04475 6.06929 5.87706
threshold=0.68054220080375682 0.68000000000000005 1.0000000180025095e-35 0.046724500000000009 0.96471595764160167 1.0000000180025095e-35
decision_type=2 2 2 2 2 2
left_child=1 2 3 -1 5 -3
right_child=-2 4 -4 -5 -6 -7
leaf_value=-0.0061080037442137296 0.0085050731044766289 -0.0026725124665305613 -0.014876392158754968 0.0055273845357160598 0 -0.022694704461862135
leaf_weight=39.85060936048103 65.943672074005008 16.688032945530722 23.999566645099549 133.71634803211782 26.401352936954936 24.323560581644415
leaf_count=3476 552 764 1896 2403 1083 1614
internal_value=0 -0.00217631 0.000412485 0.00275743 -0.00963188 -0.0153702
internal_weight=330.923 264.979 197.567 173.567 67.4129 41.0116
internal_count=11788 11236 7775 5879 3461 2378
is_linear=0
shrinkage=0.025


Tree=155
num_leaves=7
num_cat=0
split_feature=15 22 48 60 29 17
split_gain=9.1957 10.1835 6.44416 6.82969 6.28954 5.54168
threshold=0.66566200000000009 0.47488350000000007 0.65910000000000013 0.68000000000000005 0.60023650000000017 0.61142400000000008
decision_type=2 2 2 2 2 2
left_child=1 2 3 -1 -2 -4
right_child=4 -3 5 -5 -6 -7
leaf_value=-0.0061127921732467153 0.0017823875819782233 0.0090214766029092664 -0.016330106056457693 -0.021662253949308003 0.014818448612519911 0.0090691409399724834
leaf_weight=82.461279000897775 145.79857534763869 26.735499458620325 4.3348855598596883 22.571400023487513 25.796166858635843 21.530920374207199
leaf_count=5454 2901 395 128 2430 190 290
internal_value=0 -0.00432376 -0.00723305 -0.00996166 0.00397703 0.0034399
internal_weight=329.229 157.634 130.898 105.033 171.595 25.8658
internal_count=11788 8697 8302 7884 3091 418
is_linear=0
shrinkage=0.025


Tree=156
num_leaves=7
num_cat=0
split_feature=2 49 22 47 44 59
split_gain=9.0472 10.2521 13.9448 10.0944 6.86406 6.81475
threshold=0.6828153431415559 1.0000000180025095e-35 0.40748050000000008 0.90773150000000002 0.16062100000000004 1.0000000180025095e-35
decision_type=2 2 2 2 2 2
left_child=1 4 3 -3 -1 -6
right_child=-2 2 -4 -5 5 -7
leaf_value=-0.0040415264703499319 0.0065077035633691535 -0.019439645121180404 0.0010515905699176359 0.00018058731756335082 -0.0017592374975908252 0.016634675417436132
leaf_weight=33.980602277501021 92.785796568146907 54.111778992257314 75.471168544929242 21.768376623396762 17.961145143170143 31.689313673297875
leaf_count=2025 874 6384 1509 230 436 330
internal_value=0 -0.00261111 -0.00647792 -0.0138732 0.00427018 0.0100475
internal_weight=327.768 234.982 151.351 75.8802 83.6311 49.6505
internal_count=11788 10914 8123 6614 2791 766
is_linear=0
shrinkage=0.025


Tree=157
num_leaves=7
num_cat=0
split_feature=1 39 60 14 31 15
split_gain=8.97735 7.80491 8.53069 8.2955 8.27063 5.85049
threshold=0.45630170404911047 1.0000000180025095e-35 0.68000000000000005 1.0000000180025095e-35 0.30852950000000007 0.6723960000000001
decision_type=2 2 2 2 2 2
left_child=-1 3 4 5 -3 -2
right_child=1 2 -4 -5 -6 -7
leaf_value=-0.014672408197841064 -0.012258842055070843 0.0019797548301716573 -0.0045820750185462233 -0.023713561249632684 0.013285069220735975 0.0067789562399200509
leaf_weight=21.658409233830753 14.757489387746316 130.70318821839464 66.382710387493717 12.092068240715887 58.45776851172559 21.52828419796424
leaf_count=3901 921 3185 1973 848 550 410
internal_value=0 0.00115678 0.00293715 -0.0077578 0.00564689 -0.00102925
internal_weight=325.58 303.922 255.544 48.3778 189.161 36.2858
internal_count=11788 7887 5708 2179 3735 1331
is_linear=0
shrinkage=0.025


Tree=158
num_leaves=7
num_cat=0
split_feature=39 60 22 31 43 48
split_gain=8.6849 10.2155 9.51453 9.98242 8.23176 7.18693
threshold=1.0000000180025095e-35 0.68000000000000005 0.46576400000000007 0.43963300000000005 1.0000000180025095e-35 0.54183350000000019
decision_type=2 2 2 2 2 2
left_child=4 2 3 -2 -1 -4
right_child=1 -3 5 -5 -6 -7
leaf_value=-0.0026764407444232721 -0.0018756727072981681 -0.0061559849574374954 -0.0018957994789062307 0.016040288012355422 -0.02496364651869383 0.017221401091685174
leaf_weight=39.288004985268344 118.93127540012938 70.990398011883372 14.663383879058527 20.57732884248253 12.548046621872343 47.2224157738965
leaf_count=1878 4720 2995 229 255 1385 326
internal_value=0 0.00180529 0.00469558 0.000941152 -0.00913293 0.0126581
internal_weight=324.221 272.385 201.394 139.509 51.8361 61.8858
internal_count=11788 8525 5530 4975 3263 555
is_linear=0
shrinkage=0.025


Tree=159
num_leaves=7
num_cat=0
split_feature=61 44 47 0 61 1
split_gain=8.7704 11.3784 9.71459 7.08365 11.8446 8.14615
threshold=0.71538450000000009 0.15442000000000003 0.95126050000000006 0.48510000000000003 0.48477250000000005 0.51881211996078502
decision_type=2 2 2 2 2 2
left_child=1 2 -1 5 -5 -3
right_child=-2 3 -4 4 -6 -7
leaf_value=-0.010992114995140622 0.010057029027365591 -0.0055685635485415693 0.0071132820882390917 -0.0134208339793717 0.0041921675042120203 0.014597602501197307
leaf_weight=94.674901381571544 44.011704392381944 14.901831808238056 20.434770592371933 32.249182367260801 73.059219758142717 43.740879110991955
leaf_count=8061 459 659 172 1271 772 394
internal_value=0 -0.00166134 -0.00762068 0.00252174 -0.00130654 0.00931187
internal_weight=323.072 279.061 115.11 163.951 105.308 58.6427
internal_count=11788 11329 8233 3096 2043 1053
is_linear=0
shrinkage=0.025


Tree=160
num_leaves=7
num_cat=0
split_feature=15 22 29 48 60 0
split_gain=8.22464 9.26041 6.20238 5.84853 6.18954 5.44998
threshold=0.66566200000000009 0.47488350000000007 0.60023650000000017 0.65910000000000013 0.68000000000000005 0.48833350000000003
decision_type=2 2 2 2 2 2
left_child=1 3 5 4 -1 -2
right_child=2 -3 -4 -5 -6 -7
leaf_value=-0.0059245358059757088 0.0091977095415233297 0.0086622615051102358 0.014679496243383142 0.0032690338264432734 -0.021049070504423416 -0.0013851578802849106
leaf_weight=80.179917807457969 39.751575450471137 26.226337097759824 25.133574546838645 25.284086704603396 21.531588556623319 103.62082459739759
leaf_count=5454 766 395 190 418 2430 2135
internal_value=0 -0.00415658 0.00378508 -0.00698754 -0.00963841 0.00159642
internal_weight=321.728 153.222 168.506 126.996 101.712 143.372
internal_count=11788 8697 3091 8302 7884 2901
is_linear=0
shrinkage=0.025


Tree=161
num_leaves=7
num_cat=0
split_feature=1 61 0 48 44 48
split_gain=8.37789 6.09616 10.5753 12.1118 7.00441 3.37311
threshold=0.46926748752594 0.71538450000000009 0.46606650000000005 0.54183350000000019 0.17984500000000003 0.25536650000000005
decision_type=2 2 2 2 2 2
left_child=5 2 4 -4 -2 -1
right_child=1 -3 3 -5 -6 -7
leaf_value=8.8607231135061584e-05 -0.0014131849707121934 0.009576011295146479 -0.014850951737933511 7.7548724146166327e-05 0.013185788265780924 -0.018289325047288918
leaf_weight=7.5802733548043788 33.092400658526458 43.797889796667732 43.082354890735587 128.71839880855987 46.101169853296597 18.100697655390832
leaf_count=1049 1613 459 2543 2256 499 3369
internal_value=0 0.00123491 -0.000266158 -0.00377517 0.00712169 -0.0130276
internal_weight=320.473 294.792 250.994 171.801 79.1936 25.681
internal_count=11788 7370 6911 4799 2112 4418
is_linear=0
shrinkage=0.025


Tree=162
num_leaves=7
num_cat=0
split_feature=39 22 43 44 60 1
split_gain=9.14839 10.1014 8.89894 7.75672 7.54167 6.38158
threshold=1.0000000180025095e-35 0.47193300000000005 1.0000000180025095e-35 0.054674000000000007 0.82000000000000017 0.61725264787673961
decision_type=2 2 2 2 2 2
left_child=2 3 5 -2 -3 -1
right_child=1 4 -4 -5 -6 -7
leaf_value=-0.013449134856058982 -0.0089198729704195474 0.012282394813293469 -0.025861259106210413 0.0019680946940425358 -0.0089045020175527369 0.005734897949829329
leaf_weight=16.696963685899391 55.331270082839183 68.38534213998355 12.522148471289254 135.40075747235096 9.9818592155352217 21.976989584858529
leaf_count=1605 4981 633 1385 2761 150 273
internal_value=0 0.00186415 -0.00942901 -0.00121976 0.0092837 -0.00264875
internal_weight=320.295 269.099 51.1961 190.732 78.3672 38.674
internal_count=11788 8525 3263 7742 783 1878
is_linear=0
shrinkage=0.025


Tree=163
num_leaves=7
num_cat=0
split_feature=39 60 22 31 47 3
split_gain=8.38661 9.62378 9.05065 9.04901 7.87075 5.9119
threshold=1.0000000180025095e-35 0.68000000000000005 0.46576400000000007 0.43963300000000005 0.93223050000000007 0.96434608101844799
decision_type=2 2 2 2 2 2
left_child=4 2 3 -2 -1 -3
right_child=1 5 -4 -5 -6 -7
leaf_value=-0.015669490929223925 -0.0017858379341657079 -0.012145142969698403 0.012442956814339996 0.015434891369145715 0.0042837576109669888 0.0019496161812104333
leaf_weight=33.972529365244554 116.75719242526975 39.330748664229759 60.868161475285888 20.133621766930446 16.441564677399583 30.734523794832057
leaf_count=3116 4720 1994 555 255 147 1001
internal_value=0 0.00178162 0.00461832 0.00091558 -0.00910183 -0.00598766
internal_weight=318.238 267.824 197.759 136.891 50.4141 70.0653
internal_count=11788 8525 5530 4975 3263 2995
is_linear=0
shrinkage=0.025


Tree=164
num_leaves=7
num_cat=0
split_feature=39 22 43 44 18 60
split_gain=7.91991 9.20577 7.72183 7.52392 6.16676 6.13435
threshold=1.0000000180025095e-35 0.47193300000000005 1.0000000180025095e-35 0.054674000000000007 0.70554400000000006 0.82000000000000017
decision_type=2 2 2 2 2 2
left_child=2 3 4 -2 -1 -3
right_child=1 5 -4 -5 -6 -7
leaf_value=-0.012456854759654051 -0.0088054039139198546 0.011588701669447126 -0.024669904599829789 0.001943936589896848 0.006424347656163472 -0.0077615751232439981
leaf_weight=18.103163820327609 55.094747284660116 67.351621333276853 11.800401925487675 134.45020521621336 19.896061744075269 9.6440678706858289
leaf_count=1637 4981 633 1385 2761 241 150
internal_value=0 0.00173044 -0.00890179 -0.00120895 -0.00256846 0.00888705
internal_weight=316.34 266.541 49.7996 189.545 37.9992 76.9957
internal_count=11788 8525 3263 7742 1878 783
is_linear=0
shrinkage=0.025


Tree=165
num_leaves=7
num_cat=0
split_feature=39 60 43 31 19 18
split_gain=8.39755 8.80312 8.21152 7.89998 9.50749 6.30006
threshold=1.0000000180025095e-35 0.68000000000000005 1.0000000180025095e-35 0.30852950000000007 0.64453900000000008 0.70554400000000006
decision_type=2 2 2 2 2 2
left_child=2 3 5 4 -2 -1
right_child=1 -3 -4 -5 -6 -7
leaf_value=-0.012613994484449996 -0.019626734997511382 -0.0056953227772008966 -0.025240892657387888 0.011982115775834636 0.003131535295979212 0.0065248256132160384
leaf_weight=17.95795544575958 10.045830269067663 69.117072835972067 12.028802539498427 58.852675044356147 127.45236260892125 19.80821455118712
leaf_count=1637 1544 2995 1385 757 3229 241
internal_value=0 0.00178835 -0.00916377 0.00450514 0.00108549 -0.00257659
internal_weight=315.263 265.468 49.795 196.351 137.498 37.7662
internal_count=11788 8525 3263 5530 4773 1878
is_linear=0
shrinkage=0.025


Tree=166
num_leaves=7
num_cat=0
split_feature=1 49 61 47 19 62
split_gain=7.5994 6.17502 10.8937 5.79863 5.30409 7.74463
threshold=0.67759954929351818 1.0000000180025095e-35 0.50715900000000003 0.95126050000000006 0.77130200000000004 0.58333333333333337
decision_type=2 2 2 2 2 2
left_child=1 -1 -3 -4 5 -2
right_child=4 2 3 -5 -6 -7
leaf_value=0.0035291527696794979 0.0085830469048293247 -0.010725720389305748 -0.0033069070948285569 0.010140621330865331 0.022099660729594354 -0.012296688146430687
leaf_weight=80.289712256140774 44.291346091777086 87.757730344223091 48.772053661785321 30.043100988958031 10.287792654242365 11.936567681375889
leaf_count=2789 304 7149 1071 181 59 235
internal_value=0 -0.00203197 -0.00477678 0.00186565 0.00734175 0.00366675
internal_weight=313.378 246.863 166.573 78.8152 66.5157 56.2279
internal_count=11788 11190 8401 1252 598 539
is_linear=0
shrinkage=0.025


Tree=167
num_leaves=7
num_cat=0
split_feature=1 60 43 3 6 9
split_gain=7.74267 6.03448 8.30141 5.35581 5.65205 5.22402
threshold=0.67759954929351818 0.68000000000000005 1.0000000180025095e-35 0.96591812372207653 0.74554050000000005 0.75000000000000011
decision_type=2 2 2 2 2 2
left_child=1 2 -1 4 -3 -5
right_child=-2 3 -4 5 -6 -7
leaf_value=0.0022613700779320909 0.0074406958796370591 -0.018612517643106685 -0.0134242892697038 -0.015436535650277562 0.0032449386966256336 0.0078915658947822775
leaf_weight=161.91331904004619 65.994675288093276 30.910911659069825 21.669412905961508 6.09115667184233 7.8126469387207171 17.176039759942796
leaf_count=5859 598 2380 1888 727 95 241
internal_value=0 -0.00205442 0.000207393 -0.00863675 -0.0140611 0.00053972
internal_weight=311.568 245.573 183.583 61.9908 38.7236 23.2672
internal_count=11788 11190 7747 3443 2475 968
is_linear=0
shrinkage=0.025


Tree=168
num_leaves=7
num_cat=0
split_feature=19 17 47 6 1 47
split_gain=7.47831 6.97365 6.38476 6.34332 6.90281 6.44767
threshold=0.68291200000000007 0.64299000000000006 0.28485650000000007 0.53074100000000002 0.67759954929351818 0.95126050000000006
decision_type=2 2 2 2 2 2
left_child=1 -1 -3 -2 5 -5
right_child=3 2 -4 4 -6 -7
leaf_value=-0.014842915553924639 0.014833435490540087 0.012679665648980125 -0.00689574492492311 -0.0049150159439121282 0.0078536755352981436 0.0063737711245236894
leaf_weight=33.410669666845934 19.966404088831041 13.98982089263154 25.68409166688798 117.0560331659799 60.162366784177721 40.138790912227705
leaf_count=5194 391 522 1153 3688 537 303
internal_value=0 -0.00685701 0.000141915 0.0021611 0.000801793 -0.00192304
internal_weight=310.408 73.0846 39.6739 237.324 217.357 157.195
internal_count=11788 6869 1675 4919 4528 3991
is_linear=0
shrinkage=0.025


Tree=169
num_leaves=7
num_cat=0
split_feature=22 17 2 4 39 60
split_gain=7.2962 8.96312 6.06668 5.28941 4.76241 5.65051
threshold=0.46894550000000007 0.61928850000000002 0.51812171936035167 1.0000000180025095e-35 1.0000000180025095e-35 0.82000000000000017
decision_type=2 2 2 2 2 2
left_child=1 -1 -3 -4 -2 -6
right_child=4 2 3 -5 5 -7
leaf_value=-0.010312484452036454 -0.0073406877323817293 -0.0093104042932841292 0.0043497470123969257 -0.015212800906403121 0.010938645504894285 -0.0076416172440554753
leaf_weight=61.801149488630472 11.757539199315941 28.007478328872821 124.71106024252367 6.6774269737652494 66.690290206926875 9.6071118973195535
leaf_count=5488 500 2532 2234 225 652 157
internal_value=0 -0.00242368 0.000692943 0.00302469 0.00598719 0.00831982
internal_weight=309.252 221.197 159.396 131.388 88.0549 76.2974
internal_count=11788 10479 4991 2459 1309 809
is_linear=0
shrinkage=0.025


Tree=170
num_leaves=7
num_cat=0
split_feature=19 17 6 29 47 47
split_gain=7.25993 6.18717 6.12544 6.82078 7.13782 6.11548
threshold=0.68291200000000007 0.64299000000000006 0.53074100000000002 0.60023650000000017 0.94094600000000017 0.28485650000000007
decision_type=2 2 2 2 2 2
left_child=1 -1 -2 4 -4 -3
right_child=2 5 3 -5 -6 -7
leaf_value=-0.014420804300979837 0.014632526166793237 0.012135180984299049 -0.004239197496852855 0.012038414883907866 0.005998260428058122 -0.0070663488598839714
leaf_weight=32.696015287772752 19.807531763915904 13.883864612929754 128.66579661070136 26.807502655312419 60.226241199299693 25.726496998860966
leaf_count=5194 391 522 3879 217 432 1153
internal_value=0 -0.00679343 0.0021352 0.000792974 -0.00089366 0
internal_weight=307.813 72.3064 235.507 215.7 188.892 39.6104
internal_count=11788 6869 4919 4528 4311 1675
is_linear=0
shrinkage=0.025


Tree=171
num_leaves=7
num_cat=0
split_feature=15 22 29 17 48 0
split_gain=7.02816 7.89807 5.10357 5.03846 4.80593 4.25604
threshold=0.66566200000000009 0.47488350000000007 0.60023650000000017 0.61941650000000015 0.66160000000000008 0.48833350000000003
decision_type=2 2 2 2 2 2
left_child=1 3 5 -1 -5 -2
right_child=2 -3 -4 4 -6 -7
leaf_value=-0.013450434326611159 0.0083905730851155692 0.0080993163180731274 0.013779773857943071 -0.0060217850692781726 0.0077499897655739338 -0.0011507949275647203
leaf_weight=41.645477076715906 38.168198652303545 25.286144093377516 23.595267367723864 61.554439768806333 18.272159133397508 98.387904377974337
leaf_count=4754 766 395 190 3289 259 2135
internal_value=0 -0.00391747 0.0035949 -0.00660241 -0.00262355 0.00155605
internal_weight=306.91 146.758 160.151 121.472 79.8266 136.556
internal_count=11788 8697 3091 8302 3548 2901
is_linear=0
shrinkage=0.025


Tree=172
num_leaves=7
num_cat=0
split_feature=19 17 62 47 61 17
split_gain=6.89176 5.85869 5.83276 5.56893 4.75475 4.54593
threshold=0.68291200000000007 0.64299000000000006 0.58333333333333337 0.28485650000000007 0.43683350000000004 0.74611800000000017
decision_type=2 2 2 2 2 2
left_child=1 -1 5 -3 -5 -2
right_child=2 3 -4 4 -6 -7
leaf_value=-0.014162871800220925 0.0072846764565260257 0.011504752792037047 -0.0017328126981061695 -0.016772020031927772 0.0029349778451611573 -0.012215479850185569
leaf_weight=32.109083779971115 109.83264415187296 13.911273813137084 118.9725993204338 12.229595721408261 13.365857795404734 5.4597581916023037
leaf_count=5194 1248 522 3598 813 340 73
internal_value=0 -0.00665291 0.00208259 0 -0.0068242 0.00604729
internal_weight=305.881 71.6158 234.265 39.5067 25.5955 115.292
internal_count=11788 6869 4919 1675 1153 1321
is_linear=0
shrinkage=0.025


Tree=173
num_leaves=7
num_cat=0
split_feature=19 62 17 18 9 44
split_gain=6.67751 5.95789 5.48737 5.65107 4.71587 4.51388
threshold=0.68291200000000007 0.58333333333333337 0.64299000000000006 0.64144000000000012 0.80800000000000016 0.11657900000000002
decision_type=2 2 2 2 2 2
left_child=2 -2 4 -4 -1 -5
right_child=1 -3 3 5 -6 -7
leaf_value=-0.018956168485123357 0.0060583675149692567 -0.0018120504066173821 0.0099987372826288671 0.004486968157588078 0.0017271462590331427 -0.016068998189204525
leaf_weight=24.01356747420505 115.14929797855439 118.71930533373961 16.778769658674719 8.9369192353915441 7.7756222461466669 13.748028707166666
leaf_count=4924 1321 3598 814 467 270 394
internal_value=0 0.00204916 -0.0065673 0 -0.0138848 -0.00798185
internal_weight=305.122 233.869 71.2529 39.4637 31.7892 22.6849
internal_count=11788 4919 6869 1675 5194 861
is_linear=0
shrinkage=0.025


Tree=174
num_leaves=7
num_cat=0
split_feature=1 60 43 19 62 44
split_gain=6.91517 5.61595 7.60394 5.21843 5.08013 4.75049
threshold=0.67759954929351818 0.68000000000000005 1.0000000180025095e-35 0.76209600000000011 0.58333333333333337 0.046724500000000009
decision_type=2 2 2 2 2 2
left_child=1 2 5 4 -2 -1
right_child=3 -3 -4 -5 -6 -7
leaf_value=-0.0053312621160840467 0.0070376125466721316 -0.0083960517964590704 -0.013043728630144589 0.019270505269918248 -0.010509112204833087 0.0046204017825872334
leaf_weight=36.561825732162106 39.30271326075308 60.466102554142708 20.844997914522537 14.345503211487083 11.023304562317206 121.61832828685874
leaf_count=3472 284 3443 1888 87 227 2387
internal_value=0 -0.00196988 0.000238104 0.00709668 0.00271312 0.00221855
internal_weight=304.163 239.491 179.025 64.6715 50.326 158.18
internal_count=11788 11190 7747 598 511 5859
is_linear=0
shrinkage=0.025


Tree=175
num_leaves=7
num_cat=0
split_feature=1 49 61 19 62 59
split_gain=6.50511 5.37006 9.91956 5.09474 6.25905 4.77225
threshold=0.67759954929351818 1.0000000180025095e-35 0.50715900000000003 0.77130200000000004 0.58333333333333337 1.0000000180025095e-35
decision_type=2 2 2 2 2 2
left_child=1 5 -3 4 -2 -1
right_child=3 2 -4 -5 -6 -7
leaf_value=-0.0038214413573831475 0.0077396214805593644 -0.010365117125043257 0.0018681879107318878 0.021544772737584872 -0.011303176162103447 0.0082968319341239962
leaf_weight=31.558497364530922 42.98142411140725 83.80515975842718 76.479903909901623 9.920547108165918 11.497897593420928 46.558497727441136
leaf_count=1737 304 7149 1252 59 235 1052
internal_value=0 -0.00191524 -0.00453521 0.00689667 0.00324746 0.00332594
internal_weight=302.802 238.402 160.285 64.3999 54.4793 78.117
internal_count=11788 11190 8401 598 539 2789
is_linear=0
shrinkage=0.025


Tree=176
num_leaves=7
num_cat=0
split_feature=1 17 4 29 19 0
split_gain=6.57287 5.31738 6.9688 6.40394 4.78939 4.67341
threshold=0.67759954929351818 0.62125900000000012 1.0000000180025095e-35 1.0000000180025095e-35 0.76209600000000011 0.43580000000000002
decision_type=2 2 2 2 2 2
left_child=1 3 -3 -1 -2 -5
right_child=4 2 -4 5 -6 -7
leaf_value=-0.014657464595495821 0.0027295836721133301 0.0017561204214232866 -0.017551331254700663 0.012398421147884704 0.018745744559059092 -0.0064923640527229437
leaf_weight=35.583721421353403 49.66086186945904 162.88251034903806 10.052957317850085 10.737799400783844 14.078308229800312 18.74459726337227
leaf_count=3956 511 4844 526 601 87 1263
internal_value=0 -0.00192057 0.000349761 -0.00787393 0.00697322 0.000545617
internal_weight=301.741 238.002 172.935 65.0661 63.7392 29.4824
internal_count=11788 11190 5370 5820 598 1864
is_linear=0
shrinkage=0.025


Tree=177
num_leaves=7
num_cat=0
split_feature=1 39 14 22 31 60
split_gain=6.4244 5.31555 6.61989 6.18014 7.3247 5.05598
threshold=0.45630170404911047 1.0000000180025095e-35 1.0000000180025095e-35 0.47193300000000005 0.4765890000000001 0.82000000000000017
decision_type=2 2 2 2 2 2
left_child=-1 2 -2 4 -3 -5
right_child=1 3 -4 5 -6 -7
leaf_value=-0.01304533596131147 -0.00051300077481916185 -0.0019852469161879831 -0.022030155678714025 0.011079165273573917 0.014408611988171125 -0.0068790003004634255
leaf_weight=19.406380919041112 32.839382143734838 150.34184999621357 10.326553853723452 62.518783141393214 16.659180623188149 9.1668201994616521
leaf_count=3901 1331 4793 848 590 186 139
internal_value=0 0.00100501 -0.00677639 0.00250419 -0.000109861 0.00851038
internal_weight=301.259 281.853 43.1659 238.687 167.001 71.6856
internal_count=11788 7887 2179 5708 4979 729
is_linear=0
shrinkage=0.025


Tree=178
num_leaves=7
num_cat=0
split_feature=18 33 39 43 6 22
split_gain=6.16309 8.56666 6.3879 6.17057 5.61088 8.79985
threshold=0.63553400000000015 0.50000000000000011 1.0000000180025095e-35 1.0000000180025095e-35 0.53074100000000002 0.36500100000000008
decision_type=2 2 2 2 2 2
left_child=1 -1 3 -2 -4 -6
right_child=2 -3 4 -5 5 -7
leaf_value=-0.017792136464217852 -0.0014538147910150402 0.010544190215203768 0.012632306877079672 -0.023091873580677852 -0.0071521244017493692 0.0044600424294300315
leaf_weight=22.04488194290025 32.556871644526836 6.8503177060920271 29.539224722437211 9.210954740221494 53.435710380566888 146.28519135696115
leaf_count=4531 1166 357 733 866 1973 2162
internal_value=0 -0.0104909 0.00120413 -0.00745788 0.00288341 0.0012599
internal_weight=299.923 28.8952 271.028 41.7678 229.26 199.721
internal_count=11788 4888 6900 2032 4868 4135
is_linear=0
shrinkage=0.025


Tree=179
num_leaves=7
num_cat=0
split_feature=29 17 4 1 0 61
split_gain=6.54136 7.83872 6.99325 6.29916 6.09308 3.79583
threshold=0.94364700000000012 0.62125900000000012 1.0000000180025095e-35 0.62796297669410717 0.33586650000000007 0.50715900000000003
decision_type=2 2 2 2 2 2
left_child=1 3 5 4 -1 -3
right_child=-2 2 -4 -5 -6 -7
leaf_value=0.0041875855202817896 0.013008752605569893 -0.00018124045815871685 -0.016455443984122745 0 -0.018603737739044997 0.0068233089793863083
leaf_weight=7.4834339532535514 19.879717755422462 111.78029340098146 10.075433894933665 37.131022918911185 32.994792832556413 79.546131010050885
leaf_count=800 152 4211 538 688 4534 865
internal_value=0 -0.00103418 0.00154329 -0.00767154 -0.0141881 0.00273628
internal_weight=298.891 279.011 201.402 77.6092 40.4782 191.326
internal_count=11788 11636 5614 6022 5334 5076
is_linear=0
shrinkage=0.025


Tree=180
num_leaves=7
num_cat=0
split_feature=2 49 19 46 16 6
split_gain=6.17406 6.60616 6.44751 4.78317 4.48079 4.33455
threshold=0.57394796609878551 1.0000000180025095e-35 0.64453900000000008 0.29208550000000005 0.60695300000000019 0.53074100000000002
decision_type=2 2 2 2 2 2
left_child=1 2 -1 -4 -2 -6
right_child=4 -3 3 -5 5 -7
leaf_value=-0.015670647207264073 -0.0080752328545856782 -0.011871965874381937 0.016315890965110266 -0.0010474743079199602 0.016163823326307333 0.0023740895682687752
leaf_weight=8.2122602659073873 20.211521319579333 45.285119152686093 14.192918278044088 21.657243847090285 13.581480911758261 174.54819390727789
leaf_count=1125 970 5749 408 734 201 2601
internal_value=0 -0.00540968 0.00132484 0.00621394 0.00235659 0.00361442
internal_weight=297.689 89.3475 44.0624 35.8502 208.341 188.13
internal_count=11788 8016 2267 1142 3772 2802
is_linear=0
shrinkage=0.025


Tree=181
num_leaves=7
num_cat=0
split_feature=29 17 4 19 0 61
split_gain=6.03758 7.16838 6.31157 5.78178 5.46491 3.66351
threshold=0.94364700000000012 0.62125900000000012 1.0000000180025095e-35 0.68893050000000011 0.33586650000000007 0.50715900000000003
decision_type=2 2 2 2 2 2
left_child=1 3 5 -1 -5 -3
right_child=-2 2 -4 4 -6 -7
leaf_value=-0.017444292621872828 0.01256639350711051 -0.000268298839671872 -0.015783516259679133 0.016478324857031587 -0.0055369729621723507 0.006634637270669071
leaf_weight=22.397786975358031 19.640069005603436 110.96886197419371 9.8471879570279253 5.5904522717464706 48.832576268570847 79.055188153346535
leaf_count=4406 152 4211 538 71 1545 865
internal_value=0 -0.000996521 0.00147384 -0.00737807 -0.00249741 0.00260692
internal_weight=296.332 276.692 199.871 76.8208 54.423 190.024
internal_count=11788 11636 5614 6022 1616 5076
is_linear=0
shrinkage=0.025


Tree=182
num_leaves=7
num_cat=0
split_feature=9 21 0 1 19 20
split_gain=5.8656 5.27162 8.44538 5.14849 4.99098 4.59266
threshold=0.75000000000000011 0.87400000000000011 0.43580000000000002 0.48260325193405157 0.64453900000000008 0.67629950000000016
decision_type=2 2 2 2 2 2
left_child=1 2 3 -1 -2 -6
right_child=4 -3 -4 -5 5 -7
leaf_value=-0.015119621968840294 -0.014647854181505788 0.0051795887292230974 -0.016787669937647891 0.0047319348450249408 0.011647610005518628 0.0014571303170579199
leaf_weight=8.299993416076175 7.5672347068320951 21.519159422430675 34.408422072505346 30.945932087459369 31.972657874634024 160.432754208392
leaf_count=2094 414 398 4560 1244 608 2470
internal_value=0 -0.00503181 -0.00820221 0 0.00242736 0.00332309
internal_weight=295.146 95.1735 73.6543 39.2459 199.973 192.405
internal_count=11788 8296 7898 3338 3492 3078
is_linear=0
shrinkage=0.025


Tree=183
num_leaves=7
num_cat=0
split_feature=61 44 0 62 59 19
split_gain=5.73463 8.25049 6.1276 7.78756 5.04453 3.23741
threshold=0.71538450000000009 0.046724500000000009 0.48510000000000003 0.41666666666666669 1.0000000180025095e-35 0.75519700000000012
decision_type=2 2 2 2 2 2
left_child=1 5 4 -4 -3 -1
right_child=-2 2 3 -5 -6 -7
leaf_value=-0.012465847677701949 0.0083440235056814228 -0.0017753881315178963 0.011005140315149202 -0.0050114386485599462 0.011551264303877644 0.0041256623978001309
leaf_weight=45.15357399151253 41.426205819821917 25.782570166004007 20.154480748053174 110.36435752808757 44.929628300335025 6.5672273926902553
leaf_count=6329 459 897 145 3040 804 114
internal_value=0 -0.0014348 0.000847257 -0.00231206 0.00667798 -0.0101047
internal_weight=294.378 252.952 201.231 130.519 70.7122 51.7208
internal_count=11788 11329 4886 3185 1701 6443
is_linear=0
shrinkage=0.025


Tree=184
num_leaves=7
num_cat=0
split_feature=1 60 43 3 6 19
split_gain=5.79879 5.05742 6.70267 4.48689 4.95558 4.28104
threshold=0.67759954929351818 0.68000000000000005 1.0000000180025095e-35 0.96591812372207653 0.75022150000000021 0.77130200000000004
decision_type=2 2 2 2 2 2
left_child=1 2 -1 4 -3 -2
right_child=5 3 -4 -5 -6 -7
leaf_value=0.0021707467967817659 0.003188290366416797 -0.01740745754722027 -0.012484470702409918 0.00055134336903958734 0.0039985154082947715 0.020323011280231906
leaf_weight=153.17238066144637 52.512967242568266 29.434193911394686 19.76683331503591 21.891538850220968 6.7516019386239341 9.4996648090891522
leaf_count=5859 539 2393 1888 968 82 59
internal_value=0 -0.00183292 0.000291757 -0.00805503 -0.013187 0.00663462
internal_weight=293.029 231.017 172.939 58.0773 36.1858 62.0126
internal_count=11788 11190 7747 3443 2475 598
is_linear=0
shrinkage=0.025


Tree=185
num_leaves=7
num_cat=0
split_feature=62 48 16 60 20 0
split_gain=5.83139 5.53983 5.47475 5.67231 5.76503 4.71828
threshold=0.75000000000000011 0.66350000000000009 0.59352450000000012 0.68000000000000005 0.67206050000000006 0.43580000000000002
decision_type=2 2 2 2 2 2
left_child=2 5 -1 -4 -5 -2
right_child=1 -3 3 4 -6 -7
leaf_value=-0.014901916827547988 0.00023298617562088439 0.003163542238933198 0.0049963643819424643 -0.018057163559746306 0.00024847931150966032 -0.01725971765908051
leaf_weight=9.0116184870566922 12.604803305221138 21.076897129765712 167.44043667074584 11.466680138808441 42.593053967284504 27.825002441022662
leaf_count=1382 1486 448 3642 1161 651 3018
internal_value=0 -0.0066836 0.00183594 0.00271469 -0.00410617 -0.0119062
internal_weight=292.018 61.5067 230.512 221.5 54.0597 40.4298
internal_count=11788 4952 6836 5454 1812 4504
is_linear=0
shrinkage=0.025


Tree=186
num_leaves=7
num_cat=0
split_feature=29 9 19 16 2 22
split_gain=5.84556 6.48735 4.62559 4.6839 3.76736 6.44351
threshold=0.52868100000000007 0.73000000000000009 0.64775600000000011 0.69881500000000007 0.54364302754402172 0.25120250000000005
decision_type=2 2 2 2 2 2
left_child=1 4 -3 -4 -1 -6
right_child=-2 2 3 -5 5 -7
leaf_value=-0.017320238523973634 0.0087546014364935695 -0.013789784489037433 0.0055068163008661691 -0.0024684710357365598 0.010155114614674358 -0.0094853670529461819
leaf_weight=17.93956500729837 38.551712802538532 9.9646667070774111 99.454829948808765 80.132098769478034 12.222456884745041 32.471554986012052
leaf_count=4969 677 530 1792 1468 388 1964
internal_value=0 -0.00141112 0.000875215 0.00191514 -0.00823274 -0.00367546
internal_weight=290.737 252.185 189.552 179.587 62.6336 44.694
internal_count=11788 11111 3790 3260 7321 2352
is_linear=0
shrinkage=0.025


Tree=187
num_leaves=7
num_cat=0
split_feature=22 17 15 39 60 48
split_gain=5.55346 7.36685 5.36455 4.03629 5.31312 4.54806
threshold=0.46894550000000007 0.61928850000000002 0.74673250000000013 1.0000000180025095e-35 0.82000000000000017 0.4956000000000001
decision_type=2 2 2 2 2 2
left_child=1 -1 -3 -2 5 -5
right_child=3 2 -4 4 -6 -7
leaf_value=-0.0097513231954271546 -0.0072898259248879715 -0.00081019039448726308 0.014858176981774768 -0.0014119712825882802 -0.0080014759008353031 0.013767680902280628
leaf_weight=55.802316531917313 10.845428961765718 138.65715936227934 12.566756155982146 14.38054485444445 9.324801651760934 48.417141433688812
leaf_count=5488 500 4859 132 245 157 407
internal_value=0 -0.00219077 0.000655398 0.00537072 0.00757225 0.0102366
internal_weight=289.994 207.026 151.224 82.9679 72.1225 62.7977
internal_count=11788 10479 4991 1309 809 652
is_linear=0
shrinkage=0.025


Tree=188
num_leaves=7
num_cat=0
split_feature=29 9 19 6 6 62
split_gain=5.57239 5.83338 4.63834 6.12234 4.39608 6.1201
threshold=0.52868100000000007 0.73000000000000009 0.64775600000000011 0.56542750000000008 0.74554050000000005 0.58333333333333337
decision_type=2 2 2 2 2 2
left_child=1 4 -3 -4 5 -1
right_child=-2 2 3 -5 -6 -7
leaf_value=-0.00082913047187525629 0.0085390239114496586 -0.013895109398269831 0.012057908663205502 -0.00017940716474422209 0.0093359546496225038 -0.017544846841157143
leaf_weight=26.401271462294972 38.596648928956711 9.9933166743139719 27.91997929837089 151.19870880697272 5.7935141976922742 29.490641475422308
leaf_count=2109 677 530 406 2854 47 5165
internal_value=0 -0.00138543 0.000773076 0.00181962 -0.00791155 -0.0101724
internal_weight=289.394 250.797 189.112 179.119 61.6854 55.8919
internal_count=11788 11111 3790 3260 7321 7274
is_linear=0
shrinkage=0.025


Tree=189
num_leaves=7
num_cat=0
split_feature=1 49 61 22 47 19
split_gain=5.4749 5.1276 7.87028 4.75006 4.68686 4.0306
threshold=0.67759954929351818 1.0000000180025095e-35 0.50715900000000003 0.50463300000000011 0.95126050000000006 0.77130200000000004
decision_type=2 2 2 2 2 2
left_child=1 -1 3 -3 -4 -2
right_child=5 2 4 -5 -6 -7
leaf_value=0.0034441835902878368 0.0031375619586192973 -0.012324213313425777 -0.0033455353872493703 0.0033077833200725209 0.0091809474358411029 0.019977292318268176
leaf_weight=74.56189223912952 51.967481556290295 67.329866329760989 45.806396388361463 12.591102187696377 27.591304533765651 9.1864602002315205
leaf_count=2789 539 6839 1071 310 181 59
internal_value=0 -0.00179316 -0.00441073 -0.00972969 0.00139538 0.00648992
internal_weight=289.035 227.881 153.319 79.921 73.3977 61.1539
internal_count=11788 11190 8401 7149 1252 598
is_linear=0
shrinkage=0.025


Tree=190
num_leaves=7
num_cat=0
split_feature=15 48 60 6 2 27
split_gain=5.24267 5.626 5.69284 4.58329 5.46086 4.31447
threshold=0.66566200000000009 0.66160000000000008 0.82000000000000017 0.52801850000000006 0.6828153431415559 1.0000000180025095e-35
decision_type=2 2 2 2 2 2
left_child=1 2 -1 -2 -5 -3
right_child=3 5 -4 4 -6 -7
leaf_value=-0.0039803816936925503 0.014959587237573239 -0.0077974047141154551 -0.022472111061608374 -0.002203199347779526 0.0080157341871261289 0.010901433408811766
leaf_weight=96.250391654932173 15.90832946449518 8.4640272791148181 9.8743186906940519 86.427262284880271 48.681365864234976 22.787456801510416
leaf_count=6758 388 228 1437 2269 434 274
internal_value=0 -0.00350104 -0.00625909 0.00318996 0.00149396 0.00537542
internal_weight=288.393 137.376 106.125 151.017 135.109 31.2515
internal_count=11788 8697 8195 3091 2703 502
is_linear=0
shrinkage=0.025


Tree=191
num_leaves=7
num_cat=0
split_feature=29 17 4 19 0 2
split_gain=5.66951 6.52835 6.26824 5.83718 4.82185 3.44741
threshold=0.94364700000000012 0.62125900000000012 1.0000000180025095e-35 0.68893050000000011 0.33586650000000007 0.67153829336166393
decision_type=2 2 2 2 2 2
left_child=1 3 -3 5 -5 -1
right_child=-2 2 -4 4 -6 -7
leaf_value=-0.021396668009381004 0.012423130832106846 0.0025257281399310733 -0.016120711861326558 0.015822915269473339 -0.0051727736964253647 0.0028877004193973285
leaf_weight=18.104016152894477 18.790587571274955 186.07142704032594 9.4198338476126064 5.3470048232702529 47.118146253502346 3.0367526694899416
leaf_count=4331 152 5076 538 71 1545 75
internal_value=0 -0.000973853 0.00139084 -0.00720863 -0.00225144 -0.0176017
internal_weight=287.888 269.097 195.491 73.6059 52.4652 21.1408
internal_count=11788 11636 5614 6022 1616 4406
is_linear=0
shrinkage=0.025


Tree=192
num_leaves=7
num_cat=0
split_feature=29 17 4 19 0 2
split_gain=5.56146 6.01788 5.76732 5.40232 4.72562 3.25621
threshold=0.94364700000000012 0.62125900000000012 1.0000000180025095e-35 0.68893050000000011 0.43580000000000002 0.67153829336166393
decision_type=2 2 2 2 2 2
left_child=1 3 -3 5 -5 -1
right_child=-2 2 -4 4 -6 -7
leaf_value=-0.020868270630240354 0.012287546099938771 0.0023844418924979815 -0.015619384132159459 0.011425257376597438 -0.0059972307141823895 0.0027537868965369031
leaf_weight=17.659476989909312 18.839721614960581 185.83815878262976 9.2532938619551697 9.7569918741646671 42.695090100947709 3.0322044542990616
leaf_count=4331 152 5076 538 279 1337 75
internal_value=0 -0.000968521 0.00129941 -0.00697632 -0.00222478 -0.0171057
internal_weight=287.075 268.235 195.091 73.1438 52.4521 20.6917
internal_count=11788 11636 5614 6022 1616 4406
is_linear=0
shrinkage=0.025


Tree=193
num_leaves=7
num_cat=0
split_feature=22 17 15 39 60 22
split_gain=5.28136 6.05408 5.12431 4.84541 4.54726 3.94752
threshold=0.47193300000000005 0.61928850000000002 0.74673250000000013 1.0000000180025095e-35 0.82000000000000017 0.25717450000000003
decision_type=2 2 2 2 2 2
left_child=1 -1 5 -2 -5 -3
right_child=3 2 -4 4 -6 -7
leaf_value=-0.0090238886453006383 -0.0089372999906473984 0.0053964922419319971 0.014313188995231253 0.01031785315272595 -0.0068844482728390504 -0.0036738312297131871
leaf_weight=54.989089670663816 10.074915155797497 39.62275454660994 12.624012211745137 60.414042570977472 8.9028478492982668 99.440600584901404
leaf_count=5498 478 1500 140 633 150 3389
internal_value=0 -0.00210707 0.000449294 0.0053821 0.00782386 -0.000977989
internal_weight=286.068 206.676 151.687 79.3918 69.3169 139.063
internal_count=11788 10527 5029 1261 783 4889
is_linear=0
shrinkage=0.025


Tree=194
num_leaves=7
num_cat=0
split_feature=22 17 15 44 39 60
split_gain=5.28382 6.25135 4.98975 4.05481 3.55868 4.77298
threshold=0.46894550000000007 0.61928850000000002 0.74673250000000013 0.39047500000000007 1.0000000180025095e-35 0.82000000000000017
decision_type=2 2 2 2 2 2
left_child=1 -1 3 -3 -2 -6
right_child=4 2 -4 -5 5 -7
leaf_value=-0.0092479928905105351 -0.0065898897912769526 -0.0038983211765366145 0.014279414259014068 0.0051090786445333724 0.009949972304620882 -0.0075222104837436386
leaf_weight=53.965094287406828 10.797045306622747 93.904848663398298 12.331799204053821 43.312238860613434 61.372343433322385 9.0649292967282218
leaf_count=5488 500 4135 132 724 652 157
internal_value=0 -0.00215232 0.00046058 -0.000951986 0.00529542 0.00740066
internal_weight=284.748 203.514 149.549 137.217 81.2343 70.4373
internal_count=11788 10479 4991 4859 1309 809
is_linear=0
shrinkage=0.025


Tree=195
num_leaves=7
num_cat=0
split_feature=22 17 15 44 39 60
split_gain=5.38857 6.34107 4.72391 3.74275 3.37605 4.38371
threshold=0.46894550000000007 0.61928850000000002 0.74673250000000013 0.39047500000000007 1.0000000180025095e-35 0.82000000000000017
decision_type=2 2 2 2 2 2
left_child=1 -1 3 -3 -2 -6
right_child=4 2 -4 -5 5 -7
leaf_value=-0.0093138618532663288 -0.0062142554800186309 -0.0037496902491786911 0.013972161540640852 0.004910038212805363 0.0098462794940050048 -0.0068956954230282143
leaf_weight=54.037178533981205 10.819933223800033 93.488197784143267 12.204491985554339 43.298695000092266 61.232626981451176 9.0763753803912532
leaf_count=5488 500 4135 132 724 652 157
internal_value=0 -0.00217697 0.000464719 -0.000906781 0.00535017 0.00740227
internal_weight=284.157 203.029 148.991 136.787 81.1289 70.309
internal_count=11788 10479 4991 4859 1309 809
is_linear=0
shrinkage=0.025


Tree=196
num_leaves=7
num_cat=0
split_feature=1 49 47 6 62 59
split_gain=5.28343 4.48759 6.13649 7.13044 4.97498 4.55617
threshold=0.67759954929351818 1.0000000180025095e-35 0.80764900000000017 0.74554050000000005 0.75000000000000011 1.0000000180025095e-35
decision_type=2 2 2 2 2 2
left_child=1 5 3 -3 -4 -1
right_child=-2 2 4 -5 -6 -7
leaf_value=-0.0041124995775928151 0.0064492472903081369 -0.012174735930057412 0.0045806037393465154 0.0067022485371302787 -0.010783786919620413 0.0080694351235051642
leaf_weight=29.366655441641342 59.756660966144409 66.9205049951197 55.595480635791318 12.922667125472797 14.421036412735701 44.462799862012616
leaf_count=1737 598 7295 535 159 412 1052
internal_value=0 -0.0017751 -0.00426242 -0.0089025 0.00103272 0.00313328
internal_weight=283.446 223.689 149.86 79.8432 70.0165 73.8295
internal_count=11788 11190 8401 7454 947 2789
is_linear=0
shrinkage=0.025


Tree=197
num_leaves=7
num_cat=0
split_feature=19 0 61 0 17 44
split_gain=5.06312 4.84563 7.79147 6.32043 4.75534 4.19924
threshold=0.68291200000000007 0.48510000000000003 0.50715900000000003 0.81226700000000018 0.62224500000000005 0.17984500000000003
decision_type=2 2 2 2 2 2
left_child=4 5 3 -3 -1 -2
right_child=1 2 -4 -5 -6 -7
leaf_value=-0.015156626874758021 -0.00022283822179775328 -0.012892159433891732 0.0038357309606222943 0.0032142100618258612 -0.00091954452756004286 0.014071129651985757
leaf_weight=20.782344303865102 19.237539541558363 39.43589350781258 106.72649567291955 21.428108719963348 44.575970738500473 29.802666811912786
leaf_count=4288 835 1868 1463 458 2581 295
internal_value=0 0.00184785 -0.000160331 -0.00718048 -0.00596714 0.00855528
internal_weight=281.989 216.631 167.59 60.864 65.3583 49.0402
internal_count=11788 4919 3789 2326 6869 1130
is_linear=0
shrinkage=0.025


Tree=198
num_leaves=7
num_cat=0
split_feature=2 18 20 29 48 62
split_gain=5.40945 6.16258 5.3414 4.07456 3.78985 5.12582
threshold=0.5777946710586549 0.63329400000000013 0.63086750000000014 0.52868100000000007 0.37386650000000005 0.41666666666666669
decision_type=2 2 2 2 2 2
left_child=1 -1 -3 4 -2 -6
right_child=3 2 -4 -5 5 -7
leaf_value=-0.019224436440735362 -0.010597471841000775 0.014764970994081049 -0.0043702276527661814 0.01055487278468549 0.01106599389263371 -0.00028189681876192969
leaf_weight=13.440015164691429 14.069006101490229 7.8981935842894009 67.414950291618879 29.331486990326084 28.366105817374773 120.76783614102169
leaf_count=4218 499 586 3350 269 231 2635
internal_value=0 -0.00502397 -0.00184114 0.00235063 0.000686323 0.00196569
internal_weight=281.288 88.7532 75.3131 192.534 163.203 149.134
internal_count=11788 8154 3936 3634 3365 2866
is_linear=0
shrinkage=0.025


Tree=199
num_leaves=7
num_cat=0
split_feature=2 18 49 59 16 60
split_gain=5.32305 6.78149 4.84579 4.88413 3.29986 3.59969
threshold=0.5777946710586549 0.63329400000000013 1.0000000180025095e-35 1.0000000180025095e-35 0.60695300000000019 0.82000000000000017
decision_type=2 2 2 2 2 2
left_child=1 -1 3 -3 -2 -6
right_child=4 2 -4 -5 5 -7
leaf_value=-0.019953900594630175 -0.0070847456412069486 -0.0061339892671422591 -0.0078108107947738384 0.011225049286531704 0.0050112419544241201 -0.0044146899139238934
leaf_weight=13.302212006543412 18.02197995831375 14.035249273787484 37.814279284611985 23.031328456010669 146.97821909820777 27.488290522887837
leaf_count=4218 934 643 2794 499 2142 558
internal_value=0 -0.00500413 -0.00167643 0.00445865 0.00232726 0.0034353
internal_weight=280.672 88.1831 74.8809 37.0666 192.488 174.467
internal_count=11788 8154 3936 1142 3634 2700
is_linear=0
shrinkage=0.025


Tree=200
num_leaves=7
num_cat=0
split_feature=1 49 0 59 48 6
split_gain=5.1187 5.23251 6.77053 5.01487 4.96152 4.86811
threshold=0.61368605494499218 1.0000000180025095e-35 0.7350000000000001 1.0000000180025095e-35 0.37386650000000005 0.60903350000000012
decision_type=2 2 2 2 2 2
left_child=1 3 -3 -1 -2 -6
right_child=4 2 -4 -5 5 -7
leaf_value=-0.0058113780655928322 -0.014404003295163146 -0.015846331838841869 -0.00090066309356628114 0.008429417092567934 0.015017785257516731 0.0022032174262583979
leaf_weight=24.930071934577427 6.7697774049593127 32.80464559631946 44.477750899059174 32.239763945137383 20.427035083062947 118.36390758786001
leaf_count=1688 196 5375 1804 943 290 1492
internal_value=0 -0.00348356 -0.00765219 0.00208949 0.0032222 0.00438353
internal_weight=280.013 134.452 77.2824 57.1698 145.561 138.791
internal_count=11788 9810 7179 2631 1978 1782
is_linear=0
shrinkage=0.025


Tree=201
num_leaves=7
num_cat=0
split_feature=1 62 48 3 19 62
split_gain=4.96031 4.26782 4.22883 4.31712 3.71874 5.23579
threshold=0.67759954929351818 0.91666666666666685 0.72516650000000016 0.97866490483284008 0.77130200000000004 0.58333333333333337
decision_type=2 2 2 2 2 2
left_child=1 2 3 -1 5 -2
right_child=4 -3 -4 -5 -6 -7
leaf_value=-0.00085787626283131784 0.007305782186382709 -0.011169049247302686 0.0091777756669888782 -0.019140588977683046 0.019474438922394005 -0.010656392435705722
leaf_weight=167.91056465895963 39.62960195238702 23.991075425059535 22.411757292458788 6.1019140358403083 8.7804597490467113 10.697511882463003
leaf_count=8134 304 2502 220 334 59 235
internal_value=0 -0.00173533 -0.000413235 -0.00181056 0.00627898 0.00299849
internal_weight=279.523 220.415 196.424 174.012 59.1076 50.3271
internal_count=11788 11190 8688 8468 598 539
is_linear=0
shrinkage=0.025


Tree=202
num_leaves=7
num_cat=0
split_feature=1 19 62 29 17 0
split_gain=5.18341 4.27504 5.20375 4.03712 5.06053 4.5642
threshold=0.67759954929351818 0.77130200000000004 0.58333333333333337 0.9893010000000001 0.62125900000000012 0.33586650000000007
decision_type=2 2 2 2 2 2
left_child=3 2 -2 4 5 -1
right_child=1 -3 -4 -5 -6 -7
leaf_value=0.006449427260251963 0.0071709202715371711 0.020255968062483039 -0.010797541942955163 0.010362158712555677 -0.00031602329879505453 -0.012210889575520823
leaf_weight=7.5870954103302202 39.53933719242923 9.1303075593896192 10.589151824999133 13.222661830513969 153.82565734619857 45.247326095930475
leaf_count=813 304 59 235 114 5297 4966
internal_value=0 0.0064074 0.00287639 -0.00177942 -0.00271268 -0.0092028
internal_weight=279.142 59.2588 50.1285 219.883 206.66 52.8344
internal_count=11788 598 539 11190 11076 5779
is_linear=0
shrinkage=0.025


Tree=203
num_leaves=7
num_cat=0
split_feature=61 44 62 0 1 47
split_gain=4.72018 6.40725 4.90469 5.65006 3.03948 3.01498
threshold=0.71538450000000009 0.046724500000000009 0.41666666666666669 0.48510000000000003 0.66866797208786022 0.98987100000000006
decision_type=2 2 2 2 2 2
left_child=1 5 4 -4 -3 -1
right_child=-2 2 3 -5 -6 -7
leaf_value=-0.011604417454487296 0.0077167843019502113 0.0001100417282979993 0.0051695042365342801 -0.0045081307864367265 0.015898938333780182 0.0055182669790692909
leaf_weight=42.0758918649517 39.666346486657858 14.561919637606481 55.242063787940424 104.72474460065132 16.739822892006487 5.2476688304450354
leaf_count=6395 459 245 1523 3040 78 48
internal_value=0 -0.00134964 0.000679341 -0.00108413 0.00936402 -0.00934846
internal_weight=278.258 238.592 191.269 159.967 31.3017 47.3236
internal_count=11788 11329 4886 4563 323 6443
is_linear=0
shrinkage=0.025


Tree=204
num_leaves=7
num_cat=0
split_feature=22 44 0 47 61 61
split_gain=4.79475 5.4236 6.41836 5.37741 6.18895 3.45732
threshold=0.46894550000000007 0.40177200000000007 0.82213300000000011 0.95126050000000006 0.71845200000000009 0.47455900000000001
decision_type=2 2 2 2 2 2
left_child=1 3 -3 4 -1 -5
right_child=-2 2 -4 5 -6 -7
leaf_value=-0.0095677077656225341 0.005138498530317866 0.0071737998264167257 -0.016923576687619027 -0.013977760053678921 0.0074228954542791053 0.0071807144340787889
leaf_weight=96.186972818206414 78.415421545738354 52.340513275819831 5.337432160973548 3.1242980632232529 13.029644086491315 28.449153062014375
leaf_count=8903 1309 923 191 66 206 190
internal_value=0 -0.00206891 0.00418804 -0.00472162 -0.00734164 0.00395827
internal_weight=276.883 198.468 57.6779 140.79 109.217 31.5735
internal_count=11788 10479 1114 9365 9109 256
is_linear=0
shrinkage=0.025


Tree=205
num_leaves=7
num_cat=0
split_feature=2 49 19 46 15 16
split_gain=4.76891 4.38602 5.13352 4.57212 3.20492 3.40492
threshold=0.57394796609878551 1.0000000180025095e-35 0.64453900000000008 0.29208550000000005 0.73425800000000019 0.75707450000000021
decision_type=2 2 2 2 2 2
left_child=1 2 -1 -4 -2 -6
right_child=4 -3 3 -5 5 -7
leaf_value=-0.015251095517116363 0.00035033966666060418 -0.010633720335077998 0.015504744064930737 -0.0019790770816304824 0.010176025954655936 -0.012027006300067249
leaf_weight=7.3096095591754411 153.0137111430231 40.108063430074253 12.929705046248271 20.706486083072377 38.98813273338601 2.3668502341024569
leaf_count=1125 3273 5749 408 734 444 55
internal_value=0 -0.00500436 0.000603025 0.00510724 0.00212392 0.0080926
internal_weight=275.423 81.0539 40.9458 33.6362 194.369 41.355
internal_count=11788 8016 2267 1142 3772 499
is_linear=0
shrinkage=0.025


Tree=206
num_leaves=7
num_cat=0
split_feature=29 9 0 2 17 28
split_gain=4.56339 5.31164 5.22048 4.46415 4.20138 3.50097
threshold=0.94364700000000012 0.63000000000000012 0.43580000000000002 0.70272314548492443 0.56917700000000016 0.52868100000000007
decision_type=2 2 2 2 2 2
left_child=1 2 5 4 -3 -1
right_child=-2 3 -4 -5 -6 -7
leaf_value=-0.007211130325996698 0.01146006027775928 -0.020460673707228441 -0.020346732005448783 0.0070446516171770758 -0.00054631414351531779 0.014482723578462187
leaf_weight=12.008655336641828 17.649855523224687 4.4544796241170834 13.79701251805818 47.741358380881138 174.29187788019044 4.3350791451812247
leaf_count=2370 152 344 3479 414 4757 272
internal_value=0 -0.000891135 -0.0103314 0.00042603 -0.00136625 0
internal_weight=274.278 256.628 30.1407 226.488 178.746 16.3437
internal_count=11788 11636 6121 5515 5101 2642
is_linear=0
shrinkage=0.025


Tree=207
num_leaves=7
num_cat=0
split_feature=62 21 0 48 16 0
split_gain=4.42411 5.3232 6.7808 4.89408 4.86001 4.48283
threshold=0.75000000000000011 0.70400000000000007 0.47246700000000003 0.66350000000000009 0.59352450000000012 0.43580000000000002
decision_type=2 2 2 2 2 2
left_child=1 2 -1 5 -3 -2
right_child=3 4 -4 -5 -6 -7
leaf_value=0.0024109793172942856 0.00065580267929559453 -0.018367106983124871 -0.010821686895650707 0.0033331299466169786 0.0062036562904873079 -0.016709371356474986
leaf_weight=60.923038404318504 12.264347134085254 2.7127942075312594 36.213542068275274 20.304879225033801 115.51028020781814 25.314403559408674
leaf_count=2774 1486 181 2554 448 1327 3018
internal_value=0 0.00165963 -0.00258223 -0.00598783 0.00519869 -0.0111363
internal_weight=273.243 215.36 97.1366 57.8836 118.223 37.5788
internal_count=11788 6836 5328 4952 1508 4504
is_linear=0
shrinkage=0.025


Tree=208
num_leaves=7
num_cat=0
split_feature=29 9 0 61 62 27
split_gain=4.5298 5.18536 4.54082 3.90458 5.56649 3.47171
threshold=0.94364700000000012 0.63000000000000012 0.43580000000000002 0.71538450000000009 0.41666666666666669 1.0000000180025095e-35
decision_type=2 2 2 2 2 2
left_child=1 2 -1 4 -3 -5
right_child=-2 3 -4 5 -6 -7
leaf_value=-0.00044616922314444124 0.011447816443422167 0.0083354158332519298 -0.019877409446407868 -0.0013758660624438972 -0.0028540312492280717 0.014153981262789495
leaf_weight=16.392834239421067 17.54173829627689 30.778687096666545 13.297326158673966 12.850298347068017 161.75231376048032 19.703268653713167
leaf_count=2642 152 267 3479 169 4930 149
internal_value=0 -0.000891787 -0.0102885 0.000408662 -0.000936464 0.00811315
internal_weight=272.316 254.775 29.6902 225.085 192.531 32.5536
internal_count=11788 11636 6121 5515 5197 318
is_linear=0
shrinkage=0.025


Tree=209
num_leaves=7
num_cat=0
split_feature=29 9 19 6 6 0
split_gain=4.3563 4.95548 4.38177 4.68088 3.86245 5.13662
threshold=0.52868100000000007 0.73000000000000009 0.64775600000000011 0.56542750000000008 0.74554050000000005 0.46606650000000005
decision_type=2 2 2 2 2 2
left_child=1 4 -3 -4 5 -1
right_child=-2 2 3 -5 -6 -7
leaf_value=-0.0011870780269642167 0.0077981969580520269 -0.013961201360675888 0.010946549582211855 0 0.0087815524996286438 -0.017188962807988647
leaf_weight=25.565938528088736 36.031256564630894 9.2143757788726344 26.593117208045442 142.73451741100871 5.5701774768531314 25.706637391369441
leaf_count=3363 677 530 406 2854 47 3911
internal_value=0 -0.00126311 0.00076262 0.00180625 -0.00753741 -0.00979885
internal_weight=271.416 235.385 178.542 169.328 56.8428 51.2726
internal_count=11788 11111 3790 3260 7321 7274
is_linear=0
shrinkage=0.025


Tree=210
num_leaves=7
num_cat=0
split_feature=2 18 46 15 22 16
split_gain=4.29942 4.05102 4.47812 3.165 5.35223 4.84435
threshold=0.57394796609878551 0.63329400000000013 0.29208550000000005 0.48366800000000004 0.39223200000000008 0.68371750000000009
decision_type=2 2 2 2 2 2
left_child=1 -1 -3 4 -2 -6
right_child=3 2 -4 -5 5 -7
leaf_value=-0.017309367125250243 -0.017528880566582049 0.0063903747839756976 -0.0065624296991331297 0.0034128461450929574 -0.012927988530703472 0.011368424047578873
leaf_weight=11.225251969764939 10.598194264690393 22.640931175978039 45.750046251712774 162.75935878834571 5.2384358202107277 12.272258554701692
leaf_count=4190 514 1839 1987 3023 138 97
internal_value=0 -0.00479263 -0.00207682 0.00203525 -0.00528284 0.00295566
internal_weight=270.484 79.6162 68.391 190.868 28.1089 17.5107
internal_count=11788 8016 3826 3772 749 235
is_linear=0
shrinkage=0.025


Tree=211
num_leaves=7
num_cat=0
split_feature=1 60 17 18 17 43
split_gain=4.28395 3.87567 4.32035 4.02514 5.17774 4.00484
threshold=0.67759954929351818 0.82000000000000017 0.56917700000000016 0.69089300000000009 0.6367115000000001 1.0000000180025095e-35
decision_type=2 2 2 2 2 2
left_child=1 2 -1 -3 -5 -4
right_child=-2 3 5 4 -6 -7
leaf_value=-0.018603817945638344 0.0059494281293678694 -0.01759115066458233 0.002535545443830934 0.011397262135712665 -0.011135528177050992 -0.0072051545300453948
leaf_weight=5.0347561354064956 56.804538913478609 15.280231160330002 142.19105390345067 8.9912070259451884 11.67401933291694 29.578707460750593
leaf_count=785 598 1828 5731 86 259 2501
internal_value=0 -0.00163916 -2.4743e-05 -0.00883438 -0.000782073 0.00072869
internal_weight=269.555 212.75 176.805 35.9455 20.6652 171.77
internal_count=11788 11190 9017 2173 345 8232
is_linear=0
shrinkage=0.025


Tree=212
num_leaves=7
num_cat=0
split_feature=22 17 47 0 39 60
split_gain=4.23228 4.94676 4.69043 6.01575 3.50485 3.75637
threshold=0.46894550000000007 0.61928850000000002 0.88802250000000005 0.48510000000000003 1.0000000180025095e-35 0.82000000000000017
decision_type=2 2 2 2 2 2
left_child=1 -1 3 -3 -2 -6
right_child=4 2 -4 -5 5 -7
leaf_value=-0.0085664117821734279 -0.0070599863683282879 0.0029568785997008715 0.0066296438560134868 -0.0093061322466025231 0.0094104954612109163 -0.0064160766883346043
leaf_weight=49.779633661113621 10.381433800619559 50.372097854487947 47.590108742646407 44.23350269151706 57.570295324199833 8.6060730462195334
leaf_count=5488 500 1941 405 2645 652 157
internal_value=0 -0.00198272 0.000369795 -0.00277864 0.00487733 0.00706624
internal_weight=268.533 191.975 142.196 94.6056 76.5578 66.1764
internal_count=11788 10479 4991 4586 1309 809
is_linear=0
shrinkage=0.025


Tree=213
num_leaves=7
num_cat=0
split_feature=62 21 0 48 16 28
split_gain=4.37633 4.72518 6.02481 4.6869 4.51405 4.40411
threshold=0.75000000000000011 0.70400000000000007 0.47246700000000003 0.66350000000000009 0.59352450000000012 0.31620650000000006
decision_type=2 2 2 2 2 2
left_child=1 2 5 -2 -3 -1
right_child=3 4 -4 -5 -6 -7
leaf_value=-0.0036516532809107334 -0.011072561053181936 -0.017965077161573518 -0.010253905137193361 0.0031949271911262326 0.0060109936203020155 0.0093286089280188948
leaf_weight=32.209627651973278 36.977152936473431 2.577868554100859 35.213686942443019 19.955441100872122 113.33231711923145 27.787121244327864
leaf_count=1980 4504 181 2554 448 1327 794
internal_value=0 0.00166941 -0.00236334 -0.00600041 0.00503583 0.00235275
internal_weight=268.053 211.121 95.2104 56.9326 115.91 59.9967
internal_count=11788 6836 5328 4952 1508 2774
is_linear=0
shrinkage=0.025


Tree=214
num_leaves=7
num_cat=0
split_feature=2 18 46 59 9 29
split_gain=4.17378 3.75763 4.75489 3.82907 3.1838 3.06131
threshold=0.57394796609878551 0.63329400000000013 0.29208550000000005 1.0000000180025095e-35 0.75000000000000011 0.52868100000000007
decision_type=2 2 2 2 2 2
left_child=1 -1 4 -4 -3 -2
right_child=5 2 3 -5 -6 -7
leaf_value=-0.016980456717713265 0.00056658134432345086 -0.0032003775388122105 -0.016649251202414127 -0.0012651285511349638 0.013903387829679276 0.0092752195872324843
leaf_weight=10.888505408554918 159.94001882485463 9.6314651048960531 13.836618256886139 31.548033797334938 12.837812857804236 28.194990939286072
leaf_count=4190 3493 1433 839 1148 406 279
internal_value=0 -0.00474491 -0.00212348 -0.00676245 0.00663505 0.00202213
internal_weight=266.877 78.7424 67.8539 45.3847 22.4693 188.135
internal_count=11788 8016 3826 1987 1839 3772
is_linear=0
shrinkage=0.025


Tree=215
num_leaves=7
num_cat=0
split_feature=39 43 15 22 31 18
split_gain=4.12433 6.30202 4.99729 4.80125 4.52957 4.91695
threshold=1.0000000180025095e-35 1.0000000180025095e-35 0.6723960000000001 0.47193300000000005 0.43963300000000005 0.63369850000000005
decision_type=2 2 2 2 2 2
left_child=1 2 -1 4 5 -2
right_child=3 -3 -4 -5 -6 -7
leaf_value=-0.012057938949895668 -0.015477548803089906 -0.022750886100692216 0.0064760070391600491 0.0070090419014384609 0.0098609386774969957 -0.00080057525492904064
leaf_weight=12.833432775791151 13.868780353936016 9.2176049386980576 19.568920441233786 64.28069600177696 18.472081525193062 127.67825453291152
leaf_count=1422 3337 1385 456 783 373 4032
internal_value=0 -0.00699359 -0.00095183 0.00136048 -0.000927655 -0.00254303
internal_weight=265.92 41.62 32.4024 224.3 160.019 141.547
internal_count=11788 3263 1878 8525 7742 7369
is_linear=0
shrinkage=0.025


Tree=216
num_leaves=7
num_cat=0
split_feature=61 44 62 29 1 27
split_gain=3.934 5.53365 4.15091 4.50097 2.69562 2.40527
threshold=0.71538450000000009 0.046724500000000009 0.41666666666666669 1.0000000180025095e-35 0.66866797208786022 1.0000000180025095e-35
decision_type=2 2 2 2 2 2
left_child=1 -1 4 -4 -3 -2
right_child=5 2 3 -5 -6 -7
leaf_value=-0.0088895725655538833 -0.00024180142425251762 0 -0.0049950359065398034 0.003433956526077476 0.015232463147156962 0.011903381942003704
leaf_weight=44.842277316063701 14.570930782589128 13.734635025699392 80.989754102774896 72.050016871013213 15.651065507438032 22.885000661714002
leaf_count=6443 199 245 2732 1831 78 260
internal_value=0 -0.00125905 0.000664122 -0.00097906 0.00890198 0.00724022
internal_weight=264.724 227.268 182.425 153.04 29.3857 37.4559
internal_count=11788 11329 4886 4563 323 459
is_linear=0
shrinkage=0.025


Tree=217
num_leaves=7
num_cat=0
split_feature=39 43 18 22 31 18
split_gain=4.02615 5.87007 4.69613 4.59094 4.33253 4.65816
threshold=1.0000000180025095e-35 1.0000000180025095e-35 0.70554400000000006 0.47193300000000005 0.43963300000000005 0.63369850000000005
decision_type=2 2 2 2 2 2
left_child=1 2 -1 4 5 -2
right_child=3 -3 -4 -5 -6 -7
leaf_value=-0.011037474835263059 -0.015168922451129685 -0.022413047028741286 0.0067611533642949646 0.0068941449964900594 0.0097301129669443414 -0.00078189560480027053
leaf_weight=14.289693362690739 13.623193464489303 8.914652745901547 17.902398115664255 63.730771876871586 18.196630272534094 127.25445497485634
leaf_count=1637 3337 1385 241 783 373 4032
internal_value=0 -0.00695326 -0.00111328 0.00134577 -0.000895225 -0.00247442
internal_weight=263.912 41.1067 32.1921 222.805 159.074 140.878
internal_count=11788 3263 1878 8525 7742 7369
is_linear=0
shrinkage=0.025


Tree=218
num_leaves=7
num_cat=0
split_feature=1 39 0 16 22 48
split_gain=3.83865 4.68288 3.78534 5.318 4.46834 3.05915
threshold=0.61368605494499218 1.0000000180025095e-35 0.3501665000000001 0.68260100000000012 0.35160350000000001 0.37386650000000005
decision_type=2 2 2 2 2 2
left_child=1 -1 3 -3 -4 -2
right_child=5 2 4 -5 -6 -7
leaf_value=-0.014313170187409803 -0.011292477247219802 0.010648295715679721 -0.011272546943107774 -0.014419974293673836 0.00057916171440868956 0.0038218668958755822
leaf_weight=17.371687884857238 6.2837334094801909 25.882600623866896 29.02120350356563 3.9671743508370119 49.794596397434361 130.53299103787867
leaf_count=2719 196 1053 4100 182 1756 1782
internal_value=0 -0.00311578 -0.000965383 0.00618922 -0.00388962 0.0028747
internal_weight=262.854 126.037 108.666 29.8498 78.8158 136.817
internal_count=11788 9810 7091 1235 5856 1978
is_linear=0
shrinkage=0.025


Tree=219
num_leaves=7
num_cat=0
split_feature=62 21 0 16 22 30
split_gain=3.88861 4.01318 5.05921 4.3637 3.82504 4.22375
threshold=0.75000000000000011 0.70400000000000007 0.47246700000000003 0.59352450000000012 0.49176450000000005 0.75000000000000011
decision_type=2 2 2 2 2 2
left_child=1 2 -1 -3 5 -2
right_child=4 3 -4 -5 -6 -7
leaf_value=0.0021793649655796146 -0.014727521766979926 -0.017962184072400977 -0.0095288652955374548 0.0057124971741908002 0.0044680650083815414 0.0012338430001961123
leaf_weight=58.639223064150428 27.778800912550651 2.5319187511340706 34.049060541707149 110.78604017064208 14.375494427222291 13.746268650138516
leaf_count=2774 3979 181 2554 1327 451 522
internal_value=0 0.00159701 -0.00216704 0.00473167 -0.00570175 -0.00947497
internal_weight=261.907 206.006 92.6883 113.318 55.9006 41.5251
internal_count=11788 6836 5328 1508 4952 4501
is_linear=0
shrinkage=0.025


Tree=220
num_leaves=7
num_cat=0
split_feature=39 43 15 60 0 44
split_gain=3.84838 5.48369 4.22305 4.18971 5.57684 6.6551
threshold=1.0000000180025095e-35 1.0000000180025095e-35 0.6723960000000001 0.68000000000000005 0.80776700000000012 0.16367100000000004
decision_type=2 2 2 2 2 2
left_child=1 2 -1 -2 5 -5
right_child=3 -3 -4 4 -6 -7
leaf_value=-0.011504848135248805 0.0033684974060729763 -0.022046962447326839 0.0057421630593462482 -0.022921043519496673 0.0037711949250887828 -7.7143943390018356e-05
leaf_weight=12.427948661374105 163.75389949273085 8.6131987101762189 19.014349860255606 13.402246147197731 26.134566769163939 17.580700213133241
leaf_count=1422 5530 1385 456 2012 390 593
internal_value=0 -0.00689023 -0.00116241 0.00131269 -0.00432857 -0.0111936
internal_weight=260.927 40.0555 31.4423 220.871 57.1175 30.9829
internal_count=11788 3263 1878 8525 2995 2605
is_linear=0
shrinkage=0.025


Tree=221
num_leaves=7
num_cat=0
split_feature=61 44 62 0 22 0
split_gain=3.86726 4.89914 4.13282 4.43217 2.93418 3.98576
threshold=0.71538450000000009 0.046724500000000009 0.41666666666666669 0.48510000000000003 0.40920200000000001 0.4233670000000001
decision_type=2 2 2 2 2 2
left_child=1 4 -3 -4 5 -1
right_child=-2 2 3 -5 -6 -7
leaf_value=-0.0002568919382927416 0.0072617949801724148 0.0088706506070090115 0.00458834890895575 -0.0042221913369315661 0.0020959098558636364 -0.018277589728518222
leaf_weight=13.172634561247831 36.571336432592943 28.755909774947213 52.202019179989293 98.432222237541282 10.308942056057274 20.336450824281201
leaf_count=2219 459 323 1523 3040 305 3919
internal_value=0 -0.00125706 0.000561312 -0.00108671 -0.00851882 -0.0119462
internal_weight=259.78 223.208 179.39 150.634 43.818 33.5091
internal_count=11788 11329 4886 4563 6443 6138
is_linear=0
shrinkage=0.025


Tree=222
num_leaves=7
num_cat=0
split_feature=29 9 0 4 28 2
split_gain=3.76666 4.26235 4.11184 3.61939 3.08879 3.00899
threshold=0.94364700000000012 0.63000000000000012 0.43580000000000002 1.0000000180025095e-35 0.52868100000000007 0.70272314548492443
decision_type=2 2 2 2 2 2
left_child=1 2 4 5 -1 -3
right_child=-2 3 -4 -5 -6 -7
leaf_value=-0.0073225312133030525 0.010700979836843394 -0.00035612279562395366 -0.019282919586534528 -0.011733148118240343 0.013282003496449677 0.0067920538979954655
leaf_weight=11.303591498646712 16.571087066637119 158.02509130987164 11.958668530962312 11.840917736553818 4.2498333168041418 44.662858795840293
leaf_count=2370 152 4527 3479 589 272 399
internal_value=0 -0.000834541 -0.00967048 0.000356643 -0.000148222 0.00123992
internal_weight=258.612 242.041 27.5121 214.529 15.5534 202.688
internal_count=11788 11636 6121 5515 2642 4926
is_linear=0
shrinkage=0.025


Tree=223
num_leaves=7
num_cat=0
split_feature=1 29 15 4 61 17
split_gain=3.71228 3.23744 3.72733 3.42153 2.87955 2.30297
threshold=0.46926748752594 0.52868100000000007 0.78087300000000004 1.0000000180025095e-35 0.051250000000000011 0.73184600000000011
decision_type=2 2 2 2 2 2
left_child=4 2 3 -2 -1 -3
right_child=1 5 -4 -5 -6 -7
leaf_value=0.0037405598867230844 -0.0004170608757117842 0.010066212230071776 0.010870816193825423 -0.014562806467873899 -0.015316651373889595 -0.0073849211761004207
leaf_weight=4.9870872314350008 182.1794374295132 30.361190586947487 14.554831964196635 8.9920109675294935 13.813723327730257 3.0780522085551629
leaf_count=919 6228 426 152 518 3499 46
internal_value=0 0.000881862 -0.000283243 -0.001307 -0.0100051 0.00781442
internal_weight=257.966 239.166 205.726 191.171 18.8008 33.4392
internal_count=11788 7370 6898 6746 4418 472
is_linear=0
shrinkage=0.025


Tree=224
num_leaves=7
num_cat=0
split_feature=39 43 22 1 31 59
split_gain=3.67375 5.0484 4.18461 3.94138 3.82634 4.13056
threshold=1.0000000180025095e-35 1.0000000180025095e-35 0.47193300000000005 0.61725264787673961 0.43963300000000005 1.0000000180025095e-35
decision_type=2 2 2 2 2 2
left_child=1 3 4 -1 5 -2
right_child=2 -3 -4 -5 -6 -7
leaf_value=-0.010863198515806957 -0.0090716938557590648 -0.021577708431765021 0.0066251860433668725 0.0058127016502259434 0.0092123928667896971 0.000281963232670177
leaf_weight=12.993622565008993 38.457537372771185 8.3141025371223787 62.604488087119535 17.819536502531264 17.729715458117425 99.120554366090801
leaf_count=1605 3141 1385 783 273 373 4228
internal_value=0 -0.00681146 0.00128642 -0.00124422 -0.000881052 -0.00238546
internal_weight=257.04 39.1273 217.912 30.8132 155.308 137.578
internal_count=11788 3263 8525 1878 7742 7369
is_linear=0
shrinkage=0.025


Tree=225
num_leaves=7
num_cat=0
split_feature=61 44 62 0 22 0
split_gain=3.57183 4.54752 3.52408 4.057 2.56633 3.75378
threshold=0.71538450000000009 0.046724500000000009 0.41666666666666669 0.48510000000000003 0.40920200000000001 0.4233670000000001
decision_type=2 2 2 2 2 2
left_child=1 4 -3 -4 5 -1
right_child=-2 2 3 -5 -6 -7
leaf_value=-0.00015902695252700927 0.0070163444318209036 0.0082568317699722987 0.0044514863912127464 -0.0040182472519922118 0.0016801029691647163 -0.017843469684644252
leaf_weight=12.964002838678423 36.137648873555008 28.364135009571328 51.753142721507174 97.205338383071648 10.120673477111266 19.597512334701605
leaf_count=2219 459 323 1523 3040 305 3919
internal_value=0 -0.00121838 0.000532227 -0.000992903 -0.00831194 -0.0115655
internal_weight=256.142 220.005 177.323 148.958 42.6822 32.5615
internal_count=11788 11329 4886 4563 6443 6138
is_linear=0
shrinkage=0.025


Tree=226
num_leaves=7
num_cat=0
split_feature=1 29 32 0 6 61
split_gain=3.51604 3.141 3.47671 4.20315 2.92257 2.63082
threshold=0.46926748752594 0.52868100000000007 0.71124000000000009 0.81750000000000012 0.74554050000000005 0.051250000000000011
decision_type=2 2 2 2 2 2
left_child=5 2 4 -4 -2 -1
right_child=1 -3 3 -5 -6 -7
leaf_value=0.0033705308169097547 -0.0029152351221612034 0.007742921394263436 0.012856236073025341 -0.010791609512312323 0.0056401186922961886 -0.014919770586180534
leaf_weight=4.9445007118774837 153.6266072573053 32.920974535460118 19.793630700558428 3.5116953581455155 26.795593151357025 13.58100457311957
leaf_count=919 6263 472 223 108 304 3499
internal_value=0 0.000861736 -0.000288171 0.00825358 -0.00153708 -0.00980157
internal_weight=255.174 236.649 203.728 23.3053 180.422 18.5255
internal_count=11788 7370 6898 331 6567 4418
is_linear=0
shrinkage=0.025


Tree=227
num_leaves=7
num_cat=0
split_feature=1 17 22 49 32 62
split_gain=3.51286 3.98395 4.75636 3.70944 2.98143 2.97927
threshold=0.61368605494499218 0.68893000000000015 0.47193300000000005 1.0000000180025095e-35 0.18153500000000003 0.58333333333333337
decision_type=2 2 2 2 2 2
left_child=1 2 3 -1 -3 -2
right_child=5 4 -4 -5 -6 -7
leaf_value=0.0020411461909843466 0.0057768234223033645 -0.01789264501224996 0.010815633483942643 -0.0083283369724091085 -0.00023484498927703741 -0.0016678763449702848
leaf_weight=39.886779179949372 80.191955716989469 14.590297570524855 16.1069106675277 40.231088020686002 10.875552920449989 52.599578984169057
leaf_count=2188 867 972 428 5958 264 1111
internal_value=0 -0.00303604 -0.000512696 -0.00315442 -0.0113596 0.00278693
internal_weight=254.482 121.691 96.2248 80.1179 25.4659 132.792
internal_count=11788 9810 8574 8146 1236 1978
is_linear=0
shrinkage=0.025


Tree=228
num_leaves=7
num_cat=0
split_feature=61 44 62 29 1 47
split_gain=3.41774 4.03507 3.184 3.86783 2.40695 2.38461
threshold=0.71538450000000009 0.046724500000000009 0.41666666666666669 1.0000000180025095e-35 0.66866797208786022 0.98987100000000006
decision_type=2 2 2 2 2 2
left_child=1 5 4 -4 -3 -1
right_child=-2 2 3 -5 -6 -7
leaf_value=-0.010139551918690908 0.0068977515233829339 0 -0.0047704020184193233 0.0031651816652980662 0.013955937555322186 0.0055303659039457496
leaf_weight=37.090036764850083 35.759649084066041 13.247246669867311 78.695747813675553 69.443199278990505 14.848423399962483 4.7609513989882535
leaf_count=6395 459 245 2732 1831 78 48
internal_value=0 -0.00119639 0.00044683 -0.00100155 0.00782748 -0.0079484
internal_weight=253.845 218.086 176.235 148.139 28.0957 41.851
internal_count=11788 11329 4886 4563 323 6443
is_linear=0
shrinkage=0.025


Tree=229
num_leaves=7
num_cat=0
split_feature=39 43 22 15 33 3
split_gain=3.4098 4.78162 4.00403 3.88377 3.58452 3.82443
threshold=1.0000000180025095e-35 1.0000000180025095e-35 0.47193300000000005 0.6723960000000001 0.70000000000000007 0.9489155411720277
decision_type=2 2 2 2 2 2
left_child=1 3 4 -1 5 -2
right_child=2 -3 -4 -5 -6 -7
leaf_value=-0.011275640912244988 -0.0085728609051503642 -0.02121033837221661 0.0065003592198243773 0.0055392934833291968 0.01074249517477922 0.00036842122955584028
leaf_weight=11.917492472231972 38.744183241324208 8.031445693173735 61.774431490863208 18.336098807136295 12.305649934816755 101.99676521144283
leaf_count=1422 2697 1385 783 456 209 4836
internal_value=0 -0.00663294 0.00124482 -0.00117237 -0.000890615 -0.00213858
internal_weight=253.106 38.285 214.821 30.2536 153.047 140.741
internal_count=11788 3263 8525 1878 7742 7533
is_linear=0
shrinkage=0.025


Tree=230
num_leaves=7
num_cat=0
split_feature=1 39 29 0 48 6
split_gain=3.4179 4.1893 3.37528 3.20782 2.80982 4.21497
threshold=0.61368605494499218 1.0000000180025095e-35 0.91839300000000013 0.3501665000000001 0.37386650000000005 0.60903350000000012
decision_type=2 2 2 2 2 2
left_child=1 -1 3 -3 -2 -6
right_child=4 2 -4 -5 5 -7
leaf_value=-0.013998589761979 -0.010940689857514993 0.0046195153681408479 0.013212057668631361 -0.0051260749344045169 0.014136148227019075 0.0015814620984726355
leaf_weight=16.041337508380821 6.0973408418358295 26.494820365718624 6.9647827536973628 71.355106628361682 18.071226150437724 107.31043153948849
leaf_count=2719 196 1216 89 5786 290 1492
internal_value=0 -0.00300267 -0.000951366 -0.00235072 0.0027646 0.00370037
internal_weight=252.335 120.856 104.815 97.8499 131.479 125.382
internal_count=11788 9810 7091 7002 1978 1782
is_linear=0
shrinkage=0.025


Tree=231
num_leaves=7
num_cat=0
split_feature=1 17 22 6 62 3
split_gain=3.46959 4.22161 4.31266 3.404 2.79416 3.06068
threshold=0.61368605494499218 0.68893000000000015 0.47193300000000005 0.52433900000000011 0.58333333333333337 0.96362560987472545
decision_type=2 2 2 2 2 2
left_child=1 2 3 -1 -2 -6
right_child=4 -3 -4 -5 5 -7
leaf_value=0.0034898209272705345 0.0057020158055011705 -0.011586028264839827 0.010439097670501307 -0.0068240757169405657 0.0029788462186694461 -0.0088015240213247976
leaf_weight=29.011796168342698 79.175525953876786 25.452115118096117 15.87221733498154 50.190212088244152 32.410385683906497 19.859955578023801
leaf_count=3700 867 1236 428 4446 608 503
internal_value=0 -0.00303111 -0.00041304 -0.0029478 0.00278401 -0.00153475
internal_weight=251.972 120.526 95.0742 79.202 131.446 52.2703
internal_count=11788 9810 8574 8146 1978 1111
is_linear=0
shrinkage=0.025


Tree=232
num_leaves=7
num_cat=0
split_feature=1 17 59 18 26 15
split_gain=3.35207 4.08682 4.0462 4.13982 3.49929 2.88271
threshold=0.61368605494499218 0.68893000000000015 1.0000000180025095e-35 0.63329400000000013 0.91000000000000003 0.70355800000000002
decision_type=2 2 2 2 2 2
left_child=1 2 4 -4 -1 -3
right_child=-2 5 3 -5 -6 -7
leaf_value=-0.011031874146205177 0.0027308238291095526 -0.019358848874707249 -0.015533406432949148 0.0049436338944485875 0.010401578956849677 -0.0020207341966398205
leaf_weight=26.361928555757917 131.82403902133228 11.822246653304321 4.2442354270169735 61.27101187959488 3.2386368696315904 13.628968704200814
leaf_count=3634 1978 880 1954 2883 103 356
internal_value=0 -0.00298061 -0.000404245 0.00296624 -0.00778679 -0.0113986
internal_weight=252.391 120.567 95.1158 65.5152 29.6006 25.4512
internal_count=11788 9810 8574 4837 3737 1236
is_linear=0
shrinkage=0.025


Tree=233
num_leaves=7
num_cat=0
split_feature=61 44 62 0 17 20
split_gain=3.26271 3.74292 3.65158 4.6752 2.5638 3.05609
threshold=0.71538450000000009 0.054674000000000007 0.41666666666666669 0.48510000000000003 0.64803900000000014 0.69594850000000008
decision_type=2 2 2 2 2 2
left_child=1 4 -3 -4 -1 -6
right_child=-2 2 3 -5 5 -7
leaf_value=-0.012524484261709642 0.0067633379103844374 0.0088614768189304166 0.005066373405726938 -0.0043061836515839256 0.0074091569367233214 -0.0083821634900450737
leaf_weight=24.016661487265083 35.467816117510665 25.611301731842104 48.478422822016 91.824137020106718 11.547551373056196 14.0492468951561
leaf_count=5276 459 305 1420 2921 964 443
internal_value=0 -0.00117778 0.000600938 -0.000974432 -0.00703744 -0.000921385
internal_weight=250.995 215.527 165.914 140.303 49.6135 25.5968
internal_count=11788 11329 4646 4341 6683 1407
is_linear=0
shrinkage=0.025


Tree=234
num_leaves=7
num_cat=0
split_feature=39 43 22 44 20 59
split_gain=3.3105 4.45093 4.0448 4.2784 3.93282 3.70471
threshold=1.0000000180025095e-35 1.0000000180025095e-35 0.50463300000000011 0.40177200000000007 0.69145100000000015 1.0000000180025095e-35
decision_type=2 2 2 2 2 2
left_child=1 -1 3 5 -5 -2
right_child=2 -3 -4 4 -6 -7
leaf_value=-0.0012777200598395983 -0.010247378530549122 -0.020896895978017631 0.0080708925896711449 0.011866158918024033 -0.0010498500470049233 -0.00031961733709260173
leaf_weight=29.688015038555022 30.686201919910673 7.7467813895127611 40.765571178635582 25.576784421718912 27.888303750369232 87.849798458737496
leaf_count=1878 3061 1385 479 455 361 4169
internal_value=0 -0.00661086 0.0012264 -0.00043804 0.00522666 -0.00312055
internal_weight=250.201 37.4348 212.767 172.001 53.4651 118.536
internal_count=11788 3263 8525 8046 816 7230
is_linear=0
shrinkage=0.025


Tree=235
num_leaves=7
num_cat=0
split_feature=1 48 6 21 62 15
split_gain=3.24261 3.63947 2.78046 5.00935 3.95662 3.79833
threshold=0.45630170404911047 0.25536650000000005 0.53074100000000002 0.77400000000000013 0.75000000000000011 0.71473100000000012
decision_type=2 2 2 2 2 2
left_child=1 -1 -2 5 -5 -4
right_child=2 -3 3 4 -6 -7
leaf_value=0.0039339201951275778 0.0072274118827864433 -0.018564956744155859 -0.0093325372153959009 0.0047164151934278881 -0.0054895790879129457 0.0028403672538446171
leaf_weight=5.193207171985704 32.913703380509105 9.2434383972140477 49.387157539378677 105.01040215848479 27.527293576058582 20.40719573883689
leaf_count=975 1807 2926 3004 1405 1237 434
internal_value=0 -0.0105689 0.000752913 -0.000332943 0.00246951 -0.00567712
internal_weight=249.682 14.4366 235.246 202.332 132.538 69.7944
internal_count=11788 3901 7887 6080 2642 3438
is_linear=0
shrinkage=0.025


Tree=236
num_leaves=7
num_cat=0
split_feature=61 0 61 48 15 48
split_gain=3.21872 3.53549 7.24361 5.74212 3.52436 3.35857
threshold=0.71538450000000009 0.48510000000000003 0.48363350000000005 0.54183350000000019 0.6667415000000001 0.6971670000000002
decision_type=2 2 2 2 2 2
left_child=1 4 5 -4 -1 -3
right_child=-2 2 3 -5 -6 -7
leaf_value=-0.0019065381003227221 0.0067492115920517893 -0.013475740227060194 -0.014626351624679533 0.0031304597593454541 0.0083822109672310376 0.0052879646580094152
leaf_weight=40.588613613937923 35.121301392442547 42.617431534068601 10.702600998178239 78.465084676849074 36.696140177744383 4.7947521039750418
leaf_count=4230 459 4463 467 1289 804 76
internal_value=0 -0.00117355 -0.00359732 0.000562925 0.00297864 -0.0112331
internal_weight=248.986 213.865 136.58 89.1677 77.2848 47.4122
internal_count=11788 11329 6295 1756 5034 4539
is_linear=0
shrinkage=0.025


Tree=237
num_leaves=7
num_cat=0
split_feature=61 47 0 0 61 60
split_gain=3.14038 3.38159 5.74223 8.40905 3.80391 3.6101
threshold=0.71538450000000009 0.98987100000000006 0.48510000000000003 0.73746650000000014 0.47689900000000002 0.82000000000000017
decision_type=2 2 2 2 2 2
left_child=1 2 5 -4 -3 -1
right_child=-2 4 3 -5 -6 -7
leaf_value=0.0045188349991426941 0.0066683195915312569 -0.01181916431625726 -0.014897938045246559 -0.00056618058559608573 0.010168338034991935 -0.012646352227989963
leaf_weight=69.857934761588695 35.078742894751485 3.4640017830824972 39.731147388651152 68.903053116948286 24.840664845891297 5.940867090568644
leaf_count=4452 459 73 3780 2290 175 559
internal_value=0 -0.00116423 -0.00245065 -0.00610374 0.00645258 0.0027009
internal_weight=247.816 212.738 184.433 108.634 28.3047 75.7988
internal_count=11788 11329 11081 6070 248 5011
is_linear=0
shrinkage=0.025


Tree=238
num_leaves=7
num_cat=0
split_feature=39 43 22 44 20 15
split_gain=3.16995 4.11683 3.80165 3.98111 3.63201 3.49358
threshold=1.0000000180025095e-35 1.0000000180025095e-35 0.50463300000000011 0.40177200000000007 0.69145100000000015 0.6723960000000001
decision_type=2 2 2 2 2 2
left_child=1 5 3 -2 -5 -1
right_child=2 -3 -4 4 -6 -7
leaf_value=-0.01111400813931394 -0.0030223151553573375 -0.020497979684538752 0.0078510833761507078 0.011503208608024725 -0.00098587836684926162 0.0050799078331138885
leaf_weight=11.412085269592355 117.34772758737745 7.4689105540746814 40.534049099544063 25.199737135873875 27.471462873276323 17.771548436401645
leaf_count=1422 7230 1385 479 455 361 456
internal_value=0 -0.00653812 0.0012015 -0.000423895 0.00508123 -0.00135374
internal_weight=247.206 36.6525 210.553 170.019 52.6712 29.1836
internal_count=11788 3263 8525 8046 816 1878
is_linear=0
shrinkage=0.025


Tree=239
num_leaves=7
num_cat=0
split_feature=60 20 16 20 19 22
split_gain=3.23949 4.31654 3.45025 3.20816 4.94056 4.70647
threshold=0.82000000000000017 0.69721850000000007 0.60695300000000019 0.68005750000000009 0.64775600000000011 0.37803700000000001
decision_type=2 2 2 2 2 2
left_child=2 -2 -1 4 -4 -5
right_child=1 -3 3 5 -6 -7
leaf_value=-0.0073649231042157625 -0.015115767326325177 0.00032653563921885534 -0.0043836228150121422 -0.0056419408912175813 0.0127464006601098 0.0038843326949617816
leaf_weight=22.411882508458802 16.606461865856545 24.890355386392912 12.397338179696815 47.585717456095153 34.044408102738089 88.677640912414063
leaf_count=3572 1868 417 1323 1560 1574 1474
internal_value=0 -0.00616215 0.00130584 0.00250176 0.00800452 0.000452811
internal_weight=246.614 41.4968 205.117 182.705 46.4417 136.263
internal_count=11788 2285 9503 5931 2897 3034
is_linear=0
shrinkage=0.025


end of trees

feature_importances:
Column_62=107
Column_1=101
Column_29=87
Column_9=79
Column_22=78
Column_39=77
Column_44=74
Column_47=72
Column_0=71
Column_2=70
Column_61=69
Column_19=63
Column_43=47
Column_60=45
Column_17=44
Column_48=43
Column_15=38
Column_31=35
Column_6=31
Column_16=31
Column_49=30
Column_21=24
Column_18=21
Column_59=20
Column_20=15
Column_4=9
Column_3=8
Column_24=8
Column_46=7
Column_14=6
Column_27=6
Column_28=6
Column_30=6
Column_32=5
Column_33=4
Column_34=2
Column_26=1

parameters:
[boosting: gbdt]
[objective: lambdarank]
[metric: ndcg]
[tree_learner: serial]
[device_type: cpu]
[data_sample_strategy: bagging]
[data: ]
[valid: ]
[num_iterations: 240]
[learning_rate: 0.025]
[num_leaves: 7]
[num_threads: 6]
[seed: 20260917]
[deterministic: 0]
[force_col_wise: 0]
[force_row_wise: 0]
[histogram_pool_size: -1]
[max_depth: 4]
[min_data_in_leaf: 28]
[min_sum_hessian_in_leaf: 0.001]
[bagging_fraction: 1]
[pos_bagging_fraction: 1]
[neg_bagging_fraction: 1]
[bagging_freq: 0]
[bagging_seed: 21127]
[bagging_by_query: 0]
[feature_fraction: 0.9]
[feature_fraction_bynode: 1]
[feature_fraction_seed: 21938]
[extra_trees: 0]
[extra_seed: 28712]
[early_stopping_round: 0]
[early_stopping_min_delta: 0]
[first_metric_only: 0]
[max_delta_step: 0]
[lambda_l1: 0.35]
[lambda_l2: 2.5]
[linear_lambda: 0]
[min_gain_to_split: 0]
[drop_rate: 0.1]
[max_drop: 50]
[skip_drop: 0.5]
[xgboost_dart_mode: 0]
[uniform_drop: 0]
[drop_seed: 1964]
[top_rate: 0.2]
[other_rate: 0.1]
[min_data_per_group: 100]
[max_cat_threshold: 32]
[cat_l2: 10]
[cat_smooth: 10]
[max_cat_to_onehot: 4]
[top_k: 20]
[monotone_constraints: ]
[monotone_constraints_method: basic]
[monotone_penalty: 0]
[feature_contri: ]
[forcedsplits_filename: ]
[refit_decay_rate: 0.9]
[cegb_tradeoff: 1]
[cegb_penalty_split: 0]
[cegb_penalty_feature_lazy: ]
[cegb_penalty_feature_coupled: ]
[path_smooth: 0]
[interaction_constraints: ]
[verbosity: -1]
[saved_feature_importance_type: 0]
[use_quantized_grad: 0]
[num_grad_quant_bins: 4]
[quant_train_renew_leaf: 0]
[stochastic_rounding: 1]
[linear_tree: 0]
[max_bin: 255]
[max_bin_by_feature: ]
[min_data_in_bin: 3]
[bin_construct_sample_cnt: 200000]
[data_random_seed: 5076]
[is_enable_sparse: 1]
[enable_bundle: 1]
[use_missing: 1]
[zero_as_missing: 0]
[feature_pre_filter: 1]
[pre_partition: 0]
[two_round: 0]
[header: 0]
[label_column: ]
[weight_column: ]
[group_column: ]
[ignore_column: ]
[categorical_feature: ]
[forcedbins_filename: ]
[precise_float_parser: 0]
[parser_config_file: ]
[objective_seed: 8114]
[num_class: 1]
[is_unbalance: 0]
[scale_pos_weight: 1]
[sigmoid: 1]
[boost_from_average: 1]
[reg_sqrt: 0]
[alpha: 0.9]
[fair_c: 1]
[poisson_max_delta_step: 0.7]
[tweedie_variance_power: 1.5]
[lambdarank_truncation_level: 10]
[lambdarank_norm: 1]
[label_gain: ]
[lambdarank_position_bias_regularization: 0]
[eval_at: 1,5,10]
[multi_error_top_k: 1]
[auc_mu_weights: ]
[num_machines: 1]
[local_listen_port: 12400]
[time_out: 120]
[machine_list_filename: ]
[machines: ]
[gpu_platform_id: -1]
[gpu_device_id: -1]
[gpu_device_id_list: ]
[gpu_use_dp: 0]
[num_gpu: 1]

end of parameters

pandas_categorical:null
