tree
version=v4
num_class=1
num_tree_per_iteration=1
label_index=0
max_feature_idx=82
objective=lambdarank
feature_names=Column_0 Column_1 Column_2 Column_3 Column_4 Column_5 Column_6 Column_7 Column_8 Column_9 Column_10 Column_11 Column_12 Column_13 Column_14 Column_15 Column_16 Column_17 Column_18 Column_19 Column_20 Column_21 Column_22 Column_23 Column_24 Column_25 Column_26 Column_27 Column_28 Column_29 Column_30 Column_31 Column_32 Column_33 Column_34 Column_35 Column_36 Column_37 Column_38 Column_39 Column_40 Column_41 Column_42 Column_43 Column_44 Column_45 Column_46 Column_47 Column_48 Column_49 Column_50 Column_51 Column_52 Column_53 Column_54 Column_55 Column_56 Column_57 Column_58 Column_59 Column_60 Column_61 Column_62 Column_63 Column_64 Column_65 Column_66 Column_67 Column_68 Column_69 Column_70 Column_71 Column_72 Column_73 Column_74 Column_75 Column_76 Column_77 Column_78 Column_79 Column_80 Column_81 Column_82
feature_infos=[0:1] [-0.035627521574497223:0.83773982524871826] [-0.035817231982946396:0.86836433410644531] [0.63048857450485229:0.99203497171401978] [0:1] [0:1] [0.29658499999999999:0.83450299999999999] [0:1] [0:1] [0.080000000000000002:1] [0:1] none [0:1] none [0:1] [0:0.85160000000000002] [0.52320800000000001:0.79572299999999996] [0:0.79816399999999998] [0.53391100000000002:0.79447900000000005] [0.52735900000000002:0.82273300000000005] [0.476688:0.82699] [0:1] [0.088976:0.645644] [0:1] [0:1] [0:1] [0:1] [0:1] [0:1] [0:1] [0:1] [0:0.80000000000000004] [0:1] [0:1] [0:1] [0:1] [0:1] [0:1] none [0:1] [0:1] [0:1] [0:1] [0:1] [0:1] [0:1] [0:1] [0:1] [0:1] [0:1] [0:1] [0:1] [0:1] [0.55000000000000004:0.90000000000000002] [0:1] [0:1] none [0:1] [0:1] [0:1] [0.059999999999999998:1] [0:1] [0.16666666666666666:1] [0:1] [0:1] [0:1] [0:1] [0:1] [0:1] [0:1] [0:1] [0:1] [0:1] [0:1] [0:1] [0:1] [0:1] [0:1] [0:1] [0:1] [0:1] [0:1] [0:1]
tree_sizes=888 893 890 897 896 897 872 870 892 891 888 900 895 886 897 895 892 897 893 889 895 895 896 894 896 896 894 894 897 894 894 895 894 889 904 896 901 897 900 897 899 877 890 898 898 898 894 900 890 896 896 893 894 906 901 899 904 898 894 894 904 896 900 905 904 898 876 893 906 903 907 892 894 878 903 892 900 895 902 893 903 906 893 894 897 895 904 900 902 900 901 904 906 898 908 881 896 895 884 903 901 896 892 906 906 905 903 893 908 892 900 898 887 899 904 875 905 905 898 897 898 901 908 911 900 899 892 898 885 899 901 899 901 898 901 895 884 896 908 901 871 898 902 907 904 900 899 905 902 892 899 897 898 885 891 897 903 894 904 901 901 909 892 877 895 902 903 906 896 905 905 896 899 899 900 901 902 899 893 899 901 891 901 910 872 894 895 898 899 912 909 902 892 907 905 910 907 896 907 900 903 904 898 895 900 907 892 903 902 898 909 903 903 916 900 904 905 901 905 912 904 913 899 872 902 906 905 898 898 906 903 910 896 904 902 900 902 907 906 897

Tree=0
num_leaves=7
num_cat=0
split_feature=9 62 2 60 48 2
split_gain=392.476 97.6902 42.9765 32.9529 29.244 24.8439
threshold=0.58350000000000002 0.75000000000000011 0.61438253521919262 0.68000000000000005 0.66350000000000009 0.55406236648559581
decision_type=2 2 2 2 2 2
left_child=5 2 3 -2 -3 -1
right_child=1 4 -4 -5 -6 -7
leaf_value=-0.046223018051951455 0.020362539224672776 -0.021660240443464259 0.036472148024333712 -0.016937000985419951 0.01384305337459607 -0.012541944261065988
leaf_weight=83.167330061405664 55.3492251727439 40.238005243911175 108.03767734949361 17.532199272740399 19.565337968611857 19.936859435591032
leaf_count=11861 2733 3629 3428 1309 978 2231
internal_value=0 0.0174735 0.0265524 0.0110096 -0.0098151 -0.0402442
internal_weight=343.827 240.722 180.919 72.8814 59.8033 103.104
internal_count=26169 12077 7470 4042 4607 14092
is_linear=0
shrinkage=0.025


Tree=1
num_leaves=7
num_cat=0
split_feature=9 2 1 39 60 6
split_gain=821.018 192.681 158.393 146.399 136.115 72.1868
threshold=0.71000000000000008 0.67772752046585094 0.51781070232391369 1.0000000180025095e-35 0.68000000000000005 0.72744600000000015
decision_type=2 2 2 2 2 2
left_child=2 3 -1 -2 -5 -4
right_child=1 -3 5 4 -6 -7
leaf_value=-0.044205067691981251 -0.023752770323123364 0.030151475019443087 -0.019064909213854574 0.018289776784415523 -0.014900215414943796 0.022042316187331112
leaf_weight=207.75741146982182 88.715098845539615 299.98104604729451 169.15359649993479 347.46850177948363 96.757746795425192 29.267603948246688
leaf_count=12605 1914 1897 3833 3410 2254 256
internal_value=0 0.0142045 -0.0290369 0.00511311 0.0109981 -0.0127591
internal_weight=1239.1 832.922 406.179 532.941 444.226 198.421
internal_count=26169 9475 16694 7578 5664 4089
is_linear=0
shrinkage=0.025


Tree=2
num_leaves=7
num_cat=0
split_feature=9 47 39 2 19 62
split_gain=794.794 267.762 205.655 152.798 142.304 36.5102
threshold=0.65000000000000013 0.92324450000000013 1.0000000180025095e-35 0.53135663270950328 0.72383400000000009 0.58333333333333337
decision_type=2 2 2 2 2 2
left_child=4 2 -2 -4 -1 -3
right_child=1 5 3 -5 -6 -7
leaf_value=-0.041241040248345892 -0.031173391034374338 0.039283163407037185 -0.015270363763281529 0.015953595265789672 0.011149057664060356 0.017485278502701939
leaf_weight=265.62121926248074 91.230895376880653 182.25125614646822 124.42308465251699 427.47538068203721 35.507806825451553 75.73162317299284
leaf_count=14691 2438 287 2571 5119 690 373
internal_value=0 0.0117585 0.00307 0.00886139 -0.0349937 0.0331472
internal_weight=1202.24 901.112 643.129 551.898 301.129 257.983
internal_count=26169 10788 10128 7690 15381 660
is_linear=0
shrinkage=0.025


Tree=3
num_leaves=7
num_cat=0
split_feature=1 44 62 49 21 29
split_gain=841.927 199.797 153.039 82.817 75.6992 72.4808
threshold=0.56914222240448009 0.083384500000000014 0.58333333333333337 1.0000000180025095e-35 0.87400000000000011 0.31620650000000006
decision_type=2 2 2 2 2 2
left_child=1 4 -2 -3 -1 -4
right_child=2 3 5 -5 -6 -7
leaf_value=-0.043172861665195454 0.025863915285516955 0.010541908479374078 -0.0063908410554047159 -0.022022551136263672 0.0030142778869182139 0.022307627136650351
leaf_weight=256.26960737074842 451.52039741980843 93.939877102675382 188.59105484036263 96.270499539154116 23.528806868707761 74.676380012417212
leaf_count=13050 3646 1949 3278 3171 480 595
internal_value=0 -0.0259109 0.0170686 -0.0059663 -0.0392656 0.00184989
internal_weight=1184.8 470.009 714.788 190.21 279.798 263.267
internal_count=26169 18650 7519 5120 13530 3873
is_linear=0
shrinkage=0.025


Tree=4
num_leaves=7
num_cat=0
split_feature=1 62 44 19 18 60
split_gain=792.871 206.508 128.697 142.134 102.586 48.0338
threshold=0.51935818791389476 0.75000000000000011 0.047175500000000009 0.71974850000000001 0.6805095000000001 0.68000000000000005
decision_type=2 2 2 2 2 2
left_child=4 2 3 -2 -1 -4
right_child=1 -3 5 -5 -6 -7
leaf_value=-0.039499317617000804 -0.029757751730383572 -0.019525620408235713 0.026874912442739759 0.018021901658283927 -0.0022921030061099352 0.0092782705281911904
leaf_weight=267.00783854513429 66.177170403650962 105.0943578723236 447.22522906021914 87.218163019046187 56.921286247728858 130.24372830794891
leaf_count=14140 1883 3339 2770 627 1317 2093
internal_value=0 0.0128692 0.0175901 -0.00268152 -0.0330556 0.0229783
internal_weight=1159.89 835.959 730.864 153.395 323.929 577.469
internal_count=26169 10712 7373 2510 15457 4863
is_linear=0
shrinkage=0.025


Tree=5
num_leaves=7
num_cat=0
split_feature=9 62 19 47 39 47
split_gain=786.074 239.654 89.0362 87.4251 106.753 49.0848
threshold=0.65000000000000013 0.75000000000000011 0.72383400000000009 0.92324450000000013 1.0000000180025095e-35 0.77426000000000006
decision_type=2 2 2 2 2 2
left_child=2 3 -1 4 -2 -3
right_child=1 5 -4 -5 -6 -7
leaf_value=-0.039016861937812876 -0.024569734503269006 -0.034180055173612688 8.9558802966317296e-05 0.029390075343324086 0.015112506350136194 0.0022551346149754861
leaf_weight=268.55080212786561 44.668647647602484 69.654059272957966 41.501146876253188 259.60116003360599 421.31813449767651 32.923425938410219
leaf_count=14691 1329 3293 690 486 5091 589
internal_value=0 0.0127161 -0.0337955 0.0177852 0.0111791 -0.0226271
internal_weight=1138.22 828.165 310.052 725.588 465.987 102.577
internal_count=26169 10788 15381 6906 6420 3882
is_linear=0
shrinkage=0.025


Tree=6
num_leaves=7
num_cat=0
split_feature=9 62 61 0 19 9
split_gain=719.467 196.627 87.2629 101.71 84.2527 60.0779
threshold=0.65000000000000013 0.75000000000000011 0.49446450000000003 0.51600000000000013 0.72383400000000009 0.75000000000000011
decision_type=2 2 2 2 2 2
left_child=4 2 3 -2 -1 -4
right_child=1 -3 5 -5 -6 -7
leaf_value=-0.038236309557974364 0.017776674210403201 -0.020782447562350759 -0.00066217238315071595 -0.012433923702178431 0 0.027254144951965931
leaf_weight=258.20117250157637 173.84350913972594 97.262314249994233 54.322103412821889 112.57027448853478 41.461494424846023 378.62456073937938
leaf_count=14691 1848 3882 530 2061 690 2467
internal_value=0 0.0121628 0.0166859 0.00586776 -0.0329717 0.0237477
internal_weight=1116.29 816.623 719.36 286.414 299.663 432.947
internal_count=26169 10788 6906 3909 15381 2997
is_linear=0
shrinkage=0.025


Tree=7
num_leaves=7
num_cat=0
split_feature=9 62 19 47 39 47
split_gain=686.521 199.071 83.5442 81.8515 68.1524 40.8382
threshold=0.65000000000000013 0.75000000000000011 0.72383400000000009 0.94988050000000013 1.0000000180025095e-35 0.94988050000000013
decision_type=2 2 2 2 2 2
left_child=2 3 -1 4 -2 -3
right_child=1 5 -4 -5 -6 -7
leaf_value=-0.03777722006119124 -0.015007556076535214 -0.028358383380852129 0 0.029308103340040387 0.014065711261828623 0.01522459712201556
leaf_weight=253.64813534310088 54.510567858174909 80.96459801972378 42.707386105321348 216.28653299901634 440.74882689880906 14.092280506447421
leaf_count=14691 1362 3754 690 371 5173 128
internal_value=0 0.0119601 -0.03238 0.0165133 0.0107889 -0.0215829
internal_weight=1102.96 806.603 296.356 711.546 495.259 95.0569
internal_count=26169 10788 15381 6906 6535 3882
is_linear=0
shrinkage=0.025


Tree=8
num_leaves=7
num_cat=0
split_feature=1 9 47 29 18 0
split_gain=642.763 172.095 74.3792 102.286 57.2966 49.8323
threshold=0.50930187106132518 0.71000000000000008 0.92324450000000013 0.75473800000000013 0.6805095000000001 0.43580000000000002
decision_type=2 2 2 2 2 2
left_child=4 5 3 -3 -1 -2
right_child=1 2 -4 -5 -6 -7
leaf_value=-0.037110728888539696 0.0070847991622914738 0.0037881051484223958 0.027557106900636126 0.035130832056830263 -0.0052636901148601862 -0.023132592691123742
leaf_weight=238.24508959049126 49.878163008543197 326.03889675677055 250.67793068208266 79.332553319633007 43.210630327346735 96.980555985297542
leaf_count=13705 1264 6187 542 209 1134 3128
internal_value=0 0.0114024 0.0168761 0.0101212 -0.0323416 -0.0128644
internal_weight=1084.36 802.908 656.049 405.371 281.456 146.859
internal_count=26169 11330 6938 6396 14839 4392
is_linear=0
shrinkage=0.025


Tree=9
num_leaves=7
num_cat=0
split_feature=9 62 1 44 60 47
split_gain=611.833 198.961 82.1707 58.6984 47.2216 32.7951
threshold=0.63000000000000012 0.75000000000000011 0.60620689392089855 0.10183150000000002 0.68000000000000005 0.8163005000000001
decision_type=2 2 2 2 2 2
left_child=-1 2 3 -2 -4 -3
right_child=1 5 4 -5 -6 -7
leaf_value=-0.033784295829233417 -0.014349923185313074 -0.029853141591267125 0.025749426559174893 0.011609850944713861 0.0065558355996096678 0.00086383159758875823
leaf_weight=253.04629262519302 76.424783803900937 75.129615235433448 358.50176965678111 172.49458121447242 107.34221274103038 29.215185582579579
leaf_count=14180 1921 4052 1785 2068 1640 523
internal_value=0 0.010508 0.0152295 0.00354128 0.021404 -0.0213519
internal_weight=1072.15 819.108 714.763 248.919 465.844 104.345
internal_count=26169 11989 7414 3989 3425 4575
is_linear=0
shrinkage=0.025


Tree=10
num_leaves=7
num_cat=0
split_feature=9 62 47 29 47 17
split_gain=572.219 179.792 82.0234 116.373 29.0727 27.4001
threshold=0.63000000000000012 0.75000000000000011 0.8716965000000001 0.75473800000000013 0.71517750000000013 0.56917700000000016
decision_type=2 2 2 2 2 2
left_child=-1 2 3 -2 -3 -4
right_child=1 4 5 -5 -6 -7
leaf_value=-0.033279914094928212 0.00085264032954169189 -0.031670769460029044 -0.018187917298145957 0.033160830275613888 -0.0037877187593057058 0.026085523489999186
leaf_weight=245.2482376677799 342.60355335706845 59.775941675266949 7.1119507486000648 85.211684580659494 39.859210264519788 279.59292350430042
leaf_count=14180 6478 3675 37 193 900 706
internal_value=0 0.0100961 0.0144979 0.00746335 -0.0209675 0.0248093
internal_weight=1059.4 814.155 714.52 427.815 99.6352 286.705
internal_count=26169 11989 7414 6671 4575 743
is_linear=0
shrinkage=0.025


Tree=11
num_leaves=7
num_cat=0
split_feature=9 62 29 62 16 47
split_gain=542.606 158.927 75.3147 83.4336 62.5657 26.7954
threshold=0.63000000000000012 0.75000000000000011 1.0000000180025095e-35 0.41666666666666669 0.60695300000000019 0.71517750000000013
decision_type=2 2 2 2 2 2
left_child=-1 2 3 -2 -4 -3
right_child=1 5 4 -5 -6 -7
leaf_value=-0.032919273905766683 0.026569926976496114 -0.030579561222928094 -0.029403846381476764 -0.00050794633148954751 0.024689762803800849 -0.0034429105610186035
leaf_weight=238.63006617559586 91.807208161510061 56.932653645984828 11.763208131771533 286.46918964406359 320.94091362413019 39.249593754007947
leaf_count=14180 747 3675 269 4331 2067 900
internal_value=0 0.00980387 0.0138988 0.00617214 0.0225461 -0.0199622
internal_weight=1045.79 807.163 710.981 378.276 332.704 96.1822
internal_count=26169 11989 7414 5078 2336 4575
is_linear=0
shrinkage=0.025


Tree=12
num_leaves=7
num_cat=0
split_feature=1 9 62 18 43 30
split_gain=527.752 135.143 74.1684 45.3947 44.2938 39.5047
threshold=0.50930187106132518 0.71000000000000008 0.58333333333333337 0.6805095000000001 1.0000000180025095e-35 0.75000000000000011
decision_type=2 2 2 2 2 2
left_child=3 5 -3 -1 -4 -2
right_child=1 2 4 -5 -6 -7
leaf_value=-0.034492629143780582 -0.019200884972114668 0.021845786963390432 0.0086821866557948713 -0.0056109934916636897 -0.020951131245153347 0.012357973200790148
leaf_weight=225.40615000587422 104.54137576039648 402.01573025784455 195.74216384161264 42.131804562290199 34.93851718492806 30.012562757357955
leaf_count=13705 3841 3130 2861 1134 947 551
internal_value=0 0.0105492 0.015387 -0.0300708 0.00397994 -0.0120007
internal_weight=1034.79 767.25 632.696 267.538 230.681 134.554
internal_count=26169 11330 6938 14839 3808 4392
is_linear=0
shrinkage=0.025


Tree=13
num_leaves=7
num_cat=0
split_feature=9 62 2 47 16 47
split_gain=503.384 163.484 74.4146 53.2688 25.1459 22.8043
threshold=0.63000000000000012 0.75000000000000011 0.66890439391136181 0.9099980000000002 0.59306800000000004 0.96388050000000014
decision_type=2 2 2 2 2 2
left_child=-1 2 3 -2 -4 -3
right_child=1 5 4 -5 -6 -7
leaf_value=-0.032242484096852507 0.000774595366942273 -0.025187574957268744 -0.023169399037477181 0.021575181781143909 0.023997242066176174 0.008741732075005693
leaf_weight=231.25016138819046 285.82007671671454 84.105698747443967 5.16365259932354 103.38428779318929 299.4410815841984 12.751937845256178
leaf_count=14180 5047 4454 89 326 1952 121
internal_value=0 0.00950202 0.0137651 0.00642463 0.0229871 -0.0205249
internal_weight=1021.92 790.667 693.809 389.204 304.605 96.8576
internal_count=26169 11989 7414 5373 2041 4575
is_linear=0
shrinkage=0.025


Tree=14
num_leaves=7
num_cat=0
split_feature=1 62 29 47 46 18
split_gain=472.717 120.919 58.9921 90.7962 58.2975 41.7725
threshold=0.50930187106132518 0.58333333333333337 0.75473800000000013 0.9099980000000002 0.040641500000000004 0.6805095000000001
decision_type=2 2 2 2 2 2
left_child=5 4 3 -3 -2 -1
right_child=1 2 -4 -5 -6 -7
leaf_value=-0.033387802060009332 -0.0072098438092711567 -0.017277053811380689 0.025505377742878491 0.014282496240218063 0.021037048626367107 -0.0053630777879320199
leaf_weight=216.82130355271511 49.603322881041095 171.54740799264982 37.918604027945548 82.201765230158344 411.46399457473308 41.343381325132214
leaf_count=13705 1542 6039 170 445 3134 1134
internal_value=0 0.0100188 -0.00254576 -0.00697963 0.0179568 -0.0290279
internal_weight=1010.9 752.735 291.668 253.749 461.067 258.165
internal_count=26169 11330 6654 6484 4676 14839
is_linear=0
shrinkage=0.025


Tree=15
num_leaves=7
num_cat=0
split_feature=9 62 29 62 19 16
split_gain=465.143 129.427 68.3638 66.5355 53.4263 40.0684
threshold=0.65000000000000013 0.75000000000000011 1.0000000180025095e-35 0.41666666666666669 0.72668250000000012 0.60695300000000019
decision_type=2 2 2 2 2 2
left_child=4 2 3 -2 -1 -4
right_child=1 -3 5 -5 -6 -7
leaf_value=-0.032749312709392298 0.023183548430953327 -0.019379657459375407 -0.02674300337327631 -0.0012867629406239952 0.0030321647271871512 0.023337264944763646
leaf_weight=229.20645749889081 94.605762061662972 80.6378107938217 8.1496395198628289 240.93892189953476 28.436219717375934 317.20976343052462
leaf_count=14762 738 3882 230 4011 619 1927
internal_value=0 0.0100608 0.0137256 0.00570711 -0.0287753 0.0218618
internal_weight=999.185 741.542 660.904 335.545 257.643 325.359
internal_count=26169 10788 6906 4749 15381 2157
is_linear=0
shrinkage=0.025


Tree=16
num_leaves=7
num_cat=0
split_feature=9 62 1 39 60 44
split_gain=447.838 144.058 71.3327 47.1132 43.433 18.1778
threshold=0.63000000000000012 0.75000000000000011 0.61158692836761486 1.0000000180025095e-35 0.68000000000000005 0.40703000000000006
decision_type=2 2 2 2 2 2
left_child=5 2 3 -2 -4 -1
right_child=1 -3 4 -5 -6 -7
leaf_value=-0.032747673768404893 -0.02300205687466126 -0.019850321154321837 0.023666569988959 0.0069719117021608728 0.0043922291734278 -0.00086035197656835318
leaf_weight=210.06750946457032 36.011219908366911 92.172451492282562 326.49311705026776 216.11382469185628 97.129792094696313 12.534129998646675
leaf_count=13518 1073 4575 1677 3071 1593 662
internal_value=0 0.00906359 0.013079 0.00247253 0.0193195 -0.0310205
internal_weight=990.522 767.92 675.748 252.125 423.623 222.602
internal_count=26169 11989 7414 4144 3270 14180
is_linear=0
shrinkage=0.025


Tree=17
num_leaves=7
num_cat=0
split_feature=9 1 44 39 21 60
split_gain=424.41 124.477 55.8602 51.7647 43.3137 38.5496
threshold=0.65000000000000013 0.60968363285064708 0.10339400000000001 1.0000000180025095e-35 0.87400000000000011 0.68000000000000005
decision_type=2 2 2 2 2 2
left_child=4 2 -2 -4 -1 -3
right_child=1 5 3 -5 -6 -7
leaf_value=-0.030818028401940974 -0.019016284300454361 0.021767157733827147 -0.025868774445682769 0.0096256765405739065 0.0080861329887954164 0.0040096842366084398
leaf_weight=232.56414890516317 91.922811887925491 345.76190063240938 27.674379729200155 168.87420245492831 17.98465641005896 101.1747679868713
leaf_count=14949 3078 2061 1088 2582 432 1979
internal_value=0 0.0095809 -0.00318434 0.0043219 -0.0279386 0.0178115
internal_weight=985.957 735.408 288.471 196.549 250.549 446.937
internal_count=26169 10788 6748 3670 15381 4040
is_linear=0
shrinkage=0.025


Tree=18
num_leaves=7
num_cat=0
split_feature=1 62 9 18 61 33
split_gain=410.953 101.429 62.5721 50.778 44.3065 34.9028
threshold=0.51935818791389476 0.75000000000000011 0.73000000000000009 0.6796390000000001 0.49446450000000003 0.50000000000000011
decision_type=2 2 2 2 2 2
left_child=3 2 5 -1 -4 -2
right_child=1 -3 4 -5 -6 -7
leaf_value=-0.031607004713031538 -0.011005181011486561 -0.018216717684571431 0.0059942692009238973 -0.0033966268817258675 0.021435826849727217 0.025322024443651808
leaf_weight=215.6996698344592 88.249835703580175 69.927072321646847 176.6893349410966 50.46148886566516 362.23004582733847 17.679318292415701
leaf_count=14115 2572 3339 2066 1342 2480 255
internal_value=0 0.00987804 0.0129967 -0.0263725 0.0164404 -0.00441751
internal_weight=980.937 714.776 644.849 266.161 538.919 105.929
internal_count=26169 10712 7373 15457 4546 2827
is_linear=0
shrinkage=0.025


Tree=19
num_leaves=7
num_cat=0
split_feature=9 62 2 60 19 16
split_gain=391.675 106.664 60.5776 47.8259 47.0041 21.8127
threshold=0.65000000000000013 0.75000000000000011 0.66890439391136181 0.68000000000000005 0.72668250000000012 0.59306800000000004
decision_type=2 2 2 2 2 2
left_child=4 2 3 -2 -1 -4
right_child=1 -3 5 -5 -6 -7
leaf_value=-0.03107125266962903 0.010125448718825444 -0.018103188712144946 -0.025496748235528541 -0.012409010985285428 0.0031447332298266267 0.021875692174498848
leaf_weight=217.044524078432 286.86017031245865 77.255148064927198 4.0432042833417645 71.334000060509425 27.322917075362056 287.01981730223633
leaf_count=14762 3331 3882 79 1616 619 1880
internal_value=0 0.00921656 0.0125377 0.00555857 -0.027217 0.0209763
internal_weight=970.88 726.512 649.257 358.194 244.367 291.063
internal_count=26169 10788 6906 4947 15381 1959
is_linear=0
shrinkage=0.025


Tree=20
num_leaves=7
num_cat=0
split_feature=1 62 46 29 47 18
split_gain=376.515 89.7052 53.5176 49.4499 60.8079 46.2439
threshold=0.51935818791389476 0.58333333333333337 0.040641500000000004 0.43853150000000002 0.9099980000000002 0.6796390000000001
decision_type=2 2 2 2 2 2
left_child=5 2 -2 4 -3 -1
right_child=1 3 -4 -5 -6 -7
leaf_value=-0.03092199400491772 -0.0091083667572003334 -0.017263021960851763 0.019231011341389437 0.017179858221670403 0.011573913315931389 -0.0035473320581535851
leaf_weight=207.3114583157294 44.59208596451208 138.80412975820946 396.24499497073703 61.347973741474561 65.101232913671993 49.023970856913365
leaf_count=14115 1438 5275 3072 525 402 1342
internal_value=0 0.00942619 0.0163095 -0.00202622 -0.00798514 -0.0258052
internal_weight=962.426 706.09 440.837 265.253 203.905 256.335
internal_count=26169 10712 4510 6202 5677 15457
is_linear=0
shrinkage=0.025


Tree=21
num_leaves=7
num_cat=0
split_feature=9 62 47 29 19 47
split_gain=363.203 99.3601 57.7133 67.3975 42.458 19.3767
threshold=0.65000000000000013 0.75000000000000011 0.94988050000000013 0.75473800000000013 0.72668250000000012 0.77426000000000006
decision_type=2 2 2 2 2 2
left_child=4 2 3 -2 -1 -3
right_child=1 5 -4 -5 -6 -7
leaf_value=-0.030414585486956077 0.0022269735319141669 -0.026864345967725852 0.023378821139181834 0.02681878999504933 0.0023560651968122606 -0.00053949213700281386
leaf_weight=210.04895215266151 360.06577968993224 48.274303454847541 195.55692674033344 84.339491142425686 27.015774898696691 27.855520560406148
leaf_count=14762 6346 3293 371 189 619 589
internal_value=0 0.00888724 0.0121162 0.00703752 -0.0266579 -0.0176669
internal_weight=953.157 716.092 639.962 444.405 237.065 76.1298
internal_count=26169 10788 6906 6535 15381 3882
is_linear=0
shrinkage=0.025


Tree=22
num_leaves=7
num_cat=0
split_feature=9 1 39 44 60 20
split_gain=347.766 109.296 45.5136 45.8107 39.6542 32.4428
threshold=0.63000000000000012 0.60968363285064708 1.0000000180025095e-35 0.10339400000000001 0.68000000000000005 0.69622600000000012
decision_type=2 2 2 2 2 2
left_child=-1 2 -2 -4 -3 -6
right_child=1 4 3 -5 5 -7
leaf_value=-0.028801114221023789 -0.025307789248123581 0.019761262131343479 -0.014798738129375797 0.0079840606435711073 -0.027236224538437562 0.0084237182950697587
leaf_weight=202.8339130844106 48.459971373900771 344.48168681946117 78.916585725848563 168.36804768559523 17.025592820486054 83.914212787873112
leaf_count=14180 2122 2163 2744 2845 446 1669
internal_value=0 0.00795229 -0.00378993 0.000602952 0.0157459 0.00181145
internal_weight=944 741.166 295.745 247.285 445.421 100.94
internal_count=26169 11989 7711 5589 4278 2115
is_linear=0
shrinkage=0.025


Tree=23
num_leaves=7
num_cat=0
split_feature=2 9 29 47 9 22
split_gain=337.27 86.7096 52.6448 49.9563 29.9769 26.9993
threshold=0.52470874786376964 0.71000000000000008 1.0000000180025095e-35 0.94988050000000013 0.73000000000000009 0.25230600000000009
decision_type=2 2 2 2 2 2
left_child=4 5 3 -3 -1 -2
right_child=1 2 -4 -5 -6 -7
leaf_value=-0.031250433623783373 0.010024136017776276 -0.0029132596217919669 0.020406323509452543 0.018484354144562086 -0.011818059594953897 -0.016684154970255351
leaf_weight=164.54932125937194 29.21277130220551 177.79850653011817 289.57477085175924 107.04122020839714 79.305609273200389 92.303154666646151
leaf_count=12373 738 4333 2029 256 2778 3662
internal_value=0 0.00887117 0.0129304 0.00518826 -0.0251503 -0.0101202
internal_weight=939.785 695.93 574.414 284.84 243.855 121.516
internal_count=26169 11018 6618 4589 15151 4400
is_linear=0
shrinkage=0.025


Tree=24
num_leaves=7
num_cat=0
split_feature=1 62 29 62 19 9
split_gain=324.194 82.8643 48.4713 48.3539 40.3977 31.5016
threshold=0.51935818791389476 0.75000000000000011 1.0000000180025095e-35 0.41666666666666669 0.68892700000000018 0.71000000000000008
decision_type=2 2 2 2 2 2
left_child=4 2 3 -2 -1 -4
right_child=1 -3 5 -5 -6 -7
leaf_value=-0.0302044846356966 0.019798276997742857 -0.016988811599308925 -0.0045854667861703674 -0.0020082827873908193 -0.0057069058092261765 0.021105057140998702
leaf_weight=186.63230281299911 87.456311017507687 67.58776428271085 31.773534523381386 213.33238828566391 57.036149220191874 285.53529327339493
leaf_count=13420 941 3339 884 4075 2037 1473
internal_value=0 0.00880745 0.0116994 0.0044142 -0.024622 0.0184895
internal_weight=929.354 685.685 618.098 300.789 243.668 317.309
internal_count=26169 10712 7373 5016 15457 2357
is_linear=0
shrinkage=0.025


Tree=25
num_leaves=7
num_cat=0
split_feature=9 62 61 0 60 44
split_gain=314.917 101.803 50.9831 67.0333 25.6431 16.5363
threshold=0.63000000000000012 0.75000000000000011 0.49446450000000003 0.51600000000000013 0.68000000000000005 0.40703000000000006
decision_type=2 2 2 2 2 2
left_child=5 2 3 -2 -4 -1
right_child=1 -3 4 -5 -6 -7
leaf_value=-0.029735606489077596 0.012282676021079448 -0.017561495882058298 0.020407185274390012 -0.013903980496939031 0.0052507170438750028 0.00033322384495559405
leaf_weight=184.22267878713319 156.92465279321186 86.012683908862527 291.07396967103705 96.454621615062933 96.532921180129051 11.505734677659346
leaf_count=13518 1987 4575 1491 2235 1701 662
internal_value=0 0.00759274 0.0110369 0.00224148 0.0167128 -0.027942
internal_weight=922.727 726.999 640.986 253.379 387.607 195.728
internal_count=26169 11989 7414 4222 3192 14180
is_linear=0
shrinkage=0.025


Tree=26
num_leaves=7
num_cat=0
split_feature=9 1 44 6 60 34
split_gain=302.216 96.9848 44.1789 38.704 31.5798 28.0388
threshold=0.63000000000000012 0.60968363285064708 0.10339400000000001 0.53202000000000005 0.68000000000000005 0.30349850000000006
decision_type=2 2 2 2 2 2
left_child=-1 2 -2 -4 -3 -6
right_child=1 4 3 -5 5 -7
leaf_value=-0.027647388232502557 -0.017275570864320019 0.018460616600228717 0.021089834163497648 -0.0036635553782829958 -0.021474809008087101 0.0093968738118798481
leaf_weight=192.35330704718945 97.262240797077538 337.01945505925687 51.988683123199735 140.16814526508097 21.447194184642285 76.188180681783706
leaf_count=14180 3746 2163 623 3342 680 1435
internal_value=0 0.0074145 -0.00375777 0.00317345 0.0148526 0.00216119
internal_weight=916.427 724.074 289.419 192.157 434.655 97.6354
internal_count=26169 11989 7711 3965 4278 2115
is_linear=0
shrinkage=0.025


Tree=27
num_leaves=7
num_cat=0
split_feature=2 9 15 29 47 62
split_gain=295.984 73.2709 42.7135 40.5359 35.848 31.6151
threshold=0.53135663270950328 0.75000000000000011 0.67617700000000014 1.0000000180025095e-35 0.8716965000000001 0.41666666666666669
decision_type=2 2 2 2 2 2
left_child=2 5 -1 4 -3 -2
right_child=1 3 -4 -5 -6 -7
leaf_value=-0.02852762452993593 0.016701178590300802 -0.004399810110330765 -0.0019457292812422537 0.01972832608867937 0.015237401511209926 -0.011084194515678554
leaf_weight=196.11886846719426 29.016796536976472 114.49545894487528 48.016840988653712 276.75286677409895 112.69457219017204 133.08955981134204
leaf_count=13967 535 3562 1597 1766 447 4295
internal_value=0 0.00863536 -0.0234077 0.0133277 0.0053627 -0.00587938
internal_weight=910.185 666.049 244.136 503.943 227.19 162.106
internal_count=26169 10605 15564 5775 4009 4830
is_linear=0
shrinkage=0.025


Tree=28
num_leaves=7
num_cat=0
split_feature=2 62 29 47 15 46
split_gain=283.111 69.833 44.0945 52.0002 44.0886 42.7631
threshold=0.53135663270950328 0.58333333333333337 0.7941180000000001 0.9099980000000002 0.67881200000000008 0.040641500000000004
decision_type=2 2 2 2 2 2
left_child=4 5 3 -3 -1 -2
right_child=1 2 -4 -5 -6 -7
leaf_value=-0.028338821349688865 -0.0084450300520668899 -0.014511328526812851 0.02426661660587965 0.011065852087697586 -0.00077889575566572828 0.01744083641063433
leaf_weight=193.48862304608338 42.699183059623465 147.30459528014762 32.111226501176134 71.780507025425322 45.503060735645704 369.84013847215101
leaf_count=14069 1520 5496 142 411 1495 3036
internal_value=0 0.00840577 -0.00194914 -0.00606149 -0.0231901 0.0147058
internal_weight=902.727 663.736 251.196 219.085 238.992 412.539
internal_count=26169 10605 6049 5907 15564 4556
is_linear=0
shrinkage=0.025


Tree=29
num_leaves=7
num_cat=0
split_feature=9 62 19 60 24 29
split_gain=276.703 91.5024 57.2739 37.3493 26.4957 16.2377
threshold=0.63000000000000012 0.75000000000000011 0.68236450000000015 0.68000000000000005 0.25000000000000006 0.60023650000000017
decision_type=2 2 2 2 2 2
left_child=-1 2 4 -4 -2 -3
right_child=1 5 3 -5 -6 -7
leaf_value=-0.026963515229354529 -0.020829979846816074 -0.020355266395620204 0.017459087065169319 0.001323895551177452 0.0041066000530329333 0.013804862911568534
leaf_weight=185.6328956981306 42.723226733971387 77.186049977084622 402.05158956162632 117.29216315411031 62.154749620880466 7.6992268698522812
leaf_count=14180 1270 4413 2849 2270 1025 162
internal_value=0 0.00712855 0.0104575 0.0138556 -0.00621857 -0.0168505
internal_weight=894.74 709.107 624.222 519.344 104.878 84.8853
internal_count=26169 11989 7414 5119 2295 4575
is_linear=0
shrinkage=0.025


Tree=30
num_leaves=7
num_cat=0
split_feature=1 62 29 21 0 9
split_gain=267.319 70.6263 41.9126 37.9372 43.6271 27.5816
threshold=0.50930187106132518 0.58333333333333337 0.75473800000000013 0.70400000000000007 0.48220000000000002 0.73000000000000009
decision_type=2 2 2 2 2 2
left_child=-1 3 5 4 -2 -3
right_child=1 2 -4 -5 -6 -7
leaf_value=-0.024437967916564839 0.013546349459653018 -0.020327254975230094 0.021322193934814174 0.019294796397375618 -0.015173198531354778 -0.0010064888547431775
leaf_weight=210.50299799634377 88.695025502471253 63.070160283241421 36.728585491189733 278.66063225874677 49.265982973854989 160.74986157077365
leaf_count=14839 1281 2920 170 2165 1230 3564
internal_value=0 0.00765866 -0.00251182 0.014017 0.00314076 -0.00665394
internal_weight=887.673 677.17 260.549 416.622 137.961 223.82
internal_count=26169 11330 6654 4676 2511 6484
is_linear=0
shrinkage=0.025


Tree=31
num_leaves=7
num_cat=0
split_feature=9 62 19 39 24 44
split_gain=258.639 85.9034 49.4547 35.0412 18.6041 15.4592
threshold=0.63000000000000012 0.75000000000000011 0.68236450000000015 1.0000000180025095e-35 0.25000000000000006 0.40703000000000006
decision_type=2 2 2 2 2 2
left_child=5 2 4 -4 -2 -1
right_child=1 -3 3 -5 -6 -7
leaf_value=-0.02834171746439465 -0.01846688925823313 -0.016506223758358668 -0.0016176306894115343 0.01608702014227158 0.0028236526885333322 0.00103530380623781
leaf_weight=169.24427537812153 39.635968013782986 83.748877979000099 81.63569731649477 433.60630659433082 62.780248418857809 11.179042307310736
leaf_count=13518 1270 4575 967 4152 1025 662
internal_value=0 0.00688246 0.0101216 0.0132707 -0.00557627 -0.0264844
internal_weight=881.83 701.407 617.658 515.242 102.416 180.423
internal_count=26169 11989 7414 5119 2295 14180
is_linear=0
shrinkage=0.025


Tree=32
num_leaves=7
num_cat=0
split_feature=1 62 29 47 46 33
split_gain=249.958 63.9324 39.499 52.4192 35.2334 29.3635
threshold=0.50930187106132518 0.58333333333333337 0.75473800000000013 0.9099980000000002 0.040641500000000004 0.3000000000000001
decision_type=2 2 2 2 2 2
left_child=-1 4 3 -3 5 -2
right_child=1 2 -4 -5 -6 -7
leaf_value=-0.023989316399306061 -0.025886337122493226 -0.014887875239025322 0.020393558003458115 0.010636646890224893 0.015951250466673426 0.013827043264414435
leaf_weight=205.02058733440936 22.669283721596003 148.38550141901942 38.022748434683308 72.891014841734432 369.85450657550246 19.167787523474544
leaf_count=14839 1047 6039 170 445 3134 495
internal_value=0 0.00739175 -0.00229395 -0.00641581 0.0134903 -0.00774046
internal_weight=876.011 670.991 259.299 221.277 411.692 41.8371
internal_count=26169 11330 6654 6484 4676 1542
is_linear=0
shrinkage=0.025


Tree=33
num_leaves=7
num_cat=0
split_feature=9 1 0 47 44 60
split_gain=242.92 84.0833 37.0369 46.0702 35.1785 25.5904
threshold=0.63000000000000012 0.60620689392089855 0.51600000000000013 0.77426000000000006 0.18109000000000003 0.68000000000000005
decision_type=2 2 2 2 2 2
left_child=-1 2 4 -4 -2 -3
right_child=1 5 3 -5 -6 -7
leaf_value=-0.026095983418454656 -0.010281922504074316 0.016843649267579669 -0.024991886439526125 0.00274319615862438 0.016729824933582729 0.0019437085010951462
leaf_weight=175.03018091997365 47.8605109291384 329.56618995062308 80.79059677576879 66.231308431131765 72.388193904189393 94.659980583237484
leaf_count=14180 1519 2267 4256 824 959 2164
internal_value=0 0.00667557 -0.00426003 -0.0126021 0.00591708 0.0135703
internal_weight=866.527 691.497 267.271 147.022 120.249 424.226
internal_count=26169 11989 7558 5080 2478 4431
is_linear=0
shrinkage=0.025


Tree=34
num_leaves=7
num_cat=0
split_feature=9 62 19 39 55 32
split_gain=233.864 77.1115 44.1578 31.3214 18.2148 13.944
threshold=0.63000000000000012 0.75000000000000011 0.68236450000000015 1.0000000180025095e-35 1.0000000180025095e-35 0.40703000000000006
decision_type=2 2 2 2 2 2
left_child=5 2 4 -4 -2 -1
right_child=1 -3 3 -5 -6 -7
leaf_value=-0.027525490274410827 0.0016605245352400565 -0.015974035290716553 -0.0016127705806781856 0.015283718211908597 -0.020810555051962755 0.0027972751646552912
leaf_weight=162.87578826368554 69.236378119559959 81.175600388785824 79.975531953736208 426.80591915966943 30.287954372528475 9.0381608376628702
leaf_count=13670 1375 4575 967 4152 920 510
internal_value=0 0.00653789 0.00961951 0.0126053 -0.00543464 -0.0258639
internal_weight=859.395 687.481 606.306 506.781 99.5243 171.914
internal_count=26169 11989 7414 5119 2295 14180
is_linear=0
shrinkage=0.025


Tree=35
num_leaves=7
num_cat=0
split_feature=9 2 39 60 2 21
split_gain=226.866 60.6976 40.6154 47.6053 40.103 23.8161
threshold=0.71000000000000008 0.66890439391136181 1.0000000180025095e-35 0.68000000000000005 0.56705352663993847 0.77400000000000013
decision_type=2 2 2 2 2 2
left_child=4 2 -2 -4 -1 -3
right_child=1 5 3 -5 -6 -7
leaf_value=-0.027457824256271791 -0.018622995908492566 -0.0047061709941663421 0.010242720192140486 -0.013452390440732518 -0.0063588765744109687 0.020251136389427039
leaf_weight=158.571986880037 50.401993352221325 25.155208297539502 239.95253696059808 65.244015601230785 91.31558058958035 224.09405256505124
leaf_count=13615 1882 445 3318 2116 3079 1714
internal_value=0 0.00827861 0.00158996 0.00508067 -0.0199217 0.0176759
internal_weight=854.735 604.848 355.599 305.197 249.888 249.249
internal_count=26169 9475 7316 5434 16694 2159
is_linear=0
shrinkage=0.025


Tree=36
num_leaves=7
num_cat=0
split_feature=2 9 29 61 15 0
split_gain=224.683 63.3616 42.2906 30.7268 28.1139 27.9838
threshold=0.51854240894317638 0.75000000000000011 1.0000000180025095e-35 0.49446450000000003 0.67617700000000014 0.43580000000000002
decision_type=2 2 2 2 2 2
left_child=4 5 3 -3 -1 -2
right_child=1 2 -4 -5 -6 -7
leaf_value=-0.027644708706050892 0.0074266873748830148 -0.0091229175294031666 0.018323612382918658 0.010145071843633465 -0.0031073424415607484 -0.013842889783892851
leaf_weight=160.60805686932872 57.637471613590606 76.466379424207844 264.74703572201543 146.77194026426878 37.382054024725221 105.55346149468096
leaf_count=13426 1487 1970 1869 2226 1416 3775
internal_value=0 0.00710099 0.0116026 0.00347846 -0.023152 -0.00627916
internal_weight=849.166 651.176 487.985 223.238 197.99 163.191
internal_count=26169 11327 6065 4196 14842 5262
is_linear=0
shrinkage=0.025


Tree=37
num_leaves=7
num_cat=0
split_feature=1 62 43 21 0 16
split_gain=212.197 56.4638 34.1678 32.0073 34.3344 23.23
threshold=0.50930187106132518 0.58333333333333337 1.0000000180025095e-35 0.70400000000000007 0.48220000000000002 0.60854950000000008
decision_type=2 2 2 2 2 2
left_child=-1 3 -3 4 -2 -5
right_child=1 2 -4 5 -6 -7
leaf_value=-0.022967283283397401 0.011640662563300295 0.0015086412154132938 -0.023564904404810114 -0.013835277643284356 -0.014811942178310639 0.019143796066130092
leaf_weight=191.39121062945924 84.202550801448524 214.82032581261592 37.698832987400237 12.039300716482101 44.858548003714532 257.35858361166902
leaf_count=14839 1281 5000 1654 207 1230 1958
internal_value=0 0.00681454 -0.00239462 0.0126511 0.00227311 0.0175241
internal_weight=842.369 650.978 252.519 398.459 129.061 269.398
internal_count=26169 11330 6654 4676 2511 2165
is_linear=0
shrinkage=0.025


Tree=38
num_leaves=7
num_cat=0
split_feature=9 1 39 44 60 20
split_gain=208.512 74.756 37.9497 31.9463 24.8054 21.7803
threshold=0.63000000000000012 0.61158692836761486 1.0000000180025095e-35 0.40703000000000006 0.68000000000000005 0.69622600000000012
decision_type=2 2 2 2 2 2
left_child=-1 2 -2 -4 -3 -6
right_child=1 4 3 -5 5 -7
leaf_value=-0.025177618163899303 -0.023825012901586583 0.016404853327112237 -0.0066568574296725601 0.012511855833631739 -0.023933166549381393 0.0070416702938988626
leaf_weight=162.70110361865954 46.432020267529879 307.93408582085976 144.36417854996398 83.705560327623971 14.779385511530561 76.162238044431433
leaf_count=14180 2140 2113 4379 1268 437 1652
internal_value=0 0.00615403 -0.00384427 0.000399825 0.0130376 0.00140851
internal_weight=836.079 673.377 274.502 228.07 398.876 90.9416
internal_count=26169 11989 7787 5647 4202 2089
is_linear=0
shrinkage=0.025


Tree=39
num_leaves=7
num_cat=0
split_feature=9 47 29 39 15 20
split_gain=202.618 64.7292 74.1055 43.0778 13.7434 12.1999
threshold=0.63000000000000012 0.94988050000000013 0.75473800000000013 1.0000000180025095e-35 0.50632550000000009 0.73851300000000009
decision_type=2 2 2 2 2 2
left_child=-1 2 3 -2 5 -3
right_child=1 4 -4 -5 -6 -7
leaf_value=-0.025054613185665316 -0.021353579516471329 0.014010729614626675 0.022765639884484677 0.00047440549682487915 0.020985703611234724 -0.022150817615753857
leaf_weight=159.96941168306512 65.000914914533496 11.291952795349063 80.780503518879414 342.08666263107443 163.01898567401804 7.5642400472424915
leaf_count=14180 2570 62 292 8586 446 33
internal_value=0 0.00605526 0.00126032 -0.00309863 0.0186784 -0.000980785
internal_weight=829.713 669.743 487.868 407.088 181.875 18.8562
internal_count=26169 11989 11448 11156 541 95
is_linear=0
shrinkage=0.025


Tree=40
num_leaves=7
num_cat=0
split_feature=2 9 15 61 49 33
split_gain=199.097 53.5428 33.4039 32.5918 52.2953 24.3683
threshold=0.53135663270950328 0.73000000000000009 0.67617700000000014 0.49446450000000003 1.0000000180025095e-35 0.50000000000000011
decision_type=2 2 2 2 2 2
left_child=2 5 -1 4 -3 -2
right_child=1 3 -4 -5 -6 -7
leaf_value=-0.026339336931258023 -0.012383185040388968 0.014599128339216595 -0.0013849868126661453 0.015318007677811787 -0.012664007913281046 0.018319430334619548
leaf_weight=161.80797261968837 102.96986477228347 91.153817784972489 43.426294099073857 326.35386702709366 80.284127999329939 16.600030615460128
leaf_count=13967 4011 891 1597 3408 1934 361
internal_value=0 0.00709855 -0.0211815 0.0107063 0.00178302 -0.00776114
internal_weight=822.596 617.362 205.234 497.792 171.438 119.57
internal_count=26169 10605 15564 6233 2825 4372
is_linear=0
shrinkage=0.025


Tree=41
num_leaves=7
num_cat=0
split_feature=9 62 47 39 29 47
split_gain=193.776 67.4992 40.5286 56.2211 13.6865 12.2812
threshold=0.63000000000000012 0.75000000000000011 0.92324450000000013 1.0000000180025095e-35 0.60023650000000017 0.88491400000000009
decision_type=2 2 2 2 2 2
left_child=-1 2 3 -2 5 -3
right_child=1 4 -4 -5 -6 -7
leaf_value=-0.024739071089966078 -0.021439898535728374 -0.023887155303655601 0.018373105833046022 0.0077203150464055254 0.012671814614579009 0
leaf_weight=157.00338866803213 44.351936322462279 56.283028579229722 189.77839952614158 345.26161080366001 7.8560767306480548 16.814151619852055
leaf_count=14180 1358 4113 518 5538 162 300
internal_value=0 0.00595307 0.00895885 0.004263 -0.0150787 -0.0184973
internal_weight=817.349 660.345 579.392 389.614 80.9533 73.0972
internal_count=26169 11989 7414 6896 4575 4413
is_linear=0
shrinkage=0.025


Tree=42
num_leaves=7
num_cat=0
split_feature=2 29 47 62 15 15
split_gain=188.867 46.8581 53.673 63.0178 31.1158 20.5366
threshold=0.53135663270950328 0.31620650000000006 0.8716965000000001 0.41666666666666669 0.67881200000000008 0.48619900000000005
decision_type=2 2 2 2 2 2
left_child=4 2 3 -2 -1 -4
right_child=1 -3 5 -5 -6 -7
leaf_value=-0.025875053132114051 0.017330934668956865 0.017124439380612456 -0.013995848879947884 -0.011738411964075872 -0.001201831705759107 0.015938029873572786
leaf_weight=158.9431387155928 58.295729601522908 190.50001634459477 13.57741819322109 196.69307437943644 41.078980996855535 150.78355253383052
leaf_count=14069 1045 1439 128 7299 1495 694
internal_value=0 0.00692166 0.00219203 -0.00495483 -0.0209285 0.0132402
internal_weight=809.872 609.85 419.35 254.989 200.022 164.361
internal_count=26169 10605 9166 8344 15564 822
is_linear=0
shrinkage=0.025


Tree=43
num_leaves=7
num_cat=0
split_feature=9 1 39 44 62 46
split_gain=182.541 64.6642 33.1554 30.8222 22.9234 22.39
threshold=0.57000000000000017 0.61158692836761486 1.0000000180025095e-35 0.10339400000000001 0.58333333333333337 0.29208550000000005
decision_type=2 2 2 2 2 2
left_child=-1 2 -2 -4 5 -3
right_child=1 4 3 -5 -6 -7
leaf_value=-0.024605020772271127 -0.022882369875195943 -0.017012446461175407 -0.013095194286299811 0.0066247494857238284 0.0026256089663269601 0.017640401870378023
leaf_weight=150.2636927398562 43.947222735005198 10.026605382561682 70.233947347558569 152.69369839999126 112.58565866103163 261.98436432797462
leaf_count=14009 2181 222 2826 2931 1897 2103
internal_value=0 0.00574758 -0.00366466 0.000296788 0.0122829 0.0161879
internal_weight=801.735 651.471 266.875 222.928 384.597 272.011
internal_count=26169 12160 7938 5757 4222 2325
is_linear=0
shrinkage=0.025


Tree=44
num_leaves=7
num_cat=0
split_feature=2 9 29 47 15 33
split_gain=175.85 47.0067 31.3163 32.0223 29.9373 21.5179
threshold=0.53135663270950328 0.73000000000000009 1.0000000180025095e-35 0.96388050000000014 0.67617700000000014 0.50000000000000011
decision_type=2 2 2 2 2 2
left_child=4 5 3 -3 -1 -2
right_child=1 2 -4 -5 -6 -7
leaf_value=-0.025669428050384441 -0.011858282548395733 -0.0031609832600877266 0.016046370704640305 0.016713996503894366 -0.0016880571691724644 0.017277253232403048
leaf_weight=151.48034812606056 99.892278364684898 154.60618276032619 257.82871753338259 72.11590188764967 42.727412612759508 16.254688371380325
leaf_count=13967 4011 4106 1915 212 1597 361
internal_value=0 0.0066938 0.0101177 0.00323603 -0.0205263 -0.00742891
internal_weight=794.906 600.698 484.551 226.722 194.208 116.147
internal_count=26169 10605 6233 4318 15564 4372
is_linear=0
shrinkage=0.025


Tree=45
num_leaves=7
num_cat=0
split_feature=9 1 0 61 24 60
split_gain=171.687 60.8746 30.5958 34.7302 27.2479 22.6484
threshold=0.57000000000000017 0.60968363285064708 0.51600000000000013 0.47689900000000002 0.25000000000000006 0.68000000000000005
decision_type=2 2 2 2 2 2
left_child=-1 2 4 -4 -2 -3
right_child=1 5 3 -5 -6 -7
leaf_value=-0.024270501571566239 -0.0073494913633956179 0.015182721139108193 -0.027114833693561449 -0.0016835050065026507 0.016351094884024947 0.00059451877619682886
leaf_weight=145.59360501432093 53.10276251391042 295.03494944225531 52.544291403668467 88.999403885216452 63.998952233756427 87.562534971511923
leaf_count=14009 1761 2178 3163 2083 855 2120
internal_value=0 0.00558345 -0.00373979 -0.0114917 0.00560133 0.0118923
internal_weight=786.836 641.243 258.645 141.544 117.102 382.597
internal_count=26169 12160 7862 5246 2616 4298
is_linear=0
shrinkage=0.025


Tree=46
num_leaves=7
num_cat=0
split_feature=9 62 61 0 8 48
split_gain=164.269 61.1186 33.6589 36.8098 20.973 11.6216
threshold=0.57000000000000017 0.75000000000000011 0.50715900000000003 0.51600000000000013 1.0000000180025095e-35 0.66350000000000009
decision_type=2 2 2 2 2 2
left_child=-1 2 3 -2 -4 -3
right_child=1 5 4 -5 -6 -7
leaf_value=-0.024034690429073944 0.010332542260676026 -0.02058855923513829 -0.013421458719447299 -0.0082467406282791325 0.015641736317638797 0.00030907404810807384
leaf_weight=142.42699275224004 142.52225537307095 56.796808256069198 14.244369043037294 120.59169290732825 281.78537812875584 21.878877626179019
leaf_count=14009 2059 3674 251 2535 2663 978
internal_value=0 0.0054399 0.0083622 0.00178678 0.0141133 -0.0148388
internal_weight=780.246 637.819 559.144 263.114 296.03 78.6757
internal_count=26169 12160 7508 4594 2914 4652
is_linear=0
shrinkage=0.025


Tree=47
num_leaves=7
num_cat=0
split_feature=9 62 43 21 19 48
split_gain=157.791 57.0695 31.5842 31.0716 25.5855 19.4747
threshold=0.57000000000000017 0.58333333333333337 1.0000000180025095e-35 0.70400000000000007 0.64414750000000021 0.41683350000000002
decision_type=2 2 2 2 2 2
left_child=-1 3 4 5 -3 -2
right_child=1 2 -4 -5 -6 -7
leaf_value=-0.023807840505308646 0.0081227811511529382 -0.028958235269300265 -0.022623380261691112 0.016660753630995871 0.0027491916714576887 -0.012982883991455148
leaf_weight=139.7045074091875 78.687625332502648 14.682346664631039 42.182083025225438 249.07885006722063 210.47976769870729 38.60969131346792
leaf_count=14009 1157 1043 2006 2130 5009 815
internal_value=0 0.0053214 -0.00342015 0.0117038 0.000347892 0.000976624
internal_weight=773.425 633.72 267.344 366.376 225.162 117.297
internal_count=26169 12160 8058 4102 6052 1972
is_linear=0
shrinkage=0.025


Tree=48
num_leaves=7
num_cat=0
split_feature=9 62 29 47 29 16
split_gain=153.571 56.0527 36.316 42.4107 11.2324 10.9554
threshold=0.57000000000000017 0.75000000000000011 0.31620650000000006 0.8716965000000001 0.60023650000000017 0.60854950000000008
decision_type=2 2 2 2 2 2
left_child=-1 2 3 -2 -3 -4
right_child=1 4 5 -5 -6 -7
leaf_value=-0.023714006382318045 -0.003384833245511365 -0.017563245574623059 -0.010837624320756863 0.013633940757395694 0.011485803807978459 0.018450283653317825
leaf_weight=137.29396074418037 222.64254424956744 69.53910162448301 6.4192897507455191 151.39296456472948 7.2986642574542193 172.94912546616979
leaf_count=14009 5859 4487 116 622 165 911
internal_value=0 0.00523922 0.00803695 0.00352516 -0.0144187 0.0172194
internal_weight=767.536 630.242 553.404 374.036 76.8378 179.368
internal_count=26169 12160 7508 6481 4652 1027
is_linear=0
shrinkage=0.025


Tree=49
num_leaves=7
num_cat=0
split_feature=1 62 29 47 21 0
split_gain=150.057 44.3165 28.2939 32.3205 24.7896 25.8214
threshold=0.50930187106132518 0.58333333333333337 0.75473800000000013 0.89648150000000015 0.70400000000000007 0.48220000000000002
decision_type=2 2 2 2 2 2
left_child=-1 4 3 -3 5 -2
right_child=1 2 -4 -5 -6 -7
leaf_value=-0.021042842798471562 0.010044478713521827 -0.013232604859740375 0.018067193929095639 0.0077763948491846816 0.015761913512884942 -0.013938819558039495
leaf_weight=163.40023162717989 78.886082242708653 134.19590672259801 32.553310884628445 66.239336307626218 245.01399332890287 40.224467001855373
leaf_count=14839 1281 5976 170 508 2165 1230
internal_value=0 0.00582211 -0.00264762 -0.00623622 0.0112465 0.00175315
internal_weight=760.513 597.113 232.989 200.435 364.125 119.111
internal_count=26169 11330 6654 6484 4676 2511
is_linear=0
shrinkage=0.025


Tree=50
num_leaves=7
num_cat=0
split_feature=2 9 29 61 0 6
split_gain=144.923 42.3263 32.176 25.7939 23.5556 25.5853
threshold=0.51854240894317638 0.75000000000000011 1.0000000180025095e-35 0.49446450000000003 0.43580000000000002 0.71760350000000017
decision_type=2 2 2 2 2 2
left_child=-1 4 3 -3 -2 -6
right_child=1 2 -4 -5 5 -7
leaf_value=-0.020640585004533279 0.0072768123440488082 -0.01007691169268575 0.015784407822124768 0.0085332800283570119 -0.021350040320539235 0.0061406277160902609
leaf_weight=163.62249605957186 53.5406743377971 67.868011547659989 240.44793072034372 134.34026260563405 66.437005812185816 28.560745753406081
leaf_count=14842 1487 1970 1869 2226 3290 485
internal_value=0 0.00577547 0.00964469 0.00219754 -0.00566596 -0.0130498
internal_weight=754.817 591.195 442.656 202.208 148.538 94.9978
internal_count=26169 11327 6065 4196 5262 3775
is_linear=0
shrinkage=0.025


Tree=51
num_leaves=7
num_cat=0
split_feature=9 62 29 24 48 2
split_gain=142.7 50.74 33.6923 29.3805 10.5866 9.87327
threshold=0.57000000000000017 0.75000000000000011 0.31620650000000006 1.0000000180025095e-35 0.66350000000000009 0.5900048315525056
decision_type=2 2 2 2 2 2
left_child=-1 2 3 -2 -3 -4
right_child=1 4 5 -5 -6 -7
leaf_value=-0.023356938294327646 -0.006673499710729479 -0.019675110598975837 0.0028724992164153975 0.0082799824265133836 0.00054089468945628491 0.019242722885622465
leaf_weight=131.85034093166178 120.13040130166337 53.142761517927283 29.880460135173053 244.85039473223151 21.479390955646522 147.60213928169105
leaf_count=14009 2728 3674 432 3753 978 595
internal_value=0 0.0050647 0.00774331 0.00332244 -0.0139137 0.0166135
internal_weight=748.936 617.086 542.463 364.981 74.6222 177.483
internal_count=26169 12160 7508 6481 4652 1027
is_linear=0
shrinkage=0.025


Tree=52
num_leaves=7
num_cat=0
split_feature=9 62 29 47 30 16
split_gain=136.554 49.1599 33.9892 38.2244 10.2832 9.94134
threshold=0.57000000000000017 0.75000000000000011 0.31620650000000006 0.8716965000000001 0.66500000000000015 0.60854950000000008
decision_type=2 2 2 2 2 2
left_child=4 2 3 -2 -1 -4
right_child=1 -3 5 -5 -6 -7
leaf_value=-0.024867617924025844 -0.0035597080930311257 -0.013817226543102832 -0.010373139099953209 0.012842950479020013 0.0030705350488188336 0.017687345941038993
leaf_weight=121.43662366931676 215.00504868593998 73.98336019233102 6.3087935373187056 147.23418269632384 7.6761012851493424 170.44291425007395
leaf_count=13487 5859 4652 116 622 522 911
internal_value=0 0.00494255 0.00758563 0.00312559 -0.0231134 0.0165063
internal_weight=742.087 612.974 538.991 362.239 129.113 176.752
internal_count=26169 12160 7508 6481 14009 1027
is_linear=0
shrinkage=0.025


Tree=53
num_leaves=7
num_cat=0
split_feature=2 60 39 43 34 15
split_gain=133.021 40.8072 44.9389 35.8625 30.8318 25.0574
threshold=0.52470874786376964 0.68000000000000005 1.0000000180025095e-35 1.0000000180025095e-35 0.30349850000000006 0.67881200000000008
decision_type=2 2 2 2 2 2
left_child=5 2 3 -2 -3 -1
right_child=1 4 -4 -5 -6 -7
leaf_value=-0.024701162869624912 0.0032770230738955277 -0.022413000657421068 0.013216207841582686 -0.034238600996953993 0.0019975404359187632 -0.00057792456942577786
leaf_weight=128.81043061008677 49.479032391944202 44.257364263903582 355.41486056795111 20.50064781846595 102.01825280848425 34.944092171499506
leaf_count=13745 980 2110 4658 874 2396 1406
internal_value=0 0.00570199 0.00961242 -0.0083944 -0.00558185 -0.0196922
internal_weight=735.425 571.67 425.395 69.9797 146.276 163.755
internal_count=26169 11018 6512 1854 4506 15151
is_linear=0
shrinkage=0.025


Tree=54
num_leaves=7
num_cat=0
split_feature=9 1 39 44 60 34
split_gain=130.542 48.9622 27.1932 22.5745 20.9317 19.8722
threshold=0.57000000000000017 0.60968363285064708 1.0000000180025095e-35 0.10183150000000002 0.68000000000000005 0.30349850000000006
decision_type=2 2 2 2 2 2
left_child=-1 2 -2 -4 -3 -6
right_child=1 4 3 -5 5 -7
leaf_value=-0.022916876280010712 -0.021805178343153184 0.01398430598969639 -0.011928596307889764 0.0056884466068709803 -0.023739348938885213 0.0056992879701674819
leaf_weight=125.75441911291273 40.509449087985558 275.97702161269262 64.266292735585012 139.93339357408695 15.457370228134094 68.379230489721522
leaf_count=14009 2163 2178 2806 2893 680 1440
internal_value=0 0.00484198 -0.00373786 2.44151e-05 0.0106868 -0.000157351
internal_weight=730.277 604.523 244.709 204.2 359.814 83.8366
internal_count=26169 12160 7862 5699 4298 2120
is_linear=0
shrinkage=0.025


Tree=55
num_leaves=7
num_cat=0
split_feature=9 61 0 2 24 47
split_gain=126.886 40.4988 53.9387 31.1075 23.2982 21.3211
threshold=0.73000000000000009 0.49446450000000003 0.51600000000000013 0.55928221344947826 1.0000000180025095e-35 0.77426000000000006
decision_type=2 2 2 2 2 2
left_child=3 2 4 -1 -2 -4
right_child=1 -3 5 -5 -6 -7
leaf_value=-0.02496792475699295 -0.0049154555504661232 0.012518270824127757 -0.024683675483157065 -0.00529139162486291 0.017910633559702009 -0.0011043643445047275
leaf_weight=114.92973863605584 41.494054637267254 301.37538318475708 56.839959473523777 92.971300698583946 75.079409093712457 41.967878130555619
leaf_count=13517 1121 3726 2939 3427 860 579
internal_value=0 0.00663622 -0.00160336 -0.0163778 0.00977964 -0.0150293
internal_weight=724.658 516.757 215.381 207.901 116.573 98.8078
internal_count=26169 9225 5499 16944 1981 3518
is_linear=0
shrinkage=0.025


Tree=56
num_leaves=7
num_cat=0
split_feature=9 2 60 39 2 55
split_gain=122.623 39.6647 29.7127 34.9178 27.0831 26.6557
threshold=0.71000000000000008 0.66890439391136181 0.68000000000000005 1.0000000180025095e-35 0.56705352663993847 1.0000000180025095e-35
decision_type=2 2 2 2 2 2
left_child=4 2 3 -2 -1 -4
right_child=1 -3 5 -5 -6 -7
leaf_value=-0.024640112722248912 -0.019778909491889124 0.014528832737711737 0.0095080451551954638 0.0085751229598470657 -0.0053708109977798494 -0.022031667274814488
leaf_weight=113.46931204041903 28.621995580237126 212.90472812420921 21.717321835109033 208.02292762440629 80.173846100195078 53.749346666401834
leaf_count=13615 1307 2159 245 3318 3079 2446
internal_value=0 0.0062752 0.000546526 0.00493822 -0.0168768 -0.0128293
internal_weight=718.659 525.016 312.112 236.645 193.643 75.4667
internal_count=26169 9475 7316 4625 16694 2691
is_linear=0
shrinkage=0.025


Tree=57
num_leaves=7
num_cat=0
split_feature=1 29 47 62 20 26
split_gain=120.036 40.9474 51.9685 52.4094 18.1482 16.1337
threshold=0.50930187106132518 0.91839300000000013 0.8716965000000001 0.41666666666666669 0.69749450000000013 0.38380000000000009
decision_type=2 2 2 2 2 2
left_child=4 2 3 -2 -1 -4
right_child=1 -3 5 -5 -6 -7
leaf_value=-0.023989359480788827 0.015826703437773391 0.023249086448057336 0.014977061239338472 -0.009212126651370495 -0.00022180351893568659 -0.0078088984150632675
leaf_weight=120.66751672095415 64.113410179386847 66.784468088299036 177.76484722472378 238.71545911597786 24.937159413806512 19.68699259479763
leaf_count=13823 1206 214 885 8888 1016 137
internal_value=0 0.00521371 0.00268506 -0.00379619 -0.0200503 0.0125922
internal_weight=712.67 567.065 500.281 302.829 145.605 197.452
internal_count=26169 11330 11116 10094 14839 1022
is_linear=0
shrinkage=0.025


Tree=58
num_leaves=7
num_cat=0
split_feature=9 1 0 47 44 62
split_gain=115.299 42.442 24.5144 28.2249 23.2397 19.8546
threshold=0.57000000000000017 0.60968363285064708 0.51600000000000013 0.77426000000000006 0.15442000000000003 0.58333333333333337
decision_type=2 2 2 2 2 2
left_child=-1 2 4 -4 -2 -3
right_child=1 5 3 -5 -6 -7
leaf_value=-0.022342043469258849 -0.0099635340471685221 0.013908064990447378 -0.021436522128169596 0.0015800515168527163 0.013490213427017518 0.00085935109126960467
leaf_weight=117.54251951022161 38.763111897977069 245.35483672784176 69.322179345021141 60.251941748574609 70.485118164244341 105.8050990239135
leaf_count=14009 1486 2352 4381 865 1130 1946
internal_value=0 0.00452671 -0.00355648 -0.0108402 0.0050534 0.0100351
internal_weight=707.525 589.982 238.822 129.574 109.248 351.16
internal_count=26169 12160 7862 5246 2616 4298
is_linear=0
shrinkage=0.025


Tree=59
num_leaves=7
num_cat=0
split_feature=1 29 47 62 20 19
split_gain=111.949 35.953 38.895 46.7326 17.0916 16.054
threshold=0.50930187106132518 0.31620650000000006 0.8716965000000001 0.41666666666666669 0.69749450000000013 0.68236450000000015
decision_type=2 2 2 2 2 2
left_child=4 2 3 -2 -1 -3
right_child=1 5 -4 -5 -6 -7
leaf_value=-0.0236618682421171 0.014502211705694127 -0.0060331378250646122 0.010483757792851111 -0.011778354661665807 -0.00038304867922885435 0.016898315800204799
leaf_weight=116.17529886095872 52.517589831841178 19.786887033013045 150.59498839848675 179.79317451962561 24.659773400358972 157.62949694562121
leaf_count=13823 1078 398 869 7856 1016 1129
internal_value=0 0.00502331 0.000663648 -0.0057088 -0.0197246 0.0142439
internal_weight=701.157 560.322 382.906 232.311 140.835 177.416
internal_count=26169 11330 9803 8934 14839 1527
is_linear=0
shrinkage=0.025


Tree=60
num_leaves=7
num_cat=0
split_feature=2 60 39 43 34 44
split_gain=109.034 35.6112 37.1292 31.7007 26.7844 22.9592
threshold=0.52470874786376964 0.68000000000000005 1.0000000180025095e-35 1.0000000180025095e-35 0.29069600000000007 0.047175500000000009
decision_type=2 2 2 2 2 2
left_child=-1 2 3 -2 -3 -4
right_child=1 4 5 -5 -6 -7
leaf_value=-0.018900355038505852 0.0030907253879596448 -0.02199995816223765 -0.00055002474321887607 -0.033198027408855073 0.0014436255249639859 0.01540424551007971
leaf_weight=147.49165300344612 48.029324540257221 41.060387263714802 69.315335234045051 18.948797822857159 98.387574639564264 273.50923869176768
leaf_count=15151 980 2056 1702 874 2450 2956
internal_value=0 0.005138 0.00884685 -0.00787493 -0.00566357 0.0121725
internal_weight=696.742 549.251 409.803 66.9781 139.448 342.825
internal_count=26169 11018 6512 1854 4506 4658
is_linear=0
shrinkage=0.025


Tree=61
num_leaves=7
num_cat=0
split_feature=1 29 47 62 20 16
split_gain=107.47 34.6332 44.2773 41.4016 16.3191 14.3093
threshold=0.50930187106132518 0.91839300000000013 0.92324450000000013 0.41666666666666669 0.69749450000000013 0.6141080000000001
decision_type=2 2 2 2 2 2
left_child=4 2 3 -2 -1 -4
right_child=1 -3 5 -5 -6 -7
leaf_value=-0.023476046980567808 0.014112237329793201 0.02182932761916313 -0.011345664722631649 -0.0073472825311284261 -0.00056395211808458784 0.015226896985335057
leaf_weight=113.32971182087931 69.081174608552828 64.374916896689683 11.635191495064644 257.46366319914523 24.44172361199162 151.40937661874341
leaf_count=13823 1228 214 106 9204 1016 578
internal_value=0 0.00492964 0.00259015 -0.00270816 -0.0195561 0.0131351
internal_weight=691.736 553.964 489.589 326.545 137.771 163.045
internal_count=26169 11330 11116 10432 14839 684
is_linear=0
shrinkage=0.025


Tree=62
num_leaves=7
num_cat=0
split_feature=9 2 60 39 2 55
split_gain=104.422 33.7696 26.8943 31.5354 26.4277 25.8189
threshold=0.73000000000000009 0.66890439391136181 0.68000000000000005 1.0000000180025095e-35 0.55928221344947826 1.0000000180025095e-35
decision_type=2 2 2 2 2 2
left_child=4 2 3 -2 -1 -4
right_child=1 -3 5 -5 -6 -7
leaf_value=-0.024171575802382609 -0.019151815499698202 0.01390111308628751 0.011221187886735274 0.0085291048431073869 -0.0053629908258220451 -0.021437287293632264
leaf_weight=101.38872181262559 27.052327113997308 201.40002368605928 18.77789896633476 194.02663909725379 90.700541618542047 51.782922102167504
leaf_count=13517 1301 2127 187 3172 3427 2438
internal_value=0 0.00609383 0.000600226 0.00492652 -0.0155185 -0.0125398
internal_weight=685.129 493.04 291.64 221.079 192.089 70.5608
internal_count=26169 9225 7098 4473 16944 2625
is_linear=0
shrinkage=0.025


Tree=63
num_leaves=7
num_cat=0
split_feature=9 62 43 19 19 39
split_gain=100.759 39.0171 26.1839 23.4871 18.1043 15.569
threshold=0.57000000000000017 0.58333333333333337 1.0000000180025095e-35 0.68318650000000003 0.64414750000000021 1.0000000180025095e-35
decision_type=2 2 2 2 2 2
left_child=-1 3 4 -2 -3 -5
right_child=1 2 -4 5 -6 -7
leaf_value=-0.021634067257818444 -0.0050520831317766648 -0.026582623596777506 -0.022025269918725408 -0.0018826430499223575 0.0022610784100892088 0.015146906340921721
leaf_weight=109.9451143303304 53.095369396032766 12.11002556774474 36.737660585262347 37.383877649204805 193.34652975058998 236.79791573190596
leaf_count=14009 1227 1043 2006 454 5009 2421
internal_value=0 0.00425309 -0.00330931 0.00985867 0.000219765 0.0127973
internal_weight=679.416 569.471 242.194 327.277 205.457 274.182
internal_count=26169 12160 8058 4102 6052 2875
is_linear=0
shrinkage=0.025


Tree=64
num_leaves=7
num_cat=0
split_feature=2 60 16 43 20 15
split_gain=97.8072 32.5234 31.3161 26.2405 24.1613 20.622
threshold=0.52470874786376964 0.68000000000000005 0.59306800000000004 1.0000000180025095e-35 0.68995650000000019 0.67617700000000014
decision_type=2 2 2 2 2 2
left_child=5 2 -2 -4 -3 -1
right_child=1 4 3 -5 -6 -7
leaf_value=-0.023799342847082114 -0.020900639213600834 -0.022213999487190959 0.012640714537294344 -0.0062363592393930726 0.00086052696750179767 -0.00094326053878634661
leaf_weight=105.68920927791623 19.101953593781218 36.72336804002407 330.14169124393084 51.20252429129323 99.434466191567481 33.283367619791534
leaf_count=13646 999 1896 4341 1172 2610 1505
internal_value=0 0.00485497 0.00844015 0.0100592 -0.00558815 -0.0185007
internal_weight=675.577 536.604 400.446 381.344 136.158 138.973
internal_count=26169 11018 6512 5513 4506 15151
is_linear=0
shrinkage=0.025


Tree=65
num_leaves=7
num_cat=0
split_feature=9 2 1 60 39 55
split_gain=95.8515 31.2291 25.3801 24.5292 28.8064 24.6638
threshold=0.73000000000000009 0.66890439391136181 0.51781070232391369 0.68000000000000005 1.0000000180025095e-35 1.0000000180025095e-35
decision_type=2 2 2 2 2 2
left_child=2 3 -1 4 -2 -5
right_child=1 -3 -4 5 -6 -7
leaf_value=-0.025194677298653802 -0.018720062535918278 0.013344121308489915 -0.0063860358544053746 0.0108829242923999 0.0080508716978282338 -0.021394104441787562
leaf_weight=83.971700791240437 26.30807269703655 200.22185604146216 101.35826970388007 18.532317533739842 191.46500086470041 49.183274292547139
leaf_count=12674 1301 2127 4270 187 3172 2438
internal_value=0 0.00583891 -0.0151766 0.000474755 0.00460133 -0.012363
internal_weight=671.04 485.711 185.33 285.489 217.773 67.7156
internal_count=26169 9225 16944 7098 4473 2625
is_linear=0
shrinkage=0.025


Tree=66
num_leaves=7
num_cat=0
split_feature=9 62 21 29 22 61
split_gain=92.4156 37.8244 22.6419 21.5673 15.6966 15.1443
threshold=0.57000000000000017 0.58333333333333337 0.70400000000000007 0.75473800000000013 0.38669450000000005 0.71629350000000003
decision_type=2 2 2 2 2 2
left_child=-1 2 -2 5 -4 -3
right_child=1 3 4 -5 -6 -7
leaf_value=-0.021245279336763512 0 -0.0092151462255040308 0.0029524253756967682 0.015942264021123486 0.018265140434473293 0.008613455412277508
leaf_weight=104.96302982876659 104.23587982053868 176.81352864854125 60.069519575918093 28.704358867369592 157.72297302354127 33.156252170214429
leaf_count=14009 1972 7111 603 183 1527 764
internal_value=0 0.00405375 0.00962055 -0.00344278 0.0141629 -0.00629043
internal_weight=665.666 560.703 322.028 238.674 217.792 209.97
internal_count=26169 12160 4102 8058 2130 7875
is_linear=0
shrinkage=0.025


Tree=67
num_leaves=7
num_cat=0
split_feature=2 29 47 62 19 16
split_gain=90.0646 32.0221 37.5312 29.6959 13.4019 10.8962
threshold=0.51854240894317638 0.9893010000000001 0.94988050000000013 0.41666666666666669 0.68892700000000018 0.6141080000000001
decision_type=2 2 2 2 2 2
left_child=4 2 3 -2 -1 -4
right_child=1 -3 5 -5 -6 -7
leaf_value=-0.023304759146099745 0.012181021254327887 0.022627081465144111 -0.010535418880726255 -0.0056275117541110808 -0.0040984949317923857 0.015564788150807536
leaf_weight=95.176178291680117 71.467274375609122 52.537434982368723 8.7378038391470891 276.03223182309011 32.711083835471072 123.99624737090198
leaf_count=13033 1271 163 77 9390 1809 426
internal_value=0 0.0045386 0.00243467 -0.00187914 -0.0186321 0.0136189
internal_weight=660.658 532.771 480.234 347.5 127.887 132.734
internal_count=26169 11327 11164 10661 14842 503
is_linear=0
shrinkage=0.025


Tree=68
num_leaves=7
num_cat=0
split_feature=2 60 39 43 20 44
split_gain=88.4122 31.3977 34.1067 29.0413 23.5974 20.8596
threshold=0.53135663270950328 0.68000000000000005 1.0000000180025095e-35 1.0000000180025095e-35 0.69622600000000012 0.047175500000000009
decision_type=2 2 2 2 2 2
left_child=-1 2 3 -2 -3 -4
right_child=1 4 5 -5 -6 -7
leaf_value=-0.017491019085217715 0.002669515723440998 -0.021566092557295014 -0.00092492168402249727 -0.032884275016193759 0.0011976936781465408 0.014801863181286358
leaf_weight=139.33608621387975 46.111625433462905 38.319806213345146 64.416207674599718 17.90764428480179 91.126054410327924 258.34617452515522
leaf_count=15564 940 1954 1618 841 2391 2861
internal_value=0 0.00478258 0.00834626 -0.00800627 -0.00575568 0.0116533
internal_weight=655.564 516.228 386.782 64.0193 129.446 322.762
internal_count=26169 10605 6260 1781 4345 4479
is_linear=0
shrinkage=0.025


Tree=69
num_leaves=7
num_cat=0
split_feature=9 2 60 39 55 16
split_gain=86.2583 34.9583 26.7466 29.5399 18.9331 15.0302
threshold=0.57000000000000017 0.66890439391136181 0.68000000000000005 1.0000000180025095e-35 1.0000000180025095e-35 0.60377350000000007
decision_type=2 2 2 2 2 2
left_child=-1 2 3 -2 -4 -3
right_child=1 5 4 -5 -6 -7
leaf_value=-0.020951802939189502 -0.018701705815714429 -0.016143073185368808 0.0055497727671494114 0.0061958973421972884 -0.020645574167061205 0.013121671762396642
leaf_weight=100.93669283151394 31.829356602655025 9.2463182900100929 22.075790643808432 219.71583883682615 58.887630151686608 207.97171538407565
leaf_count=14009 1685 209 324 4442 3196 2304
internal_value=0 0.00392445 -0.00115649 0.00285799 -0.0134459 0.0116666
internal_weight=650.663 549.727 332.509 251.545 80.9634 217.218
internal_count=26169 12160 9647 6127 3520 2513
is_linear=0
shrinkage=0.025


Tree=70
num_leaves=7
num_cat=0
split_feature=2 60 39 43 20 44
split_gain=83.8279 28.9652 30.7805 24.3937 21.9729 21.9149
threshold=0.51488816738128673 0.68000000000000005 1.0000000180025095e-35 1.0000000180025095e-35 0.68995650000000019 0.047175500000000009
decision_type=2 2 2 2 2 2
left_child=-1 2 3 -2 -3 -4
right_child=1 4 5 -5 -6 -7
leaf_value=-0.018592324893903448 0.0017951431733425165 -0.021865486950531556 -0.0018992162896200671 -0.031024732731163896 0.0005228929993079483 0.014028970123378585
leaf_weight=120.43135062540387 46.71921481116442 35.259193232515827 65.894014108809642 17.393285540878423 96.849919809494168 263.14506783825345
leaf_count=14635 1023 1997 1856 928 2665 3065
internal_value=0 0.00433071 0.00773219 -0.00780752 -0.00568256 0.0108225
internal_weight=645.692 525.261 393.152 64.1125 132.109 329.039
internal_count=26169 11534 6872 1951 4662 4921
is_linear=0
shrinkage=0.025


Tree=71
num_leaves=7
num_cat=0
split_feature=9 61 0 1 2 0
split_gain=82.5795 31.1332 32.1429 23.347 20.4299 23.3007
threshold=0.73000000000000009 0.50715900000000003 0.51600000000000013 0.51781070232391369 0.70846572518348705 0.85456650000000012
decision_type=2 2 2 2 2 2
left_child=3 2 -2 -1 5 -3
right_child=1 4 -4 -5 -6 -7
leaf_value=-0.024790353765969247 0.0088300253555369055 0.0083810632519067587 -0.0097718996377702677 -0.0061418991165816906 0.020824035453357287 -0.02956521063120256
leaf_weight=76.00302926650329 106.12111741269473 136.98669095925288 121.99903230956988 98.545481077511795 92.862478524446487 8.3889664472080749
leaf_count=12674 1987 2125 3782 4270 861 470
internal_value=0 0.00549309 -0.00107846 -0.0145467 0.0117677 0.00566937
internal_weight=640.907 466.358 228.12 174.549 238.238 145.376
internal_count=26169 9225 5769 16944 3456 2595
is_linear=0
shrinkage=0.025


Tree=72
num_leaves=7
num_cat=0
split_feature=19 29 47 39 44 2
split_gain=80.9339 36.771 38.9687 29.815 22.3834 21.7467
threshold=0.68236450000000015 0.89118900000000012 0.92324450000000013 1.0000000180025095e-35 0.43680000000000002 0.68277427554130565
decision_type=2 2 2 2 2 2
left_child=4 2 3 -2 5 -1
right_child=1 -3 -4 -5 -6 -7
leaf_value=-0.02261119560422168 -0.021517704428573439 0.02446000136856126 0.01318481874464392 0.00080247297540750285 0.0017630536953913247 0.011773482163430589
leaf_weight=119.95929064997472 42.102791891724337 53.303528078831732 143.43094273959287 227.00174417317612 38.661243115871912 10.808285971172152
leaf_count=14658 2269 167 672 7043 1238 122
internal_value=0 0.00538541 0.00276721 -0.00282334 -0.01467 -0.019536
internal_weight=635.268 465.839 412.535 269.105 169.429 130.768
internal_count=26169 10151 9984 9312 16018 14780
is_linear=0
shrinkage=0.025


Tree=73
num_leaves=7
num_cat=0
split_feature=1 29 47 1 9 20
split_gain=78.0055 29.5299 24.106 22.9196 18.6624 14.5499
threshold=0.50930187106132518 1.0000000180025095e-35 0.96388050000000014 0.72597524523735057 0.75000000000000011 0.69749450000000013
decision_type=2 2 2 2 2 2
left_child=5 2 3 -2 -3 -1
right_child=1 4 -4 -5 -6 -7
leaf_value=-0.022395524752862318 -0.0085809673049893152 -0.0039098541975568146 0.011469829634975622 0.018052587243189252 0.013720262079100388 0
leaf_weight=94.46281953837024 183.57407222798793 44.021527375385631 65.107647232245654 20.120035142637789 199.61512116942322 23.043359807285015
leaf_count=13823 7115 1598 289 401 1927 1016
internal_value=0 0.00423018 -0.00145741 -0.0057208 0.0104919 -0.0181514
internal_weight=629.945 512.438 268.802 203.694 243.637 117.506
internal_count=26169 11330 7805 7516 3525 14839
is_linear=0
shrinkage=0.025


Tree=74
num_leaves=7
num_cat=0
split_feature=9 62 43 21 29 48
split_gain=76.1147 33.1675 21.6284 21.1049 17.2398 15.3738
threshold=0.57000000000000017 0.58333333333333337 1.0000000180025095e-35 0.70400000000000007 0.60023650000000017 0.41683350000000002
decision_type=2 2 2 2 2 2
left_child=-1 3 4 5 -3 -2
right_child=1 2 -4 -5 -6 -7
leaf_value=-0.020339500706844205 0.006662162690892863 -0.0034865498428518628 -0.021118850354523992 0.013729848763313733 0.015824697792938349 -0.013592290898956083
leaf_weight=94.723557441669982 65.205528419348411 162.49210725825105 33.829083143064054 202.14819224900566 32.521083249128424 33.280709932791069
leaf_count=14009 1157 5772 2006 2130 280 815
internal_value=0 0.00371723 -0.00340743 0.00915275 -6.23004e-05 -0.000262675
internal_weight=624.2 529.477 228.842 300.634 195.013 98.4862
internal_count=26169 12160 8058 4102 6052 1972
is_linear=0
shrinkage=0.025


Tree=75
num_leaves=7
num_cat=0
split_feature=9 61 0 1 44 0
split_gain=74.8684 29.5757 42.94 21.6131 17.1455 16.9456
threshold=0.73000000000000009 0.49446450000000003 0.51600000000000013 0.51781070232391369 0.16062100000000004 0.46670000000000006
decision_type=2 2 2 2 2 2
left_child=3 2 4 -1 -2 -5
right_child=1 -3 -4 5 -6 -7
leaf_value=-0.024460532729288553 -0.005620214579138718 0.010755365106835415 -0.014666224819678936 0.0070245672518836014 0.015566560818907921 -0.01399318579252231
leaf_weight=70.869607977569103 33.20757779001724 259.99655363231432 88.851269182763644 36.082754021132132 70.256120581179857 60.599563318770379
leaf_count=12674 939 3726 3518 1334 1042 2936
internal_value=0 0.00529141 -0.00209378 -0.0141521 0.00871174 -0.0060816
internal_weight=619.863 452.312 192.315 167.552 103.464 96.6823
internal_count=26169 9225 5499 16944 1981 4270
is_linear=0
shrinkage=0.025


Tree=76
num_leaves=7
num_cat=0
split_feature=1 60 44 49 34 16
split_gain=72.1554 30.69 28.8787 20.3312 19.3399 18.4123
threshold=0.56914222240448009 0.68000000000000005 0.10339400000000001 1.0000000180025095e-35 0.29069600000000007 0.59306800000000004
decision_type=2 2 2 2 2 2
left_child=2 5 -1 -4 -3 -2
right_child=1 4 3 -5 -6 -7
leaf_value=-0.020528053976335052 -0.017046660851321688 -0.024762383277028423 0.0083284910159303858 -0.014241077970549293 0.00033466084814110186 0.011209726252686705
leaf_weight=110.59046551477513 12.735539065441115 23.10700591490604 53.218460660369601 42.520936664630426 73.71225538518047 298.63790301835979
leaf_count=14277 561 1239 1733 2640 2022 3697
internal_value=0 0.00608392 -0.0119649 -0.00171363 -0.00603947 0.00989956
internal_weight=614.523 408.193 206.33 95.7394 96.8193 311.373
internal_count=26169 7519 18650 4373 3261 4258
is_linear=0
shrinkage=0.025


Tree=77
num_leaves=7
num_cat=0
split_feature=19 29 47 6 1 55
split_gain=70.6734 32.6372 36.7317 26.7027 20.3372 15.3125
threshold=0.68236450000000015 0.60023650000000017 0.92324450000000013 0.54787700000000006 0.60792189836502086 1.0000000180025095e-35
decision_type=2 2 2 2 2 2
left_child=4 2 3 -2 -1 -6
right_child=1 -3 -4 -5 5 -7
leaf_value=-0.018608574452134732 0.016224631945562284 0.019962734818240669 0.012591285328386144 -0.0070155944039709279 0.013452027723821113 -0.021249735934352885
leaf_weight=127.16549969780317 33.527427958790213 74.124392378667835 130.81663731543813 211.84132917357783 23.927376730163814 8.8141096465988067
leaf_count=15261 938 402 649 8162 440 317
internal_value=0 0.00507456 0.00200543 -0.00367311 -0.0141485 0.00301718
internal_weight=610.217 450.31 376.185 245.369 159.907 32.7415
internal_count=26169 10151 9749 9100 16018 757
is_linear=0
shrinkage=0.025


Tree=78
num_leaves=7
num_cat=0
split_feature=2 44 19 43 60 61
split_gain=68.1558 35.9142 41.9955 28.6301 31.104 16.5403
threshold=0.46598570048809057 0.047175500000000009 0.71974850000000001 1.0000000180025095e-35 0.68000000000000005 0.71158400000000011
decision_type=2 2 2 2 2 2
left_child=-1 2 -2 4 -3 -4
right_child=1 3 5 -5 -6 -7
leaf_value=-0.021783212409512129 -0.022586062886372306 0.013375726709994588 -0.0048776768828499399 -0.0098928654244076469 -0.0039019285015474332 0.021092762939609627
leaf_weight=75.747445184519165 62.085256285325158 272.65519911490264 32.827325880876742 53.572790851234458 83.120047358155716 24.531828407663852
leaf_count=11852 4717 3955 708 2020 2631 286
internal_value=0 0.00320818 -0.00869959 0.00673573 0.00931565 0.00650044
internal_weight=604.54 528.792 119.444 409.348 355.775 57.3592
internal_count=26169 14317 5711 8606 6586 994
is_linear=0
shrinkage=0.025


Tree=79
num_leaves=7
num_cat=0
split_feature=19 29 47 1 44 2
split_gain=66.7514 32.5534 30.4415 27.1043 20.0195 13.7112
threshold=0.68236450000000015 0.89118900000000012 0.92324450000000013 0.71458289027214061 0.33894050000000003 0.68277427554130565
decision_type=2 2 2 2 2 2
left_child=4 2 3 -2 5 -1
right_child=1 -3 -4 -5 -6 -7
leaf_value=-0.021808835758869306 -0.0058610284941180372 0.023329230949555874 0.011930646307661035 0.016974305784911724 0.00065651318904962725 0.0075842666608378117
leaf_weight=105.1091688410379 223.62888310945709 50.672851945739239 135.34322144079488 35.3620756076416 41.914434392514522 9.2410162929445487
leaf_count=14303 8614 167 672 698 1611 104
internal_value=0 0.00494098 0.00242392 -0.0025772 -0.0139271 -0.0192472
internal_weight=601.272 445.007 394.334 258.991 156.265 114.35
internal_count=26169 10151 9984 9312 16018 14407
is_linear=0
shrinkage=0.025


Tree=80
num_leaves=7
num_cat=0
split_feature=9 1 31 49 61 61
split_gain=65.3727 26.3285 19.6913 16.1628 15.089 14.8513
threshold=0.73000000000000009 0.60968363285064708 0.5186845000000001 1.0000000180025095e-35 0.48363350000000005 0.71158400000000011
decision_type=2 2 2 2 2 2
left_child=2 3 5 -2 -5 -1
right_child=1 -3 -4 4 -6 -7
leaf_value=-0.019095109980472848 0.0057342098723224752 0.0097730190936054402 0.018591458609639198 -0.020750511396842267 -0.00051883957131364775 0.0024571865123518507
leaf_weight=127.60137135167315 74.548182411526795 270.85170117899543 8.8413958255259768 39.933471913231188 52.713294774875976 22.153456073079724
leaf_count=15841 1798 3569 573 2496 1362 530
internal_value=0 0.00498328 -0.0136277 -0.00275408 -0.00964734 -0.0158614
internal_weight=596.643 438.047 158.596 167.195 92.6468 149.755
internal_count=26169 9225 16944 5656 3858 16371
is_linear=0
shrinkage=0.025


Tree=81
num_leaves=7
num_cat=0
split_feature=2 44 19 43 46 39
split_gain=62.9668 34.3048 41.2701 27.7724 17.7018 16.2425
threshold=0.46598570048809057 0.047175500000000009 0.72066550000000007 1.0000000180025095e-35 0.58423250000000004 1.0000000180025095e-35
decision_type=2 2 2 2 2 2
left_child=-1 2 -2 4 -3 -5
right_child=1 3 -4 5 -6 -7
leaf_value=-0.021426789026169964 -0.02247329513401259 0.011890247077277399 0.0065972846664489439 -0.03041113336377765 -0.0018747215341909252 -0.00058828018817420652
leaf_weight=72.471157422820397 61.33982128452044 280.05034911274561 56.132186116999947 14.505608576204393 71.491486701037502 36.938742024474777
leaf_count=11852 4759 4552 952 768 2034 1252
internal_value=0 0.00307174 -0.00866142 0.00654589 0.00907274 -0.0101792
internal_weight=592.929 520.458 117.472 402.986 351.542 51.4444
internal_count=26169 14317 5711 8606 6586 2020
is_linear=0
shrinkage=0.025


Tree=82
num_leaves=7
num_cat=0
split_feature=9 62 29 24 33 16
split_gain=61.7823 30.2183 21.74 21.24 8.25771 8.0894
threshold=0.57000000000000017 0.75000000000000011 0.31620650000000006 1.0000000180025095e-35 0.70000000000000007 0.60854950000000008
decision_type=2 2 2 2 2 2
left_child=4 2 3 -2 -1 -4
right_child=1 -3 5 -5 -6 -7
leaf_value=-0.020965765639700831 -0.0075856954190092092 -0.011908299412520217 -0.011673423998048205 0.0065103112191990846 0.013202503816194568 0.015064789115015041
leaf_weight=82.115912155299156 96.798612405138556 67.443624926090706 5.3144571122247717 200.57527790100721 2.7262090699805404 134.84576939663384
leaf_count=13532 2728 4652 116 3753 477 911
internal_value=0 0.00334259 0.00576762 0.00186773 -0.0194212 0.0138028
internal_weight=589.82 504.978 437.534 297.374 84.8421 140.16
internal_count=26169 12160 7508 6481 14009 1027
is_linear=0
shrinkage=0.025


Tree=83
num_leaves=7
num_cat=0
split_feature=19 29 47 6 44 2
split_gain=60.6458 31.0518 29.2317 25.2358 18.5903 12.2989
threshold=0.68236450000000015 0.60023650000000017 0.92324450000000013 0.54787700000000006 0.33894050000000003 0.68425273895263683
decision_type=2 2 2 2 2 2
left_child=4 2 3 -2 5 -1
right_child=1 -3 -4 -5 -6 -7
leaf_value=-0.021403658184546641 0.016414510969967225 0.019435836522012157 0.011367753631960076 -0.0066920891067607201 0.00038037926552446762 0.0073874409566235272
leaf_weight=99.668422058857686 31.825371274462668 72.095779112540185 124.86216868238989 206.52295559737831 41.925047036071192 8.5109050815226492
leaf_count=14311 938 402 649 8162 1611 96
internal_value=0 0.00473049 0.0016747 -0.0034321 -0.0135713 -0.0189438
internal_weight=585.411 435.306 363.21 238.348 150.104 108.179
internal_count=26169 10151 9749 9100 16018 14407
is_linear=0
shrinkage=0.025


Tree=84
num_leaves=7
num_cat=0
split_feature=1 60 44 34 20 16
split_gain=58.9768 27.0747 23.5692 19.3763 17.1245 15.9894
threshold=0.56914222240448009 0.68000000000000005 0.10339400000000001 0.29069600000000007 0.67350250000000011 0.59306800000000004
decision_type=2 2 2 2 2 2
left_child=2 5 -1 -3 -5 -2
right_child=1 3 -4 4 -6 -7
leaf_value=-0.019613666341883763 -0.016422544024346005 -0.025550218175284835 -0.0019465305236666603 -0.02862692042915739 0.0052931038453511757 0.010507393079352481
leaf_weight=99.028609612862056 12.053227838361634 21.378095998545177 91.574940801598132 8.3421287255187035 62.705709284578916 284.44519112404669
leaf_count=14277 561 1239 4373 389 1633 3697
internal_value=0 0.00557762 -0.0113059 -0.0060608 0.0003537 0.00925522
internal_weight=579.528 388.924 190.604 92.4259 71.0478 296.498
internal_count=26169 7519 18650 3261 2022 4258
is_linear=0
shrinkage=0.025


Tree=85
num_leaves=7
num_cat=0
split_feature=2 2 49 47 44 61
split_gain=57.0613 31.6483 26.4423 32.3391 25.9758 11.917
threshold=0.46598570048809057 0.68277427554130565 1.0000000180025095e-35 0.80572300000000008 0.16662500000000002 0.56964300000000001
decision_type=2 2 2 2 2 2
left_child=-1 2 4 -4 -2 -3
right_child=1 5 3 -5 -6 -7
leaf_value=-0.02107381934776098 -0.0075856466678070307 0.0020670461989955031 -0.014347672041226493 0.0042290140091410878 0.017553451604094761 0.016386277702268665
leaf_weight=68.047101193638809 37.61687387234997 56.712465906166472 130.56141726391797 102.00426543556387 69.35298039735062 111.36162634397624
leaf_count=11852 1501 807 8439 1110 955 1505
internal_value=0 0.00291447 -0.00146612 -0.00620432 0.00866179 0.011707
internal_weight=575.657 507.61 339.536 232.566 106.97 168.074
internal_count=26169 14317 12005 9549 2456 2312
is_linear=0
shrinkage=0.025


Tree=86
num_leaves=7
num_cat=0
split_feature=1 44 62 22 49 19
split_gain=55.3579 34.8328 19.3638 17.0124 15.6944 14.952
threshold=0.60792189836502086 0.10004450000000001 0.58333333333333337 0.41060950000000002 1.0000000180025095e-35 0.68236450000000015
decision_type=2 2 2 2 2 2
left_child=1 3 -2 -1 5 -3
right_child=2 4 -4 -5 -6 -7
leaf_value=-0.022607382610568674 0.011351587980432922 -0.005928433995141813 -0.0019817051328828478 0.0020825555310595724 -0.0079474121873272605 0.016995053544403154
leaf_weight=97.279706680499658 211.81633682805113 26.732113505691814 97.294341982182232 19.883917198050767 75.568015533004655 43.193516838364303
leaf_count=14293 2854 1370 2296 990 3690 676
internal_value=0 -0.00839622 0.00714455 -0.0183881 -0.000116056 0.0082086
internal_weight=571.768 262.657 309.111 117.164 145.494 69.9256
internal_count=26169 21019 5150 15283 5736 2046
is_linear=0
shrinkage=0.025


Tree=87
num_leaves=7
num_cat=0
split_feature=9 62 29 21 48 47
split_gain=53.7785 26.3623 16.5526 15.7702 13.8783 13.5399
threshold=0.58350000000000002 0.58333333333333337 0.75473800000000013 0.70400000000000007 0.41683350000000002 0.89648150000000015
decision_type=2 2 2 2 2 2
left_child=-1 3 5 4 -2 -3
right_child=1 2 -4 -5 -6 -7
leaf_value=-0.018730979293519797 0.0066618112156069734 -0.010472900734608603 0.014609685154825931 0.012342562361800258 -0.013169606028135206 0.0039605355056164119
leaf_weight=79.574547188261931 60.399000957724638 130.44214069409645 25.048653289210051 185.08008787187282 31.439256874320563 55.857192574767396
leaf_count=14092 1144 7264 182 2130 815 542
internal_value=0 0.00313252 -0.00346595 0.00818584 -0.000203474 -0.00610391
internal_weight=567.841 488.266 211.348 276.918 91.8383 186.299
internal_count=26169 12077 7988 4089 1959 7806
is_linear=0
shrinkage=0.025


Tree=88
num_leaves=7
num_cat=0
split_feature=2 44 19 43 60 22
split_gain=53.0285 28.0204 34.3532 24.4186 27.7706 15.492
threshold=0.46598570048809057 0.047175500000000009 0.71974850000000001 1.0000000180025095e-35 0.68000000000000005 0.41060950000000002
decision_type=2 2 2 2 2 2
left_child=-1 2 -2 4 -3 -4
right_child=1 3 5 -5 -6 -7
leaf_value=-0.020797755646412619 -0.021664779918483701 0.012351604805533632 -0.0067482135970593805 -0.0099673498648087354 -0.0042379424244050161 0.018806304148315755
leaf_weight=65.026051353554067 55.364627855218714 258.56676756223897 28.047315092990175 49.753149517026031 80.83267927786801 26.202899712603539
leaf_count=11852 4717 3955 634 2020 2631 360
internal_value=0 0.00280168 -0.00820559 0.00595709 0.00837288 0.00572519
internal_weight=563.793 498.767 109.615 389.153 339.399 54.2502
internal_count=26169 14317 5711 8606 6586 994
is_linear=0
shrinkage=0.025


Tree=89
num_leaves=7
num_cat=0
split_feature=2 29 2 0 61 29
split_gain=51.417 27.2957 24.8587 19.2447 9.95271 3.68512
threshold=0.46598570048809057 0.9893010000000001 0.67512935400009166 0.48220000000000002 0.50715900000000003 0.31620650000000006
decision_type=2 2 2 2 2 2
left_child=5 2 3 -2 -4 -1
right_child=1 -3 4 -5 -6 -7
leaf_value=-0.023302867984961957 0.0051700725381320419 0.020784526655453193 -0.0035455936817368758 -0.0082300886883733913 0.011644477432964999 -0.0045870564802206011
leaf_weight=53.457485618499049 100.28624372101331 45.020836901385337 31.565347548108548 188.40943915020034 130.17364754207665 10.43257139547495
leaf_count=10356 3705 175 639 7865 1933 1496
internal_value=0 0.00275535 0.000829246 -0.00354071 0.00861783 -0.0206664
internal_weight=559.346 495.456 450.435 288.696 161.739 63.8901
internal_count=26169 14317 14142 11570 2572 11852
is_linear=0
shrinkage=0.025


Tree=90
num_leaves=7
num_cat=0
split_feature=9 2 61 31 29 2
split_gain=50.6016 23.4516 18.8257 18.5822 17.5035 12.9499
threshold=0.73000000000000009 0.66890439391136181 0.56964300000000001 0.5186845000000001 1.0000000180025095e-35 0.56705352663993847
decision_type=2 2 2 2 2 2
left_child=3 4 -3 5 -2 -1
right_child=1 2 -4 -5 -6 -7
leaf_value=-0.022976148248647382 -0.0065572410549869431 0.00063377893663984261 0.018094820513954876 0.018689343747514194 0.0066385889509219297 -0.0069730453598212437
leaf_weight=65.226362923211127 133.12785510682443 62.815068067633547 103.01915068575181 8.6794451799069048 114.39677586517064 69.065020643756725
leaf_count=13310 4827 736 1391 573 2271 3061
internal_value=0 0.00443944 0.0116405 -0.0126911 -0.000418218 -0.0150877
internal_weight=556.33 413.359 165.834 142.971 247.525 134.291
internal_count=26169 9225 2127 16944 7098 16371
is_linear=0
shrinkage=0.025


Tree=91
num_leaves=7
num_cat=0
split_feature=44 19 60 39 2 14
split_gain=48.9731 39.5217 24.8682 29.6437 15.4854 17.1056
threshold=0.047175500000000009 0.71974850000000001 0.68000000000000005 1.0000000180025095e-35 0.68750262260437023 1.0000000180025095e-35
decision_type=2 2 2 2 2 2
left_child=1 -1 3 -2 5 -4
right_child=2 -3 4 -5 -6 -7
leaf_value=-0.02208287311562189 -0.010334495302579448 0.0043529682733316668 0.0019581466129494551 0.011479721107489281 0.0079678289043116357 -0.021626678363991039
leaf_weight=91.915494448323443 43.47018804079562 54.575366837903857 31.282789351302199 254.07480305223726 33.319185517146252 43.46698190169991
leaf_count=13683 1949 1083 895 4780 816 2963
internal_value=0 -0.0122677 0.00447857 0.00820403 -0.00565313 -0.0118992
internal_weight=552.105 146.491 405.614 297.545 108.069 74.7498
internal_count=26169 14766 11403 6729 4674 3858
is_linear=0
shrinkage=0.025


Tree=92
num_leaves=7
num_cat=0
split_feature=2 44 61 43 60 39
split_gain=47.5726 25.3206 30.6326 21.614 24.9879 14.0005
threshold=0.46598570048809057 0.047175500000000009 0.71629350000000003 1.0000000180025095e-35 0.68000000000000005 1.0000000180025095e-35
decision_type=2 2 2 2 2 2
left_child=-1 2 -2 4 -3 -5
right_child=1 3 -4 5 -6 -7
leaf_value=-0.020402096039999582 -0.01543998331443433 0.011704281142700577 0.01500470876982129 -0.029177577691979102 -0.0041890542758411201 -0.00038172040670167673
leaf_weight=60.756968754227273 81.072580238193041 254.79984820930986 24.973315862589516 13.308200518076772 79.004392458562506 33.870962480432354
leaf_count=11852 5278 3955 433 768 2631 1252
internal_value=0 0.00263636 -0.00800933 0.00565528 0.00791347 -0.00974007
internal_weight=547.786 487.029 106.046 380.983 333.804 47.1792
internal_count=26169 14317 5711 8606 6586 2020
is_linear=0
shrinkage=0.025


Tree=93
num_leaves=7
num_cat=0
split_feature=19 29 62 44 2 19
split_gain=46.6111 26.2928 22.9711 17.2915 12.7244 12.4223
threshold=0.68236450000000015 0.89118900000000012 0.58333333333333337 0.43680000000000002 0.66551268100738536 0.67059950000000013
decision_type=2 2 2 2 2 2
left_child=3 2 -2 4 -1 -5
right_child=1 -3 -4 5 -6 -7
leaf_value=-0.021082271072855718 0.0074652179495048798 0.021483130128292682 -0.0050622319682911525 0.010386472919180701 0.0059172751344743271 -0.020643680040157642
leaf_weight=87.589514092083846 201.48085494403495 46.096318731084466 162.87528277299134 27.307780494564213 10.771878813859074 8.5050167436274915
leaf_count=14575 3373 167 6611 991 205 247
internal_value=0 0.00418836 0.00184498 -0.0126549 -0.0179653 0.00192269
internal_weight=544.627 410.452 364.356 134.174 98.3614 35.8128
internal_count=26169 10151 9984 16018 14780 1238
is_linear=0
shrinkage=0.025


Tree=94
num_leaves=7
num_cat=0
split_feature=1 44 60 49 20 61
split_gain=45.3913 30.1753 15.4144 13.8621 13.4233 12.0987
threshold=0.61158692836761486 0.10004450000000001 0.68000000000000005 1.0000000180025095e-35 0.69622600000000012 0.47254750000000006
decision_type=2 2 2 2 2 2
left_child=1 -1 -2 -3 -4 -5
right_child=2 3 4 5 -6 -7
leaf_value=-0.017487584769614335 0.0099888689007520595 0.0079794968355463691 -0.023564017423056846 -0.019603963445629858 0.0022132709789248303 0.00026244315977996395
leaf_weight=108.58831102257682 218.95188275442342 67.318707857986738 13.521687716405721 28.145410311786691 56.062953381682746 48.694008309583296
leaf_count=15369 2613 2065 605 2424 1726 1367
internal_value=0 -0.00769505 0.00674875 -8.67175e-05 -0.0033179 -0.00729254
internal_weight=541.283 252.746 288.537 144.158 69.5846 76.8394
internal_count=26169 21225 4944 5856 2331 3791
is_linear=0
shrinkage=0.025


Tree=95
num_leaves=7
num_cat=0
split_feature=1 44 62 39 22 21
split_gain=44.4041 29.2118 15.0022 13.5448 11.7292 11.4171
threshold=0.61158692836761486 0.10004450000000001 0.58333333333333337 1.0000000180025095e-35 0.41060950000000002 0.33000000000000007
decision_type=2 2 2 2 2 2
left_child=1 4 5 -3 -1 -2
right_child=2 3 -4 -5 -6 -7
leaf_value=-0.02112808912032688 -0.0059173990911683986 -0.01750672834596138 -0.0015875367236017153 0.0031151388933624759 0 0.01262150764877413
leaf_weight=88.12238580435951 21.346540070604533 21.215746580113773 91.728176528107724 121.1663940187791 19.047939874028089 175.29810109850951
leaf_count=14359 399 1754 2180 4102 1010 2365
internal_value=0 -0.00768046 0.00665542 -0.000146306 -0.0173787 0.0105161
internal_weight=537.925 249.552 288.373 142.382 107.17 196.645
internal_count=26169 21225 4944 5856 15369 2764
is_linear=0
shrinkage=0.025


Tree=96
num_leaves=7
num_cat=0
split_feature=19 29 62 44 47 16
split_gain=45.1784 24.5568 22.0001 16.066 13.8122 13.3169
threshold=0.68236450000000015 0.89118900000000012 0.75000000000000011 0.43680000000000002 0.93479450000000008 0.67436300000000016
decision_type=2 2 2 2 2 2
left_child=3 2 4 -1 -2 -5
right_child=1 -3 -4 5 -6 -7
leaf_value=-0.017896041845890057 0.00071817188824130687 0.021050633331153687 -0.012695920053099597 0.0089878952741846724 0.012025616205700236 -0.025458754780744414
leaf_weight=95.020832775786403 207.99035816115793 45.03191983117722 52.391725007255445 29.563567209712346 99.062545496271923 6.4514819865144082
leaf_count=14780 5697 167 3855 1008 432 230
internal_value=0 0.00414016 0.00186664 -0.0126179 0.00446215 0.00133819
internal_weight=535.512 404.477 359.445 131.036 307.053 36.015
internal_count=26169 10151 9984 16018 6129 1238
is_linear=0
shrinkage=0.025


Tree=97
num_leaves=7
num_cat=0
split_feature=2 29 62 47 32 29
split_gain=42.5022 24.2903 20.6096 24.288 15.0694 3.31416
threshold=0.46598570048809057 0.9893010000000001 0.41666666666666669 0.8716965000000001 0.15156000000000003 0.31620650000000006
decision_type=2 2 2 2 2 2
left_child=5 2 4 -4 -2 -1
right_child=1 -3 3 -5 -6 -7
leaf_value=-0.022639786852967868 -0.001621172663646434 0.020011222435679099 -0.0069454883671076512 0.0066894860754243834 0.019665508714285473 -0.0039005637883341424
leaf_weight=47.300155469973106 31.996926038962556 42.283736798912287 224.1251690278732 124.8070062182087 51.637043631635606 9.3612111482871097
leaf_count=10356 796 175 11630 1008 708 1496
internal_value=0 0.00247718 0.000637956 -0.0020307 0.0116093 -0.0199874
internal_weight=531.511 474.85 432.566 348.932 83.634 56.6614
internal_count=26169 14317 14142 12638 1504 11852
is_linear=0
shrinkage=0.025


Tree=98
num_leaves=7
num_cat=0
split_feature=2 29 2 60 6 26
split_gain=40.9819 23.2775 19.3544 17.6579 10.633 3.23958
threshold=0.46598570048809057 0.9893010000000001 0.75098425149917614 0.68000000000000005 0.71247950000000004 0.30100000000000005
decision_type=2 2 2 2 2 2
left_child=-1 2 3 -2 -4 -3
right_child=1 5 4 -5 -6 -7
leaf_value=-0.019815196890794765 0.0020548965041796321 0.004956056939637128 0.001047343202492255 -0.009858299978502235 0.02618384968146982 0.023441113752855798
leaf_weight=55.615390809049131 281.94339851492259 10.656066585797815 18.932633129647002 104.28674615149794 24.244637570343912 31.868029492907226
leaf_count=11852 8326 76 221 5238 357 99
internal_value=0 0.00242726 0.000609484 -0.00118201 0.016014 0.0195357
internal_weight=527.547 471.932 429.407 386.23 43.1773 42.5241
internal_count=26169 14317 14142 13564 578 175
is_linear=0
shrinkage=0.025


Tree=99
num_leaves=7
num_cat=0
split_feature=1 44 60 20 49 34
split_gain=41.0591 27.8612 14.1782 14.0839 13.2952 12.7376
threshold=0.61158692836761486 0.10004450000000001 0.68000000000000005 0.69622600000000012 1.0000000180025095e-35 0.29069600000000007
decision_type=2 2 2 2 2 2
left_child=1 -1 -2 -4 -3 -5
right_child=2 4 3 5 -6 -7
leaf_value=-0.017170261717951735 0.0096209564298107234 0.0078666627283636176 -0.024294714869277964 -0.019493751321989109 -0.007311997470023493 0.0085552676819054853
leaf_weight=103.22571187874564 213.53246892732568 65.742803756809735 13.140945823484797 10.367743829730896 73.952820789811085 44.098414854612201
leaf_count=15369 2613 2065 605 597 3791 1129
internal_value=0 -0.0074872 0.00647836 -0.00331166 -9.44453e-05 0.0024413
internal_weight=524.061 242.921 281.14 67.6071 139.696 54.4662
internal_count=26169 21225 4944 2331 5856 1726
is_linear=0
shrinkage=0.025


Tree=100
num_leaves=7
num_cat=0
split_feature=19 62 29 44 2 19
split_gain=40.3526 22.0469 17.1246 15.9174 13.9531 11.6399
threshold=0.68236450000000015 0.75000000000000011 1.0000000180025095e-35 0.43680000000000002 0.75098425149917614 0.6698900000000001
decision_type=2 2 2 2 2 2
left_child=3 2 4 -1 -2 -5
right_child=1 -3 -4 5 -6 -7
leaf_value=-0.017616244452332955 -0.0024168305108164638 -0.010422064635570407 0.011858915717291352 0.0099567979284675926 0.016961558564893255 -0.020004320095822245
leaf_weight=90.568465992102574 143.97946686795331 54.616906224837294 170.94492972473381 27.160939753099228 25.060396804241464 8.6028603299637307
leaf_count=14780 3765 3898 2111 976 377 262
internal_value=0 0.00394431 0.00633698 -0.0121576 0.000610361 0.00168496
internal_weight=520.934 394.602 339.985 126.332 169.04 35.7638
internal_count=26169 10151 6253 16018 4142 1238
is_linear=0
shrinkage=0.025


Tree=101
num_leaves=7
num_cat=0
split_feature=9 62 29 47 33 48
split_gain=38.7994 22.3876 17.0653 14.8911 8.4412 8.28364
threshold=0.57000000000000017 0.75000000000000011 0.31620650000000006 0.96388050000000014 0.70000000000000007 0.66350000000000009
decision_type=2 2 2 2 2 2
left_child=4 2 3 -2 -1 -3
right_child=1 5 -4 -5 -6 -7
leaf_value=-0.01953902819648198 -0.0019656158583149144 -0.017232067118033184 0.012506565361404251 0.011734389426276092 0.014977572389154668 0.0017289420627440368
leaf_weight=63.457367301067279 205.94825789457536 41.130109480873216 122.56564486288698 62.396917625330389 2.6772497769707106 19.680617184538278
leaf_count=13532 6204 3674 1027 277 477 978
internal_value=0 0.00264728 0.00487007 0.00126658 -0.0175196 -0.0111314
internal_weight=517.856 451.722 390.911 268.345 66.1346 60.8107
internal_count=26169 12160 7508 6481 14009 4652
is_linear=0
shrinkage=0.025


Tree=102
num_leaves=7
num_cat=0
split_feature=9 29 2 61 0 33
split_gain=37.4867 20.4481 19.1406 20.0261 15.8257 8.38207
threshold=0.57000000000000017 0.9893010000000001 0.70846572518348705 0.50715900000000003 0.51600000000000013 0.70000000000000007
decision_type=2 2 2 2 2 2
left_child=5 2 4 -4 -2 -1
right_child=1 -3 3 -5 -6 -7
leaf_value=-0.01941808459730987 0.0060880571693709331 0.01897947968119864 -0.015630239348397371 0.016049753216478651 -0.0057277160222454354 0.014881493982448861
leaf_weight=62.381215761975909 100.98569785378641 40.63712300430052 12.535472775576634 74.528415692620911 220.34750154794165 2.7078203201381248
leaf_count=13532 2904 157 229 956 7914 477
internal_value=0 0.00259918 0.000842422 0.0110818 -0.00196901 -0.017364
internal_weight=514.123 449.034 408.397 87.0639 321.333 65.089
internal_count=26169 12160 12003 1185 10818 14009
is_linear=0
shrinkage=0.025


Tree=103
num_leaves=7
num_cat=0
split_feature=2 29 62 49 19 29
split_gain=37.0931 21.5998 18.5062 13.0762 12.3397 3.0814
threshold=0.46598570048809057 0.9893010000000001 0.58333333333333337 1.0000000180025095e-35 0.71974850000000001 0.31620650000000006
decision_type=2 2 2 2 2 2
left_child=5 2 4 -4 -2 -1
right_child=1 -3 3 -5 -6 -7
leaf_value=-0.022170910633391321 -0.00086685539797296733 0.019086153814470149 0.0072973555431683117 -0.0087687267909405033 0.010477351528640421 -0.0035194107632788804
leaf_weight=43.302853939130728 109.99792518664617 40.963747861795127 37.656766945059644 145.2864181924233 124.90877602470573 8.8205029673481459
leaf_count=10356 3468 175 1414 7320 1940 1496
internal_value=0 0.00230664 0.000537116 -0.00536073 0.00517524 -0.0194804
internal_weight=510.937 458.814 417.85 182.943 234.907 52.1234
internal_count=26169 14317 14142 8734 5408 11852
is_linear=0
shrinkage=0.025


Tree=104
num_leaves=7
num_cat=0
split_feature=44 19 39 60 43 2
split_gain=36.1789 32.1184 20.7668 25.6385 14.6233 12.5095
threshold=0.047175500000000009 0.72066550000000007 1.0000000180025095e-35 0.68000000000000005 1.0000000180025095e-35 0.75944644212722789
decision_type=2 2 2 2 2 2
left_child=1 -1 4 -4 -2 -5
right_child=2 -3 3 5 -6 -7
leaf_value=-0.021101311068775934 -0.0016236126140133313 0.00406967945295756 0.010581748010438994 -0.0089065236702356599 -0.029341971148701823 0.018919026547997292
leaf_weight=78.445888381931582 44.341895610763459 50.07459724356886 237.45758221550204 74.480251976681757 14.328926507216236 9.0838503707200271
leaf_count=13735 1753 1031 4780 3464 1146 260
internal_value=0 -0.0113368 0.0038864 0.00640668 -0.00945871 -0.00531838
internal_weight=508.213 128.52 379.693 321.022 58.6708 83.5641
internal_count=26169 14766 11403 8504 2899 3724
is_linear=0
shrinkage=0.025


Tree=105
num_leaves=7
num_cat=0
split_feature=1 44 62 39 22 61
split_gain=35.1641 22.8696 13.1282 12.0801 12.0599 10.1111
threshold=0.61158692836761486 0.10004450000000001 0.58333333333333337 1.0000000180025095e-35 0.41060950000000002 0.72035700000000003
decision_type=2 2 2 2 2 2
left_child=1 4 -2 -3 -1 -4
right_child=2 3 5 -5 -6 -7
leaf_value=-0.020549048008875598 0.0098247599798466315 -0.017258348173163612 -0.0069646958216892417 0.0026972228795767409 0.0013053127907483037 0.011339207512469749
leaf_weight=77.134939055897121 184.43068741855677 20.023504335789767 64.286913181204 116.5778940001619 18.402581606962485 23.650683180894703
leaf_count=14359 2764 1754 1685 4102 1010 495
internal_value=0 -0.00710848 0.00606809 -0.000422633 -0.0163242 -0.00176777
internal_weight=504.507 232.139 272.368 136.601 95.5375 87.9376
internal_count=26169 21225 4944 5856 15369 2180
is_linear=0
shrinkage=0.025


Tree=106
num_leaves=7
num_cat=0
split_feature=2 29 62 47 32 29
split_gain=34.4326 21.1324 17.8801 20.9512 14.0197 2.87271
threshold=0.46598570048809057 0.9893010000000001 0.41666666666666669 0.8716965000000001 0.15156000000000003 0.31620650000000006
decision_type=2 2 2 2 2 2
left_child=5 2 4 -4 -2 -1
right_child=1 -3 3 -5 -6 -7
leaf_value=-0.021895430733288715 -0.0022596777761609999 0.018944832546445176 -0.0067083969507759807 0.0062535687995748093 0.019053710685181566 -0.0034861581848822025
leaf_weight=41.215475360426353 29.236398921406362 40.263162045972422 214.93394186795922 118.61378398985835 48.269728557090275 8.5780386766200518
leaf_count=10356 796 175 11630 1008 708 1496
internal_value=0 0.00221353 0.000448909 -0.00206069 0.0110852 -0.0192096
internal_weight=501.111 451.317 411.054 333.548 77.5061 49.7935
internal_count=26169 14317 14142 12638 1504 11852
is_linear=0
shrinkage=0.025


Tree=107
num_leaves=7
num_cat=0
split_feature=19 29 62 44 6 19
split_gain=34.0543 20.55 17.9783 13.6852 11.1355 9.45957
threshold=0.68236450000000015 0.91839300000000013 0.75000000000000011 0.43680000000000002 0.54787700000000006 0.6698900000000001
decision_type=2 2 2 2 2 2
left_child=3 2 4 -1 -2 -5
right_child=1 -3 -4 5 -6 -7
leaf_value=-0.016963979932599925 0.018151775214821027 0.019982099051545354 -0.011984584425368495 0.008881032181729245 0.0022232996671846367 -0.018655685247893416
leaf_weight=83.248005564477353 28.639370755845448 40.362305442336947 49.392044232197804 26.446554672031198 261.59538255436928 8.1225035159441159
leaf_count=14780 653 159 3856 976 5483 262
internal_value=0 0.00364905 0.00155058 -0.0116004 0.00396655 0.00135302
internal_weight=497.806 379.989 339.627 117.817 290.235 34.5691
internal_count=26169 10151 9992 16018 6136 1238
is_linear=0
shrinkage=0.025


Tree=108
num_leaves=7
num_cat=0
split_feature=1 44 60 34 22 49
split_gain=32.5677 20.8948 12.7366 12.0743 11.911 11.4837
threshold=0.61158692836761486 0.10004450000000001 0.68000000000000005 0.29069600000000007 0.41060950000000002 1.0000000180025095e-35
decision_type=2 2 2 2 2 2
left_child=1 4 -2 -4 -1 -3
right_child=2 5 3 -5 -6 -7
leaf_value=-0.020283631442396415 0.0089321967952611589 0.0070316574786603988 -0.022457953932276332 0.0021234446429706007 0.0014998681372366211 -0.0073207007409316939
leaf_weight=73.909183022748039 203.49274240416707 63.152518583039637 13.693082258861976 51.143737486214377 18.407603001425741 71.552022030635271
leaf_count=14359 2613 2065 847 1484 1010 3791
internal_value=0 -0.00692839 0.00587164 -0.00357908 -0.0159228 -0.000522699
internal_weight=495.351 227.021 268.33 64.8368 92.3168 134.705
internal_count=26169 21225 4944 2331 15369 5856
is_linear=0
shrinkage=0.025


Tree=109
num_leaves=7
num_cat=0
split_feature=2 29 62 2 48 22
split_gain=31.7921 20.2394 17.4996 12.8579 7.95018 2.8912
threshold=0.46598570048809057 0.9893010000000001 0.75000000000000011 0.75098425149917614 0.66350000000000009 0.40523650000000005
decision_type=2 2 2 2 2 2
left_child=-1 2 3 -2 -4 -3
right_child=1 5 4 -5 -6 -7
leaf_value=-0.018872923727874996 0.00071865223270134232 0.0030352826759843087 -0.018093257970681609 0.015535594393997208 0.0012838137863376044 0.021863751019483232
leaf_weight=47.66520388401841 308.88622651516926 8.3737816007342172 39.375518975386512 39.327074571978301 17.704036121722311 31.604328412562609
leaf_count=11852 8829 65 3848 553 912 110
internal_value=0 0.00211439 0.000369331 0.00251584 -0.0121346 0.0185367
internal_weight=492.936 445.271 405.293 348.213 57.0796 39.9781
internal_count=26169 14317 14142 9382 4760 175
is_linear=0
shrinkage=0.025


Tree=110
num_leaves=7
num_cat=0
split_feature=9 61 44 31 43 2
split_gain=31.1594 18.388 18.1936 16.8827 15.7418 10.4982
threshold=0.73000000000000009 0.71629350000000003 0.054404500000000001 0.52852950000000021 1.0000000180025095e-35 0.56705352663993847
decision_type=2 2 2 2 2 2
left_child=3 2 -2 5 -4 -1
right_child=1 -3 4 -5 -6 -7
leaf_value=-0.022023413454532292 -0.011273882206779036 0.01706800691527224 0.0063590874373108527 0.019524846177166127 -0.012277562838019666 -0.0062561835486411258
leaf_weight=49.083896215888672 56.218915839097463 51.917820303235203 230.55779189667373 8.1778778756415687 29.63547283175285 64.311279639048735
leaf_count=13323 2342 1369 4415 556 1099 3065
internal_value=0 0.00362849 0.00127935 -0.0108448 0.00410646 -0.0134845
internal_weight=489.903 368.33 316.412 121.573 260.193 113.395
internal_count=26169 9225 7856 16944 5514 16388
is_linear=0
shrinkage=0.025


Tree=111
num_leaves=7
num_cat=0
split_feature=19 29 62 1 55 47
split_gain=30.4348 18.573 17.0513 13.3985 12.0856 10.3374
threshold=0.68236450000000015 0.60023650000000017 0.58333333333333337 0.60792189836502086 1.0000000180025095e-35 0.98135300000000014
decision_type=2 2 2 2 2 2
left_child=3 2 -2 -1 -5 -4
right_child=1 -3 5 4 -6 -7
leaf_value=-0.015968156877176166 0.0061115347416518641 0.015825040689935493 -0.0087390195942443159 0.013409909647800851 -0.019561200333714925 0.0084188252485413242
leaf_weight=85.916528389585437 174.05990384466713 60.737626674264902 113.77618404121313 20.36968670523493 7.4227279612532575 24.44779752776958
leaf_count=15261 3306 402 6256 440 317 187
internal_value=0 0.00345991 0.000920571 -0.0111805 0.00342759 -0.00554647
internal_weight=486.73 373.022 312.284 113.709 27.7924 138.224
internal_count=26169 10151 9749 16018 757 6443
is_linear=0
shrinkage=0.025


Tree=112
num_leaves=7
num_cat=0
split_feature=2 60 39 43 22 20
split_gain=30.0813 18.0027 21.212 16.7425 13.9212 13.2703
threshold=0.46598570048809057 0.68000000000000005 1.0000000180025095e-35 1.0000000180025095e-35 0.46480350000000009 0.68995650000000019
decision_type=2 2 2 2 2 2
left_child=-1 2 3 -2 -4 -3
right_child=1 5 4 -5 -6 -7
leaf_value=-0.018726625293809984 0 -0.01931243997794754 0.0038785425235081787 -0.029390304601484781 0.016093395242155122 -0.00068192584462555602
leaf_weight=45.80837459355098 39.539290480519412 32.458072559064021 184.99080276329187 14.779289926227646 86.323827533982694 79.473589765024371
leaf_count=11852 1311 2706 5340 1143 923 2894
internal_value=0 0.00205573 0.00503813 -0.00886136 0.00790834 -0.00646478
internal_weight=483.373 437.565 325.633 54.3186 271.315 111.932
internal_count=26169 14317 8717 2454 6263 5600
is_linear=0
shrinkage=0.025


Tree=113
num_leaves=7
num_cat=0
split_feature=1 19 6 60 34 15
split_gain=29.7967 17.8622 16.6226 10.438 11.0321 10.1781
threshold=0.61158692836761486 0.68236450000000015 0.52999600000000002 0.68000000000000005 0.29069600000000007 0.48619900000000005
decision_type=2 2 2 2 2 2
left_child=1 -1 -3 5 -5 -2
right_child=3 2 -4 4 -6 -7
leaf_value=-0.015472734205841363 -0.006085961744598108 0.017485109519368543 -0.0050236172075863068 -0.021409307537621911 0.0024619000509037594 0.010559050431026425
leaf_weight=86.070714035522542 24.01565183873754 22.539756045822287 109.92639399135078 13.151737066276835 49.814107281825272 174.96098421461647
leaf_count=15317 400 688 5220 847 1484 2213
internal_value=0 -0.00677441 -0.000875881 0.00566246 -0.00301762 0.00845605
internal_weight=480.479 218.537 132.466 261.942 62.9658 198.977
internal_count=26169 21225 5908 4944 2331 2613
is_linear=0
shrinkage=0.025


Tree=114
num_leaves=7
num_cat=0
split_feature=2 44 22 49 47 19
split_gain=28.871 21.0537 20.222 15.1097 16.8214 11.3599
threshold=0.67512935400009166 0.049005000000000007 0.41060950000000002 1.0000000180025095e-35 0.94988050000000013 0.68892700000000018
decision_type=2 2 2 2 2 2
left_child=1 2 -1 5 -5 -3
right_child=-2 3 -4 4 -6 -7
leaf_value=-0.020560024000327141 0.0087600717900868669 -0.0028425075131111987 0.0076360672537921339 -0.01025260666956687 0.0084613491819478994 0.014969524622897022
leaf_weight=69.583741068316158 155.60433199314866 35.531363588423119 18.445492786966497 107.65821837604744 38.638589893467724 52.129141589161009
leaf_count=13482 2615 1958 814 6144 279 877
internal_value=0 -0.0042683 -0.0145075 -0.000266023 -0.00519212 0.00777411
internal_weight=477.591 321.987 88.0292 233.957 146.297 87.6605
internal_count=26169 23554 14296 9258 6423 2835
is_linear=0
shrinkage=0.025


Tree=115
num_leaves=7
num_cat=0
split_feature=2 29 62 61 32 19
split_gain=28.0555 18.0353 17.8195 19.4155 13.859 3.06791
threshold=0.46598570048809057 0.91839300000000013 0.41666666666666669 0.71629350000000003 0.15156000000000003 0.68500100000000008
decision_type=2 2 2 2 2 2
left_child=-1 2 4 -4 -2 -3
right_child=1 5 3 -5 -6 -7
leaf_value=-0.018414825182249888 -0.0023062458805915699 0 -0.0053482035796051652 0.010453543669666417 0.019385753732724831 0.019260201918937018
leaf_weight=44.175702797205304 28.177542791236192 5.8007625584723419 256.62626799127611 57.149502413347363 45.015435885987245 37.612684516469017
leaf_count=11852 790 89 10780 1812 700 146
internal_value=0 0.00198559 0.00020364 -0.00238261 0.0111189 0.0168026
internal_weight=474.558 430.382 386.969 313.776 73.193 43.4134
internal_count=26169 14317 14082 12592 1490 235
is_linear=0
shrinkage=0.025


Tree=116
num_leaves=7
num_cat=0
split_feature=9 2 31 29 2 39
split_gain=27.3193 16.3817 16.0993 14.7806 9.42088 9.08599
threshold=0.73000000000000009 0.67512935400009166 0.52852950000000021 1.0000000180025095e-35 0.56705352663993847 1.0000000180025095e-35
decision_type=2 2 2 2 2 2
left_child=2 3 4 -2 -1 -5
right_child=1 -3 -4 5 -6 -7
leaf_value=-0.021609769064269136 -0.0066452017207147343 0.010369964394249503 0.01956253514744969 -0.010685480315040368 -0.0062139795134696571 0.009031442711453376
leaf_weight=45.236453237797832 119.27145136400941 131.19590462651104 7.9157649630578808 14.742956584552301 62.654297836837941 91.444661793881096
leaf_count=13323 4987 1919 556 756 3065 1563
internal_value=0 0.00343217 -0.0104194 -0.000636032 -0.0130916 0.00603065
internal_weight=472.461 356.655 115.807 225.459 107.891 106.188
internal_count=26169 9225 16944 7306 16388 2319
is_linear=0
shrinkage=0.025


Tree=117
num_leaves=7
num_cat=0
split_feature=1 44 62 39 22 21
split_gain=27.2447 16.8838 10.9293 10.3549 9.50038 8.86917
threshold=0.61158692836761486 0.10004450000000001 0.58333333333333337 1.0000000180025095e-35 0.41060950000000002 0.33000000000000007
decision_type=2 2 2 2 2 2
left_child=1 4 5 -3 -1 -2
right_child=2 3 -4 -5 -6 -7
leaf_value=-0.019338759533261335 -0.0058269645030983811 -0.016815472461233244 -0.0018619199932269803 0.0022646914790823056 0.0005617161850483347 0.011026740440212367
leaf_weight=66.35714493218984 19.999666700139642 18.609272560541285 83.725528733775718 108.84189516567858 17.910057769448031 153.78865092131309
leaf_count=14359 399 1754 2180 4102 1010 2365
internal_value=0 -0.0066017 0.00543896 -0.00072379 -0.015114 0.00898244
internal_weight=469.232 211.718 257.514 127.451 84.2672 173.788
internal_count=26169 21225 4944 5856 15369 2764
is_linear=0
shrinkage=0.025


Tree=118
num_leaves=7
num_cat=0
split_feature=1 29 62 61 32 19
split_gain=26.2582 16.8696 16.9231 16.776 12.9928 3.14594
threshold=0.45557285845279699 0.91839300000000013 0.41666666666666669 0.71629350000000003 0.15156000000000003 0.68236450000000015
decision_type=2 2 2 2 2 2
left_child=-1 2 4 -4 -2 -3
right_child=1 5 3 -5 -6 -7
leaf_value=-0.018799108009231548 -0.0022923143063323806 -0.00013303362962893299 -0.0051700124108950947 0.0094988564917896368 0.018930670524895544 0.018687704493530761
leaf_weight=39.772621672622336 27.447408859967254 5.3397170483367509 254.54976843132317 57.43028294830583 44.247411287156865 37.518337118206546
leaf_count=11440 768 92 11197 1815 703 154
internal_value=0 0.00185228 0.000123984 -0.00238785 0.0108843 0.0162718
internal_weight=466.306 426.533 383.675 311.98 71.6948 42.8581
internal_count=26169 14729 14483 13012 1471 246
is_linear=0
shrinkage=0.025


Tree=119
num_leaves=7
num_cat=0
split_feature=1 44 9 0 61 44
split_gain=25.7887 15.882 11.3429 15.9574 10.7634 10.9983
threshold=0.61158692836761486 0.10004450000000001 0.78000000000000014 0.46670000000000006 0.71629350000000003 0.054404500000000001
decision_type=2 2 2 2 2 2
left_child=1 -1 3 -2 5 -4
right_child=2 -3 4 -5 -6 -7
leaf_value=-0.014860052672355385 0.014110681430720107 -0.00077254020298585832 -0.0091965739154342505 -0.012717804057681312 0.018980379795088528 0.0078895432339091826
leaf_weight=82.262915012783196 17.833224564557895 126.1920988118145 26.089436483103782 40.597159817349166 42.86925531970337 128.1458035967662
leaf_count=15369 381 5856 434 1350 1113 1666
internal_value=0 -0.00648362 0.00530064 -0.00414302 0.00816082 0.00484295
internal_weight=463.99 208.455 255.535 58.4304 197.104 154.235
internal_count=26169 21225 4944 1731 3213 2100
is_linear=0
shrinkage=0.025


Tree=120
num_leaves=7
num_cat=0
split_feature=62 21 0 44 16 61
split_gain=26.0727 17.2675 19.0684 14.745 13.4871 11.0376
threshold=0.75000000000000011 0.70400000000000007 0.48220000000000002 0.16062100000000004 0.60377350000000007 0.72035700000000003
decision_type=2 2 2 2 2 2
left_child=1 2 3 -1 -3 -6
right_child=-2 4 -4 -5 5 -7
leaf_value=-0.0078411191555245209 -0.013423946462686862 -0.017267500411795918 -0.01454994848220331 0.011345591135879516 0.0051912436756282043 0.018768892882914386
leaf_weight=41.360719181822788 73.25646284918912 11.125033023388822 59.92113517675898 55.377167175953218 173.00162167713279 47.870044075883925
leaf_count=5635 10461 392 4515 1546 2520 1100
internal_value=0 0.00259986 -0.00374148 0.00306318 0.00691349 0.00835026
internal_weight=461.912 388.656 156.659 96.7379 231.997 220.872
internal_count=26169 15708 11696 7181 4012 3620
is_linear=0
shrinkage=0.025


Tree=121
num_leaves=7
num_cat=0
split_feature=62 21 0 44 61 8
split_gain=25.0098 16.5524 17.9231 13.1537 9.55806 10.0316
threshold=0.75000000000000011 0.70400000000000007 0.48220000000000002 0.09763200000000001 0.56964300000000001 1.0000000180025095e-35
decision_type=2 2 2 2 2 2
left_child=1 2 3 -1 -3 -6
right_child=-2 4 -4 -5 5 -7
leaf_value=-0.0099402437933219304 -0.013207364734969924 0.0011404321392052138 -0.014208033176866482 0.0092193069910054513 -0.01208920039305679 0.013402457383359581
leaf_weight=30.687985068201669 72.596880155932013 106.23627013599616 59.374194522082689 65.603690991549229 8.2303916222881508 115.94364313525148
leaf_count=5243 10461 1850 4515 1938 261 1901
internal_value=0 0.00255248 -0.00367423 0.0029276 0.00679111 0.0114385
internal_weight=458.673 386.076 155.666 96.2917 230.41 124.174
internal_count=26169 15708 11696 7181 4012 2162
is_linear=0
shrinkage=0.025


Tree=122
num_leaves=7
num_cat=0
split_feature=2 60 39 43 22 34
split_gain=24.5817 16.0558 18.1306 15.2755 13.144 10.7188
threshold=0.46598570048809057 0.68000000000000005 1.0000000180025095e-35 1.0000000180025095e-35 0.49268850000000003 0.29069600000000007
decision_type=2 2 2 2 2 2
left_child=-1 2 3 -2 -4 -3
right_child=1 5 4 -5 -6 -7
leaf_value=-0.017931633226500852 0.00010571274622968061 -0.018103204023876138 0.0040956814787613148 -0.028587933693573847 0.017230158684668512 -0.00097640104559183673
leaf_weight=40.797563435015036 37.684009721691837 31.251243945327587 194.44036842047353 13.864475201116873 63.034592451178469 75.384073124674615
leaf_count=11852 1311 2827 5624 1143 639 2773
internal_value=0 0.0018567 0.00475389 -0.0084152 0.00747967 -0.00637559
internal_weight=456.456 415.659 309.023 51.5485 257.475 106.635
internal_count=26169 14317 8717 2454 6263 5600
is_linear=0
shrinkage=0.025


Tree=123
num_leaves=7
num_cat=0
split_feature=1 60 49 24 61 20
split_gain=24.0935 14.8659 12.7771 12.2104 11.4459 11.4041
threshold=0.56914222240448009 0.68000000000000005 1.0000000180025095e-35 1.0000000180025095e-35 0.51385400000000014 0.67350250000000011
decision_type=2 2 2 2 2 2
left_child=2 -2 3 -1 -4 -3
right_child=1 5 4 -5 -6 -7
leaf_value=-0.011733923395585629 0.0068043663848940802 -0.02700913048208798 -0.021144633994354428 0.0094758453775328506 0.00092547179892367784 -0.0012261772037851176
leaf_weight=29.112917031638062 241.85319734993391 10.603622145790721 54.803949600449414 34.058930325649271 18.472584537696093 65.371892095339717
leaf_count=5387 4258 782 10549 1871 843 2479
internal_value=0 0.00377121 -0.00869408 -0.000240084 -0.0156184 -0.0056819
internal_weight=454.277 317.829 136.448 63.1718 73.2765 75.9755
internal_count=26169 7519 18650 7258 11392 3261
is_linear=0
shrinkage=0.025


Tree=124
num_leaves=7
num_cat=0
split_feature=1 19 6 62 19 61
split_gain=23.5449 14.5407 15.5674 10.37 8.02799 7.26508
threshold=0.61158692836761486 0.68236450000000015 0.52999600000000002 0.58333333333333337 0.76571650000000013 0.72035700000000003
decision_type=2 2 2 2 2 2
left_child=1 -1 -3 4 -2 -5
right_child=3 2 -4 5 -6 -7
leaf_value=-0.014584477841604293 0.0060673875044396685 0.017315370216538197 -0.0050028098826534759 -0.0067538632811783217 0.021344890035097916 0.0092380621181984909
leaf_weight=77.837066650750785 143.09508966060821 21.390767001983477 103.79031018367095 58.579648530008853 24.707832970656455 22.331016981508583
leaf_count=15317 2289 688 5220 1685 475 495
internal_value=0 -0.00627559 -0.000856217 0.00513407 0.00864859 -0.00209066
internal_weight=451.732 203.018 125.181 248.714 167.803 80.9107
internal_count=26169 21225 5908 4944 2764 2180
is_linear=0
shrinkage=0.025


Tree=125
num_leaves=7
num_cat=0
split_feature=62 29 32 47 0 48
split_gain=23.1778 15.5213 12.573 17.6034 13.0274 9.67698
threshold=0.75000000000000011 0.31620650000000006 0.40703000000000006 0.96388050000000014 0.83153300000000008 0.66350000000000009
decision_type=2 2 2 2 2 2
left_child=1 2 3 -1 -4 -2
right_child=5 -3 4 -5 -6 -7
leaf_value=-0.0082094275494993037 -0.018280784206696744 0.010232456964849812 0.011083283012748281 0.010082434918215638 -0.018734001151444087 0.001795350509794293
leaf_weight=149.87095250869606 51.739818652400572 110.95155550026539 70.494399662769865 39.289747917558998 7.9826307804614762 19.11606617468351
leaf_count=11425 9446 2187 1402 223 471 1015
internal_value=0 0.00247708 -0.000770533 -0.00428249 0.0074575 -0.0128686
internal_weight=449.445 378.589 267.638 189.161 78.477 70.8559
internal_count=26169 15708 13521 11648 1873 10461
is_linear=0
shrinkage=0.025


Tree=126
num_leaves=7
num_cat=0
split_feature=1 29 2 0 6 19
split_gain=22.7038 15.4328 15.3881 15.5633 8.31249 3.19157
threshold=0.45557285845279699 0.91839300000000013 0.72535717487335216 0.48566650000000006 0.70777750000000006 0.68236450000000015
decision_type=2 2 2 2 2 2
left_child=-1 2 3 -2 -4 -3
right_child=1 5 4 -5 -6 -7
leaf_value=-0.01827109263795838 0.0064248727566751998 -0.0010649180163855398 -0.00039298598519645945 -0.0056894379892353294 0.018761696749537406 0.01837563424011094
leaf_weight=36.350640951779496 91.132296762087208 4.8495233886642373 20.993396996986121 222.33776782768837 35.551591875962913 35.559396306518465
leaf_count=11440 4107 92 348 9420 608 154
internal_value=0 0.00171907 4.91387e-05 -0.00211689 0.0117864 0.0159125
internal_weight=446.775 410.424 370.015 313.47 56.545 40.4089
internal_count=26169 14729 14483 13527 956 246
is_linear=0
shrinkage=0.025


Tree=127
num_leaves=7
num_cat=0
split_feature=9 31 2 32 48 0
split_gain=21.9843 15.0121 13.6288 9.92107 13.2465 9.60439
threshold=0.73000000000000009 0.52852950000000021 0.67512935400009166 0.098460000000000006 0.72016650000000004 0.51600000000000013
decision_type=2 2 2 2 2 2
left_child=1 -1 5 4 -4 -2
right_child=2 -3 3 -5 -6 -7
leaf_value=-0.012477727748027086 0.0065426400844286279 0.019506867343677761 -0.0085160434698313137 0.01531746513969238 0.01658218775540557 -0.0045048172739732993
leaf_weight=99.665513393862057 72.218399706325727 7.6517101657373123 32.280454103951342 73.937837796052918 18.570333094219677 140.65220478673291
leaf_count=16388 1937 556 544 1016 359 5369
internal_value=0 -0.00972539 0.00313975 0.00961621 0.000833172 -0.000683793
internal_weight=444.976 107.317 337.659 124.789 50.8508 212.871
internal_count=26169 16944 9225 1919 903 7306
is_linear=0
shrinkage=0.025


Tree=128
num_leaves=7
num_cat=0
split_feature=1 60 39 43 22 20
split_gain=21.8895 14.4748 17.8547 14.9325 13.0072 10.6208
threshold=0.45557285845279699 0.68000000000000005 1.0000000180025095e-35 1.0000000180025095e-35 0.46480350000000009 0.68995650000000019
decision_type=2 2 2 2 2 2
left_child=-1 2 3 -2 -4 -3
right_child=1 5 4 -5 -6 -7
leaf_value=-0.018131361461920979 0 -0.01832129839578707 0.00316304603229899 -0.028729892643532609 0.015382972895905431 -0.00093038041809756847
leaf_weight=35.575917759677395 36.985949980982696 29.317164170373871 171.06936589686666 13.673054058803244 80.481371796049643 75.567800071003148
leaf_count=11440 1358 2705 5577 1169 958 2962
internal_value=0 0.00168549 0.00447453 -0.00869232 0.00722005 -0.00618629
internal_weight=442.671 407.095 302.21 50.659 251.551 104.885
internal_count=26169 14729 9062 2527 6535 5667
is_linear=0
shrinkage=0.025


Tree=129
num_leaves=7
num_cat=0
split_feature=1 9 0 61 62 21
split_gain=22.0016 13.5083 11.752 12.8239 9.17317 7.8882
threshold=0.61158692836761486 0.29000000000000009 0.51600000000000013 0.48363350000000005 0.58333333333333337 0.33000000000000007
decision_type=2 2 2 2 2 2
left_child=1 -1 -3 -4 5 -2
right_child=4 2 3 -5 -6 -7
leaf_value=-0.020770871741681962 -0.0057691504428363342 0.0040303112015094332 -0.019643011150613607 -0.00081108565929942941 -0.0018549226743508436 0.010367737676692409
leaf_weight=30.749857837872696 19.364442439749837 75.331444513765746 38.27029123507964 53.528658720999374 79.094141232228139 144.78178930061404
leaf_count=11353 399 3587 4195 2090 2180 2365
internal_value=0 -0.00614826 -0.00313983 -0.00906739 0.00501338 0.00835356
internal_weight=441.121 197.88 167.13 91.7989 243.24 164.146
internal_count=26169 21225 9872 6285 4944 2764
is_linear=0
shrinkage=0.025


Tree=130
num_leaves=7
num_cat=0
split_feature=2 29 62 61 32 29
split_gain=21.2081 14.4124 14.5845 13.6349 12.6272 2.70617
threshold=0.46598570048809057 0.91839300000000013 0.41666666666666669 0.71629350000000003 0.15156000000000003 0.31620650000000006
decision_type=2 2 2 2 2 2
left_child=5 2 4 -4 -2 -1
right_child=1 -3 3 -5 -6 -7
leaf_value=-0.020388883840565118 -0.0031336524579097173 0.015616355386747584 -0.0049134186638654098 0.0087251903475971532 0.01827598941456619 -0.0012800642553684573
leaf_weight=30.54206438852998 25.737325149093522 39.325270972563885 239.48778683325509 53.789669214049354 42.790256772306748 6.9577999981629537
leaf_count=10356 790 235 10780 1812 700 1496
internal_value=0 0.00172075 8.95927e-05 -0.00232979 0.0102846 -0.0173637
internal_weight=438.63 401.13 361.805 293.277 68.5276 37.4999
internal_count=26169 14317 14082 12592 1490 11852
is_linear=0
shrinkage=0.025


Tree=131
num_leaves=7
num_cat=0
split_feature=19 32 6 29 1 29
split_gain=21.2681 18.8095 11.202 13.8248 16.4907 7.33929
threshold=0.7009645000000001 0.40703000000000006 0.54787700000000006 1.0000000180025095e-35 0.72597524523735057 0.52868100000000007
decision_type=2 2 2 2 2 2
left_child=1 5 -2 4 -4 -1
right_child=2 -3 3 -5 -6 -7
leaf_value=-0.015314491763650663 0.021383819465841957 0.0056118090308333035 -0.0072236527045970739 0.0084668243437543058 0.014650722112966894 0.0027895931913616595
leaf_weight=96.021090992806421 19.42530966924096 47.211469481931999 107.96424267586553 126.7628360100789 24.161366428481415 14.575458165243615
leaf_count=16470 351 1544 4284 2276 417 827
internal_value=0 -0.00726536 0.00414757 0.00262865 -0.00296078 -0.0128423
internal_weight=436.122 157.808 278.314 258.888 132.126 110.597
internal_count=26169 18841 7328 6977 4701 17297
is_linear=0
shrinkage=0.025


Tree=132
num_leaves=7
num_cat=0
split_feature=1 60 43 61 44 20
split_gain=20.2355 13.6241 17.068 16.2642 14.7476 9.74196
threshold=0.45557285845279699 0.68000000000000005 1.0000000180025095e-35 0.71629350000000003 0.047175500000000009 0.68995650000000019
decision_type=2 2 2 2 2 2
left_child=-1 2 4 -4 -2 -3
right_child=1 5 3 -5 -6 -7
leaf_value=-0.017820269456905635 -0.005214084457520452 -0.017918681150794601 -0.019951556240310815 0.014547353122007512 0.0095626865807182538 -0.0010257745714161663
leaf_weight=34.01360131468391 50.156051151745487 28.448522721802874 28.475362129378482 9.4434356456622464 209.63836280888063 73.841694773262134
leaf_count=11440 3078 2705 1803 85 4096 2962
internal_value=0 0.00161659 0.00433375 -0.010775 0.00665401 -0.00612286
internal_weight=434.017 400.003 297.713 37.9188 259.794 102.29
internal_count=26169 14729 9062 1888 7174 5667
is_linear=0
shrinkage=0.025


Tree=133
num_leaves=7
num_cat=0
split_feature=2 9 0 61 44 19
split_gain=20.0988 15.2401 15.0249 13.076 11.0065 8.59631
threshold=0.67512935400009166 0.29000000000000009 0.48566650000000006 0.48363350000000005 0.16662500000000002 0.76890650000000005
decision_type=2 2 2 2 2 2
left_child=1 -1 4 -4 -3 -2
right_child=5 2 3 -5 -6 -7
leaf_value=-0.019334899652846967 0.0045376262293151939 -0.0052520104382062748 -0.01572372463420435 -0.00094868521213567274 0.012369011608357974 0.020679956968099614
leaf_weight=32.264292786603619 118.4286567242234 31.437981969167595 55.63669982374995 110.10010731870716 61.00514503280283 23.896541251800954
leaf_count=11588 2173 2327 4786 3479 1374 442
internal_value=0 -0.00376645 -0.00162055 -0.00612052 0.00630381 0.00761855
internal_weight=432.769 290.444 258.18 165.737 92.4431 142.325
internal_count=26169 23554 11966 8265 3701 2615
is_linear=0
shrinkage=0.025


Tree=134
num_leaves=7
num_cat=0
split_feature=62 61 44 6 9 48
split_gain=19.7837 13.3543 17.3594 12.5412 11.4304 8.82281
threshold=0.75000000000000011 0.50715900000000003 0.047175500000000009 0.62381950000000008 0.78000000000000014 0.66350000000000009
decision_type=2 2 2 2 2 2
left_child=1 2 -1 -4 -3 -2
right_child=5 4 3 -5 -6 -7
leaf_value=-0.015763449374262634 -0.017632511617707656 -0.0048797445467120507 0.0074497207040232633 -0.0072935578746539153 0.010601910138123689 0.0017194450082343297
leaf_weight=42.729650207569648 48.415732087058132 35.461771540401969 93.035742338986893 55.138200181972934 136.75842444528826 19.023746928287437
leaf_count=7855 9446 991 3298 1351 2213 1015
internal_value=0 0.0023303 -0.00218015 0.00187542 0.0073398 -0.0121822
internal_weight=430.563 363.124 190.904 148.174 172.22 67.4395
internal_count=26169 15708 12504 4649 3204 10461
is_linear=0
shrinkage=0.025


Tree=135
num_leaves=7
num_cat=0
split_feature=1 19 6 9 61 61
split_gain=19.5535 13.136 14.243 8.2004 9.11747 8.1839
threshold=0.61158692836761486 0.68236450000000015 0.52999600000000002 0.75000000000000011 0.46014700000000003 0.56964300000000001
decision_type=2 2 2 2 2 2
left_child=1 -1 -3 4 -2 -5
right_child=3 2 -4 5 -6 -7
leaf_value=-0.014192396499177093 0.012601705980623304 0.016795975619383539 -0.0048234208312457651 0.0017266092004373183 -0.011150939873501823 0.012157099151626842
leaf_weight=71.54149231363408 11.464598268561529 20.947160021140007 98.279514817782911 96.899971994222142 33.358332320814952 95.106494419276714
leaf_count=15317 368 688 5220 1387 1207 1982
internal_value=0 -0.00591463 -0.000686243 0.00477631 -0.00454592 0.00702798
internal_weight=427.598 190.768 119.227 236.829 44.8229 192.006
internal_count=26169 21225 5908 4944 1575 3369
is_linear=0
shrinkage=0.025


Tree=136
num_leaves=7
num_cat=0
split_feature=1 60 39 43 31 20
split_gain=19.1199 12.87 15.8835 13.0876 11.4674 8.95417
threshold=0.45557285845279699 0.68000000000000005 1.0000000180025095e-35 1.0000000180025095e-35 0.31505900000000003 0.68995650000000019
decision_type=2 2 2 2 2 2
left_child=-1 2 3 -2 -4 -3
right_child=1 5 4 -5 -6 -7
leaf_value=-0.017621949336014488 0 -0.017505099059526973 0.0028928143382488886 -0.027808381628952907 0.014454213910484699 -0.0011041509554179181
leaf_weight=32.826645533372357 35.938412118615815 27.621197942004073 163.22844953955791 12.77143899835937 80.668249097943772 72.77630588975444
leaf_count=11440 1358 2705 4935 1169 1600 2962
internal_value=0 0.001574 0.00423717 -0.00841904 0.00686009 -0.00601706
internal_weight=425.831 393.004 292.607 48.7099 243.897 100.398
internal_count=26169 14729 9062 2527 6535 5667
is_linear=0
shrinkage=0.025


Tree=137
num_leaves=7
num_cat=0
split_feature=1 19 6 9 61 61
split_gain=18.7894 13.1316 12.6666 7.81968 8.80752 7.48685
threshold=0.61158692836761486 0.6857795000000001 0.52999600000000002 0.75000000000000011 0.43035700000000005 0.56964300000000001
decision_type=2 2 2 2 2 2
left_child=1 -1 -3 4 -2 -5
right_child=3 2 -4 5 -6 -7
leaf_value=-0.013734281050660211 0.013654411112618371 0.017119333251668374 -0.0042038962299799868 0.0018000879987145496 -0.010562555018945392 0.011820734134783305
leaf_weight=75.453750167209364 10.015264476736773 18.703095574543113 94.472922748420388 96.355223772814497 34.279826162208337 94.46710222424008
leaf_count=15737 310 604 4884 1387 1265 1982
internal_value=0 -0.00583541 -0.00031062 0.00469376 -0.00446308 0.00689481
internal_weight=423.747 188.63 113.176 235.117 44.2951 190.822
internal_count=26169 21225 5488 4944 1575 3369
is_linear=0
shrinkage=0.025


Tree=138
num_leaves=7
num_cat=0
split_feature=44 19 39 60 2 14
split_gain=18.9085 22.0919 13.856 16.1915 10.8269 10.4672
threshold=0.047175500000000009 0.75497250000000016 1.0000000180025095e-35 0.68000000000000005 0.75944644212722789 1.0000000180025095e-35
decision_type=2 2 2 2 2 2
left_child=1 -1 5 -4 -5 -2
right_child=2 -3 3 4 -6 -7
leaf_value=-0.015154498325176367 -0.0009539196471173106 0.013159941483553254 0.0087802706506894031 -0.0085342204632684014 0.01827445737493355 -0.025672499473155426
leaf_weight=80.297410379283974 34.773635789380933 19.352919084136374 201.79194098817243 63.964359427009185 8.4190540972631407 13.648824233103367
leaf_count=14458 1468 308 4780 3464 260 1431
internal_value=0 -0.00938245 0.0029481 0.00515426 -0.00479321 -0.00901148
internal_weight=422.248 99.6503 322.598 274.175 72.3834 48.4225
internal_count=26169 14766 11403 8504 3724 2899
is_linear=0
shrinkage=0.025


Tree=139
num_leaves=7
num_cat=0
split_feature=44 19 2 0 22 47
split_gain=18.4661 21.2433 13.4783 16.8348 10.0053 9.6455
threshold=0.047175500000000009 0.72066550000000007 0.64281457662582409 0.48566650000000006 0.38540700000000006 0.77426000000000006
decision_type=2 2 2 2 2 2
left_child=1 -1 3 -2 -3 -5
right_child=2 4 -4 5 -6 -7
leaf_value=-0.019266916699771815 0.0067399561925924516 -0.013719686054639508 0.0080695631142778303 -0.017148886919460454 0.010951022442129203 -0.00087264293539679916
leaf_weight=55.411795284369873 72.486324761375727 12.128983865899498 158.19914328175946 44.473791402277129 31.452702778973617 47.014177145669237
leaf_count=13735 3328 495 3163 4010 536 902
internal_value=0 -0.00930769 0.0029096 -0.00206249 0.00352335 -0.00912358
internal_weight=421.167 98.9935 322.173 163.974 43.5817 91.488
internal_count=26169 14766 11403 8240 1031 4912
is_linear=0
shrinkage=0.025


Tree=140
num_leaves=7
num_cat=0
split_feature=1 29 62 61 21 30
split_gain=17.7086 12.2932 14.4253 12.3955 5.74953 2.54924
threshold=0.45557285845279699 0.91839300000000013 0.41666666666666669 0.71629350000000003 0.33000000000000007 1.0000000180025095e-35
decision_type=2 2 2 2 2 2
left_child=-1 2 4 -4 -2 -3
right_child=1 5 3 -5 -6 -7
leaf_value=-0.017471500869318226 -0.0032263806141999232 0 -0.0049479263892200894 0.0083321464444838667 0.014062758522187861 0.017385717629843814
leaf_weight=30.887486430281569 13.414947950717758 6.3477979137678622 231.99140058926423 51.314482487156056 51.675984782414162 31.08907134400215
leaf_count=11440 539 73 11197 1815 932 173
internal_value=0 0.00150213 0 -0.00246008 0.0103825 0.0146398
internal_weight=416.721 385.834 348.397 283.306 65.0909 37.4369
internal_count=26169 14729 14483 13012 1471 246
is_linear=0
shrinkage=0.025


Tree=141
num_leaves=7
num_cat=0
split_feature=62 21 44 16 46 48
split_gain=17.3487 12.957 12.1666 10.0976 8.39797 7.87917
threshold=0.75000000000000011 0.70400000000000007 0.047175500000000009 0.59306800000000004 0.58423250000000004 0.66350000000000009
decision_type=2 2 2 2 2 2
left_child=1 2 -1 -3 -5 -2
right_child=5 3 -4 4 -6 -7
leaf_value=-0.0163021720696148 -0.017013900844045093 -0.022417180344009288 0.00050018491735312075 0.010272917839312976 -0.00087489761616277729 0.0015416951023555022
leaf_weight=32.805292987519351 45.826681890048349 4.9557326679932876 109.19478099066328 147.09830237292044 56.39076257092529 18.58663195308327
leaf_count=7639 9446 245 4057 1781 1986 1015
internal_value=0 0.00221271 -0.00353588 0.00616584 0.00716804 -0.0116713
internal_weight=414.858 350.445 142 208.445 203.489 64.4133
internal_count=26169 15708 11696 4012 3767 10461
is_linear=0
shrinkage=0.025


Tree=142
num_leaves=7
num_cat=0
split_feature=2 9 0 61 19 19
split_gain=16.8798 12.7054 13.6206 10.1599 7.47906 6.69286
threshold=0.67512935400009166 0.29000000000000009 0.48566650000000006 0.48363350000000005 0.76890650000000005 0.68892700000000018
decision_type=2 2 2 2 2 2
left_child=1 -1 5 -4 -2 -3
right_child=4 2 3 -5 -6 -7
leaf_value=-0.018457999979242631 0.0041942738656927667 -0.0016611887989928936 -0.014717621131028501 -0.0013292037278508128 0.019612829918612549 0.011778717504780212
leaf_weight=29.233756497651484 112.96711975440849 37.869893755632802 52.364884836570127 106.39409492172126 22.728781500831246 51.38262275030138
leaf_count=11588 2173 2487 4786 3479 442 1214
internal_value=0 -0.00353128 -0.00157025 -0.00595919 0.00714825 0.00609091
internal_weight=412.941 277.245 248.011 158.759 135.696 89.2525
internal_count=26169 23554 11966 8265 2615 3701
is_linear=0
shrinkage=0.025


Tree=143
num_leaves=7
num_cat=0
split_feature=1 19 60 49 15 43
split_gain=16.613 11.5365 11.0065 9.86867 9.15889 10.0231
threshold=0.58794724941253673 0.6857795000000001 0.68000000000000005 1.0000000180025095e-35 0.48619900000000005 1.0000000180025095e-35
decision_type=2 2 2 2 2 2
left_child=1 -1 4 -3 -2 -6
right_child=2 3 -4 -5 5 -7
leaf_value=-0.014333642550128648 -0.0071846730031937707 0.0096136716356484738 -0.005082095258271576 -0.0072108050038583241 0.010812525336003825 -0.007454036689661144
leaf_weight=64.530463671831967 23.498418357805349 33.892455225723097 62.913041062653065 51.65823897185328 155.35402111388976 18.948093886312563
leaf_count=15288 568 1074 2794 3524 2364 557
internal_value=0 -0.00656339 0.00380471 -0.000362398 0.00670311 0.00869998
internal_weight=410.795 150.081 260.714 85.5507 197.801 174.302
internal_count=26169 19886 6283 4598 3489 2921
is_linear=0
shrinkage=0.025


Tree=144
num_leaves=7
num_cat=0
split_feature=62 29 62 9 32 19
split_gain=16.2334 12.0676 13.2364 10.8354 9.26505 8.15901
threshold=0.75000000000000011 1.0000000180025095e-35 0.41666666666666669 0.75000000000000011 0.10618000000000001 0.76890650000000005
decision_type=2 2 2 2 2 2
left_child=1 2 4 -3 -1 -4
right_child=-2 3 5 -5 -6 -7
leaf_value=-0.0074809147882413142 -0.011398810777537929 -0.0053556477877385114 -0.0078509627092026128 0.010355156984289349 0.016089671986947982 0.012483995242839829
leaf_weight=12.563522557393297 63.182016512357222 32.211662314373825 128.65731557481195 128.55848116673587 32.258770421409281 11.066341361496596
leaf_count=904 10461 3433 8617 1707 638 409
internal_value=0 0.00215257 -0.00216541 0.00711997 0.00925184 -0.00598775
internal_weight=408.498 345.316 184.546 160.77 44.8223 139.724
internal_count=26169 15708 10568 5140 1542 9026
is_linear=0
shrinkage=0.025


Tree=145
num_leaves=7
num_cat=0
split_feature=2 9 0 20 44 19
split_gain=15.925 12.1041 12.1814 10.8693 8.48579 7.48685
threshold=0.67512935400009166 0.29000000000000009 0.48566650000000006 0.71724200000000005 0.16662500000000002 0.76890650000000005
decision_type=2 2 2 2 2 2
left_child=1 -1 4 -4 -3 -2
right_child=5 2 3 -5 -6 -7
leaf_value=-0.018292758540460401 0.0039963117394230243 -0.0046150436156681069 -0.012418139022489508 0.00056120001650457145 0.011213140415881419 0.01945896987349954
leaf_weight=28.222898866733885 111.71066957298899 29.918533946016396 75.269312004493258 80.786822096517426 57.90335513924947 22.585928169544786
leaf_count=11588 2173 2327 5574 2691 1374 442
internal_value=0 -0.00347165 -0.00155274 -0.00574093 0.00574554 0.00696887
internal_weight=406.398 272.101 243.878 156.056 87.8219 134.297
internal_count=26169 23554 11966 8265 3701 2615
is_linear=0
shrinkage=0.025


Tree=146
num_leaves=7
num_cat=0
split_feature=1 29 62 47 32 19
split_gain=15.9061 10.9205 11.7138 13.8524 8.3611 3.59767
threshold=0.45557285845279699 0.65961650000000016 0.41666666666666669 0.88491400000000009 0.15156000000000003 0.68500100000000008
decision_type=2 2 2 2 2 2
left_child=-1 2 4 -4 -2 -3
right_child=1 5 3 -5 -6 -7
leaf_value=-0.016915633855400337 -0.0022176439844329076 -0.003326006086351814 -0.0066889706739417703 0.0052578636484318861 0.016069771259873491 0.014580818165952658
leaf_weight=29.524809394239128 23.022344819677528 6.4138037713419171 173.71932875317725 89.536878707935102 38.815281940740533 43.286073908675462
leaf_count=11440 745 205 11869 918 697 295
internal_value=0 0.0014358 -0.000240331 -0.00258153 0.00930369 0.0120537
internal_weight=404.319 374.794 325.094 263.256 61.8376 49.6999
internal_count=26169 14729 14229 12787 1442 500
is_linear=0
shrinkage=0.025


Tree=147
num_leaves=7
num_cat=0
split_feature=1 9 39 60 20 34
split_gain=15.4173 10.2722 9.31004 8.52439 7.60474 7.56117
threshold=0.61158692836761486 0.29000000000000009 1.0000000180025095e-35 0.68000000000000005 0.69622600000000012 0.29069600000000007
decision_type=2 2 2 2 2 2
left_child=1 -1 -3 -2 -5 -6
right_child=3 2 -4 4 5 -7
leaf_value=-0.019717547451702677 0.0070779206542621338 -0.016447516485894497 -5.6314117650970431e-06 -0.020988746889676127 -0.016715226652327823 0.0062081199399659339
leaf_weight=24.673560060364252 170.22157614288153 23.60990389851213 128.7002664414249 10.337185325464814 9.2500128763494995 35.443670101230964
leaf_count=11353 2613 2776 7096 605 597 1129
internal_value=0 -0.00547948 -0.00283529 0.00431819 -0.00400275 0.000644254
internal_weight=402.236 176.984 152.31 225.252 55.0309 44.6937
internal_count=26169 21225 9872 4944 2331 1726
is_linear=0
shrinkage=0.025


Tree=148
num_leaves=7
num_cat=0
split_feature=9 31 61 39 9 0
split_gain=15.0282 12.6305 10.1913 11.2329 9.33269 7.29925
threshold=0.73000000000000009 0.5186845000000001 0.71629350000000003 1.0000000180025095e-35 0.97000000000000008 0.80480000000000007
decision_type=2 2 2 2 2 2
left_child=1 5 3 -2 -5 -1
right_child=2 -3 -4 4 -6 -7
leaf_value=-0.014382429261693067 -0.011275949185226203 0.018423032066371442 0.013664075512651419 -0.00043777787855868813 0.010378442096008342 0.0049634991911931894
leaf_weight=74.327494886543718 38.301452957239235 7.3664048830978563 42.770218126475811 155.30078703086474 69.842440936015919 12.454417883265704
leaf_count=15737 1962 573 1369 4638 1256 634
internal_value=0 -0.00860305 0.00269333 0.000767622 0.00295625 -0.0114468
internal_weight=400.363 94.1483 306.215 263.445 225.143 86.7819
internal_count=26169 16944 9225 7856 5894 16371
is_linear=0
shrinkage=0.025


Tree=149
num_leaves=7
num_cat=0
split_feature=1 60 49 47 20 59
split_gain=15.0325 10.7165 10.1031 11.0872 8.66922 7.47582
threshold=0.58794724941253673 0.68000000000000005 1.0000000180025095e-35 0.77426000000000006 0.69622600000000012 1.0000000180025095e-35
decision_type=2 2 2 2 2 2
left_child=2 -2 5 -4 -3 -1
right_child=1 4 3 -5 -6 -7
leaf_value=-0.0076502564854900703 0.0065589183753437296 -0.021073387178435959 -0.019365899496507789 -0.00025267482424628238 0 0.0087736177040681814
leaf_weight=30.27853617114306 192.49269682500744 13.607103035319595 48.578965523152874 31.775131381553365 47.817050168698188 33.992822703818092
leaf_count=5634 3489 853 11613 778 1941 1861
internal_value=0 0.00365495 -0.00637001 -0.0121491 -0.00520931 0.000908471
internal_weight=398.542 253.917 144.625 80.3541 61.4242 64.2714
internal_count=26169 6283 19886 12391 2794 7495
is_linear=0
shrinkage=0.025


Tree=150
num_leaves=7
num_cat=0
split_feature=1 29 62 47 32 16
split_gain=14.7671 10.6708 10.3906 11.9201 6.8784 5.19022
threshold=0.45557285845279699 0.43853150000000002 0.41666666666666669 0.80572300000000008 0.10193000000000001 0.60854950000000008
decision_type=2 2 2 2 2 2
left_child=-1 2 4 -4 -2 -3
right_child=1 5 3 -5 -6 -7
leaf_value=-0.016872794049974126 -0.0035176731030237074 -0.013431828753056697 -0.007735409062682704 0.0034191057719931655 0.014384894913996896 0.011416534155114573
leaf_weight=27.495683498582366 17.698643810057547 3.2885824215118182 139.5264825070044 100.29863620133256 38.372735121753067 69.576867639349075
leaf_count=11440 646 235 10798 1424 731 895
internal_value=0 0.00136322 -0.00074232 -0.00304716 0.0086757 0.00977061
internal_weight=396.258 368.762 295.896 239.825 56.0714 72.8655
internal_count=26169 14729 13599 12222 1377 1130
is_linear=0
shrinkage=0.025


Tree=151
num_leaves=7
num_cat=0
split_feature=1 19 6 32 61 60
split_gain=14.3276 10.2349 9.88968 8.05481 10.739 7.49296
threshold=0.61158692836761486 0.6857795000000001 0.52181500000000003 0.49415000000000003 0.72035700000000003 0.82000000000000017
decision_type=2 2 2 2 2 2
left_child=1 -1 -3 4 5 -2
right_child=3 2 -4 -5 -6 -7
leaf_value=-0.01282860895484058 0.00017171422353025702 0.017574669804020435 -0.0035346869023256122 0.012641906135759851 0.011781728392792887 -0.016832992786405387
leaf_weight=66.792968351270247 109.43964702647645 13.739076401005148 91.931814205803676 51.384738497086801 43.736751806456596 16.308504397820798
leaf_count=15737 2111 510 4978 811 1319 703
internal_value=0 -0.00535724 -0.000366462 0.00419629 0.00143831 -0.00225057
internal_weight=393.334 172.464 105.671 220.87 169.485 125.748
internal_count=26169 21225 5488 4944 4133 2814
is_linear=0
shrinkage=0.025


Tree=152
num_leaves=7
num_cat=0
split_feature=62 21 0 16 61 31
split_gain=13.7689 11.0699 14.1559 8.98473 7.78165 7.57396
threshold=0.75000000000000011 0.70400000000000007 0.48220000000000002 0.59306800000000004 0.71629350000000003 0.31926400000000005
decision_type=2 2 2 2 2 2
left_child=1 2 5 -3 -5 -1
right_child=-2 3 -4 4 -6 -7
leaf_value=-0.0030348296391938096 -0.010697268588520702 -0.021810592169235893 -0.013658966166229268 0.003741094184640038 0.015558808887685696 0.011882962436120352
leaf_weight=51.698663462771947 60.755356631107134 4.6220849871169767 50.112283818758442 148.23723899445758 45.582430137088522 32.157364752958529
leaf_count=6000 10461 245 4515 2546 1221 1181
internal_value=0 0.00202042 -0.00345341 0.00575635 0.00672769 0.00276296
internal_weight=393.165 332.41 133.968 198.442 193.82 83.856
internal_count=26169 15708 11696 4012 3767 7181
is_linear=0
shrinkage=0.025


Tree=153
num_leaves=7
num_cat=0
split_feature=1 60 39 22 43 20
split_gain=13.9845 11.0479 13.0334 12.7633 11.187 7.75851
threshold=0.45557285845279699 0.68000000000000005 1.0000000180025095e-35 0.49268850000000003 1.0000000180025095e-35 0.68995650000000019
decision_type=2 2 2 2 2 2
left_child=-1 2 4 -4 -2 -3
right_child=1 5 3 -5 -6 -7
leaf_value=-0.01659229389216791 0 -0.017102149257375323 0.002835725449878413 0.016613559047017303 -0.026917291754195036 -0.0012231278278368269
leaf_weight=26.891984260877507 32.940447788805614 25.273397820856189 171.16047559709114 54.878823587321676 11.376801883438018 68.553679011267377
leaf_count=11440 1358 2705 5877 658 1169 2962
internal_value=0 0.00132998 0.00391075 0.0063642 -0.00808777 -0.00592401
internal_weight=391.076 364.184 270.357 226.039 44.3172 93.8271
internal_count=26169 14729 9062 6535 2527 5667
is_linear=0
shrinkage=0.025


Tree=154
num_leaves=7
num_cat=0
split_feature=1 19 6 32 61 60
split_gain=13.9303 10.0305 9.56968 9.549 10.6165 8.26617
threshold=0.61158692836761486 0.6857795000000001 0.52181500000000003 0.49415000000000003 0.72035700000000003 0.82000000000000017
decision_type=2 2 2 2 2 2
left_child=1 -1 -3 4 5 -2
right_child=3 2 -4 -5 -6 -7
leaf_value=-0.0128249935065661 5.9799407059539912e-05 0.01722699012965152 -0.0035317563150893041 0.013237767699916345 0.011498938227037448 -0.017602683977476448
leaf_weight=65.329151304504194 108.42463041830342 13.770759448765601 91.195909979214775 52.055633891781326 43.01801296742633 16.8415649743838
leaf_count=15737 2111 510 4978 811 1319 703
internal_value=0 -0.00532723 -0.000389562 0.00413087 0.00111005 -0.00254434
internal_weight=390.636 170.296 104.967 220.34 168.284 125.266
internal_count=26169 21225 5488 4944 4133 2814
is_linear=0
shrinkage=0.025


Tree=155
num_leaves=7
num_cat=0
split_feature=1 19 6 32 61 16
split_gain=14.1505 9.50067 8.85332 8.24687 9.5225 7.47984
threshold=0.61158692836761486 0.6857795000000001 0.52181500000000003 0.49415000000000003 0.72035700000000003 0.64307150000000013
decision_type=2 2 2 2 2 2
left_child=1 -1 -3 4 5 -2
right_child=3 2 -4 -5 -6 -7
leaf_value=-0.012696602589112337 -0.014839180794685517 0.016409437673860602 -0.0035745035758695241 0.012654965327164439 0.011202998425059826 0.00067902004172429092
leaf_weight=64.940484846974869 21.125517273729201 13.716275150640284 91.549710678722477 51.961652273195796 42.782046970212832 103.05546829025843
leaf_count=15737 958 510 4978 811 1319 1856
internal_value=0 -0.0053637 -0.000569113 0.00418357 0.0013477 -0.00213259
internal_weight=389.131 170.206 105.266 218.925 166.963 124.181
internal_count=26169 21225 5488 4944 4133 2814
is_linear=0
shrinkage=0.025


Tree=156
num_leaves=7
num_cat=0
split_feature=62 21 44 16 48 61
split_gain=13.3929 10.2337 10.4827 8.41124 7.38005 7.1395
threshold=0.75000000000000011 0.70400000000000007 0.047175500000000009 0.60377350000000007 0.66350000000000009 0.71629350000000003
decision_type=2 2 2 2 2 2
left_child=1 2 -1 -3 -2 -5
right_child=4 3 -4 5 -6 -7
leaf_value=-0.015840504152573275 -0.016179392245351212 -0.015390877314683825 0.00049874117788974897 0.0039485685544118866 0.002152354769377733 0.015585505311495454
leaf_weight=29.349352029308648 41.665156629787816 8.7319311145110969 102.30648669564835 144.18449577095453 17.996603243416757 42.902018669643439
leaf_count=7639 9446 392 4057 2459 1015 1161
internal_value=0 0.00200531 -0.00330577 0.00561692 -0.0106448 0.00683359
internal_weight=387.136 327.474 131.656 195.818 59.6618 187.087
internal_count=26169 15708 11696 4012 10461 3620
is_linear=0
shrinkage=0.025


Tree=157
num_leaves=7
num_cat=0
split_feature=2 49 9 47 1 1
split_gain=13.0199 13.5181 8.78964 8.4339 7.09461 6.46739
threshold=0.57711473107337963 1.0000000180025095e-35 0.95350000000000013 0.98135300000000014 0.43721100687980657 0.72051924467086803
decision_type=2 2 2 2 2 2
left_child=1 4 5 -3 -1 -2
right_child=2 3 -4 -5 -6 -7
leaf_value=-0.013015382384862263 -0.0017408129578484932 -0.01922400257043105 0.0099702997128449603 0.0053462188087857101 0.0068921604524801771 0.010957476249673727
leaf_weight=12.410297158516185 170.09894047871057 48.864243457199336 76.666896294278558 8.7553916204487887 41.388682988130313 26.815397296450101
leaf_count=5165 6182 10919 1407 88 2078 330
internal_value=0 -0.00711102 0.0029342 -0.0152779 0.00177045 6.02279e-05
internal_weight=385 111.419 273.581 57.6196 53.799 196.914
internal_count=26169 18250 7919 11007 7243 6512
is_linear=0
shrinkage=0.025


Tree=158
num_leaves=7
num_cat=0
split_feature=39 29 62 47 17 19
split_gain=12.9591 14.623 16.0311 11.9052 9.0866 7.83745
threshold=1.0000000180025095e-35 1.0000000180025095e-35 0.41666666666666669 0.93479450000000008 0.60496400000000017 0.65454650000000014
decision_type=2 2 2 2 2 2
left_child=3 2 -2 -1 -4 -3
right_child=1 5 4 -5 -6 -7
leaf_value=-0.016973534373610717 0.011200145268082225 -0.012494142984926746 -0.017360765810457885 0.0057052631685266418 -0.0027015722472694412 0.0096853249290404075
leaf_weight=44.29569515856565 38.495543999317306 8.3126504963838652 33.86843019274238 18.749353622610215 108.99843131171292 130.7272096479719
leaf_count=6632 1287 2205 5366 164 7391 3124
internal_value=0 0.00205729 -0.00257502 -0.0101351 -0.00647572 0.00810022
internal_weight=383.447 320.402 181.362 63.045 142.867 139.04
internal_count=26169 19373 14044 6796 12757 5329
is_linear=0
shrinkage=0.025


Tree=159
num_leaves=7
num_cat=0
split_feature=1 39 19 32 61 6
split_gain=13.0897 8.29307 8.44968 7.63707 8.50143 7.30294
threshold=0.61158692836761486 1.0000000180025095e-35 0.6857795000000001 0.49415000000000003 0.72035700000000003 0.52999600000000002
decision_type=2 2 2 2 2 2
left_child=1 -1 -3 4 -2 -4
right_child=3 2 5 -5 -6 -7
leaf_value=-0.017255492593721583 -0.0020123918312211827 -0.010309403400903095 0.016378139496675149 0.012213154005609924 0.01071189415065831 -0.0012940002225879091
leaf_weight=27.413301800341287 122.83706729403639 51.713327083860349 15.638585639258961 51.499342231138144 41.749451076844707 70.545481710578315
leaf_count=6034 2814 11374 497 811 1319 3320
internal_value=0 -0.00525157 -0.00253816 0.00403169 0.0012749 0.00218535
internal_weight=381.397 165.311 137.897 216.086 164.587 86.1841
internal_count=26169 21225 15191 4944 4133 3817
is_linear=0
shrinkage=0.025


Tree=160
num_leaves=7
num_cat=0
split_feature=1 9 62 39 19 3
split_gain=12.4414 8.48964 7.5227 7.25386 6.27758 6.74472
threshold=0.61158692836761486 0.29000000000000009 0.58333333333333337 1.0000000180025095e-35 0.76571650000000013 0.93897292017936718
decision_type=2 2 2 2 2 2
left_child=1 -1 4 -3 5 -2
right_child=2 3 -4 -5 -6 -7
leaf_value=-0.018978948012898809 0.013449627494544798 -0.015293400489772896 -0.0025598120173561511 -0.00014598681871458343 0.019362836934897789 0.00077156074746142112
leaf_weight=21.524843100389262 36.22185843961779 21.411025475070346 71.436319731496042 121.21649363145116 20.610922765452415 87.49110678199213
leaf_count=11353 694 2776 2180 7096 475 1595
internal_value=0 -0.00514369 0.00392746 -0.00270446 0.00718699 0.00474577
internal_weight=379.913 164.152 215.76 142.628 144.324 123.713
internal_count=26169 21225 4944 9872 2764 2289
is_linear=0
shrinkage=0.025


Tree=161
num_leaves=7
num_cat=0
split_feature=1 29 39 17 16 19
split_gain=12.6274 13.1045 12.2322 9.7208 7.02622 7.02104
threshold=0.72597524523735057 1.0000000180025095e-35 1.0000000180025095e-35 0.62125900000000012 0.69551200000000013 0.6478155000000001
decision_type=2 2 2 2 2 2
left_child=1 3 -3 -1 -5 -4
right_child=-2 2 5 4 -6 -7
leaf_value=-0.015002196453950872 0.013581274628953586 -0.0099670532933023616 -0.013969163923279652 0.0021465863979165992 -0.0092266586267598562 0.0087755955227828315
leaf_weight=51.091058316123963 35.995067757205106 29.628977818845669 6.6295478256615743 83.806013702545897 52.899218237915193 118.69646936571371
leaf_count=9136 618 3051 1968 5853 2351 3192
internal_value=0 -0.00151429 0.00379987 -0.00593742 -0.00227819 0.00725431
internal_weight=378.746 342.751 154.955 187.796 136.705 125.326
internal_count=26169 25551 8211 17340 8204 5160
is_linear=0
shrinkage=0.025


Tree=162
num_leaves=7
num_cat=0
split_feature=1 9 32 6 0 60
split_gain=12.719 8.17018 7.2124 8.24991 7.99431 6.84227
threshold=0.61158692836761486 0.29000000000000009 0.49415000000000003 0.69947750000000009 0.48566650000000006 0.68000000000000005
decision_type=2 2 2 2 2 2
left_child=1 -1 3 4 -2 -5
right_child=2 -3 -4 5 -6 -7
leaf_value=-0.018982878176045079 0.0075403279293790306 -0.0028331527025623592 0.011914904190930022 0.010591834138927664 -0.01068727316558875 -0.003063786470039831
leaf_weight=20.944934763698257 18.83783421170665 142.30766225678599 51.631640537525527 63.700795175856911 47.663251603400568 32.385758656426333
leaf_count=11353 425 9872 811 729 1318 1661
internal_value=0 -0.00521298 0.00398702 0.00127412 -0.00531099 0.0059395
internal_weight=377.472 163.253 214.219 162.588 66.5011 96.0866
internal_count=26169 21225 4944 4133 1743 2390
is_linear=0
shrinkage=0.025


Tree=163
num_leaves=7
num_cat=0
split_feature=1 9 62 32 9 61
split_gain=12.4633 8.35254 7.42903 8.31042 7.21449 9.31354
threshold=0.61158692836761486 0.29000000000000009 0.41666666666666669 0.15442000000000003 0.78000000000000014 0.71629350000000003
decision_type=2 2 2 2 2 2
left_child=1 -1 3 -2 -4 -6
right_child=2 -3 4 -5 5 -7
leaf_value=-0.019172703226309127 -0.0015918474230722859 -0.0027694301200360638 -0.0076992634706892389 0.018700848829162755 0 0.015155466895030749
leaf_weight=20.678142951306654 17.435041949967854 142.04393357250592 39.650720893710968 34.498981901444495 88.742272728297394 32.590398947708309
leaf_count=11353 343 9872 1469 484 1536 1112
internal_value=0 -0.00516542 0.00396181 0.0119673 0.00118216 0.00425205
internal_weight=375.639 162.722 212.917 51.934 160.983 121.333
internal_count=26169 21225 4944 827 4117 2648
is_linear=0
shrinkage=0.025


Tree=164
num_leaves=7
num_cat=0
split_feature=1 9 0 62 32 9
split_gain=12.1271 8.0427 7.03437 6.42379 7.35169 7.24216
threshold=0.61158692836761486 0.29000000000000009 0.85073300000000007 0.41666666666666669 0.15442000000000003 0.78000000000000014
decision_type=2 2 2 2 2 2
left_child=1 -1 -3 4 -2 -5
right_child=3 2 -4 5 -6 -7
leaf_value=-0.018998167868075996 -0.0013725120966910948 -0.001076191704918216 -0.021876058373455038 -0.0075751174387585678 0.017754194719058491 0.0044137319638612683
leaf_weight=20.243114475699258 17.338816809700802 133.19933812861564 8.6626286091595812 39.606627833782113 34.248688202816993 120.36850927682826
leaf_count=11353 343 8927 945 1469 484 2648
internal_value=0 -0.00510197 -0.00276377 0.0039232 0.0113975 0.00132079
internal_weight=373.668 162.105 141.862 211.563 51.5875 159.975
internal_count=26169 21225 9872 4944 827 4117
is_linear=0
shrinkage=0.025


Tree=165
num_leaves=7
num_cat=0
split_feature=1 44 20 6 62 21
split_gain=11.5567 7.72781 7.14673 6.5841 6.29807 6.03678
threshold=0.61158692836761486 0.40703000000000006 0.68902700000000017 0.52384150000000007 0.58333333333333337 0.33000000000000007
decision_type=2 2 2 2 2 2
left_child=1 2 -1 -3 5 -2
right_child=4 3 -4 -5 -6 -7
leaf_value=-0.015782161143615241 -0.0059517115076656111 0.015936071556635883 -0.0025897787297906242 -0.002594431016295765 -0.002130819362518366 0.0088522069305099933
leaf_weight=48.205081628359039 17.443774540442973 13.898579222957776 58.249575677298708 40.913862639965373 70.154706100991461 122.73799400316784
leaf_count=15652 399 575 3099 1899 2180 2365
internal_value=0 -0.00499257 -0.00886895 0.00244178 0.00384154 0.00687672
internal_weight=371.604 161.267 106.455 54.8124 210.336 140.182
internal_count=26169 21225 18751 2474 4944 2764
is_linear=0
shrinkage=0.025


Tree=166
num_leaves=7
num_cat=0
split_feature=1 9 0 31 2 29
split_gain=11.2555 7.77696 7.07833 6.08047 5.99209 7.77505
threshold=0.61158692836761486 0.29000000000000009 0.85073300000000007 0.66279750000000004 0.75944644212722789 1.0000000180025095e-35
decision_type=2 2 2 2 2 2
left_child=1 -1 -3 4 5 -2
right_child=3 2 -4 -5 -6 -7
leaf_value=-0.018824716507341174 -0.0044034410050599933 -0.00096066328700860249 -0.021895750927099403 0.020116784915042183 0.013223035105927428 0.0060191842283071123
leaf_weight=19.616162222097046 86.538667818327667 132.03643301777629 8.5798106586626073 11.056560539291238 26.082311619655229 86.937796846905258
leaf_count=11353 2773 8927 945 275 472 1424
internal_value=0 -0.00495092 -0.00265934 0.00378047 0.00259435 0.000781446
internal_weight=370.848 160.232 140.616 210.615 199.559 173.476
internal_count=26169 21225 9872 4944 4669 4197
is_linear=0
shrinkage=0.025


Tree=167
num_leaves=7
num_cat=0
split_feature=60 39 22 31 47 43
split_gain=11.1584 13.4437 13.3082 13.5957 11.1833 9.75003
threshold=0.68000000000000005 1.0000000180025095e-35 0.46480350000000009 0.43579550000000006 0.26702450000000005 1.0000000180025095e-35
decision_type=2 2 2 2 2 2
left_child=1 5 3 -3 -4 -1
right_child=-2 2 4 -5 -6 -7
leaf_value=-0.0015561129006062902 -0.0072464454948067726 -0.0024970424299213482 -0.017286749874038245 0.015644856671940224 0.016876700109630365 -0.026513960334515765
leaf_weight=33.11082655203063 95.51529893422412 130.14483538578497 4.3256470175110726 29.486430339718936 64.392812532372773 12.141835393213112
leaf_count=2887 8991 9854 230 1075 795 2337
internal_value=0 0.00257246 0.00507425 0.000989651 0.014072 -0.00947335
internal_weight=369.118 273.602 228.35 159.631 68.7185 45.2527
internal_count=26169 17178 11954 10929 1025 5224
is_linear=0
shrinkage=0.025


Tree=168
num_leaves=7
num_cat=0
split_feature=1 31 9 0 9 61
split_gain=11.1963 7.75689 7.65226 7.0814 6.1771 8.4728
threshold=0.61158692836761486 0.65542700000000009 0.29000000000000009 0.85073300000000007 0.78000000000000014 0.56964300000000001
decision_type=2 2 2 2 2 2
left_child=2 4 -1 -4 -2 -6
right_child=1 -3 3 -5 5 -7
leaf_value=-0.018829784261360689 -0.0052551206314729263 0.020941553175209293 -0.00097249664069715212 -0.021949472054508291 -0.001132753560701034 0.01059023088973793
leaf_weight=19.284234980554174 47.050296515692025 12.955884996976236 131.25662288795138 8.5439390042520227 72.518977618659846 75.933568628272042
leaf_count=11353 1664 277 8927 945 1099 1904
internal_value=0 0.00379306 -0.00495207 -0.00267909 0.00236238 0.00488168
internal_weight=367.544 208.459 159.085 139.801 195.503 148.453
internal_count=26169 4944 21225 9872 4667 3003
is_linear=0
shrinkage=0.025


Tree=169
num_leaves=7
num_cat=0
split_feature=1 31 49 61 3 19
split_gain=11.1406 7.74238 7.47219 10.5929 6.27284 6.20182
threshold=0.61158692836761486 0.66279750000000004 1.0000000180025095e-35 0.48363350000000005 0.92606091499328624 0.68892700000000018
decision_type=2 2 2 2 2 2
left_child=2 -2 5 -4 -5 -1
right_child=1 -3 3 4 -6 -7
leaf_value=-0.0061713201874041687 0.0023807541788097718 0.021298289206024119 -0.017966933012592289 -0.020773086868327538 0.0026583125878337521 0.0085338445918309441
leaf_weight=32.180706269748043 196.00760895678832 12.333315022464374 44.189577471170196 5.9681304540281408 41.938686676468933 34.224314219245571
leaf_count=6632 4669 275 11296 278 1893 1126
internal_value=0 0.00378139 -0.00495196 -0.00947865 -0.000972632 0.0013152
internal_weight=366.842 208.341 158.501 92.0964 47.9068 66.405
internal_count=26169 4944 21225 13467 2171 7758
is_linear=0
shrinkage=0.025


Tree=170
num_leaves=7
num_cat=0
split_feature=60 43 44 61 20 19
split_gain=11.0206 10.0966 12.1616 9.45971 8.86977 7.61001
threshold=0.68000000000000005 1.0000000180025095e-35 0.047175500000000009 0.71629350000000003 0.67242050000000009 0.75497250000000016
decision_type=2 2 2 2 2 2
left_child=1 2 5 -3 -2 -1
right_child=4 3 -4 -5 -6 -7
leaf_value=-0.011863735992473286 -0.019975699929405146 -0.016763848849943013 0.0072932278936200913 0.011824741706379493 -0.0024946206666895906 0.0096321785089171809
leaf_weight=37.086624782859872 22.96981460911411 25.830586434523866 189.05267108687985 7.3518567592836908 71.669850619713543 11.369651098037137
leaf_count=7828 5336 3675 5423 85 3655 167
internal_value=0 0.00257165 0.00442061 -0.00979989 -0.0072324 -0.00642316
internal_weight=365.331 270.691 237.509 33.1824 94.6397 48.4563
internal_count=26169 17178 13418 3760 8991 7995
is_linear=0
shrinkage=0.025


Tree=171
num_leaves=7
num_cat=0
split_feature=1 31 44 9 0 61
split_gain=11.0109 8.39569 7.73142 5.88738 7.7304 7.38201
threshold=0.61158692836761486 0.66279750000000004 0.40703000000000006 0.78000000000000014 0.46670000000000006 0.56964300000000001
decision_type=2 2 2 2 2 2
left_child=2 3 -1 4 -2 -5
right_child=1 -3 -4 5 -6 -7
leaf_value=-0.0088771313462418094 0.0085806890635464293 0.021802401713857625 0.002589305941771404 -0.00086560996355644106 -0.011914386077003939 0.010109637195610297
leaf_weight=103.62667710516689 14.646624878689179 12.629972873837685 53.270315238441981 72.081394995097071 31.922061718098121 75.30897665861994
leaf_count=18751 319 275 2474 1101 1345 1904
internal_value=0 0.00377324 -0.00494955 0.0022922 -0.00518127 0.00475889
internal_weight=363.486 206.589 156.897 193.959 46.5687 147.39
internal_count=26169 4944 21225 4669 1664 3005
is_linear=0
shrinkage=0.025


Tree=172
num_leaves=7
num_cat=0
split_feature=1 29 62 47 32 19
split_gain=10.5121 8.80004 9.10319 9.89806 6.78993 3.33219
threshold=0.45557285845279699 0.91839300000000013 0.41666666666666669 0.98135300000000014 0.15442000000000003 0.68500100000000008
decision_type=2 2 2 2 2 2
left_child=-1 2 4 -4 -2 -3
right_child=1 5 3 -5 -6 -7
leaf_value=-0.015656374299389864 -0.0025846269873162765 -0.0039721416246044734 -0.0045304680301359425 0.008557775494697337 0.014508826224538487 0.016220456755916803
leaf_weight=22.478798540101707 20.475529234739952 4.3262913996295564 208.5471501371394 40.839392770198174 37.731769930338487 27.577042120276019
leaf_count=11440 772 97 12689 323 699 149
internal_value=0 0.00114351 -0.000168243 -0.00228874 0.00849293 0.0131382
internal_weight=361.976 339.497 307.594 249.387 58.2073 31.9033
internal_count=26169 14729 14483 13012 1471 246
is_linear=0
shrinkage=0.025


Tree=173
num_leaves=7
num_cat=0
split_feature=2 9 0 22 19 44
split_gain=10.2866 10.2343 10.0092 9.06411 8.648 7.03538
threshold=0.68425273895263683 0.29000000000000009 0.48566650000000006 0.40872900000000006 0.76890650000000005 0.16662500000000002
decision_type=2 2 2 2 2 2
left_child=1 -1 5 -4 -2 -3
right_child=4 2 3 -5 -6 -7
leaf_value=-0.018368866851003897 0.0029229900417026312 -0.0041225327157700413 -0.011293120823438134 0.00071119677239307429 0.021538492720892404 0.010905350520108027
leaf_weight=21.260958669216052 87.548617012333125 26.914495717428508 70.222860516958463 82.215875701025652 17.274829182308167 54.43180877919076
leaf_count=11607 1821 2336 5043 3577 388 1397
internal_value=0 -0.00270973 -0.00106934 -0.00485526 0.0065026 0.00585415
internal_weight=359.869 255.046 233.785 152.439 104.823 81.3463
internal_count=26169 23960 12353 8620 2209 3733
is_linear=0
shrinkage=0.025


Tree=174
num_leaves=7
num_cat=0
split_feature=2 29 62 47 32 19
split_gain=9.94114 8.45408 8.62672 9.20026 5.76873 3.00153
threshold=0.46598570048809057 0.91839300000000013 0.41666666666666669 0.8716965000000001 0.15442000000000003 0.68500100000000008
decision_type=2 2 2 2 2 2
left_child=-1 2 4 -4 -2 -3
right_child=1 5 3 -5 -6 -7
leaf_value=-0.014555169232782009 -0.0019553338576478573 -0.0033846640747822658 -0.0057410073457215384 0.0043020631430568564 0.013896089970747478 0.016004757849495004
leaf_weight=24.634417182449397 20.156819261857891 4.224375574791341 159.61362642480526 84.807892851822544 37.406366145820357 26.947893201606348
leaf_count=11852 794 89 11590 1002 696 146
internal_value=0 0.00117664 -0.000118563 -0.00221261 0.00834939 0.0130611
internal_weight=357.791 333.157 301.985 244.422 57.5632 31.1723
internal_count=26169 14317 14082 12592 1490 235
is_linear=0
shrinkage=0.025


Tree=175
num_leaves=7
num_cat=0
split_feature=62 61 0 44 0 9
split_gain=9.9064 9.26163 15.1268 8.90817 7.83518 7.27728
threshold=0.91666666666666685 0.50715900000000003 0.48220000000000002 0.40703000000000006 0.79833350000000014 0.78000000000000014
decision_type=2 2 2 2 2 2
left_child=1 2 3 -1 -4 -3
right_child=-2 5 4 -5 -6 -7
leaf_value=-0.0023127210502931809 -0.014694434398125884 -0.0044717254263987351 -0.016080006701156269 0.012986773238236334 -0.00054121477118731197 0.0084039322982263874
leaf_weight=52.577692496895907 24.065560265349632 32.488613915265887 51.299356016519596 38.981253520447353 34.764535023590724 122.08564362488687
leaf_count=8327 5453 1258 5895 997 1514 2725
internal_value=0 0.00116633 -0.00267975 0.00428006 -0.0100945 0.0056139
internal_weight=356.263 332.197 177.623 91.5589 86.0639 154.574
internal_count=26169 20716 16733 9324 7409 3983
is_linear=0
shrinkage=0.025


Tree=176
num_leaves=7
num_cat=0
split_feature=21 0 31 62 16 27
split_gain=9.7111 12.8335 8.53138 8.47914 11.2785 7.53688
threshold=0.70400000000000007 0.48220000000000002 0.31926400000000005 0.58333333333333337 0.63735150000000018 1.0000000180025095e-35
decision_type=2 2 2 2 2 2
left_child=1 2 -1 4 -2 -5
right_child=3 -3 -4 5 -6 -7
leaf_value=-0.0045775388332198455 -0.010336230580229269 -0.013600584790838623 0.01123664840914947 -0.0085077617260168777 0.01095332329585536 0.0055048677237900245
leaf_weight=54.986422629892331 15.840971653407903 59.443622395334387 31.210676296384918 50.476080658954743 101.29872037499445 40.900543185925926
leaf_count=9981 394 7923 1531 2805 1896 1639
internal_value=0 -0.00490629 0.00120521 0.00344438 0.00784534 -0.00216288
internal_weight=354.157 145.641 86.1971 208.516 117.14 91.3766
internal_count=26169 19435 11512 6734 2290 4444
is_linear=0
shrinkage=0.025


Tree=177
num_leaves=7
num_cat=0
split_feature=21 0 31 62 16 58
split_gain=9.65439 12.1363 8.35004 8.15146 10.842 7.42505
threshold=0.70400000000000007 0.48220000000000002 0.31926400000000005 0.58333333333333337 0.63735150000000018 0.24750000000000003
decision_type=2 2 2 2 2 2
left_child=1 2 5 4 -2 -1
right_child=3 -3 -4 -5 -6 -7
leaf_value=-0.014875306958494636 -0.01009673261343279 -0.013394287461135485 0.010994404545696052 -0.0020745622354595475 0.01081021251283722 0.0028730856591112565
leaf_weight=22.849283042509342 15.777414055031839 59.003767337821046 31.079568283596018 90.821661067238892 101.00751079490874 32.182483245360345
leaf_count=5453 394 7923 1531 4444 1896 4528
internal_value=0 -0.00489987 0.00103547 0.00344251 0.00775996 -0.00467016
internal_weight=352.722 145.115 86.1113 207.607 116.785 55.0318
internal_count=26169 19435 11512 6734 2290 9981
is_linear=0
shrinkage=0.025


Tree=178
num_leaves=7
num_cat=0
split_feature=29 62 39 17 19 43
split_gain=9.81007 12.3227 10.4449 8.73451 6.98851 6.11844
threshold=1.0000000180025095e-35 0.41666666666666669 1.0000000180025095e-35 0.60496400000000017 0.6478155000000001 1.0000000180025095e-35
decision_type=2 2 2 2 2 2
left_child=1 -1 5 -3 -4 -2
right_child=2 3 4 -5 -6 -7
leaf_value=0.0081182364754651612 0 -0.017789722324069383 -0.014656435810220352 -0.003543812188916166 0.0090709509546980475 -0.024028573149475232
leaf_weight=40.602898548269877 19.546609270117187 33.798547897462413 5.7963095652848997 121.30611874259557 122.43545753642684 8.007532722513135
leaf_count=1542 1382 6467 1972 9762 3357 1687
internal_value=0 -0.00370605 0.00464076 -0.00693658 0.00767173 -0.00863847
internal_weight=351.493 195.708 155.786 155.105 128.232 27.5541
internal_count=26169 17771 8398 16229 5329 3069
is_linear=0
shrinkage=0.025


Tree=179
num_leaves=7
num_cat=0
split_feature=2 9 0 61 19 44
split_gain=9.57473 9.6297 8.73725 8.38551 7.84835 5.6751
threshold=0.68425273895263683 0.29000000000000009 0.48566650000000006 0.48363350000000005 0.77163700000000002 0.16662500000000002
decision_type=2 2 2 2 2 2
left_child=1 -1 5 -4 -2 -3
right_child=4 2 3 -5 -6 -7
leaf_value=-0.01817252922865454 0.0030749377139446532 -0.0035884556906635953 -0.013208689115397527 -0.00047719818574809341 0.021787298105042381 0.010088951772401759
leaf_weight=20.305691575555102 87.348816041368991 26.037760045983305 45.992076450878812 102.27076253548148 14.928687343373893 53.016495547781233
leaf_count=11607 1866 2336 4850 3770 343 1397
internal_value=0 -0.00265771 -0.00105112 -0.00463817 0.00634443 0.00550488
internal_weight=349.9 247.623 227.317 148.263 102.278 79.0543
internal_count=26169 23960 12353 8620 2209 3733
is_linear=0
shrinkage=0.025


Tree=180
num_leaves=7
num_cat=0
split_feature=39 22 44 47 20 60
split_gain=9.52997 12.094 8.73645 8.65154 6.85763 6.84407
threshold=1.0000000180025095e-35 0.49268850000000003 0.049005000000000007 0.93479450000000008 0.71874550000000015 0.82000000000000017
decision_type=2 2 2 2 2 2
left_child=3 2 4 -1 -2 -3
right_child=1 5 -4 -5 -6 -7
leaf_value=-0.015570105581608901 -0.01618177426677736 0.014585615526636128 0.0017799741151603246 0.004781386966976278 0.001375592699934039 -0.0043174374828256999
leaf_weight=38.513685852114577 33.292158290812949 55.34581660781987 170.33393751968833 16.907947255123872 20.728668929164996 13.039019973439279
leaf_count=6632 10045 877 6505 164 692 1254
internal_value=0 0.001819 -0.000978985 -0.00927185 -0.00952706 0.0108328
internal_weight=348.161 292.74 224.355 55.4216 54.0208 68.3848
internal_count=26169 19373 17242 6796 10737 2131
is_linear=0
shrinkage=0.025


Tree=181
num_leaves=7
num_cat=0
split_feature=29 1 47 0 0 61
split_gain=9.44407 9.37417 10.1338 9.94664 6.12299 5.42293
threshold=0.91839300000000013 0.72051924467086803 0.98135300000000014 0.48566650000000006 0.7725335000000001 0.47455900000000001
decision_type=2 2 2 2 2 2
left_child=1 2 3 -1 -3 -4
right_child=-2 4 5 -5 -6 -7
leaf_value=0.001740830378083929 0.012814235779185598 -0.0025977955665525717 -0.014476508277765424 -0.0086341033798147272 0.017729443412979915 0.011577589442847341
leaf_weight=88.587180921163963 30.112365478733409 12.805226895492522 3.2886472846148527 153.51315339955545 22.249536413699389 36.07258865237236
leaf_count=12370 321 253 77 12437 448 263
internal_value=0 -0.00130997 -0.00287693 -0.00482304 0.0103924 0.00845718
internal_weight=346.629 316.516 281.462 242.1 35.0548 39.3612
internal_count=26169 25848 25147 24807 701 340
is_linear=0
shrinkage=0.025


Tree=182
num_leaves=7
num_cat=0
split_feature=19 32 29 1 6 21
split_gain=9.23771 11.1029 8.02239 9.42794 9.86024 5.61757
threshold=0.7009645000000001 0.40703000000000006 1.0000000180025095e-35 0.72597524523735057 0.54787700000000006 0.33000000000000007
decision_type=2 2 2 2 2 2
left_child=1 -1 3 4 -2 -3
right_child=2 5 -4 -5 -6 -7
leaf_value=-0.010935508877692986 0.016684679703699544 -0.0073489263124059305 0.0078037048741097861 0.013057674999687935 -0.0075702425860811953 0.011153134282361067
leaf_weight=78.835153932966932 9.2835642278369033 13.076408934532081 108.30418544328131 20.008737223688513 88.334708968337509 26.873093283124035
leaf_count=17297 207 634 2419 418 4284 910
internal_value=0 -0.00557621 0.00296067 -0.00149528 -0.00481716 0.00481471
internal_weight=344.716 118.785 225.931 117.627 97.6183 39.9495
internal_count=26169 18841 7328 4909 4491 1544
is_linear=0
shrinkage=0.025


Tree=183
num_leaves=7
num_cat=0
split_feature=39 29 62 43 17 19
split_gain=9.26052 11.3017 11.2226 8.546 6.59488 6.57597
threshold=1.0000000180025095e-35 1.0000000180025095e-35 0.41666666666666669 1.0000000180025095e-35 0.60496400000000017 0.6478155000000001
decision_type=2 2 2 2 2 2
left_child=3 2 -2 -1 -4 -3
right_child=1 5 4 -5 -6 -7
leaf_value=-0.0032395805519688939 0.0094498929256851862 -0.01449078054186978 -0.01596040526693197 -0.026280868754128502 -0.0026003653421081459 0.0087755747645145276
leaf_weight=42.949962960763514 35.440296678294544 5.6101026767864814 29.226913658740159 11.550013061532807 98.673680728774343 119.56474068625539
leaf_count=4296 1287 1972 5366 2500 7391 3357
internal_value=0 0.00180483 -0.00247786 -0.00921466 -0.00596786 0.00740096
internal_weight=343.016 288.516 163.341 54.5 127.901 125.175
internal_count=26169 19373 14044 6796 12757 5329
is_linear=0
shrinkage=0.025


Tree=184
num_leaves=7
num_cat=0
split_feature=1 29 1 0 61 30
split_gain=8.8626 7.25771 6.9891 7.33896 4.14109 1.57223
threshold=0.45557285845279699 0.91839300000000013 0.72597524523735057 0.48566650000000006 0.50538450000000013 1.0000000180025095e-35
decision_type=2 2 2 2 2 2
left_child=-1 2 3 -2 -4 -3
right_child=1 5 4 -5 -6 -7
leaf_value=-0.015047861242907808 0.0049093842382476561 0 -0.011603786880540107 -0.0041837916361700976 0.013846329107462621 0.014873721464887111
leaf_weight=20.348616402121479 75.503753679204237 5.3341096177755416 2.3101179355289814 186.5722003640476 27.293989994795993 24.069331864535343
leaf_count=11440 4116 73 80 9765 522 173
internal_value=0 0.00106255 -0.000144865 -0.00150935 0.0108389 0.012387
internal_weight=341.432 321.084 291.68 262.076 29.6041 29.4034
internal_count=26169 14729 14483 13881 602 246
is_linear=0
shrinkage=0.025


Tree=185
num_leaves=7
num_cat=0
split_feature=19 39 29 1 43 17
split_gain=8.70139 8.43523 8.77743 8.34885 7.72168 6.88691
threshold=0.68318650000000003 1.0000000180025095e-35 1.0000000180025095e-35 0.72597524523735057 1.0000000180025095e-35 0.64358250000000006
decision_type=2 2 2 2 2 2
left_child=5 4 3 -3 -2 -1
right_child=1 2 -4 -5 -6 -7
leaf_value=-0.015318229819588681 -0.0014976478521790413 -0.0034591410297051396 0.0092093216613273552 0.013796342608034204 -0.025807144060252009 0
leaf_weight=34.133256751285444 34.943319910868013 102.42722837667679 105.51256609681877 18.495508211432025 8.6894448837265355 36.20000523906856
leaf_count=12428 1623 4910 2305 404 807 3692
internal_value=0 0.00205116 0.00402483 -0.000522974 -0.00766472 -0.00767618
internal_weight=340.401 270.068 226.435 120.923 43.6328 70.3333
internal_count=26169 10049 7619 5314 2430 16120
is_linear=0
shrinkage=0.025


Tree=186
num_leaves=7
num_cat=0
split_feature=61 0 1 21 22 6
split_gain=8.6973 14.6674 8.09123 6.9122 6.40343 5.97687
threshold=0.50715900000000003 0.48220000000000002 0.45698505640029913 0.77400000000000013 0.50856850000000009 0.71912700000000007
decision_type=2 2 2 2 2 2
left_child=1 2 -1 -2 5 -3
right_child=3 4 -4 -5 -6 -7
leaf_value=-0.013039470192845855 -0.0094443362504939461 -0.015761997946158884 0.0063846963051515035 0.0062173827237810876 0.0029512091600938819 0.007983333850135917
leaf_weight=13.421909669565137 17.464346268912777 69.083297120556381 79.107825710205361 138.86508509362466 15.65725716613815 5.2863714119303031
leaf_count=7821 834 9013 3894 3952 530 125
internal_value=0 -0.00368331 0.00320613 0.00429153 -0.0107542 -0.0137556
internal_weight=338.886 182.557 92.5297 156.329 90.0269 74.3697
internal_count=26169 21383 11715 4786 9668 9138
is_linear=0
shrinkage=0.025


Tree=187
num_leaves=7
num_cat=0
split_feature=19 31 29 1 6 2
split_gain=8.29444 10.5794 6.20921 7.53351 8.25885 5.57666
threshold=0.7009645000000001 0.30852950000000007 1.0000000180025095e-35 0.72597524523735057 0.54787700000000006 0.61679986119270336
decision_type=2 2 2 2 2 2
left_child=1 -1 3 4 -2 -3
right_child=2 5 -4 -5 -6 -7
leaf_value=-0.010987062390169944 0.015540181487317842 -0.0032059259957296451 0.007138772995464936 0.011957093173530253 -0.0066904299355973057 0.014057984290950291
leaf_weight=73.506443961972764 9.2506688017165271 24.290368094119913 105.90065903226787 19.743522329255939 86.830506132122537 17.948299796000356
leaf_count=15744 207 2609 2419 418 4284 488
internal_value=0 -0.00535763 0.00282534 -0.00111206 -0.0041215 0.00431001
internal_weight=337.47 115.745 221.725 115.825 96.0812 42.2387
internal_count=26169 18841 7328 4909 4491 3097
is_linear=0
shrinkage=0.025


Tree=188
num_leaves=7
num_cat=0
split_feature=61 0 2 21 0 20
split_gain=8.44462 13.836 6.63663 6.54494 6.23549 6.99504
threshold=0.50715900000000003 0.48220000000000002 0.46436947584152227 0.77400000000000013 0.73226650000000015 0.72057050000000011
decision_type=2 2 2 2 2 2
left_child=1 2 -1 -2 -3 -6
right_child=3 4 -4 -5 5 -7
leaf_value=-0.011400101607222601 -0.0091973829324773493 -0.017839907639074001 0.0060378626690725003 0.0060984296985530642 -0.013264668433178001 0.0044410553180230083
leaf_weight=13.793028750797019 17.293692317092791 38.911802901668125 77.680618118240091 138.60435082683398 24.362002068897709 26.098163294896949
leaf_count=7825 834 6317 3890 3952 2513 838
internal_value=0 -0.00365275 0.00308201 0.00422805 -0.0105374 -0.00416463
internal_weight=336.744 180.846 91.4736 155.898 89.372 50.4602
internal_count=26169 21383 11715 4786 9668 3351
is_linear=0
shrinkage=0.025


Tree=189
num_leaves=7
num_cat=0
split_feature=60 39 22 43 31 20
split_gain=8.30001 9.69841 9.74676 8.16736 7.45018 7.28983
threshold=0.68000000000000005 1.0000000180025095e-35 0.49268850000000003 1.0000000180025095e-35 0.43579550000000006 0.68995650000000019
decision_type=2 2 2 2 2 2
left_child=1 3 4 -1 -3 -2
right_child=5 2 -4 -5 -6 -7
leaf_value=-0.0010011777474725561 -0.016986720989652686 -0.0011874608383375662 0.014146435004207128 -0.025300688333552597 0.011984036192448803 -0.0014027161906499945
leaf_weight=30.136493230242195 26.159162361262133 130.09010482758094 47.856730044994038 10.249644099492796 30.969305135724426 60.018099771499692
leaf_count=2887 5884 10065 702 2337 1187 3107
internal_value=0 0.00231638 0.00452198 -0.00848758 0.00143619 -0.00657745
internal_weight=335.48 249.302 208.916 40.3861 161.059 86.1773
internal_count=26169 17178 11954 5224 11252 8991
is_linear=0
shrinkage=0.025


Tree=190
num_leaves=7
num_cat=0
split_feature=60 39 22 43 20 31
split_gain=8.1409 9.05098 9.27351 8.44252 7.16882 7.12508
threshold=0.68000000000000005 1.0000000180025095e-35 0.49268850000000003 1.0000000180025095e-35 0.68995650000000019 0.43579550000000006
decision_type=2 2 2 2 2 2
left_child=1 3 5 -1 -2 -3
right_child=4 2 -4 -5 -6 -7
leaf_value=-0.00062707738629959862 -0.016868502814359393 -0.0011509565674304666 0.013835065957857502 -0.025295108745535495 -0.001382420904037702 0.01173421625201679
leaf_weight=30.44621064198509 26.065457788667118 129.81020810105474 47.710765183786862 10.157579865419391 59.701160546850588 30.952891715780424
leaf_count=2887 5884 10065 702 2337 3107 1187
internal_value=0 0.00229192 0.00443149 -0.0081103 -0.00653242 0.00141802
internal_weight=334.844 249.078 208.474 40.6038 85.7666 160.763
internal_count=26169 17178 11954 5224 8991 11252
is_linear=0
shrinkage=0.025


Tree=191
num_leaves=7
num_cat=0
split_feature=21 44 0 16 22 60
split_gain=8.28592 9.42557 6.7735 6.19706 5.09992 5.81763
threshold=0.70400000000000007 0.047175500000000009 0.48566650000000006 0.60377350000000007 0.45945400000000008 0.82000000000000017
decision_type=2 2 2 2 2 2
left_child=1 -1 -3 -2 -5 -6
right_child=3 2 -4 4 5 -7
leaf_value=-0.016413214337183304 -0.013734818072899538 0.0040338130515042529 -0.0084987032806681864 0.00094788645289727198 0.01325427277892983 -0.0026378923397681374
leaf_weight=30.295513037914134 9.9533116711827443 64.181870229636843 42.47495902215087 113.58606184481323 55.801081722893286 17.005907122744247
leaf_count=12911 863 3415 3109 3584 991 1296
internal_value=0 -0.00467204 -0.000957307 0.00327653 0.00440101 0.00946172
internal_weight=333.299 136.952 106.657 196.346 186.393 72.807
internal_count=26169 19435 6524 6734 5871 2287
is_linear=0
shrinkage=0.025


Tree=192
num_leaves=7
num_cat=0
split_feature=61 0 1 22 47 1
split_gain=8.27168 12.5712 7.25014 6.30672 5.94741 11.34
threshold=0.50715900000000003 0.48220000000000002 0.45698505640029913 0.50856850000000009 0.96388050000000014 0.71458289027214061
decision_type=2 2 2 2 2 2
left_child=1 2 -1 -3 5 -2
right_child=4 3 -4 -5 -6 -7
leaf_value=-0.012808031968497835 -0.0034675161416082736 -0.013324964282270261 0.0058147692544354528 0.0033635071933353919 0.012042745766628223 0.014332500903248474
leaf_weight=12.984161497495732 84.399298509029904 72.207746600550308 77.801849962412234 15.407102843484607 41.407500421744771 27.532450399012305
leaf_count=7821 3865 9138 3894 530 287 634
internal_value=0 -0.0036367 0.00278568 -0.0102813 0.00422154 0.00105185
internal_weight=331.74 178.401 90.786 87.6148 153.339 111.932
internal_count=26169 21383 11715 9668 4786 4499
is_linear=0
shrinkage=0.025


Tree=193
num_leaves=7
num_cat=0
split_feature=21 44 0 16 61 49
split_gain=7.92245 8.92412 6.31673 5.74779 5.20209 10.4665
threshold=0.70400000000000007 0.047175500000000009 0.48566650000000006 0.60377350000000007 0.50715900000000003 1.0000000180025095e-35
decision_type=2 2 2 2 2 2
left_child=1 -1 -3 -2 5 -5
right_child=3 2 -4 4 -6 -7
leaf_value=-0.016154856208444725 -0.013283359704896344 0.0038598601987903693 -0.0082486019025712325 0.017368626510754454 0.007029842719137782 -0.0075924550980734258
leaf_weight=29.603361503992346 9.7598987902019854 63.805122659938206 42.549142501760798 10.980200089514254 129.24393627216341 44.175275184934435
leaf_count=12911 863 3415 3109 232 3529 2110
internal_value=0 -0.00458111 -0.000982175 0.00322532 0.0043119 -0.00193386
internal_weight=330.117 135.958 106.354 194.159 184.399 55.1555
internal_count=26169 19435 6524 6734 5871 2342
is_linear=0
shrinkage=0.025


Tree=194
num_leaves=7
num_cat=0
split_feature=2 9 19 39 46 44
split_gain=7.8898 7.42874 6.53583 5.88961 5.08067 4.20951
threshold=0.68277427554130565 0.29000000000000009 0.77163700000000002 1.0000000180025095e-35 0.58423250000000004 0.047175500000000009
decision_type=2 2 2 2 2 2
left_child=1 -1 5 -3 -5 -2
right_child=2 3 -4 4 -6 -7
leaf_value=-0.016969898008529261 -0.0076754714803676238 -0.011480065005927215 0.019764646094291259 0.0025731368395310577 -0.0077907735120134203 0.0054781036525431252
leaf_weight=18.010278323075909 16.536850090604275 27.053769159312651 15.037772675044833 148.57552959486202 34.132496891601477 69.100135807238985
leaf_count=11604 465 3120 382 6765 2368 1465
internal_value=0 -0.0025741 0.00574505 -0.00111154 0.000510737 0.00269315
internal_weight=328.447 227.772 100.675 209.762 182.708 85.637
internal_count=26169 23857 2312 12253 9133 1930
is_linear=0
shrinkage=0.025


Tree=195
num_leaves=7
num_cat=0
split_feature=60 39 22 43 31 20
split_gain=7.70258 8.0464 8.39787 7.39626 6.7397 6.6443
threshold=0.68000000000000005 1.0000000180025095e-35 0.49268850000000003 1.0000000180025095e-35 0.31505900000000003 0.68995650000000019
decision_type=2 2 2 2 2 2
left_child=1 3 4 -1 -3 -2
right_child=5 2 -4 -5 -6 -7
leaf_value=-0.00068600317516695952 -0.016497719958505165 -0.0020628635283276592 0.013332199212288585 -0.024357778387526733 0.008856458096386766 -0.0014057989940552467
leaf_weight=29.836251966371492 25.394562176608815 107.85412584392907 46.704678607929964 9.4460889625079272 49.110005378614005 58.556570298518636
leaf_count=2887 5884 9280 702 2337 1972 3107
internal_value=0 0.00226025 0.00429475 -0.00770452 0.00138392 -0.00641727
internal_weight=326.902 242.951 203.669 39.2823 156.964 83.9511
internal_count=26169 17178 11954 5224 11252 8991
is_linear=0
shrinkage=0.025


Tree=196
num_leaves=7
num_cat=0
split_feature=21 44 62 16 43 0
split_gain=7.5435 8.10739 6.77815 8.47418 6.00713 5.89866
threshold=0.70400000000000007 0.047175500000000009 0.58333333333333337 0.63735150000000018 1.0000000180025095e-35 0.48566650000000006
decision_type=2 2 2 2 2 2
left_child=1 -1 3 -2 -4 -3
right_child=2 5 4 -5 -6 -7
leaf_value=-0.015717227058148913 -0.0091922918079919286 0.0036242312744059427 0.00032246292287126495 0.010096612897317378 -0.019566023348615541 -0.0081015589154914951
leaf_weight=28.692148630154406 14.252310085357747 63.376624416327104 76.104503150418168 92.791728383221198 8.2125437478098302 42.383310826842717
leaf_count=12911 394 3415 3418 1896 1026 3109
internal_value=0 -0.00449155 0.00317303 0.00729735 -0.00202155 -0.00107263
internal_weight=325.813 134.452 191.361 107.044 84.317 105.76
internal_count=26169 19435 6734 2290 4444 6524
is_linear=0
shrinkage=0.025


Tree=197
num_leaves=7
num_cat=0
split_feature=1 29 47 60 61 19
split_gain=7.37716 6.34058 6.19962 6.25133 3.31355 2.71083
threshold=0.45557285845279699 0.91839300000000013 0.9999920000000001 0.82000000000000017 0.47689900000000002 0.68500100000000008
decision_type=2 2 2 2 2 2
left_child=-1 2 3 -2 -4 -3
right_child=1 5 4 -5 -6 -7
leaf_value=-0.014374079400809925 0.00022626999553715393 -0.0039678390696626783 -0.009174667128597153 -0.010004843787939628 0.012034094652543147 0.015006357789010849
leaf_weight=18.399331143606105 201.81385749277251 3.8138423885684487 2.9928662633756167 42.857043394509674 30.973020700970665 23.445582626387477
leaf_count=11440 10290 97 56 3923 214 149
internal_value=0 0.0009741 -0.000165001 -0.0016135 0.00942449 0.0119474
internal_weight=324.296 305.896 278.637 244.671 33.9659 27.2594
internal_count=26169 14729 14483 14213 270 246
is_linear=0
shrinkage=0.025


Tree=198
num_leaves=7
num_cat=0
split_feature=2 9 19 39 29 15
split_gain=7.34191 6.94944 6.05877 5.63302 4.53742 3.4817
threshold=0.68277427554130565 0.29000000000000009 0.76890650000000005 1.0000000180025095e-35 1.0000000180025095e-35 0.66768450000000013
decision_type=2 2 2 2 2 2
left_child=1 -1 5 -3 -5 -2
right_child=2 3 -4 4 -6 -7
leaf_value=-0.016656101734501914 -0.0032743744897414922 -0.011342248588697153 0.0185528976822164 -0.0029038120612367964 0.0049547158671005747 0.0067822714253963669
leaf_weight=17.355128069490092 34.418643466837239 26.398916983729578 16.228562083095312 101.78908094834333 79.108669997382094 47.504242849769071
leaf_count=11604 808 3120 427 6619 2514 1077
internal_value=0 -0.00249052 0.00562064 -0.00107851 0.000505796 0.00248164
internal_weight=322.803 224.652 98.1514 207.297 180.898 81.9229
internal_count=26169 23857 2312 12253 9133 1885
is_linear=0
shrinkage=0.025


Tree=199
num_leaves=7
num_cat=0
split_feature=62 61 0 0 44 9
split_gain=7.12429 6.81616 9.03535 6.55864 5.43015 5.17223
threshold=0.91666666666666685 0.50715900000000003 0.48220000000000002 0.79833350000000014 0.40703000000000006 0.78000000000000014
decision_type=2 2 2 2 2 2
left_child=1 2 4 -4 -1 -3
right_child=-2 5 3 -5 -6 -7
leaf_value=-0.0022163823519070107 -0.013089861524314848 -0.0038223818782954291 -0.014444697337690146 8.1649047459150922e-06 0.010231145909019817 0.0075252809419683823
leaf_weight=47.867326495508678 21.569305792976593 29.465350395592395 44.755321672786522 31.500646550141028 35.652264907083008 110.39953181723831
leaf_count=8327 5453 1258 5895 1514 997 2725
internal_value=0 0.00104277 -0.00243323 -0.00855251 0.00313833 0.00504806
internal_weight=321.21 299.64 159.776 76.256 83.5196 139.865
internal_count=26169 20716 16733 7409 9324 3983
is_linear=0
shrinkage=0.025


Tree=200
num_leaves=7
num_cat=0
split_feature=2 49 47 29 62 32
split_gain=7.20379 7.80823 5.90692 5.33548 6.53017 6.13367
threshold=0.57366925477981578 1.0000000180025095e-35 0.98135300000000014 1.0000000180025095e-35 0.41666666666666669 0.10618000000000001
decision_type=2 2 2 2 2 2
left_child=1 -1 -3 4 5 -2
right_child=3 2 -4 -5 -6 -7
leaf_value=0.0012742378706439008 -0.0076336934171270425 -0.01738495838586224 0.0060826882537013639 0.0061908976286372455 -0.004677960738889422 0.014251982749692183
leaf_weight=41.884707858911497 9.0538959598634374 35.505230973070866 6.2036826705152626 110.58652176600299 92.643402184447041 23.857023778487928
leaf_count=7191 324 10769 84 2527 4795 479
internal_value=0 -0.00619931 -0.0135499 0.0022365 -0.00123101 0.0078702
internal_weight=319.734 83.5936 41.7089 236.141 125.554 32.9109
internal_count=26169 18044 10853 8125 5598 803
is_linear=0
shrinkage=0.025


Tree=201
num_leaves=7
num_cat=0
split_feature=60 39 22 0 17 44
split_gain=6.93259 7.45151 7.53614 6.20315 9.80385 8.80484
threshold=0.68000000000000005 1.0000000180025095e-35 0.49268850000000003 0.80776700000000012 0.63418550000000007 0.16367100000000004
decision_type=2 2 2 2 2 2
left_child=1 -1 -3 5 -5 -2
right_child=3 2 -4 4 -6 -7
leaf_value=-0.0075670921763149254 -0.024550881256850569 0.001340439863248292 0.012776807255258463 0.012668543809373973 -0.010451752856234911 -0.0013694012711417236
leaf_weight=38.054121489458339 18.28022665474964 153.06901062405632 45.842975868610665 19.677031317336514 21.142697940138532 22.505951500112133
leaf_count=5224 4782 11252 702 960 1978 1271
internal_value=0 0.00216867 0.00414548 -0.00617463 0.000579252 -0.0127793
internal_weight=318.572 236.966 198.912 81.6059 40.8197 40.7862
internal_count=26169 17178 11954 8991 2938 6053
is_linear=0
shrinkage=0.025


Tree=202
num_leaves=7
num_cat=0
split_feature=19 32 21 62 19 20
split_gain=6.83608 7.79074 5.49315 5.12822 6.38622 9.41961
threshold=0.7009645000000001 0.40703000000000006 0.33000000000000007 0.58333333333333337 0.73300550000000009 0.76505500000000015
decision_type=2 2 2 2 2 2
left_child=1 -1 -3 -2 -5 -6
right_child=3 2 -4 4 5 -7
leaf_value=-0.0098011845508834614 0.006175394573982541 -0.0081733793878391268 0.010509625248852655 0.0048007026184012629 -0.015707207994992447 0.006058502441314317
leaf_weight=71.098142516899316 113.90480726517853 12.649553022005419 24.84741899781875 46.591088649598532 30.968808467609051 17.339085674611852
leaf_count=17297 2529 634 910 2586 1746 467
internal_value=0 -0.00502057 0.00387125 0.00263962 -0.00156403 -0.00780895
internal_weight=317.399 108.595 37.497 208.804 94.899 48.3079
internal_count=26169 18841 1544 7328 4799 2213
is_linear=0
shrinkage=0.025


Tree=203
num_leaves=7
num_cat=0
split_feature=29 47 1 0 0 61
split_gain=6.92295 7.68296 9.42642 8.27409 6.62351 4.88519
threshold=0.60023650000000017 0.96388050000000014 0.71458289027214061 0.48566650000000006 0.7725335000000001 0.47455900000000001
decision_type=2 2 2 2 2 2
left_child=1 2 3 -1 -4 -3
right_child=-2 5 4 -5 -6 -7
leaf_value=0.00079818491899307442 0.009093425692264033 -0.012682657359402442 -0.0070095622602941825 -0.0095180850310899612 0.017376137220071836 0.0097627950710684093
leaf_weight=77.908479498697488 42.495373483090589 4.435233954107388 8.0984048165846634 119.02214240988906 18.64645482582273 45.57729584450135
leaf_count=12059 996 101 253 11918 478 364
internal_value=0 -0.00148146 -0.0034954 -0.00543411 0.00972491 0.00709662
internal_weight=316.183 273.688 223.675 196.931 26.7449 50.0125
internal_count=26169 25173 24708 23977 731 465
is_linear=0
shrinkage=0.025


Tree=204
num_leaves=7
num_cat=0
split_feature=1 60 17 48 46 29
split_gain=6.92952 5.60521 5.52707 5.3008 5.02957 4.28015
threshold=0.56367313861846935 0.82000000000000017 0.60436650000000014 0.33583350000000006 0.86497000000000013 0.31620650000000006
decision_type=2 2 2 2 2 2
left_child=2 5 -1 -4 -3 -2
right_child=1 4 3 -5 -6 -7
leaf_value=-0.019315940559066349 0.0014673031899626195 -0.023043725369431847 0.0079702931470743092 -0.007060117342312891 -0.0012443551081116604 0.0096872771940979662
leaf_weight=13.982637194876586 140.26206599657598 6.2649413294857359 17.851869466281642 48.361489975395671 32.57813997627818 55.32395579299191
leaf_count=7480 4565 597 4133 6728 1936 730
internal_value=0 0.00217472 -0.00623072 -0.00273786 -0.00615282 0.00392951
internal_weight=314.625 234.429 80.196 66.2134 38.8431 195.586
internal_count=26169 7828 18341 10861 2533 5295
is_linear=0
shrinkage=0.025


Tree=205
num_leaves=7
num_cat=0
split_feature=60 39 43 22 0 17
split_gain=6.66573 7.18717 7.01453 6.81274 6.20735 8.94634
threshold=0.68000000000000005 1.0000000180025095e-35 1.0000000180025095e-35 0.49268850000000003 0.80776700000000012 0.63418550000000007
decision_type=2 2 2 2 2 2
left_child=1 2 -1 -3 -2 -6
right_child=4 3 -4 -5 5 -7
leaf_value=-0.0005246525813414585 -0.012829715921929611 0.0014039304446161914 -0.024116516756386236 0.012378247233388427 0.012283036011870021 -0.0099944144684049104
leaf_weight=28.59702155321429 39.721694488865978 151.07544479774697 8.8829070136744104 45.004409800516441 19.380705126943212 20.624765529404613
leaf_count=2887 6053 11252 2337 702 960 1978
internal_value=0 0.00213526 -0.00749329 0.00409095 -0.00612996 0.000679748
internal_weight=313.287 233.56 37.4799 196.08 79.7272 40.0055
internal_count=26169 17178 5224 11954 8991 2938
is_linear=0
shrinkage=0.025


Tree=206
num_leaves=7
num_cat=0
split_feature=29 47 1 0 0 15
split_gain=6.59349 6.82936 8.72659 7.6074 6.32497 5.1793
threshold=0.60023650000000017 0.96388050000000014 0.71458289027214061 0.48566650000000006 0.7725335000000001 0.50324300000000011
decision_type=2 2 2 2 2 2
left_child=1 2 3 -1 -4 -3
right_child=-2 5 4 -5 -6 -7
leaf_value=0.00074606944776751504 0.0089473435399970661 -0.011476251728855198 -0.0069001912141415031 -0.0091857016298001765 0.017001801106582764 0.0098772335866018895
leaf_weight=77.474684824237556 41.786134934882284 5.8876076536253086 8.0585281196981686 117.34706652153 18.338190725713503 43.165306344744749
leaf_count=12059 996 79 253 11918 478 386
internal_value=0 -0.00145266 -0.00335704 -0.00523238 0.0094364 0.0067123
internal_weight=312.058 270.271 221.218 194.822 26.3967 49.0529
internal_count=26169 25173 24708 23977 731 465
is_linear=0
shrinkage=0.025


Tree=207
num_leaves=7
num_cat=0
split_feature=2 49 29 21 47 19
split_gain=6.67797 7.1873 4.76894 5.57125 4.65654 4.38212
threshold=0.57366925477981578 1.0000000180025095e-35 0.52868100000000007 0.25400000000000006 0.98135300000000014 0.64236450000000012
decision_type=2 2 2 2 2 2
left_child=1 5 3 -2 -3 -1
right_child=2 4 -4 -5 -6 -7
leaf_value=-0.012498158195783607 -0.018986174990085036 -0.016780092095998799 0.0098546988346993238 0.0014016916840299456 0.0045742892213246292 0.0055310337949234373
leaf_weight=8.4889099442898424 6.2500903584004837 33.880148957727215 39.148239682661369 184.29917792555352 5.8860065516200839 32.675787402633432
leaf_count=4829 426 10769 483 7216 84 2362
internal_value=0 -0.00606652 0.00217976 0.000450424 -0.0133287 0.00110999
internal_weight=310.628 80.9309 229.698 190.549 39.7662 41.1647
internal_count=26169 18044 8125 7642 10853 7191
is_linear=0
shrinkage=0.025


Tree=208
num_leaves=7
num_cat=0
split_feature=1 29 62 19 61 19
split_gain=6.44298 5.38085 4.54651 5.43128 4.75425 3.57187
threshold=0.45557285845279699 0.60023650000000017 0.58333333333333337 0.72383400000000009 0.91125000000000012 0.68500100000000008
decision_type=2 2 2 2 2 2
left_child=-1 2 3 -2 -4 -3
right_child=1 5 4 -5 -6 -7
leaf_value=-0.013877483103622879 -0.0021231238482294422 -0.0064273974705622381 -0.0057253764531500989 0.0074497738454551892 0.013227440229954285 0.011996332674940831
leaf_weight=17.105638141758391 74.217326237125235 5.6380313745612503 102.61056333805936 67.996964920079336 6.3830263181589535 35.438680699298857
leaf_count=11440 3516 257 8700 1736 157 363
internal_value=0 0.000922968 -0.000446347 0.00244313 -0.00426525 0.0090431
internal_weight=309.39 292.285 251.208 142.214 108.994 41.0767
internal_count=26169 14729 14109 5252 8857 620
is_linear=0
shrinkage=0.025


Tree=209
num_leaves=7
num_cat=0
split_feature=1 29 6 21 19 19
split_gain=6.37771 5.0519 4.4981 9.60316 3.17676 2.70629
threshold=0.45557285845279699 0.60023650000000017 0.53097800000000006 0.77400000000000013 0.68500100000000008 0.68318650000000003
decision_type=2 2 2 2 2 2
left_child=-1 2 5 -4 -3 -2
right_child=1 4 3 -5 -6 -7
leaf_value=-0.013841822221748498 0.00058522576587286945 -0.0058750598786804099 -0.0093237164179639405 0.0017694545706140614 0.011595023727818007 0.015426535141109008
leaf_weight=17.009446550344364 17.38410867234052 5.5348557410397907 68.626272905861697 150.83141072205763 35.226036637439393 13.788739780051399
leaf_count=11440 2208 257 5637 5831 363 433
internal_value=0 0.000918864 -0.000405651 -0.001726 0.0088181 0.00806779
internal_weight=308.401 291.391 250.631 219.458 40.7609 31.1728
internal_count=26169 14729 14109 11468 620 2641
is_linear=0
shrinkage=0.025


Tree=210
num_leaves=7
num_cat=0
split_feature=60 39 43 9 61 20
split_gain=6.42329 7.15882 6.88073 6.67511 6.0902 5.63893
threshold=0.68000000000000005 1.0000000180025095e-35 1.0000000180025095e-35 0.9900000000000001 0.71629350000000003 0.68995650000000019
decision_type=2 2 2 2 2 2
left_child=1 2 -1 4 -3 -2
right_child=5 3 -4 -5 -6 -7
leaf_value=-0.00060742095305561707 -0.015753381406069945 -0.00069930542143337875 -0.024198040581794478 0.012441722465142475 0.012854540183790559 -0.0012874646829421662
leaf_weight=28.101316241949462 23.344172372389949 127.2278134361386 8.6856039570084231 43.434940598905087 22.004250484285876 54.309782473348605
leaf_count=2887 5884 10831 2337 736 387 3107
internal_value=0 0.00210828 -0.00758541 0.00407744 0.00142041 -0.00610106
internal_weight=307.108 229.454 36.7869 192.667 149.232 77.654
internal_count=26169 17178 5224 11954 11218 8991
is_linear=0
shrinkage=0.025


Tree=211
num_leaves=7
num_cat=0
split_feature=39 60 31 61 3 47
split_gain=6.22798 6.93044 6.71491 8.89682 6.14964 6.0385
threshold=1.0000000180025095e-35 0.68000000000000005 0.31505900000000003 0.71629350000000003 0.96598929166793834 0.93479450000000008
decision_type=2 2 2 2 2 2
left_child=5 2 3 -2 -3 -1
right_child=1 4 -4 -5 -6 -7
leaf_value=-0.013922069461624172 -0.0023761326124523349 -0.011172383391522623 0.010575021633432035 0.014163587663767387 0.0036842517700801888 0.0041741480796959416
leaf_weight=32.286184808568578 107.65952802401443 40.206834945973242 62.036445816564083 22.369281470542774 26.599318931235757 14.872310396749524
leaf_count=6632 9406 5261 2168 380 2158 164
internal_value=0 0.00154199 0.00397275 0.000616731 -0.00521134 -0.00811606
internal_weight=306.03 258.871 192.065 130.029 66.8062 47.1585
internal_count=26169 19373 11954 9786 7419 6796
is_linear=0
shrinkage=0.025


Tree=212
num_leaves=7
num_cat=0
split_feature=62 60 0 39 32 20
split_gain=6.04868 5.59575 5.75334 8.83022 8.10961 5.0451
threshold=0.91666666666666685 0.82000000000000017 0.80456700000000014 1.0000000180025095e-35 0.40703000000000006 0.67350250000000011
decision_type=2 2 2 2 2 2
left_child=1 2 4 -4 -1 -3
right_child=-2 5 3 -5 -6 -7
leaf_value=-0.0031633429656126397 -0.012368495703875104 -0.018757028644453656 -0.018128341459906865 0.012462057215136171 0.0082084167643805238 -0.001158738881435541
leaf_weight=123.22337686970604 20.385300810819899 12.348747099742466 4.1757309911554321 52.57122430432355 54.351613984734286 37.553279277693946
leaf_count=12984 5453 3023 259 966 1419 2065
internal_value=0 0.00098721 0.00264117 0.00939341 0.000334336 -0.00636769
internal_weight=304.609 284.224 234.322 56.747 177.575 49.902
internal_count=26169 20716 15628 1225 14403 5088
is_linear=0
shrinkage=0.025


Tree=213
num_leaves=7
num_cat=0
split_feature=60 39 22 43 44 8
split_gain=5.90738 5.93385 7.47908 6.51647 6.4158 5.22419
threshold=0.82000000000000017 1.0000000180025095e-35 0.49268850000000003 1.0000000180025095e-35 0.054404500000000001 1.0000000180025095e-35
decision_type=2 2 2 2 2 2
left_child=1 3 4 -1 -3 -2
right_child=5 2 -4 -5 -6 -7
leaf_value=-0.00052674240126214468 -0.020249702683880173 -0.0073491210115581868 0.01171235408658193 -0.023793713027063176 0.0036293855798359715 -0.0024479706717407661
leaf_weight=27.747888056605007 12.109871097300127 42.865977175581065 48.097555346554145 8.3295624169368221 121.05842213910364 43.233218337938524
leaf_count=2887 3196 8871 877 2338 4912 3088
internal_value=0 0.00166221 0.00329877 -0.00731926 0.000638675 -0.00720136
internal_weight=303.442 248.099 212.022 36.0775 163.924 55.3431
internal_count=26169 19885 14660 5225 13783 6284
is_linear=0
shrinkage=0.025


Tree=214
num_leaves=7
num_cat=0
split_feature=2 49 29 21 6 19
split_gain=5.98002 6.71412 4.33502 4.76002 4.94478 4.33106
threshold=0.57366925477981578 1.0000000180025095e-35 0.52868100000000007 0.25400000000000006 0.53097800000000006 0.64236450000000012
decision_type=2 2 2 2 2 2
left_child=1 5 3 -2 -5 -1
right_child=2 -3 -4 4 -6 -7
leaf_value=-0.012629046774462624 -0.017581053458248588 -0.013028105824557004 0.009493991382617837 0.015042853601571069 2.4647782134821616e-05 0.0055886998664926623
leaf_weight=8.1050181240934744 6.2121395955327889 38.131616773680435 38.082264755532378 12.543854661300427 167.31974012932187 31.841996609298803
leaf_count=4829 426 10853 483 586 6630 2362
internal_value=0 -0.00584965 0.0020796 0.000410019 0.00131187 0.00116017
internal_weight=302.237 78.0786 224.158 186.076 179.864 39.947
internal_count=26169 18044 8125 7642 7216 7191
is_linear=0
shrinkage=0.025


Tree=215
num_leaves=7
num_cat=0
split_feature=60 39 22 31 20 48
split_gain=5.76379 6.3705 6.01029 5.72932 5.26356 4.4152
threshold=0.68000000000000005 1.0000000180025095e-35 0.49268850000000003 0.43579550000000006 0.67242050000000009 0.54183350000000019
decision_type=2 2 2 2 2 2
left_child=1 -1 3 -3 -2 -4
right_child=4 2 5 -5 -6 -7
leaf_value=-0.0072530345817283627 -0.017198665186530026 -0.0011145437456379626 -0.0014511178801851832 0.010847456344740996 -0.0018748726990786104 0.016118341818966476
leaf_weight=35.775897210976837 16.945188169336689 117.65587609348404 10.295495610276701 28.896397702497779 59.093228693302081 32.596220639534295
leaf_count=5224 5336 10065 223 1187 3655 479
internal_value=0 0.00201414 0.00388148 0.00132774 -0.00583995 0.0118606
internal_weight=301.258 225.22 189.444 146.552 76.0384 42.8917
internal_count=26169 17178 11954 11252 8991 702
is_linear=0
shrinkage=0.025


Tree=216
num_leaves=7
num_cat=0
split_feature=29 2 17 22 19 4
split_gain=6.37023 5.27821 6.30962 7.78237 4.80566 3.89061
threshold=0.91839300000000013 0.68277427554130565 0.62125900000000012 0.51730250000000011 0.77163700000000002 1.0000000180025095e-35
decision_type=2 2 2 2 2 2
left_child=1 2 3 -1 -3 -4
right_child=-2 4 5 -5 -6 -7
leaf_value=-0.014752610711779884 0.011520073463313138 0.0011981788799387697 0.00049396319034486524 0.011272896203993599 0.017374114734485611 -0.014447330766121293
leaf_weight=43.016418130455349 24.818282431804619 70.710770847159438 134.8283268089217 6.2354585599387056 11.694685697788371 9.2752830482568225
leaf_count=12047 321 1884 9937 371 372 1237
internal_value=0 -0.00113098 -0.00340327 -0.0109032 0.00404084 -0.000638022
internal_weight=300.579 275.761 193.355 49.2519 82.4055 144.104
internal_count=26169 25848 23592 12418 2256 11174
is_linear=0
shrinkage=0.025


Tree=217
num_leaves=7
num_cat=0
split_feature=29 62 47 49 32 0
split_gain=6.0648 5.18612 7.60796 5.93144 4.89049 7.42516
threshold=0.91839300000000013 0.41666666666666669 0.8716965000000001 1.0000000180025095e-35 0.15442000000000003 0.38213350000000007
decision_type=2 2 2 2 2 2
left_child=1 4 3 -3 -1 -6
right_child=-2 2 -4 -5 5 -7
leaf_value=-0.0037043020704437056 0.011232785892574676 0.0010146431096635822 0.0037847938825775577 -0.0092799223732096606 -0.0093584736768435508 0.017311503707969789
leaf_weight=18.515901901482721 24.844674176096305 49.48232557933261 71.666002407218912 103.03333437551919 6.2672960325653539 25.798264074830513
leaf_count=1485 321 6969 1076 15564 180 574
internal_value=0 -0.00110782 -0.00277215 -0.005921 0.00588695 0.0115458
internal_weight=299.608 274.763 224.182 152.516 50.5815 32.0656
internal_count=26169 25848 23609 22533 2239 754
is_linear=0
shrinkage=0.025


Tree=218
num_leaves=7
num_cat=0
split_feature=39 43 60 31 58 0
split_gain=6.04386 6.59418 6.3459 5.81285 8.39727 4.81122
threshold=1.0000000180025095e-35 1.0000000180025095e-35 0.68000000000000005 0.31505900000000003 0.31583350000000004 0.80776700000000012
decision_type=2 2 2 2 2 2
left_child=1 -1 3 4 -2 -4
right_child=2 -3 5 -5 -6 -7
leaf_value=-0.0025306271419216278 -0.00992732316708703 -0.024880362221953282 -0.011555311252636877 0.0100688122569023 0.004466391812978119 0.0015244051841403364
leaf_weight=36.906777210029759 31.556097062088156 8.8815725690201344 32.164538957937111 60.953357577549468 95.554453535125504 32.561167821761046
leaf_count=4296 5312 2500 5221 2168 4474 2198
internal_value=0 -0.00811068 0.00153415 0.00387672 0.000702981 -0.00503323
internal_weight=298.578 45.7883 252.79 188.064 127.111 64.7257
internal_count=26169 6796 19373 11954 9786 7419
is_linear=0
shrinkage=0.025


Tree=219
num_leaves=7
num_cat=0
split_feature=39 22 44 43 61 2
split_gain=5.66771 6.14167 6.12737 6.07846 5.1473 4.69579
threshold=1.0000000180025095e-35 0.49268850000000003 0.054404500000000001 1.0000000180025095e-35 0.69013150000000001 0.64281457662582409
decision_type=2 2 2 2 2 2
left_child=3 2 4 -1 -2 -4
right_child=1 -3 5 -5 -6 -7
leaf_value=-0.0025480802636852805 -0.01261565914216343 0.0084010207781732276 -0.0018065317035318319 -0.024248994877078683 0.004024901568601344 0.0071658947003019214
leaf_weight=36.845760856762354 37.032160352580831 58.663368909736164 82.636866515913425 8.5978536635047913 14.06604853630415 60.316054347495083
leaf_count=4296 10406 2131 4960 2500 545 1331
internal_value=0 0.00148157 -0.000645973 -0.00788672 -0.00789761 0.00197714
internal_weight=298.158 252.714 194.051 45.4436 51.0982 142.953
internal_count=26169 19373 17242 6796 10951 6291
is_linear=0
shrinkage=0.025


Tree=220
num_leaves=7
num_cat=0
split_feature=1 29 22 61 61 19
split_gain=5.43508 4.73119 4.16744 10.6162 4.54896 3.30626
threshold=0.45557285845279699 0.60023650000000017 0.27377600000000007 0.49446450000000003 0.27531250000000007 0.68500100000000008
decision_type=2 2 2 2 2 2
left_child=-1 2 4 -4 -2 -3
right_child=1 5 3 -5 -6 -7
leaf_value=-0.013242889350655734 0.00051915951818107297 -0.0065325568699019822 -0.010286863932301974 0.0019400291138145502 0.017015853016722753 0.011473611594141751
leaf_weight=15.701164217714902 34.556076917784594 5.3477921093435716 63.969115467287338 129.50748557130282 13.366334395250304 34.279630682576681
leaf_count=11440 2785 257 6043 4841 440 363
internal_value=0 0.000850136 -0.000459998 -0.00213755 0.00590942 0.00859248
internal_weight=296.728 281.026 241.399 193.477 47.9224 39.6274
internal_count=26169 14729 14109 10884 3225 620
is_linear=0
shrinkage=0.025


Tree=221
num_leaves=7
num_cat=0
split_feature=60 39 22 43 31 20
split_gain=5.54893 5.51262 6.2181 5.86775 5.85966 4.74279
threshold=0.82000000000000017 1.0000000180025095e-35 0.49268850000000003 1.0000000180025095e-35 0.43579550000000006 0.69749450000000013
decision_type=2 2 2 2 2 2
left_child=1 3 4 -1 -3 -2
right_child=5 2 -4 -5 -6 -7
leaf_value=-0.00066546595985318441 -0.016020860310305113 -0.0014905586241164333 0.010974589577827118 -0.023245378283883178 0.010505374497095519 -0.00080609927612139908
leaf_weight=27.20108204108692 19.948956169995654 130.7681318793384 47.063621869543567 7.8117300202520701 28.829571947921067 33.548420660474221
leaf_count=2887 4315 12540 877 2338 1243 1969
internal_value=0 0.00162777 0.00322443 -0.00714996 0.000750997 -0.00709784
internal_weight=295.172 241.674 206.661 35.0128 159.598 53.4974
internal_count=26169 19885 14660 5225 13783 6284
is_linear=0
shrinkage=0.025


Tree=222
num_leaves=7
num_cat=0
split_feature=19 31 2 58 30 62
split_gain=5.63106 7.43261 4.22108 4.90465 3.94696 3.73117
threshold=0.7009645000000001 0.30852950000000007 0.61679986119270336 0.17833350000000001 0.75000000000000011 0.58333333333333337
decision_type=2 2 2 2 2 2
left_child=1 -1 3 -3 -4 -2
right_child=5 2 4 -5 -6 -7
leaf_value=-0.0098515284601037346 0.0056504766952808214 0.0072224568152451409 -0.0065704882716707104 -0.014188944162376482 0.018322676999747944 -0.0011896682944925268
leaf_weight=63.255167305786017 104.62331576272845 11.101692852394992 3.3177549798128902 10.397939306429178 12.92631497408729 88.629811166982108
leaf_count=15744 2529 965 188 1644 300 4799
internal_value=0 -0.00471632 0.00374979 -0.00316757 0.0125734 0.00249362
internal_weight=294.252 100.999 37.7437 21.4996 16.2441 193.253
internal_count=26169 18841 3097 2609 488 7328
is_linear=0
shrinkage=0.025


Tree=223
num_leaves=7
num_cat=0
split_feature=19 31 20 20 20 29
split_gain=5.49732 6.86932 4.32963 5.4084 5.14766 3.73357
threshold=0.7009645000000001 0.30852950000000007 0.67707950000000017 0.65962100000000012 0.7023815000000001 0.91839300000000013
decision_type=2 2 2 2 2 2
left_child=1 -1 3 -3 -4 -2
right_child=5 2 4 -5 -6 -7
leaf_value=-0.0096319915884302207 0.0012056284024067982 0 -0.02197096924010393 0.022081714898729198 0.0061641856417561066 0.012612754516096279
leaf_weight=62.835973111848944 175.16224511479959 17.063113571359285 5.3032399421790597 9.180145019607151 6.0444711544041638 17.990411939565092
leaf_count=15744 7200 2231 228 508 130 128
internal_value=0 -0.00467696 0.00347161 0.00897447 -0.00794536 0.00246041
internal_weight=293.58 100.427 37.591 26.2433 11.3477 193.153
internal_count=26169 18841 3097 2739 358 7328
is_linear=0
shrinkage=0.025


Tree=224
num_leaves=7
num_cat=0
split_feature=9 31 61 62 0 49
split_gain=5.32758 6.76297 5.11997 5.62705 4.66049 4.14974
threshold=0.73000000000000009 0.5186845000000001 0.53044100000000005 0.75000000000000011 0.80480000000000007 1.0000000180025095e-35
decision_type=2 2 2 2 2 2
left_child=1 -1 5 -4 -5 -2
right_child=2 -3 3 4 -6 -7
leaf_value=-0.0087736716518547198 0.0040421633282498211 0.01496854599473723 0.0091612524342698006 0.006273494280410909 -0.018377769114451367 -0.0046783595389545112
leaf_weight=60.926656716055732 53.868363953806693 5.9702568855173004 75.309462629142217 6.8052921449125261 7.3399991285987198 82.417480005238758
leaf_count=16371 2080 573 1961 386 677 4121
internal_value=0 -0.00606579 0.00184431 0.00642024 -0.00683139 -0.00115771
internal_weight=292.638 66.8969 225.741 89.4548 14.1453 136.286
internal_count=26169 16944 9225 3024 1063 6201
is_linear=0
shrinkage=0.025


Tree=225
num_leaves=7
num_cat=0
split_feature=60 1 49 8 17 47
split_gain=5.38447 4.86962 6.77378 4.65226 6.4885 5.71486
threshold=0.82000000000000017 0.56914222240448009 1.0000000180025095e-35 1.0000000180025095e-35 0.63418550000000007 0.16868050000000004
decision_type=2 2 2 2 2 2
left_child=1 2 -1 -2 -5 -6
right_child=3 -3 -4 4 5 -7
leaf_value=0.0026267840565886427 -0.019743285164922922 0.0036830428447450058 -0.013693368141420748 0.0070827878723897526 0.011797568353136324 -0.016981974477589073
leaf_weight=34.34169131521503 11.311070326810293 179.53092998161446 25.125565691414522 20.038160276657436 3.1729050246813157 18.201330949106705
leaf_count=6285 3196 5058 8542 1091 305 1692
internal_value=0 0.00161043 -0.00440171 -0.00704258 -0.00244783 -0.0115553
internal_weight=291.722 238.998 59.4673 52.7235 41.4124 21.3742
internal_count=26169 19885 14827 6284 3088 1997
is_linear=0
shrinkage=0.025


Tree=226
num_leaves=7
num_cat=0
split_feature=61 44 60 43 3 25
split_gain=5.34851 8.79445 6.05447 4.85189 4.21977 3.52421
threshold=0.71629350000000003 0.054404500000000001 0.82000000000000017 1.0000000180025095e-35 0.96434980630874645 0.41666650000000005
decision_type=2 2 2 2 2 2
left_child=1 -1 3 -3 -4 -2
right_child=5 2 4 -5 -6 -7
leaf_value=-0.010028210275843162 0.013270412285988548 0.0048184088797155874 -0.01417766133883337 -0.0077355222911353804 0.0034619014528920891 -0.00049058784231267253
leaf_weight=55.087536806094249 26.016439498343971 140.11045557733814 21.844270504350789 19.485596514854478 10.679702875295332 17.358624608197715
leaf_count=14746 716 5277 2009 1773 500 1148
internal_value=0 -0.00144142 0.00107295 0.00313601 -0.00830197 0.00784593
internal_weight=290.583 247.208 192.12 159.596 32.524 43.3751
internal_count=26169 24305 9559 7050 2509 1864
is_linear=0
shrinkage=0.025


Tree=227
num_leaves=7
num_cat=0
split_feature=19 31 29 6 6 20
split_gain=5.13486 6.68442 3.77142 4.9326 5.75508 3.76898
threshold=0.7009645000000001 0.30852950000000007 0.91839300000000013 0.54787700000000006 0.69780400000000009 0.67707950000000017
decision_type=2 2 2 2 2 2
left_child=1 -1 3 -2 -5 -3
right_child=2 5 -4 4 -6 -7
leaf_value=-0.0095167953844248962 0.014428392696432377 0.0086876090230345281 0.012714296318998756 -0.0067118842497068069 0.0031610106234099544 -0.0071059519621808637
leaf_weight=61.511955236598624 13.370542146483784 25.845224605805925 17.528355712071061 53.292749782089231 106.23545280681719 11.387782563695508
leaf_count=15744 347 2739 128 2779 4074 358
internal_value=0 -0.00455946 0.00239273 0.00113014 -0.000135844 0.00349373
internal_weight=289.172 98.745 190.427 172.899 159.528 37.233
internal_count=26169 18841 7328 7200 6853 3097
is_linear=0
shrinkage=0.025


Tree=228
num_leaves=7
num_cat=0
split_feature=39 47 19 46 0 9
split_gain=5.12254 5.6181 5.34144 4.62925 6.3204 4.24662
threshold=1.0000000180025095e-35 0.93479450000000008 0.68318650000000003 0.58423250000000004 0.80776700000000012 0.9900000000000001
decision_type=2 2 2 2 2 2
left_child=1 -1 -2 5 -5 -4
right_child=2 -3 3 4 -6 -7
leaf_value=-0.013486324942287726 -0.0055073395415429043 0.0045692267855030983 0.002859171220009202 -0.015315092612585164 0.0033326599025537426 0.012757702773643643
leaf_weight=29.780669807190861 51.315773024545706 13.73594482669432 114.15847063300316 15.383219718874896 27.988994816376362 35.713839490199462
leaf_count=6632 11754 164 4186 1033 1846 554
internal_value=0 -0.00765836 0.00142642 0.00335919 -0.00356477 0.00544599
internal_weight=288.077 43.5166 244.56 193.245 43.3722 149.872
internal_count=26169 6796 19373 7619 2879 4740
is_linear=0
shrinkage=0.025


Tree=229
num_leaves=7
num_cat=0
split_feature=61 44 60 43 3 25
split_gain=5.02091 8.19488 5.87888 4.50661 4.05326 3.61694
threshold=0.71629350000000003 0.054404500000000001 0.82000000000000017 1.0000000180025095e-35 0.96434980630874645 0.41666650000000005
decision_type=2 2 2 2 2 2
left_child=1 -1 3 -3 -4 -2
right_child=5 2 4 -5 -6 -7
leaf_value=-0.009770250784900127 0.013113928198156564 0.0047062903422538079 -0.014020382292584885 -0.0074745328103153061 0.0033268355152316861 -0.00093312448356662892
leaf_weight=54.12210337605211 25.963198675599415 138.54389977475148 21.657069818129457 19.164738622655932 10.592577230865571 16.819437018129975
leaf_count=14746 716 5277 2009 1773 500 1148
internal_value=0 -0.00140517 0.00102867 0.00307792 -0.00824136 0.00765165
internal_weight=286.863 244.08 189.958 157.709 32.2496 42.7826
internal_count=26169 24305 9559 7050 2509 1864
is_linear=0
shrinkage=0.025


Tree=230
num_leaves=7
num_cat=0
split_feature=62 61 31 8 6 47
split_gain=4.99157 5.15069 5.09894 4.82104 4.61924 4.25659
threshold=0.91666666666666685 0.53044100000000005 0.34591200000000005 1.0000000180025095e-35 0.52181500000000003 0.78513100000000013
decision_type=2 2 2 2 2 2
left_child=1 2 5 -3 -4 -1
right_child=-2 3 4 -5 -6 -7
leaf_value=-0.007503244768076487 -0.011528365550328714 -0.012653745261606076 0.019123944196389644 0.0069348084005487025 0.0005206580488466469 0.0021516361593128257
leaf_weight=83.45863034163267 19.220639131355711 5.9852471492195027 8.9423005890712357 93.399872777226847 35.296943322366133 39.534914104951895
leaf_count=14039 5453 422 799 2983 1717 756
internal_value=0 0.00093046 -0.00170723 0.00538771 0.00529001 -0.00434903
internal_weight=285.839 266.618 167.233 99.3851 44.2392 122.994
internal_count=26169 20716 17311 3405 2516 14795
is_linear=0
shrinkage=0.025


Tree=231
num_leaves=7
num_cat=0
split_feature=39 22 47 17 28 16
split_gain=5.00151 5.3908 5.00841 4.72614 4.91784 4.23296
threshold=1.0000000180025095e-35 0.49268850000000003 0.93479450000000008 0.60436650000000014 1.0000000180025095e-35 0.67436300000000016
decision_type=2 2 2 2 2 2
left_child=2 3 -1 4 -2 -5
right_child=1 -3 -4 5 -6 -7
leaf_value=-0.013147051849634234 -0.015535875305590315 0.0080657485754604529 0.0040098456573683513 0.0059320296951369048 0.0014569735846732554 -0.0023816283223426545
leaf_weight=29.372302568175655 21.376411589711097 55.73706368785497 13.532286787172778 67.662891385038165 16.944699115641924 80.356604217318818
leaf_count=6632 4236 2131 164 7221 2860 2925
internal_value=0 0.00141464 -0.00762015 -0.000608904 -0.00817862 0.001396
internal_weight=284.982 242.078 42.9046 186.341 38.3211 148.019
internal_count=26169 19373 6796 17242 7096 10146
is_linear=0
shrinkage=0.025


Tree=232
num_leaves=7
num_cat=0
split_feature=60 9 0 17 47 19
split_gain=5.15136 4.51772 4.21601 5.97348 5.3521 3.82251
threshold=0.82000000000000017 0.95350000000000013 0.77566650000000015 0.63418550000000007 0.13874100000000003 0.76312300000000011
decision_type=2 2 2 2 2 2
left_child=1 -1 -2 -4 -5 -3
right_child=2 5 3 4 -6 -7
leaf_value=-0.00028363056066938868 -0.018926472169574778 0.0040973329470797458 0.0065489079446075169 0.011910149887352657 -0.017009697521555647 0.021478886979297829
leaf_weight=179.82651484420603 11.49122247111063 44.889842943011899 20.067124479261111 2.767077967717344 16.884341828685137 8.3383620409294945
leaf_count=18720 3195 1076 1069 216 1804 89
internal_value=0 0.00159307 -0.00698671 -0.0024089 -0.0116579 0.00781862
internal_weight=284.264 233.055 51.2098 39.7185 19.6514 53.2282
internal_count=26169 19885 6284 3089 2020 1165
is_linear=0
shrinkage=0.025


Tree=233
num_leaves=7
num_cat=0
split_feature=60 48 9 44 0 14
split_gain=5.14144 4.36724 7.92703 5.72902 4.22592 4.70549
threshold=0.82000000000000017 0.67393350000000007 0.78000000000000014 0.054404500000000001 0.77566650000000015 1.0000000180025095e-35
decision_type=2 2 2 2 2 2
left_child=1 3 -3 -1 -2 -6
right_child=4 2 -4 -5 5 -7
leaf_value=-0.0066101778062334334 -0.018973001634607436 -0.013930820089824131 0.015595714615323672 0.0027395628652831325 0.0095264452271507163 -0.0079378323359805946
leaf_weight=53.62395067516627 11.446190189912157 4.7384867048240293 25.733843427267857 148.60199243456736 11.417274136198101 27.947121749250073
leaf_count=12303 3195 202 467 6913 251 2838
internal_value=0 0.00158889 0.0100308 0.000167122 -0.00700992 -0.00239707
internal_weight=283.509 232.698 30.4723 202.226 50.8106 39.3644
internal_count=26169 19885 669 19216 6284 3089
is_linear=0
shrinkage=0.025


Tree=234
num_leaves=7
num_cat=0
split_feature=60 29 0 17 47 17
split_gain=5.36771 4.35533 4.34119 5.60569 5.1626 4.20632
threshold=0.82000000000000017 0.31620650000000006 0.77566650000000015 0.63418550000000007 0.13874100000000003 0.63510400000000011
decision_type=2 2 2 2 2 2
left_child=1 5 -2 -4 -5 -1
right_child=2 -3 3 4 -6 -7
leaf_value=-0.0055559719811021091 -0.019251426961135951 0.0071648472767869001 0.0062538070311830771 0.011718224270942424 -0.016788923087430324 0.0024820447327398559
leaf_weight=61.544897928194587 11.513569985865614 62.027127938146805 19.815002998206182 2.7326366895067649 16.63169911373916 108.2415355685589
leaf_count=11147 3195 2597 1069 216 1804 6141
internal_value=0 0.00162757 -0.00716939 -0.00246716 -0.011486 -0.000419164
internal_weight=282.506 231.814 50.6929 39.1793 19.3643 169.786
internal_count=26169 19885 6284 3089 2020 17288
is_linear=0
shrinkage=0.025


Tree=235
num_leaves=7
num_cat=0
split_feature=60 39 0 31 48 43
split_gain=5.12557 4.32371 5.8935 7.43862 4.57207 4.50874
threshold=0.82000000000000017 1.0000000180025095e-35 0.80776700000000012 0.4765890000000001 0.54183350000000019 1.0000000180025095e-35
decision_type=2 2 2 2 2 2
left_child=1 5 3 -3 -4 -1
right_child=-2 2 4 -5 -6 -7
leaf_value=-0.00064922650966877 -0.0070477667323833541 -0.0017342588820446704 -0.010529191932592427 0.012008451609156806 0.013979097932975682 -0.02137849249073609
leaf_weight=25.803200039525109 50.160544237899558 131.83907843114321 3.1619757223452316 27.54571436621336 36.653019117875374 6.8443070632483787
leaf_count=2887 6284 12648 271 1124 617 2338
internal_value=0 0.00158371 0.00300834 0.000735546 0.0113189 -0.00645543
internal_weight=282.008 231.847 199.2 159.385 39.815 32.6475
internal_count=26169 19885 14660 13772 888 5225
is_linear=0
shrinkage=0.025


Tree=236
num_leaves=7
num_cat=0
split_feature=62 61 0 0 9 16
split_gain=4.92694 4.57697 7.46043 5.18336 4.55041 5.34693
threshold=0.91666666666666685 0.50715900000000003 0.47246700000000003 0.77566650000000015 0.78000000000000014 0.71483000000000019
decision_type=2 2 2 2 2 2
left_child=1 2 -1 -4 -3 -6
right_child=-2 4 3 -5 5 -7
leaf_value=0.0032034080826339462 -0.011523385068516641 -0.0043009289172343187 -0.014457082818345963 -0.00028832022647366844 0.010369086730149002 -0.0026118261454577407
leaf_weight=74.40594437177333 18.950527015545958 26.106885091299773 34.508455800532829 31.091280434353394 71.33596005133586 24.601498267264105
leaf_count=9215 5453 1258 5645 1873 1806 919
internal_value=0 0.000934351 -0.00209366 -0.00812733 0.00445055 0.00696967
internal_weight=281.001 262.05 140.006 65.5997 122.044 95.9375
internal_count=26169 20716 16733 7518 3983 2725
is_linear=0
shrinkage=0.025


Tree=237
num_leaves=7
num_cat=0
split_feature=62 61 31 8 6 59
split_gain=4.81457 4.42473 5.08794 4.54184 4.32143 3.96823
threshold=0.91666666666666685 0.53044100000000005 0.34591200000000005 1.0000000180025095e-35 0.52181500000000003 0.50000000000000011
decision_type=2 2 2 2 2 2
left_child=1 2 5 -3 -4 -1
right_child=-2 3 4 -5 -6 -7
leaf_value=-0.0065833367907251533 -0.011422072280016607 -0.012447798897563499 0.018988212670361382 0.0066417982767475389 0.00081344829499681217 0.0040055477554952609
leaf_weight=94.683931137663421 18.837665699083118 5.9169594268896608 8.7757123863830184 91.157615583098959 34.89652878186098 25.700103973575096
leaf_count=12947 5453 422 799 2983 1717 1848
internal_value=0 0.000924476 -0.00153739 0.00510705 0.00548546 -0.00421607
internal_weight=279.969 261.131 164.056 97.0746 43.6722 120.384
internal_count=26169 20716 17311 3405 2516 14795
is_linear=0
shrinkage=0.025


Tree=238
num_leaves=7
num_cat=0
split_feature=62 60 0 44 39 58
split_gain=4.6935 4.32813 5.00655 6.66826 5.97206 3.66498
threshold=0.91666666666666685 0.82000000000000017 0.80456700000000014 0.40177200000000007 1.0000000180025095e-35 0.78166650000000015
decision_type=2 2 2 2 2 2
left_child=1 2 3 -1 -4 -3
right_child=-2 5 4 -5 -6 -7
leaf_value=-0.0035891933510926823 -0.011298688162973913 -0.009975687663902718 -0.015031074949369231 0.0067031767883477455 0.011496577217323653 0.0051631196957696909
leaf_weight=103.76133807563019 18.760214211097264 33.419452742321482 3.4878281763085388 59.894005227783055 48.790625081266626 11.207805253776312
leaf_count=12575 5453 3868 259 1828 966 1220
internal_value=0 0.000913144 0.0024161 0.000169092 0.00896179 -0.00591582
internal_weight=279.321 260.561 215.934 163.655 52.2785 44.6273
internal_count=26169 20716 15628 14403 1225 5088
is_linear=0
shrinkage=0.025


Tree=239
num_leaves=7
num_cat=0
split_feature=29 62 61 0 21 3
split_gain=4.6477 4.69124 3.66775 6.19208 4.67047 3.20072
threshold=0.60023650000000017 0.91666666666666685 0.50715900000000003 0.47246700000000003 0.77400000000000013 0.97792744636535656
decision_type=2 2 2 2 2 2
left_child=1 2 3 -1 -4 -3
right_child=-2 5 4 -5 -6 -7
leaf_value=0.0019268346926076922 0.0079524408096995954 -0.017252956451641446 -0.01112673695662825 -0.0090697690485703718 0.0050456058092032564 0.0078231660623172654
leaf_weight=65.961449715787239 37.032002575799197 14.489163594161257 9.9951230339647719 56.718274781964283 92.653411737919669 1.8579480755288376
leaf_count=8907 996 5071 578 7190 3187 240
internal_value=0 -0.0012875 -0.00024297 -0.0031669 0.00316054 -0.013279
internal_weight=278.707 241.675 225.328 122.68 102.649 16.3471
internal_count=26169 25173 19862 16097 3765 5311
is_linear=0
shrinkage=0.025


end of trees

feature_importances:
Column_62=108
Column_9=103
Column_1=99
Column_29=99
Column_19=91
Column_2=86
Column_60=77
Column_61=77
Column_0=74
Column_44=74
Column_47=74
Column_39=69
Column_43=41
Column_20=38
Column_21=33
Column_22=33
Column_31=30
Column_6=29
Column_16=29
Column_32=26
Column_49=23
Column_48=17
Column_17=15
Column_15=14
Column_34=11
Column_46=10
Column_24=7
Column_33=7
Column_55=7
Column_3=6
Column_8=6
Column_18=6
Column_30=5
Column_58=4
Column_14=3
Column_25=2
Column_26=2
Column_59=2
Column_4=1
Column_27=1
Column_28=1

parameters:
[boosting: gbdt]
[objective: lambdarank]
[metric: ndcg]
[tree_learner: serial]
[device_type: cpu]
[data_sample_strategy: bagging]
[data: ]
[valid: ]
[num_iterations: 240]
[learning_rate: 0.025]
[num_leaves: 7]
[num_threads: 6]
[seed: 20260905]
[deterministic: 0]
[force_col_wise: 0]
[force_row_wise: 0]
[histogram_pool_size: -1]
[max_depth: 4]
[min_data_in_leaf: 28]
[min_sum_hessian_in_leaf: 0.001]
[bagging_fraction: 1]
[pos_bagging_fraction: 1]
[neg_bagging_fraction: 1]
[bagging_freq: 0]
[bagging_seed: 23218]
[bagging_by_query: 0]
[feature_fraction: 0.9]
[feature_fraction_bynode: 1]
[feature_fraction_seed: 28090]
[extra_trees: 0]
[extra_seed: 14360]
[early_stopping_round: 0]
[early_stopping_min_delta: 0]
[first_metric_only: 0]
[max_delta_step: 0]
[lambda_l1: 0.35]
[lambda_l2: 2.5]
[linear_lambda: 0]
[min_gain_to_split: 0]
[drop_rate: 0.1]
[max_drop: 50]
[skip_drop: 0.5]
[xgboost_dart_mode: 0]
[uniform_drop: 0]
[drop_seed: 16970]
[top_rate: 0.2]
[other_rate: 0.1]
[min_data_per_group: 100]
[max_cat_threshold: 32]
[cat_l2: 10]
[cat_smooth: 10]
[max_cat_to_onehot: 4]
[top_k: 20]
[monotone_constraints: ]
[monotone_constraints_method: basic]
[monotone_penalty: 0]
[feature_contri: ]
[forcedsplits_filename: ]
[refit_decay_rate: 0.9]
[cegb_tradeoff: 1]
[cegb_penalty_split: 0]
[cegb_penalty_feature_lazy: ]
[cegb_penalty_feature_coupled: ]
[path_smooth: 0]
[interaction_constraints: ]
[verbosity: -1]
[saved_feature_importance_type: 0]
[use_quantized_grad: 0]
[num_grad_quant_bins: 4]
[quant_train_renew_leaf: 0]
[stochastic_rounding: 1]
[linear_tree: 0]
[max_bin: 255]
[max_bin_by_feature: ]
[min_data_in_bin: 3]
[bin_construct_sample_cnt: 200000]
[data_random_seed: 5037]
[is_enable_sparse: 1]
[enable_bundle: 1]
[use_missing: 1]
[zero_as_missing: 0]
[feature_pre_filter: 1]
[pre_partition: 0]
[two_round: 0]
[header: 0]
[label_column: ]
[weight_column: ]
[group_column: ]
[ignore_column: ]
[categorical_feature: ]
[forcedbins_filename: ]
[precise_float_parser: 0]
[parser_config_file: ]
[objective_seed: 15411]
[num_class: 1]
[is_unbalance: 0]
[scale_pos_weight: 1]
[sigmoid: 1]
[boost_from_average: 1]
[reg_sqrt: 0]
[alpha: 0.9]
[fair_c: 1]
[poisson_max_delta_step: 0.7]
[tweedie_variance_power: 1.5]
[lambdarank_truncation_level: 5]
[lambdarank_norm: 1]
[label_gain: ]
[lambdarank_position_bias_regularization: 0]
[eval_at: 1,2,3,4,5]
[multi_error_top_k: 1]
[auc_mu_weights: ]
[num_machines: 1]
[local_listen_port: 12400]
[time_out: 120]
[machine_list_filename: ]
[machines: ]
[gpu_platform_id: -1]
[gpu_device_id: -1]
[gpu_device_id_list: ]
[gpu_use_dp: 0]
[num_gpu: 1]

end of parameters

pandas_categorical:null
