tree
version=v4
num_class=1
num_tree_per_iteration=1
label_index=0
max_feature_idx=82
objective=lambdarank
feature_names=Column_0 Column_1 Column_2 Column_3 Column_4 Column_5 Column_6 Column_7 Column_8 Column_9 Column_10 Column_11 Column_12 Column_13 Column_14 Column_15 Column_16 Column_17 Column_18 Column_19 Column_20 Column_21 Column_22 Column_23 Column_24 Column_25 Column_26 Column_27 Column_28 Column_29 Column_30 Column_31 Column_32 Column_33 Column_34 Column_35 Column_36 Column_37 Column_38 Column_39 Column_40 Column_41 Column_42 Column_43 Column_44 Column_45 Column_46 Column_47 Column_48 Column_49 Column_50 Column_51 Column_52 Column_53 Column_54 Column_55 Column_56 Column_57 Column_58 Column_59 Column_60 Column_61 Column_62 Column_63 Column_64 Column_65 Column_66 Column_67 Column_68 Column_69 Column_70 Column_71 Column_72 Column_73 Column_74 Column_75 Column_76 Column_77 Column_78 Column_79 Column_80 Column_81 Column_82
feature_infos=[0:1] [0.1641063392162323:0.83773982524871826] [0.13839311897754669:0.86836433410644531] [0.68125581741333008:0.9911797046661377] [0:1] [0:1] [0.314882:0.83412900000000001] [0:1] [0:1] [0.080000000000000002:1] [0:1] none [0:1] none [0:1] [0:0.84759300000000004] [0.52320800000000001:0.79572299999999996] [0:0.79816399999999998] [0.54053899999999999:0.79394299999999995] [0.53595000000000004:0.82273300000000005] [0.488902:0.82699] [0:1] [0.094464999999999993:0.645644] [0:1] [0:1] [0:1] [0:1] [0:1] [0:1] [0:1] [0:1] [0:0.80000000000000004] [0:1] [0:1] [0:1] none [0:1] [0:1] none [0:1] [0:1] [0:1] [0:1] [0:1] [0:1] [0:1] [0:1] [0:1] [0:1] [0:1] [0:1] none [0:1] [0.55000000000000004:0.90000000000000002] [0:1] [0:1] none [0:1] [0:1] [0:1] [0.059999999999999998:1] [0:1] [0.16666666666666666:1] none [0:1] [0:1] [0:1] [0:1] [0:1] [0:1] [0:1] [0:1] [0:1] [0:1] [0:1] [0:1] [0:1] [0:1] [0:1] [0:1] [0:1] [0:1] [0:1]
tree_sizes=884 885 887 887 887 885 884 889 883 882 887 891 892 890 892 866 897 888 888 888 892 891 889 891 893 886 887 884 884 882 885 894 892 892 896 885 894 889 885 890 885 900 872 900 895 889 891 892 893 877 885 895 889 892 889 887 886 893 891 889 892 894 894 894 889 894 897 890 894 886 900 887 887 895 894 892 893 897 892 891 889 889 894 893 895 897 888 892 895 897 891 868 895 897 886 894 894 892 897 889 891 888 891 884 892 877 889 883 894 891 894 896 898 899 892 892 899 895 879 895 890 898 897 891 894 897 879 896 893 900 894 891 904 899 886 892 895 902 905 885 887 894 902 893 891 903 892 896 899 908 897 889 900 877 893 903 898 894 894 892 901 892 891 892 901 898 903 903 899 891 890 897 890 893 896 894 900 868 897 895 904 894 894 885 906 887 898 901 877 878 878 896 900 894 888 883 891 877 895 874 872 897 871 894 891 881 891 891 897 895 894 906 900 903 901 903 898 895 891 900 890 894 902 878 877 896 896 890 894 902 880 898 894 895 887 896 897 894 887 902

Tree=0
num_leaves=7
num_cat=0
split_feature=9 62 6 47 39 31
split_gain=397.167 186.788 63.6457 59.7154 84.6652 52.6248
threshold=0.71000000000000008 0.75000000000000011 0.70733250000000014 0.91059500000000015 1.0000000180025095e-35 0.5186845000000001
decision_type=2 2 2 2 2 2
left_child=2 3 5 4 -2 -1
right_child=1 -3 -4 -5 -6 -7
leaf_value=-0.03778166515531961 -0.027021289165500867 -0.017878544895987201 0.010288510513875429 0.041062551112148897 0.023266423372268828 0.01767550752303965
leaf_weight=156.08384950645268 22.133840884082019 76.685111677041277 21.319089403375983 100.11283765733242 143.10082794073969 9.8303819671273214
leaf_count=2933 408 1269 214 371 1090 67
internal_value=0 0.0159957 -0.0290463 0.0258935 0.0161757 -0.0342303
internal_weight=529.266 342.033 187.233 265.348 165.235 165.914
internal_count=6352 3138 3214 1869 1498 3000
is_linear=0
shrinkage=0.025


Tree=1
num_leaves=7
num_cat=0
split_feature=9 1 0 61 62 19
split_gain=501.796 294.604 130.825 112.424 101.125 79.7319
threshold=0.65000000000000013 0.61235216259956371 0.51856700000000011 0.49425850000000005 0.58333333333333337 0.7270540000000002
decision_type=2 2 2 2 2 2
left_child=5 2 -2 -4 -3 -1
right_child=1 4 3 -5 -6 -7
leaf_value=-0.039159516091740398 0.01142012662998532 0.030656253923547289 -0.031872902363490739 0.0023234924019301475 0.0059408016888429331 -0.0031576062309610188
leaf_weight=189.47503319941461 148.37248087953776 307.10237911529839 146.15809164009988 99.55182624887675 158.98883224558085 49.329638294875622
leaf_count=2439 614 571 1184 475 753 316
internal_value=0 0.00891421 -0.00696089 -0.0180988 0.0223209 -0.0318687
internal_weight=1098.98 860.174 394.082 245.71 466.091 238.805
internal_count=6352 3597 2273 1659 1324 2755
is_linear=0
shrinkage=0.025


Tree=2
num_leaves=7
num_cat=0
split_feature=9 62 61 44 44 21
split_gain=400.417 249.032 106.768 89.6154 78.8112 74.666
threshold=0.71000000000000008 0.75000000000000011 0.51489150000000017 0.047970500000000006 0.07679900000000002 0.87400000000000011
decision_type=2 2 2 2 2 2
left_child=4 2 3 -2 5 -1
right_child=1 -3 -4 -5 -6 -7
leaf_value=-0.042544883618792162 -0.020882206646190421 -0.023159906992797439 0.026581009421853815 0.012036867125334944 -0.0090563768712584453 0.011384209386694497
leaf_weight=145.58758553676307 60.953199258074164 120.78130403533578 295.83574304915965 275.76717997342348 108.85658858763054 16.675904022529721
leaf_count=2094 389 1269 525 955 1007 113
internal_value=0 0.00938106 0.015675 0.00594207 -0.0259139 -0.0368608
internal_weight=1024.46 753.337 632.556 336.72 271.12 162.263
internal_count=6352 3138 1869 1344 3214 2207
is_linear=0
shrinkage=0.025


Tree=3
num_leaves=7
num_cat=0
split_feature=9 62 2 31 39 48
split_gain=345.876 238.006 102.82 66.6451 63.8507 38.7321
threshold=0.63000000000000012 0.75000000000000011 0.68214505910873424 0.5186845000000001 1.0000000180025095e-35 0.66350000000000009
decision_type=2 2 2 2 2 2
left_child=3 2 4 -1 -2 -3
right_child=1 5 -4 -5 -6 -7
leaf_value=-0.038255101455212721 -0.018035687610855618 -0.031649688853197147 0.025259855358269096 0.015928802724690522 0.009148489808920723 -0.0015974046013526588
leaf_weight=146.05826804507524 61.013343993574381 96.236539628356695 253.92193566821516 14.085831066593526 356.65424050670117 38.030359846074134
leaf_count=2274 484 1290 496 64 1392 352
internal_value=0 0.0066928 0.0127838 -0.0332639 0.00507289 -0.0233863
internal_weight=966.001 805.856 671.59 160.144 417.668 134.267
internal_count=6352 4014 2372 2338 1876 1642
is_linear=0
shrinkage=0.025


Tree=4
num_leaves=7
num_cat=0
split_feature=1 49 9 61 15 16
split_gain=299.69 172.187 96.1439 95.6838 71.9109 45.2037
threshold=0.60677361488342296 1.0000000180025095e-35 0.80800000000000016 0.48477250000000005 0.63821300000000003 0.69258950000000008
decision_type=2 2 2 2 2 2
left_child=1 4 5 -3 -1 -2
right_child=2 3 -4 -5 -6 -7
leaf_value=-0.013194188302782899 -0.012152555225307199 -0.038479382845539783 0.020570004002510089 -0.0080840981108942292 0.020294937215922747 0.017497111624560184
leaf_weight=68.706708952784538 105.78587198909372 169.34792813099921 343.21866003610194 107.7725697113201 89.071115667931736 43.130800973623991
leaf_count=644 875 2653 920 773 332 155
internal_value=0 -0.0150753 0.0133308 -0.0268679 0.00567867 -0.00336022
internal_weight=927.034 434.898 492.135 277.12 157.778 148.917
internal_count=6352 4402 1950 3426 976 1030
is_linear=0
shrinkage=0.025


Tree=5
num_leaves=7
num_cat=0
split_feature=9 62 19 29 62 47
split_gain=285.154 182.849 68.8447 68.7754 49.7061 46.1286
threshold=0.65000000000000013 0.58333333333333337 0.7270540000000002 0.60023650000000017 0.75000000000000011 0.94711050000000008
decision_type=2 2 2 2 2 2
left_child=2 5 -1 4 -3 -2
right_child=1 3 -4 -5 -6 -7
leaf_value=-0.03580531904604542 0.011505084971972043 -0.0034542915944167011 0.0013687618002308369 0.02362618127049888 -0.025389703968351475 0.029290965803989745
leaf_weight=141.95450737886131 249.76793452724814 187.54560720687732 38.891582371667027 38.041147286072373 97.69756244821474 149.32487837597728
leaf_count=2439 890 1016 316 142 1359 190
internal_value=0 0.0070451 -0.0278535 -0.00688378 -0.011153 0.0183226
internal_weight=903.223 722.377 180.846 323.284 285.243 399.093
internal_count=6352 3597 2755 2517 2375 1080
is_linear=0
shrinkage=0.025


Tree=6
num_leaves=7
num_cat=0
split_feature=9 62 61 0 19 31
split_gain=267.332 140.587 69.3436 65.9439 55.5151 44.9145
threshold=0.71000000000000008 0.75000000000000011 0.50629350000000006 0.51856700000000011 0.7270540000000002 0.5186845000000001
decision_type=2 2 2 2 2 2
left_child=4 2 3 -2 5 -1
right_child=1 -3 -4 -5 -6 -7
leaf_value=-0.03398291162431763 0.015528594832727517 -0.020441598745071846 0.021062961143982074 -0.0091924480661172633 -0.001239243598742606 0.013718256905477131
leaf_weight=156.97004307992756 134.85229307413101 90.205676871351898 295.70043393597007 129.80415624100715 54.446257814764977 11.784295396879314
leaf_count=2733 430 1269 604 835 420 61
internal_value=0 0.00810622 0.0127878 0.00339853 -0.0234553 -0.0304492
internal_weight=873.763 650.563 560.357 264.656 223.201 168.754
internal_count=6352 3138 1869 1265 3214 2794
is_linear=0
shrinkage=0.025


Tree=7
num_leaves=7
num_cat=0
split_feature=9 1 39 44 16 44
split_gain=243.822 126.916 85.5675 59.8841 50.6137 35.6827
threshold=0.57000000000000017 0.6304014027118684 1.0000000180025095e-35 0.17984500000000003 0.60374950000000016 0.07679900000000002
decision_type=2 2 2 2 2 2
left_child=5 2 -2 -4 -3 -1
right_child=1 4 3 -5 -6 -7
leaf_value=-0.039601675707799842 -0.029235846281319495 -0.024662740929646664 -0.01007532768005483 0.011980512505050292 0.018375350381442081 -0.0097710666628823706
leaf_weight=91.514685643371195 68.523726343177259 15.699811607599257 147.39570331666619 155.42212647898123 339.7894663666375 38.103890285827219
leaf_count=1788 841 146 1277 796 997 507
internal_value=0 0.00566085 -0.0045332 0.00122164 0.0162912 -0.0312494
internal_weight=856.449 726.831 371.342 302.818 355.489 129.619
internal_count=6352 4057 2914 2073 1143 2295
is_linear=0
shrinkage=0.025


Tree=8
num_leaves=7
num_cat=0
split_feature=9 62 47 44 31 15
split_gain=226.657 152.804 74.1708 90.4654 40.4496 32.0596
threshold=0.57000000000000017 0.75000000000000011 0.95350950000000012 0.17055000000000001 0.5186845000000001 0.50897750000000008
decision_type=2 2 2 2 2 2
left_child=4 2 3 -2 -1 -4
right_child=1 -3 5 -5 -6 -7
leaf_value=-0.034884092279344074 -0.0083003363065589572 -0.020856090464630328 -0.0029605478944536006 0.01500550471772661 0.013420918508926211 0.027399801177151989
leaf_weight=115.16520185396075 186.63879257813096 113.24519218085334 23.909369677305222 228.75756269134581 10.363339867442845 162.92869250848889
leaf_count=2239 1278 1654 55 810 56 260
internal_value=0 0.0054643 0.0104939 0.00452617 -0.0306436 0.0234806
internal_weight=841.008 715.48 602.234 415.396 125.529 186.838
internal_count=6352 4057 2403 2088 2295 315
is_linear=0
shrinkage=0.025


Tree=9
num_leaves=7
num_cat=0
split_feature=9 62 61 29 19 31
split_gain=219.755 121.764 56.6051 49.6259 48.4811 38.3066
threshold=0.71000000000000008 0.75000000000000011 0.51489150000000017 0.60023650000000017 0.7270540000000002 0.5186845000000001
decision_type=2 2 2 2 2 2
left_child=4 2 3 -2 5 -1
right_child=1 -3 -4 -5 -6 -7
leaf_value=-0.032625997222960688 -0.00058908744539868936 -0.01996182747076608 0.020334788282862167 0.028693979550706336 -0.00099472615890021203 0.011920180525957683
leaf_weight=142.88621491752565 231.97721363510936 84.297254182863981 257.304244030267 40.218739937990904 51.933510053902864 11.609778346493838
leaf_count=2733 1252 1269 525 92 420 61
internal_value=0 0.00751151 0.011975 0.00392759 -0.0221574 -0.0290863
internal_weight=820.227 613.797 529.5 272.196 206.43 154.496
internal_count=6352 3138 1869 1344 3214 2794
is_linear=0
shrinkage=0.025


Tree=10
num_leaves=7
num_cat=0
split_feature=9 62 1 21 31 6
split_gain=204.753 109.281 50.9269 42.5858 53.1774 41.0484
threshold=0.71000000000000008 0.75000000000000011 0.60677361488342296 0.87400000000000011 0.5186845000000001 0.55424950000000017
decision_type=2 2 2 2 2 2
left_child=3 2 5 4 -1 -2
right_child=1 -3 -4 -5 -6 -7
leaf_value=-0.031158886573143529 0.017177453532444369 -0.019228914325375251 0.017062608998509882 0.0047675376443324733 0.013708187752545387 -0.0078356638596121259
leaf_weight=153.36616240115836 59.376378564164042 81.457930580712855 344.92379445023835 30.830027372576296 16.764655785635114 118.93639855086803
leaf_count=2886 198 1269 864 249 79 807
internal_value=0 0.00727301 0.0114873 -0.0217051 -0.0265525 0.000567404
internal_weight=805.655 604.695 523.237 200.961 170.131 178.313
internal_count=6352 3138 1869 3214 2965 1005
is_linear=0
shrinkage=0.025


Tree=11
num_leaves=7
num_cat=0
split_feature=1 49 62 29 47 61
split_gain=172.54 99.8242 90.1265 49.7348 50.3442 43.4495
threshold=0.5700787901878358 1.0000000180025095e-35 0.58333333333333337 0.31620650000000006 0.95350950000000012 0.51489150000000017
decision_type=2 2 2 2 2 2
left_child=1 -1 -2 4 -4 -3
right_child=2 5 3 -5 -6 -7
leaf_value=0.0029960584040855946 0.016230740900246076 -0.034910252452758327 -0.022072185452502016 0.013669378900624394 0.010396834052834265 -0.0024829227050096438
leaf_weight=100.77032936457545 328.95792640652508 129.11139389546588 102.32308887131512 60.552462901454419 39.576873358339071 33.366701672784984
leaf_count=791 1107 2425 1297 319 152 261
internal_value=0 -0.0164601 0.00819283 -0.00486367 -0.0129325 -0.0284425
internal_weight=794.659 263.248 531.41 202.452 141.9 162.478
internal_count=6352 3477 2875 1768 1449 2686
is_linear=0
shrinkage=0.025


Tree=12
num_leaves=7
num_cat=0
split_feature=9 62 29 47 44 21
split_gain=182.985 96.9571 48.7369 64.6757 37.8063 41.0133
threshold=0.71000000000000008 0.75000000000000011 0.89118900000000012 0.94151150000000017 0.07679900000000002 0.87400000000000011
decision_type=2 2 2 2 2 2
left_child=4 2 3 -2 5 -1
right_child=1 -3 -4 -5 -6 -7
leaf_value=-0.035685278014925582 0.0010452248522298355 -0.018663938301955375 0.032810606104776915 0.020703207594220906 -0.0074295199092825242 0.0080415372102473435
leaf_weight=98.885487443767488 291.35801246808842 77.192636119667441 54.844871677458286 161.84348800778389 82.071546577848494 14.140928653068839
leaf_count=2094 1505 1269 87 277 1007 113
internal_value=0 0.00699711 0.0109855 0.00815958 -0.0208123 -0.0300832
internal_weight=780.337 585.239 508.046 453.202 195.098 113.026
internal_count=6352 3138 1869 1782 3214 2207
is_linear=0
shrinkage=0.025


Tree=13
num_leaves=7
num_cat=0
split_feature=1 49 61 31 16 47
split_gain=152.597 105.272 78.0535 49.2387 45.9302 33.05
threshold=0.61476194858551036 1.0000000180025095e-35 0.48477250000000005 0.28759650000000009 0.60374950000000016 0.92859900000000006
decision_type=2 2 2 2 2 2
left_child=1 3 -3 -1 -2 -6
right_child=4 2 -4 -5 5 -7
leaf_value=-0.0050394842491396103 -0.021690373753816685 -0.033816272872967103 -0.0044867463618216315 0.025936104831093234 0.0061407539695936784 0.021253737096785415
leaf_weight=88.540243775583804 23.202828737907112 134.8316279835999 99.366083942353725 46.978688114322722 208.94123105332255 164.26821674965322
leaf_count=862 322 2718 853 144 1162 291
internal_value=0 -0.0115131 -0.021588 0.00591034 0.0107426 0.0129132
internal_weight=766.129 369.717 234.198 135.519 396.412 373.209
internal_count=6352 4577 3571 1006 1775 1453
is_linear=0
shrinkage=0.025


Tree=14
num_leaves=7
num_cat=0
split_feature=9 62 2 39 44 21
split_gain=165.914 84.5829 45.4998 39.647 34.0094 34.4443
threshold=0.71000000000000008 0.75000000000000011 0.6685677468776704 1.0000000180025095e-35 0.07679900000000002 0.87400000000000011
decision_type=2 2 2 2 2 2
left_child=4 2 3 -2 5 -1
right_child=1 -3 -4 -5 -6 -7
leaf_value=-0.034772922600087137 -0.019377836484272895 -0.017636409567382525 0.018968212600526144 0.0074933915170853939 -0.0074786993219856882 0.0055183065388676447
leaf_weight=92.873696413822472 37.523062591440976 74.489927713759243 218.98842417262495 236.15859812684357 80.865721819456667 14.248560175299643
leaf_count=2094 358 1269 481 1030 1007 113
internal_value=0 0.00675397 0.0105298 0.00363548 -0.0201979 -0.0293303
internal_weight=755.148 567.16 492.67 273.682 187.988 107.122
internal_count=6352 3138 1869 1388 3214 2207
is_linear=0
shrinkage=0.025


Tree=15
num_leaves=7
num_cat=0
split_feature=9 62 29 19 21 47
split_gain=158.037 86.4856 52.1744 37.8941 33.8981 32.474
threshold=0.65000000000000013 0.58333333333333337 0.60023650000000017 0.7270540000000002 0.70400000000000007 0.96067150000000012
decision_type=2 2 2 2 2 2
left_child=3 4 5 -1 -2 -3
right_child=1 2 -4 -5 -6 -7
leaf_value=-0.030159453310978149 0.0025729053125163751 -0.014354361656523816 0.021753807223931068 0 0.019477214457853845 0.0088494206955444174
leaf_weight=110.90141736390069 112.7368890484795 180.50054883118719 36.203658537939191 33.294997775927186 226.66159439925104 45.159153922460973
leaf_count=2439 556 2178 142 316 524 197
internal_value=0 0.005655 -0.00509015 -0.0232744 0.0139476 -0.00962637
internal_weight=745.458 601.262 261.863 144.196 339.398 225.66
internal_count=6352 3597 2517 2755 1080 2375
is_linear=0
shrinkage=0.025


Tree=16
num_leaves=7
num_cat=0
split_feature=9 62 39 43 60 44
split_gain=150.051 77.9957 40.1257 58.4379 45.4096 30.6617
threshold=0.71000000000000008 0.75000000000000011 1.0000000180025095e-35 1.0000000180025095e-35 0.68000000000000005 0.07679900000000002
decision_type=2 2 2 2 2 2
left_child=5 2 3 -2 -4 -1
right_child=1 -3 4 -5 -6 -7
leaf_value=-0.028437186102960532 0.0076760889320916783 -0.017273399445143459 0.017502515901866841 -0.039319940179750115 -0.0029176482025667343 -0.0073571567175767091
leaf_weight=102.74641243927181 52.454824302345514 72.258156753145158 321.6453294577077 21.147649208083749 84.442752153612673 79.218401328660548
leaf_count=2207 265 1269 962 228 414 1007
internal_value=0 0.00649812 0.0101681 -0.00656005 0.013243 -0.0195315
internal_weight=733.914 551.949 479.691 73.6025 406.088 181.965
internal_count=6352 3138 1869 493 1376 3214
is_linear=0
shrinkage=0.025


Tree=17
num_leaves=7
num_cat=0
split_feature=9 62 2 39 31 61
split_gain=143.066 92.7459 47.3221 43.7186 30.6362 22.3316
threshold=0.57000000000000017 0.75000000000000011 0.71845820546150219 1.0000000180025095e-35 0.5186845000000001 0.53454550000000012
decision_type=2 2 2 2 2 2
left_child=4 2 3 -2 -1 -4
right_child=1 -3 5 -5 -6 -7
leaf_value=-0.030534454024271008 -0.013387744949062705 -0.01810669101798713 0.0036274218877002402 0.0082498504126033538 0.012885901727106554 0.02913910531120191
leaf_weight=97.469645174220204 67.486770573072135 92.685093158390373 30.540416119620204 346.75247202673927 9.6288808025419694 84.901344209909439
leaf_count=2239 583 1654 118 1565 56 137
internal_value=0 0.00462095 0.00868072 0.00464455 -0.0263459 0.0226841
internal_weight=729.465 622.366 529.681 414.239 107.099 115.442
internal_count=6352 4057 2403 2148 2295 255
is_linear=0
shrinkage=0.025


Tree=18
num_leaves=7
num_cat=0
split_feature=9 62 61 0 19 31
split_gain=136.566 74.8092 43.5393 43.4842 30.9303 26.3326
threshold=0.71000000000000008 0.75000000000000011 0.50715900000000003 0.51856700000000011 0.7270540000000002 0.5186845000000001
decision_type=2 2 2 2 2 2
left_child=4 2 3 -2 5 -1
right_child=1 -3 -4 -5 -6 -7
leaf_value=-0.028456864368428682 0.012774274700478361 -0.017444397573293535 0.017044954958038414 -0.0088952154341718388 -0.0010950859441976666 0.0095315415047409688
leaf_weight=119.41327551892027 112.10668775811791 69.963236460927874 246.31422267667949 114.22357307141647 46.420126316137612 11.024098424240945
leaf_count=2733 431 1269 588 850 420 61
internal_value=0 0.00622617 0.00982178 0.00182225 -0.0189227 -0.0250615
internal_weight=719.465 542.608 472.644 226.33 176.858 130.437
internal_count=6352 3138 1869 1281 3214 2794
is_linear=0
shrinkage=0.025


Tree=19
num_leaves=7
num_cat=0
split_feature=9 62 29 47 19 31
split_gain=129.3 70.9501 40.3074 44.7212 30.0451 23.5595
threshold=0.71000000000000008 0.75000000000000011 0.91839300000000013 0.88933350000000011 0.7270540000000002 0.5186845000000001
decision_type=2 2 2 2 2 2
left_child=4 2 3 -2 5 -1
right_child=1 -3 -4 -5 -6 -7
leaf_value=-0.028047997326309256 -0.0002660913568275259 -0.017331119053986387 0.030072188694951641 0.016122312852125151 -0.00094598458847393394 0.0079473624919389595
leaf_weight=116.44932663999498 237.61431488161907 68.063208253122866 50.994888432323933 181.1462331302464 45.747952184639871 11.089868038892744
leaf_count=2733 1385 1269 83 401 420 61
internal_value=0 0.00605926 0.00954064 0.00685599 -0.0186244 -0.0247582
internal_weight=711.106 537.819 469.755 418.761 173.287 127.539
internal_count=6352 3138 1869 1786 3214 2794
is_linear=0
shrinkage=0.025


Tree=20
num_leaves=7
num_cat=0
split_feature=9 62 2 39 31 43
split_gain=124.808 82.8265 44.9101 33.0579 25.9553 20.1997
threshold=0.57000000000000017 0.75000000000000011 0.68214505910873424 1.0000000180025095e-35 0.5186845000000001 1.0000000180025095e-35
decision_type=2 2 2 2 2 2
left_child=4 2 3 -2 -1 -4
right_child=1 -3 5 -5 -6 -7
leaf_value=-0.029536100488514058 -0.016714146504498262 -0.017770141852428135 0.021416017538988971 0.0056862212961981719 0.010620872762630171 0.00076899298097211682
leaf_weight=90.902064799331129 45.858099425211549 87.636879535391927 157.99773508682847 272.3100286796689 9.6715996675193292 37.638621211051941
leaf_count=2239 498 1654 353 1406 56 146
internal_value=0 0.00433934 0.00819517 0.0023252 -0.0254256 0.0175477
internal_weight=702.015 601.441 513.804 318.168 100.574 195.636
internal_count=6352 4057 2403 1904 2295 499
is_linear=0
shrinkage=0.025


Tree=21
num_leaves=7
num_cat=0
split_feature=9 62 2 44 49 6
split_gain=119.125 64.7467 38.4628 31.7096 26.6126 40.4185
threshold=0.71000000000000008 0.75000000000000011 0.6685677468776704 0.17984500000000003 1.0000000180025095e-35 0.71368500000000012
decision_type=2 2 2 2 2 2
left_child=4 2 3 -2 -1 -6
right_child=1 -3 -4 -5 5 -7
leaf_value=-0.00025332032527817958 -0.0072494768498472667 -0.016801784783658107 0.017270407239306416 0.010328659428482399 -0.030475675607617284 0.00439760348358213
leaf_weight=40.496473191305995 110.85962007660419 66.101668845163658 203.54777926020324 144.72453003469855 102.64704370684922 24.636682100594044
leaf_count=558 815 1269 481 573 2486 170
internal_value=0 0.00586656 0.00922242 0.00267387 -0.0181817 -0.0237036
internal_weight=693.014 525.234 459.132 255.584 167.78 127.284
internal_count=6352 3138 1869 1388 3214 2656
is_linear=0
shrinkage=0.025


Tree=22
num_leaves=7
num_cat=0
split_feature=9 62 61 0 19 39
split_gain=112.68 78.6565 36.484 43.2916 33.679 21.948
threshold=0.57000000000000017 0.58333333333333337 0.71538450000000009 0.48566650000000006 0.68304650000000011 1.0000000180025095e-35
decision_type=2 2 2 2 2 2
left_child=-1 4 3 -3 -2 -6
right_child=1 2 -4 -5 5 -7
leaf_value=-0.024719415353312901 -0.0053979713821390475 0.0072215004001239744 0.015876286717406287 -0.016660640953067331 -0.00037022168636116734 0.018920998787573848
leaf_weight=96.283195254392922 53.989671397022903 64.441879770718515 38.166820210404694 161.74421770637855 42.675645259208977 228.96888416819274
leaf_count=2295 324 507 216 2169 253 588
internal_value=0 0.00412138 -0.0059578 -0.00981364 0.0123135 0.0158827
internal_weight=686.27 589.987 264.353 226.186 325.634 271.645
internal_count=6352 4057 2892 2676 1165 841
is_linear=0
shrinkage=0.025


Tree=23
num_leaves=7
num_cat=0
split_feature=1 49 61 9 31 61
split_gain=111.766 71.0465 51.54 37.4344 32.2672 26.0874
threshold=0.61235216259956371 1.0000000180025095e-35 0.48477250000000005 0.75000000000000011 0.30852950000000007 0.56964300000000001
decision_type=2 2 2 2 2 2
left_child=1 4 -3 -2 -1 -5
right_child=3 2 -4 5 -6 -7
leaf_value=-0.0048442685164181258 -0.0068527646493791719 -0.03027765305703772 -0.0045261773227585848 0.0062266148905926813 0.021636444122911238 0.021514810093205845
leaf_weight=79.786500921472907 67.103206714149565 116.29555491125211 85.395980118773878 151.43364907149225 41.615528699010611 135.36024827556685
leaf_count=861 786 2701 826 691 139 348
internal_value=0 -0.0105885 -0.0196063 0.00967333 0.00441587 0.0135961
internal_weight=676.991 323.094 201.692 353.897 121.402 286.794
internal_count=6352 4527 3527 1825 1000 1039
is_linear=0
shrinkage=0.025


Tree=24
num_leaves=7
num_cat=0
split_feature=1 49 61 29 47 62
split_gain=107.983 63.7703 49.3405 33.665 43.9038 37.7516
threshold=0.61235216259956371 1.0000000180025095e-35 0.49961550000000005 0.52868100000000007 0.88108400000000009 0.41666666666666669
decision_type=2 2 2 2 2 2
left_child=1 -1 -3 4 5 -2
right_child=3 2 -4 -5 -6 -7
leaf_value=0.0036861528555553226 0.017776215583829778 -0.028378129327467375 -0.0021521803075185016 0.025180553986461386 0.015076755133479761 -0.011723068909025233
leaf_weight=120.87629364104941 33.617339643649757 126.81521380529739 70.452821211423725 66.913924846798182 146.21593598742038 105.73673863755539
leaf_count=1000 134 2910 617 164 387 1140
internal_value=0 -0.0105162 -0.0191997 0.00949887 0.00560738 -0.0043572
internal_weight=670.628 318.144 197.268 352.484 285.57 139.354
internal_count=6352 4527 3527 1825 1661 1274
is_linear=0
shrinkage=0.025


Tree=25
num_leaves=7
num_cat=0
split_feature=9 1 6 19 31 62
split_gain=102.2 56.1775 39.9768 24.7194 21.5905 20.8525
threshold=0.71000000000000008 0.60677361488342296 0.55424950000000017 0.7270540000000002 0.5186845000000001 0.58333333333333337
decision_type=2 2 2 2 2 2
left_child=3 2 -2 4 -1 -3
right_child=1 5 -4 -5 -6 -7
leaf_value=-0.026500417574316426 0.012694864554243256 0.016337492556371309 -0.012163478625428121 -0.00075356023274247071 0.0092701800593896471 0.0022298151788856069
leaf_weight=106.13675178354606 54.168557165190578 215.22120196558535 138.14881786238402 42.688512885943055 10.067700965330003 97.094531931448728
leaf_count=2733 258 530 1650 420 61 700
internal_value=0 0.00551427 -0.00504385 -0.0173271 -0.0231977 0.0120319
internal_weight=663.526 504.633 192.317 158.893 116.204 312.316
internal_count=6352 3138 1908 3214 2794 1230
is_linear=0
shrinkage=0.025


Tree=26
num_leaves=7
num_cat=0
split_feature=9 62 61 44 31 21
split_gain=98.0084 53.6225 34.5338 32.4534 23.8107 31.3371
threshold=0.71000000000000008 0.75000000000000011 0.53044100000000005 0.047970500000000006 0.5186845000000001 0.87400000000000011
decision_type=2 2 2 2 2 2
left_child=4 2 3 -2 5 -1
right_child=1 -3 -4 -5 -6 -7
leaf_value=-0.02570806897484338 -0.01674108165267657 -0.015417320013546912 0.017181402941270466 0.0066434002123419746 0.011657316257424565 0.0039434483977645969
leaf_weight=116.00460102804936 41.833541424944997 64.644379897043109 172.75764702633023 222.59786556707695 14.302877712994812 26.07608080143109
leaf_count=2886 408 1269 422 1039 81 247
internal_value=0 0.00539417 0.0085615 0.00278901 -0.0171223 -0.0202315
internal_weight=658.217 501.833 437.189 264.431 156.384 142.081
internal_count=6352 3138 1869 1447 3214 3133
is_linear=0
shrinkage=0.025


Tree=27
num_leaves=7
num_cat=0
split_feature=9 39 47 60 1 31
split_gain=94.0685 57.6991 64.3336 48.1251 30.3495 21.6354
threshold=0.57000000000000017 1.0000000180025095e-35 0.9328240000000001 0.68000000000000005 0.5700787901878358 0.5186845000000001
decision_type=2 2 2 2 2 2
left_child=5 2 -2 4 -3 -1
right_child=1 3 -4 -5 -6 -7
leaf_value=-0.02754549897185974 -0.02861071838214653 -0.00047909227989153771 0.011600767760783498 -0.0066002334293239172 0.01631379858697353 0.010224655488771175
leaf_weight=80.378994747530669 61.568419742397964 88.586134498007596 38.46659922413528 111.48206572933123 262.75735709071159 9.0490065831691009
leaf_count=2239 1020 857 134 982 1064 56
internal_value=0 0.00381369 -0.013157 0.0075515 0.0120815 -0.0234543
internal_weight=652.289 562.861 100.035 462.826 351.343 89.428
internal_count=6352 4057 1154 2903 1921 2295
is_linear=0
shrinkage=0.025


Tree=28
num_leaves=7
num_cat=0
split_feature=9 61 0 47 0 2
split_gain=91.8568 46.7695 66.0721 30.1364 40.198 24.2161
threshold=0.75000000000000011 0.49425850000000005 0.51856700000000011 0.98881550000000018 0.43590000000000001 0.5773950219154359
decision_type=2 2 2 2 2 2
left_child=3 2 -2 4 -1 -3
right_child=1 5 -4 -5 -6 -7
leaf_value=-0.0023231061629965591 0.01236648729331581 -0.010480446947806638 -0.017173822540185756 0.014471355555886474 -0.025771577433952517 0.015959695319710983
leaf_weight=77.444142471533269 88.725333384238183 21.767584186978638 95.683633316773921 19.638461434282362 114.12872860347852 228.84451190079562
leaf_count=1156 427 203 1288 96 2439 743
internal_value=0 0.00656209 -0.00293887 -0.0134343 -0.0164896 0.0135478
internal_weight=646.232 435.021 184.409 211.211 191.573 250.612
internal_count=6352 2661 1715 3691 3595 946
is_linear=0
shrinkage=0.025


Tree=29
num_leaves=7
num_cat=0
split_feature=1 44 39 16 15 43
split_gain=92.1945 48.2272 43.5368 29.16 22.2165 26.7416
threshold=0.61235216259956371 0.10448 1.0000000180025095e-35 0.60374950000000016 0.48619900000000005 1.0000000180025095e-35
decision_type=2 2 2 2 2 2
left_child=1 -1 -3 -2 -5 -6
right_child=3 2 -4 4 5 -7
leaf_value=-0.020712282478047683 -0.01831915707759214 -0.027912929020483104 0.0052762017153614275 -0.0055499563281501121 0.016828028637472566 -0.0038971397874202301
leaf_weight=138.7224560577888 20.55456469906494 27.619717021007091 134.55061925342306 42.700807437300682 230.85425264248624 44.913554570637643
leaf_count=2860 331 509 1158 286 900 308
internal_value=0 -0.0100288 -0.000661156 0.00890909 0.0108227 0.0134164
internal_weight=639.916 300.893 162.17 339.023 318.469 275.768
internal_count=6352 4527 1667 1825 1494 1208
is_linear=0
shrinkage=0.025


Tree=30
num_leaves=7
num_cat=0
split_feature=1 44 39 9 62 43
split_gain=87.4383 47.5802 40.32 29.1124 18.1192 17.7867
threshold=0.61235216259956371 0.10448 1.0000000180025095e-35 0.75000000000000011 0.75000000000000011 1.0000000180025095e-35
decision_type=2 2 2 2 2 2
left_child=1 -1 -3 -2 -4 -5
right_child=3 2 4 5 -6 -7
leaf_value=-0.020546337176979207 -0.0064225218092307818 -0.027210602221376973 0.0095276996917090084 0.015263277147417126 -0.013074885200835338 -0.00062599287864757778
leaf_weight=136.54674399457872 62.550509033724666 26.770983431022614 109.73916608095169 221.77199282217771 25.048066612798721 53.248422138392925
leaf_count=2860 786 509 641 758 517 281
internal_value=0 -0.00982332 -0.000532054 0.0086833 0.00510203 0.0121774
internal_weight=635.676 298.105 161.558 337.571 134.787 275.02
internal_count=6352 4527 1667 1825 1158 1039
is_linear=0
shrinkage=0.025


Tree=31
num_leaves=7
num_cat=0
split_feature=9 2 39 29 31 21
split_gain=84.5903 45.7415 32.4446 29.5591 20.2195 26.7087
threshold=0.71000000000000008 0.68214505910873424 1.0000000180025095e-35 1.0000000180025095e-35 0.5186845000000001 0.87400000000000011
decision_type=2 2 2 2 2 2
left_child=4 2 -2 -4 5 -1
right_child=1 -3 3 -5 -6 -7
leaf_value=-0.024507337837803653 -0.018852537161575617 0.015461081731888463 -0.0045188616092765527 0.012127073256358272 0.010588785114173395 0.0033873105921419992
leaf_weight=109.84113793377765 48.509520286694169 169.29468912351876 146.68963696807623 117.69642790080979 13.817415635101495 25.166232975199819
leaf_count=2886 746 515 1211 666 81 247
internal_value=0 0.00509436 -0.00056499 0.00290279 -0.0163171 -0.0192769
internal_weight=631.015 482.19 312.896 264.386 148.825 135.007
internal_count=6352 3138 2623 1877 3214 3133
is_linear=0
shrinkage=0.025


Tree=32
num_leaves=7
num_cat=0
split_feature=9 2 39 29 16 31
split_gain=81.5646 50.8352 38.0051 28.8087 20.7031 18.7796
threshold=0.57000000000000017 0.68214505910873424 1.0000000180025095e-35 1.0000000180025095e-35 0.59337350000000011 0.5186845000000001
decision_type=2 2 2 2 2 2
left_child=5 2 -2 -4 -3 -1
right_child=1 4 3 -5 -6 -7
leaf_value=-0.026408691969649945 -0.020127070336356134 -0.024911630519186885 -0.0050095518582298658 0.010445455780105872 0.015857480398529716 0.0095826917164845357
leaf_weight=75.896804966032505 57.130036885850132 5.8021844383329144 170.77621292020194 130.63239216804504 177.68464224692434 8.586577798239885
leaf_count=2239 950 77 1636 832 562 56
internal_value=0 0.00359096 -0.00187677 0.00169078 0.0142037 -0.0224798
internal_weight=626.509 542.025 358.539 301.409 183.487 84.4834
internal_count=6352 4057 3418 2468 639 2295
is_linear=0
shrinkage=0.025


Tree=33
num_leaves=7
num_cat=0
split_feature=62 19 29 15 47 48
split_gain=77.3964 60.6035 30.2527 32.0897 25.4056 24.2226
threshold=0.75000000000000011 0.68261000000000005 0.43853150000000002 0.49243850000000006 0.28161300000000006 0.66350000000000009
decision_type=2 2 2 2 2 2
left_child=1 4 3 -3 -1 -2
right_child=5 2 -4 -5 -6 -7
leaf_value=0.007585864942337023 -0.025412594871336153 -0.014452184799739877 0.021515366719741271 0.0081995003647202715 -0.018455939234423038 0.0015878277531469786
leaf_weight=29.727004051674157 82.441730320220813 43.152598262764513 87.641082061454654 266.94523119181395 85.783322736155242 26.323524253442883
leaf_count=341 2084 411 259 1498 1384 375
internal_value=0 0.00407964 0.00871718 0.00492897 -0.0116611 -0.0189104
internal_weight=622.014 513.249 397.739 310.098 115.51 108.765
internal_count=6352 3893 2168 1909 1725 2459
is_linear=0
shrinkage=0.025


Tree=34
num_leaves=7
num_cat=0
split_feature=1 49 61 30 15 62
split_gain=78.4249 49.2464 39.3829 24.8055 24.1139 22.1279
threshold=0.61235216259956371 1.0000000180025095e-35 0.50029400000000013 0.33500000000000008 0.63821300000000003 0.58333333333333337
decision_type=2 2 2 2 2 2
left_child=1 4 -3 -2 -1 -5
right_child=3 2 -4 5 -6 -7
leaf_value=-0.010195590659515833 -0.0064269732271399638 -0.025894707037514331 -0.00097253752432821148 0.016177839189024316 0.012936691432607972 0.00080465167335312378
leaf_weight=45.082829926162958 56.897731743287295 116.9883963430766 60.710511362180114 187.32544820383191 66.175286599434912 86.765610423404723
leaf_count=654 574 2953 574 527 346 724
internal_value=0 -0.00947325 -0.0175603 0.00827928 0.00346829 0.0113942
internal_weight=619.946 288.957 177.699 330.989 111.258 274.091
internal_count=6352 4527 3527 1825 1000 1251
is_linear=0
shrinkage=0.025


Tree=35
num_leaves=7
num_cat=0
split_feature=9 62 61 44 31 21
split_gain=75.4741 42.0641 30.0269 24.9042 18.34 22.8498
threshold=0.71000000000000008 0.75000000000000011 0.56964300000000001 0.047970500000000006 0.5186845000000001 0.87400000000000011
decision_type=2 2 2 2 2 2
left_child=4 2 3 -2 5 -1
right_child=1 -3 -4 -5 -6 -7
leaf_value=-0.023456335821114647 -0.015523347081959866 -0.013761983721768756 0.016924678576344322 0.00590984362427582 0.010011340863057459 0.0026277405675546729
leaf_weight=106.30454719765112 37.239641455002129 62.699191778898239 144.13335354626179 224.51786266639829 13.755496067926286 24.697041378822178
leaf_count=2886 412 1269 374 1083 81 247
internal_value=0 0.00488325 0.00785147 0.00270947 -0.015622 -0.0185162
internal_weight=613.347 468.59 405.891 261.758 144.757 131.002
internal_count=6352 3138 1869 1495 3214 3133
is_linear=0
shrinkage=0.025


Tree=36
num_leaves=7
num_cat=0
split_feature=1 49 61 15 16 2
split_gain=72.3731 47.7311 38.6114 24.1721 23.0598 20.1132
threshold=0.61476194858551036 1.0000000180025095e-35 0.48477250000000005 0.63821300000000003 0.60374950000000016 0.72797358036041271
decision_type=2 2 2 2 2 2
left_child=1 3 -3 -1 -2 -6
right_child=4 2 -4 -5 5 -7
leaf_value=-0.0099149284155217784 -0.016764967154487592 -0.027347989837206023 -0.003798647820872577 0.013210965086680333 0.005693423771894403 0.020138896687420697
leaf_weight=45.355782969854772 19.190052731428295 97.634528134018183 80.298767604865134 66.108383006416261 214.64843847276643 84.752551744692028
leaf_count=658 322 2718 853 348 1200 253
internal_value=0 -0.00900952 -0.0169689 0.00371298 0.00819037 0.00994445
internal_weight=607.989 289.397 177.933 111.464 318.591 299.401
internal_count=6352 4577 3571 1006 1775 1453
is_linear=0
shrinkage=0.025


Tree=37
num_leaves=7
num_cat=0
split_feature=9 62 21 6 2 17
split_gain=70.9051 39.9375 24.6549 24.3212 26.2647 19.0846
threshold=0.71000000000000008 0.58333333333333337 0.70400000000000007 0.54795450000000001 0.57818114757537853 0.74611800000000017
decision_type=2 2 2 2 2 2
left_child=-1 2 -2 -3 -5 -4
right_child=1 3 5 4 -6 -7
leaf_value=-0.015317459832024009 -9.6203920068340011e-05 0.016704096563532219 0.018353675408247495 -0.020626684389465647 -0.00010157693010134156 -0.012702700342362989
leaf_weight=141.69342987472191 83.03606154024601 28.562044110149145 169.31739512179047 57.739640873856843 112.86331173218787 11.270755566656588
leaf_count=3214 467 160 421 982 1053 55
internal_value=0 0.00474689 0.0110957 -0.00364664 -0.00729631 0.0162206
internal_weight=604.483 462.789 263.624 199.165 170.603 180.588
internal_count=6352 3138 943 2195 2035 476
is_linear=0
shrinkage=0.025


Tree=38
num_leaves=7
num_cat=0
split_feature=9 62 29 28 22 32
split_gain=67.4557 50.3479 34.4422 24.0003 22.0725 28.0772
threshold=0.63000000000000012 0.58333333333333337 0.43853150000000002 0.65961650000000016 0.38642200000000004 0.047515000000000009
decision_type=2 2 2 2 2 2
left_child=-1 4 3 -3 5 -2
right_child=1 2 -4 -5 -6 -7
leaf_value=-0.02069274973798145 -0.018227910338043381 -0.012756390661920134 0.013779027271269265 0.016504648017633794 0.016412818575557292 0.009026741125059282
leaf_weight=82.167007381562144 28.93272160179913 171.65266720764339 45.563535428605974 17.07977401278913 161.95285162795335 92.018568567931652
leaf_count=2338 281 2473 289 103 501 367
internal_value=0 0.00337116 -0.00514634 -0.00988144 0.0104391 0.00219918
internal_weight=599.367 517.2 234.296 188.732 282.904 120.951
internal_count=6352 4014 2865 2576 1149 648
is_linear=0
shrinkage=0.025


Tree=39
num_leaves=7
num_cat=0
split_feature=1 49 61 29 47 62
split_gain=65.1209 44.7445 33.5037 24.4148 39.1355 33.2251
threshold=0.61235216259956371 1.0000000180025095e-35 0.48477250000000005 0.75473800000000013 0.88108400000000009 0.41666666666666669
decision_type=2 2 2 2 2 2
left_child=1 -1 -3 4 5 -2
right_child=3 2 -4 -5 -6 -7
leaf_value=0.0035360917523568794 0.016185887112423827 -0.026744845723923879 -0.0040249017480814787 0.02498697144705328 0.01411986504489535 -0.011418075098303872
leaf_weight=108.38444086536765 33.90192531934008 92.742812313139439 74.225012437906116 41.713204020634294 138.61773423757404 105.33757306728512
leaf_count=1000 139 2701 826 91 410 1185
internal_value=0 -0.0088679 -0.0169048 0.0076504 0.00481694 -0.00446841
internal_weight=594.923 275.352 166.968 319.57 277.857 139.239
internal_count=6352 4527 3527 1825 1734 1324
is_linear=0
shrinkage=0.025


Tree=40
num_leaves=7
num_cat=0
split_feature=9 2 29 47 61 0
split_gain=64.0565 37.0493 37.0764 50.3731 17.6193 16.6707
threshold=0.71000000000000008 0.71845820546150219 0.91839300000000013 0.95786100000000018 0.53454550000000012 0.43590000000000001
decision_type=2 2 2 2 2 2
left_child=5 2 3 -2 -3 -1
right_child=1 4 -4 -5 -6 -7
leaf_value=-0.0031983268775582691 -0.0077293919032717373 0.0001767701738175025 0.024960547480765018 0.013791113412573677 0.025779831050554865 -0.021364628902178218
leaf_weight=52.598233867902309 236.43638440780342 23.611552016809583 33.945585509762168 92.41841852851212 62.675887748599052 85.929637119174004
leaf_count=1037 2514 118 89 294 123 2177
internal_value=0 0.00459321 0.00101806 -0.00159663 0.0190746 -0.014708
internal_weight=587.616 449.088 362.8 328.855 86.2874 138.528
internal_count=6352 3138 2897 2808 241 3214
is_linear=0
shrinkage=0.025


Tree=41
num_leaves=7
num_cat=0
split_feature=62 44 22 43 39 29
split_gain=64.3972 47.6587 47.213 30.7168 30.0306 20.7873
threshold=0.75000000000000011 0.047970500000000006 0.41160100000000005 1.0000000180025095e-35 1.0000000180025095e-35 1.0000000180025095e-35
decision_type=2 2 2 2 2 2
left_child=1 2 -1 5 -5 -3
right_child=-2 3 -4 4 -6 -7
leaf_value=-0.01925102194321306 -0.017735736294430086 0.0051540678765606808 0.016187801630969435 -0.034279542236566533 0.0034397198287578778 0.018357022609465694
leaf_weight=85.948846646118909 102.56706836074591 162.88246393529698 29.599468898959458 16.350786144379526 41.595045102294534 143.48946787789464
leaf_count=1739 2459 967 148 249 243 547
internal_value=0 0.00386313 -0.00994814 0.00830536 -0.00803648 0.0114645
internal_weight=582.433 479.866 115.548 364.318 57.9458 306.372
internal_count=6352 3893 1887 2006 492 1514
is_linear=0
shrinkage=0.025


Tree=42
num_leaves=7
num_cat=0
split_feature=9 39 47 60 61 47
split_gain=59.4485 38.7919 47.2413 31.5413 21.4102 17.3089
threshold=0.57000000000000017 1.0000000180025095e-35 0.9328240000000001 0.68000000000000005 0.71538450000000009 0.27740900000000007
decision_type=2 2 2 2 2 2
left_child=5 2 -2 4 -3 -1
right_child=1 3 -4 -5 -6 -7
leaf_value=0 -0.025848803454870825 0.0075508198908844915 0.011266926274359599 -0.005692935767118195 0.026917073233158548 -0.026922991330638142
leaf_weight=19.631500613410026 53.685341076925397 274.63836148381233 32.416412614285946 100.3851320091635 39.993647168390453 56.743079077219591
leaf_count=462 1020 1814 134 982 107 1833
internal_value=0 0.00316069 -0.0118527 0.00634874 0.0102329 -0.0201812
internal_weight=577.493 501.119 86.1018 415.017 314.632 76.3746
internal_count=6352 4057 1154 2903 1921 2295
is_linear=0
shrinkage=0.025


Tree=43
num_leaves=7
num_cat=0
split_feature=62 44 19 43 60 39
split_gain=59.8465 42.9949 38.0358 27.1874 33.8782 27.7852
threshold=0.75000000000000011 0.047970500000000006 0.72047000000000005 1.0000000180025095e-35 0.68000000000000005 1.0000000180025095e-35
decision_type=2 2 2 2 2 2
left_child=1 2 -1 4 -3 -5
right_child=-2 3 -4 5 -6 -7
leaf_value=-0.021840479141300276 -0.017320910316608713 0.015012313303199167 0.0069769494078551243 -0.033360722738382566 -0.0057192415256447594 0.0034125075721184919
leaf_weight=64.378808487439528 100.05222176085226 244.48240770027041 47.771501972340047 15.711445354390888 59.424528058618307 41.134291989728808
leaf_count=1586 2459 1073 301 249 441 243
internal_value=0 0.0037364 -0.00960463 0.00794549 0.0109164 -0.00758091
internal_weight=572.955 472.903 112.15 360.753 303.907 56.8457
internal_count=6352 3893 1887 2006 1514 492
is_linear=0
shrinkage=0.025


Tree=44
num_leaves=7
num_cat=0
split_feature=62 19 47 47 44 48
split_gain=58.1571 41.8019 24.1013 23.8579 42.7696 19.8501
threshold=0.75000000000000011 0.68261000000000005 0.28161300000000006 0.94151150000000017 0.16444300000000003 0.66350000000000009
decision_type=2 2 2 2 2 2
left_child=1 2 -1 4 -3 -2
right_child=5 3 -4 -5 -6 -7
leaf_value=0.0086220225919353619 -0.023413636542293597 -0.0089208891077991615 -0.017146690617495471 0.016781442682309033 0.012021137175075667 0.0017927502031697567
leaf_weight=29.454455085098743 74.519745285622776 103.16594831412658 76.956520660314709 119.55486724898219 141.14557970874012 24.866322309710085
leaf_count=341 2084 1195 1384 320 653 375
internal_value=0 0.00369202 -0.00989941 0.00773107 0.00314166 -0.0171319
internal_weight=569.663 470.277 106.411 363.866 244.312 99.3861
internal_count=6352 3893 1725 2168 1848 2459
is_linear=0
shrinkage=0.025


Tree=45
num_leaves=7
num_cat=0
split_feature=9 2 29 47 0 6
split_gain=55.4619 30.9521 28.0374 29.2381 20.3441 31.0886
threshold=0.75000000000000011 0.71845820546150219 0.91839300000000013 0.95786100000000018 0.43590000000000001 0.71368500000000012
decision_type=2 2 2 2 2 2
left_child=4 2 3 -2 -1 -6
right_child=1 -3 -4 -5 5 -7
leaf_value=-0.00067743286597956687 -0.006110118736214456 0.019442315187243247 0.023584863687636595 0.011425562064358581 -0.025513866819984462 0.0038776820574580257
leaf_weight=72.055415925104171 193.76851163478568 75.90886252745986 30.462779521942139 82.652342966757715 82.026703133247793 29.167722702026367
leaf_count=1172 2104 218 82 257 2284 235
internal_value=0 0.00540969 0.00178132 -0.000780008 -0.0112211 -0.0178114
internal_weight=566.042 382.792 306.884 276.421 183.25 111.194
internal_count=6352 2661 2443 2361 3691 2519
is_linear=0
shrinkage=0.025


Tree=46
num_leaves=7
num_cat=0
split_feature=62 29 44 22 61 44
split_gain=54.1208 30.9974 29.0546 28.6597 20.7281 23.181
threshold=0.58333333333333337 0.43853150000000002 0.047970500000000006 0.46740950000000003 0.71845200000000009 0.15442000000000003
decision_type=2 2 2 2 2 2
left_child=2 4 3 -1 5 -2
right_child=1 -3 -4 -5 -6 -7
leaf_value=-0.015567335674270094 -0.02350958253587555 0.0098803878108964984 0.011292752978590483 0.02430251653128573 0.0081654098738741417 -0.0057776804903085267
leaf_weight=51.892913132440299 97.194677586434409 45.895563538186252 234.94095236714929 11.719740359112619 25.252918665297329 92.682740721851587
leaf_count=964 2406 398 1027 47 226 1284
internal_value=0 -0.00827313 0.00724185 -0.00744831 -0.0122552 -0.0150874
internal_weight=559.58 261.026 298.554 63.6127 215.13 189.877
internal_count=6352 4314 2038 1011 3916 3690
is_linear=0
shrinkage=0.025


Tree=47
num_leaves=7
num_cat=0
split_feature=9 62 2 29 22 2
split_gain=52.7761 36.8256 25.3968 26.7409 15.8337 14.3352
threshold=0.57000000000000017 0.75000000000000011 0.72797358036041271 1.0000000180025095e-35 0.25078900000000004 0.52869373559951793
decision_type=2 2 2 2 2 2
left_child=4 2 3 -2 5 -1
right_child=1 -3 -4 -5 -6 -7
leaf_value=-0.021511673751409995 -0.0034670253004560024 -0.012934744371213686 0.019015348973619138 0.010614566083522604 -0.027226718596809203 0.013636617979196013
leaf_weight=10.662659205496313 181.5629532453604 73.497159529011697 74.061688369140029 152.47104017622769 49.161362318322062 13.547037228476254
leaf_count=397 1363 1654 214 826 1690 208
internal_value=0 0.00303845 0.00599774 0.00296567 -0.0193867 -0.00208065
internal_weight=554.964 481.593 408.096 334.034 73.3711 24.2097
internal_count=6352 4057 2403 2189 2295 605
is_linear=0
shrinkage=0.025


Tree=48
num_leaves=7
num_cat=0
split_feature=1 49 62 61 29 47
split_gain=50.6825 36.214 28.4751 19.6751 17.4989 23.2125
threshold=0.5700787901878358 1.0000000180025095e-35 0.58333333333333337 0.51489150000000017 0.86170750000000018 0.96067150000000012
decision_type=2 2 2 2 2 2
left_child=1 -1 -2 -3 5 -4
right_child=2 3 4 -5 -6 -7
leaf_value=0.0022887788100604762 0.010521689375605138 -0.026526912470668729 -0.012934868355541015 -0.00070553209463261406 0.021656192491118369 0.010251095731910166
leaf_weight=73.44076110702008 233.38438896695152 77.141453523654491 94.020998861640692 25.098851156886667 12.850359087809919 34.930727415718138
leaf_count=791 1107 2425 1552 261 48 168
internal_value=0 -0.0109905 0.00518499 -0.0204397 -0.00356786 -0.00651213
internal_weight=550.868 175.681 375.186 102.24 141.802 128.952
internal_count=6352 3477 2875 2686 1768 1720
is_linear=0
shrinkage=0.025


Tree=49
num_leaves=7
num_cat=0
split_feature=1 49 47 15 30 43
split_gain=48.6119 38.1475 35.429 22.3152 18.0991 17.2086
threshold=0.62773707509040844 1.0000000180025095e-35 0.79946800000000018 0.63821300000000003 0.33500000000000008 1.0000000180025095e-35
decision_type=2 2 2 2 2 2
left_child=1 3 -3 -1 -2 -6
right_child=4 2 -4 -5 5 -7
leaf_value=-0.0089126216430582637 -0.0062257532840982767 -0.022386171851487599 0 0.013385761565759189 0.014604078123047582 -0.0036058775032175895
leaf_weight=43.841698423493654 43.061416742857546 112.14203470293432 72.493916779756546 68.207142320461571 167.63358039688319 38.106586050242186
leaf_count=679 452 3121 702 375 730 293
internal_value=0 -0.00680873 -0.0137361 0.00458052 0.00810607 0.0111865
internal_weight=545.486 296.685 184.636 112.049 248.802 205.74
internal_count=6352 4877 3823 1054 1475 1023
is_linear=0
shrinkage=0.025


Tree=50
num_leaves=7
num_cat=0
split_feature=9 61 0 0 6 31
split_gain=49.4228 28.6054 35.28 18.4167 26.2027 17.0521
threshold=0.75000000000000011 0.50715900000000003 0.51856700000000011 0.43590000000000001 0.71368500000000012 0.24180350000000003
decision_type=2 2 2 2 2 2
left_child=3 2 -2 5 -5 -1
right_child=1 -3 -4 4 -6 -7
leaf_value=-0.0090016216117794097 0.010968493169411469 0.012169064007601899 -0.010932458862735564 -0.024703067060320646 0.0028828432094531488 0.01651723971294029
leaf_weight=48.293701497837901 76.692351104691625 182.3669719886966 106.81529010506347 76.889030962251127 28.116114214994013 21.606505728326738
leaf_count=1002 429 802 1430 2284 235 170
internal_value=0 0.00522076 -0.00170807 -0.0108407 -0.01734 -0.000694787
internal_weight=540.78 365.875 183.508 174.905 105.005 69.9002
internal_count=6352 2661 1859 3691 2519 1172
is_linear=0
shrinkage=0.025


Tree=51
num_leaves=7
num_cat=0
split_feature=62 19 29 47 47 48
split_gain=48.0838 34.1284 20.5569 27.9399 19.779 15.6531
threshold=0.75000000000000011 0.68261000000000005 0.91839300000000013 0.92859900000000006 0.27120900000000009 0.66350000000000009
decision_type=2 2 2 2 2 2
left_child=1 4 3 -3 -1 -2
right_child=5 2 -4 -5 -6 -7
leaf_value=0.0087113802267765501 -0.021982608775438058 -0.00080917284787063192 0.025233378732992414 0.014469140509955536 -0.015883231840449298 0.00094459115772042987
leaf_weight=25.697483433177695 68.933333822758868 193.59468640061095 33.215878311544657 118.17267371248454 72.903311798581854 23.927081828936934
leaf_count=301 2084 1739 73 356 1424 375
internal_value=0 0.00344459 0.00716175 0.00502313 -0.00932989 -0.0161134
internal_weight=536.444 443.584 344.983 311.767 98.6008 92.8604
internal_count=6352 3893 2168 2095 1725 2459
is_linear=0
shrinkage=0.025


Tree=52
num_leaves=7
num_cat=0
split_feature=1 49 61 31 16 47
split_gain=45.4419 34.9974 31.4452 17.5403 17.5194 15.2852
threshold=0.62773707509040844 1.0000000180025095e-35 0.49961550000000005 0.30852950000000007 0.60374950000000016 0.92126000000000008
decision_type=2 2 2 2 2 2
left_child=1 3 -3 -1 -2 -4
right_child=4 2 5 -5 -6 -7
leaf_value=-0.0028859126632269209 -0.01669075338260512 -0.022471739892180615 -0.010266920143400081 0.017605811422166932 0.0096500977579410396 0.01165928200734798
leaf_weight=71.846518157981336 14.462729005608706 101.20777052780613 45.92400280199945 37.57262759283185 229.30150932166725 31.092922138981521
leaf_count=903 269 3069 599 151 1206 155
internal_value=0 -0.0067037 -0.013479 0.0043085 0.00789817 -0.00121667
internal_weight=531.408 287.644 178.225 109.419 243.764 77.0169
internal_count=6352 4877 3823 1054 1475 754
is_linear=0
shrinkage=0.025


Tree=53
num_leaves=7
num_cat=0
split_feature=62 44 22 62 29 20
split_gain=43.7779 32.5311 30.936 20.1503 19.622 16.5533
threshold=0.75000000000000011 0.095145000000000021 0.38642200000000004 0.41666666666666669 1.0000000180025095e-35 0.71565200000000007
decision_type=2 2 2 2 2 2
left_child=1 2 -1 -3 -5 -4
right_child=-2 3 5 4 -6 -7
leaf_value=-0.016066203672026318 -0.015587216465203538 0.019930531234099703 -0.011073773135404355 -0.0032020402278763872 0.011148899033811221 0.016947729966814661
leaf_weight=83.263094484806061 90.435280337464064 65.741418868303299 17.345255528111011 110.89021291350946 122.28216991294175 36.845095059834421
leaf_count=1797 2459 208 228 849 658 153
internal_value=0 0.00330078 -0.00665106 0.0079233 0.0043253 0.00773144
internal_weight=526.803 436.367 137.453 298.914 233.172 54.1904
internal_count=6352 3893 2178 1715 1507 381
is_linear=0
shrinkage=0.025


Tree=54
num_leaves=7
num_cat=0
split_feature=9 2 49 61 31 21
split_gain=45.5074 27.8226 16.9064 21.0978 13.486 15.7789
threshold=0.71000000000000008 0.6685677468776704 1.0000000180025095e-35 0.49425850000000005 0.5186845000000001 0.87400000000000011
decision_type=2 2 2 2 2 2
left_child=4 2 -2 -4 5 -1
right_child=1 -3 3 -5 -6 -7
leaf_value=-0.020477407622840723 0.0073952168752401933 0.012242660550206785 -0.016598829485787579 0.001747091215608419 0.010165040144639096 0.0027420248379048124
leaf_weight=88.943987712496892 88.076718901284039 156.17508541792631 65.956276500131935 88.885151737369597 11.764126986265181 21.382532610092312
leaf_count=2886 586 629 1254 669 81 247
internal_value=0 0.00409507 -0.00117881 -0.0061515 -0.0131997 -0.0159386
internal_weight=521.184 399.093 242.918 154.841 122.091 110.327
internal_count=6352 3138 2509 1923 3214 3133
is_linear=0
shrinkage=0.025


Tree=55
num_leaves=7
num_cat=0
split_feature=9 39 47 60 22 44
split_gain=44.2565 26.761 31.2882 21.5098 22.3213 14.0993
threshold=0.71000000000000008 1.0000000180025095e-35 0.9328240000000001 0.68000000000000005 0.46381950000000005 0.14943000000000004
decision_type=2 2 2 2 2 2
left_child=-1 2 -2 4 -3 -5
right_child=1 3 -4 5 -6 -7
leaf_value=-0.013088274260360062 -0.023745604715727897 0.0047843864812687539 0.010444765517030222 -0.022450447850483266 0.020357332978759052 0.0015256527352040096
leaf_weight=120.84184099873528 39.470203505363315 165.57926100632176 25.506709517911077 17.856158037669957 89.311106083914638 58.775833892636001
leaf_count=3214 787 1127 112 271 387 454
internal_value=0 0.00404595 -0.0103048 0.0069409 0.0104197 -0.00448326
internal_weight=517.341 396.499 64.9769 331.522 254.89 76.632
internal_count=6352 3138 899 2239 1514 725
is_linear=0
shrinkage=0.025


Tree=56
num_leaves=7
num_cat=0
split_feature=9 62 29 1 61 31
split_gain=42.679 31.7764 23.1772 16.1376 16.0007 15.0453
threshold=0.63000000000000012 0.58333333333333337 0.43853150000000002 0.64974436163902294 0.71845200000000009 0.5186845000000001
decision_type=2 2 2 2 2 2
left_child=5 3 4 -2 -3 -1
right_child=1 2 -4 -5 -6 -7
leaf_value=-0.022205132107129055 0.0018369132770898256 -0.011663364537152613 0.012184405939005176 0.014900833966460603 0.0099872335453766187 0.010346569399260512
leaf_weight=60.822318023070693 111.34230692870915 141.47445041500032 39.787261479068547 129.74678611848503 22.638094197027385 8.4259342169389111
leaf_count=2274 748 2393 289 401 183 64
internal_value=0 0.00286998 -0.00433829 0.00898421 -0.00851927 -0.0178999
internal_weight=514.237 444.989 203.9 241.089 164.113 69.2483
internal_count=6352 4014 2865 1149 2576 2338
is_linear=0
shrinkage=0.025


Tree=57
num_leaves=7
num_cat=0
split_feature=1 49 62 16 61 17
split_gain=40.8165 28.1764 23.2124 15.1476 14.4252 14.0474
threshold=0.5700787901878358 1.0000000180025095e-35 0.58333333333333337 0.59422300000000006 0.51489150000000017 0.74611800000000017
decision_type=2 2 2 2 2 2
left_child=1 -1 3 -2 -3 -5
right_child=2 4 -4 5 -6 -7
leaf_value=0.0016534947990479534 -0.020819540304271304 -0.024821234821338148 -0.0032733997146376492 0.012817979475838921 -0.0017719336426822861 -0.013635675921332281
leaf_weight=69.359308858867735 7.2216062704101196 68.472812245599926 133.88904750952497 196.43515469832346 23.940512116998434 11.080323386937378
leaf_count=791 141 2425 1768 898 261 68
internal_value=0 -0.0102857 0.00481213 0.00987341 -0.0191462 0.0112183
internal_weight=510.399 161.773 348.626 214.737 92.4133 207.515
internal_count=6352 3477 2875 1107 2686 966
is_linear=0
shrinkage=0.025


Tree=58
num_leaves=7
num_cat=0
split_feature=44 22 43 2 47 15
split_gain=40.0517 35.3764 31.6802 21.9917 17.9121 14.9317
threshold=0.047970500000000006 0.41160100000000005 1.0000000180025095e-35 0.57916909456253063 0.95786100000000018 0.67497450000000014
decision_type=2 2 2 2 2 2
left_child=1 4 3 5 -1 -2
right_child=2 -3 -4 -5 -6 -7
leaf_value=-0.023994776939526362 -0.012808692989085791 0.010435301558627867 -0.011761559172131127 0.011661407249618432 0.0041434499472039754 0.0064347426100088622
leaf_weight=80.87778822844848 44.669574378058314 31.056999042863026 62.83482272317633 219.8891882696189 15.606521953828631 51.259684782475233
leaf_count=2569 765 251 890 1337 76 464
internal_value=0 -0.0119803 0.00408741 0.0073358 -0.0193653 -0.00253482
internal_weight=506.195 127.541 378.653 315.818 96.4843 95.9293
internal_count=6352 2896 3456 2566 2645 1229
is_linear=0
shrinkage=0.025


Tree=59
num_leaves=7
num_cat=0
split_feature=9 62 21 0 6 3
split_gain=39.346 20.8681 17.1126 16.1918 21.8386 14.6606
threshold=0.75000000000000011 0.58333333333333337 0.70400000000000007 0.43590000000000001 0.71368500000000012 0.93918129801750194
decision_type=2 2 2 2 2 2
left_child=3 2 5 -1 -5 -2
right_child=1 -3 -4 4 -6 -7
leaf_value=-0.00025861069154530045 0.013415056480460319 -0.0023636701949483856 0.014837858163994692 -0.023780666086295907 0.0021743160895132427 -0.010795902711247328
leaf_weight=64.647818223573267 23.602035144343972 144.31229320168495 137.22529733739793 68.787117339204997 26.927476295735687 36.309441633522511
leaf_count=1172 96 1840 435 2284 235 290
internal_value=0 0.00479326 0.0100402 -0.0101229 -0.0165202 -0.000962526
internal_weight=501.811 341.449 197.137 160.362 95.7146 59.9115
internal_count=6352 2661 821 3691 2519 386
is_linear=0
shrinkage=0.025


Tree=60
num_leaves=7
num_cat=0
split_feature=44 22 43 60 47 61
split_gain=37.7265 32.1937 27.6883 32.0054 15.1295 14.8532
threshold=0.047970500000000006 0.41160100000000005 1.0000000180025095e-35 0.68000000000000005 0.95786100000000018 0.49961550000000005
decision_type=2 2 2 2 2 2
left_child=1 4 3 -2 -1 -5
right_child=2 -3 -4 5 -6 -7
leaf_value=-0.023483500051697824 0.011261484608162262 0.0096205013074067217 -0.011004097931225922 -0.020324427770950181 0.0024101155336041791 0.0021967511922088442
leaf_weight=77.387385483365506 243.61690729251131 30.72763539175503 61.65049519832246 29.75608538556844 15.868920228444038 39.931199498474598
leaf_count=2569 1751 251 890 533 76 282
internal_value=0 -0.0118165 0.00395967 0.00699568 -0.0190381 -0.0076693
internal_weight=498.939 123.984 374.955 313.304 93.2563 69.6873
internal_count=6352 2896 3456 2566 2645 815
is_linear=0
shrinkage=0.025


Tree=61
num_leaves=7
num_cat=0
split_feature=1 49 61 47 29 62
split_gain=36.5163 28.7308 20.2694 14.0659 21.1555 17.7566
threshold=0.61476194858551036 1.0000000180025095e-35 0.48477250000000005 0.88108400000000009 0.75473800000000013 0.41666666666666669
decision_type=2 2 2 2 2 2
left_child=1 -1 -3 4 5 -2
right_child=3 2 -4 -5 -6 -7
leaf_value=0.0034820516064158116 0.012877237438659959 -0.023231559205942928 -0.004061419328836636 0.012881273622562271 0.020441383091823393 -0.0088531052474659332
leaf_weight=93.980575294233859 28.843560085166246 72.105545078171417 68.864872076082975 114.61361001618207 26.30159636028111 90.415409266017377
leaf_count=1006 136 2718 853 414 73 1152
internal_value=0 -0.00710503 -0.0141618 0.00642277 0.00114665 -0.00336913
internal_weight=495.125 234.951 140.97 260.174 145.561 119.259
internal_count=6352 4577 3571 1775 1361 1288
is_linear=0
shrinkage=0.025


Tree=62
num_leaves=7
num_cat=0
split_feature=44 19 39 60 43 47
split_gain=36.1091 30.4292 29.2547 24.8212 21.2096 13.9428
threshold=0.047970500000000006 0.75369500000000011 1.0000000180025095e-35 0.68000000000000005 1.0000000180025095e-35 0.9328240000000001
decision_type=2 2 2 2 2 2
left_child=1 -1 4 -4 5 -2
right_child=2 -3 3 -5 -6 -7
leaf_value=-0.017744568732042911 -0.013268270243193726 0.0128408032988494 0.011155424895530225 -0.0048529505310816075 -0.031380439460856203 0.014219117980913902
leaf_weight=98.25647144485265 23.139620543224737 23.194272729568183 230.4853044913616 79.286425149068236 19.568891237257048 18.406737043522298
leaf_count=2755 468 141 1557 876 477 78
internal_value=0 -0.0116917 0.00388121 0.00702399 -0.0115609 -0.000775729
internal_weight=492.338 121.451 370.887 309.772 61.1152 41.5464
internal_count=6352 2896 3456 2433 1023 546
is_linear=0
shrinkage=0.025


Tree=63
num_leaves=7
num_cat=0
split_feature=62 44 61 17 62 29
split_gain=34.2333 24.5766 26.699 19.8943 16.5172 22.6992
threshold=0.75000000000000011 0.099434500000000023 0.71538450000000009 0.6461745000000001 0.41666666666666669 1.0000000180025095e-35
decision_type=2 2 2 2 2 2
left_child=1 2 3 -1 -3 -6
right_child=-2 4 -4 -5 5 -7
leaf_value=-0.021346897180081231 -0.014285213505601628 0.019358591171180477 0.013990813562579399 -0.00071897349401858345 -0.0047207000793536673 0.012058947312727676
leaf_weight=53.882744464790449 83.964948613895103 57.117160488851368 33.495652390643954 62.934076158562675 92.643910377286375 104.142425886821
leaf_count=1523 2459 198 182 682 754 554
internal_value=0 0.00303694 -0.00488856 -0.010555 0.00776492 0.00415533
internal_weight=488.181 404.216 150.312 116.817 253.903 196.786
internal_count=6352 3893 2387 2205 1506 1308
is_linear=0
shrinkage=0.025


Tree=64
num_leaves=7
num_cat=0
split_feature=9 1 29 47 0 47
split_gain=35.2051 19.4152 15.1452 14.9722 14.0793 19.095
threshold=0.75000000000000011 0.6737692952156068 0.91839300000000013 0.95786100000000018 0.43590000000000001 0.98881550000000018
decision_type=2 2 2 2 2 2
left_child=4 2 3 -2 -1 -6
right_child=1 -3 -4 -5 5 -7
leaf_value=-0.00038080432937531413 -0.0054497280069555551 0.013760139570226688 0.018600905085608823 0.0098434871845036846 -0.020593337450833086 0.0096217554672967665
leaf_weight=62.113108764402568 157.70366705022752 98.344878173433244 23.484225109219551 50.662382744252682 78.139272490749136 13.638444310985504
leaf_count=1172 1998 378 76 209 2439 80
internal_value=0 0.00459867 0.000569946 -0.0016172 -0.0097829 -0.0158744
internal_weight=484.086 330.195 231.85 208.366 153.891 91.7777
internal_count=6352 2661 2283 2207 3691 2519
is_linear=0
shrinkage=0.025


Tree=65
num_leaves=7
num_cat=0
split_feature=1 49 62 29 47 61
split_gain=33.8798 23.3256 18.4671 12.6643 13.62 12.2912
threshold=0.5700787901878358 1.0000000180025095e-35 0.58333333333333337 0.60023650000000017 0.96067150000000012 0.51489150000000017
decision_type=2 2 2 2 2 2
left_child=1 -1 -2 4 -4 -3
right_child=2 5 3 -5 -6 -7
leaf_value=0.0012960291375411831 0.0092264413194974079 -0.023774911008862944 -0.011410314689797869 0.014857316394554046 0.0076583566180200308 -0.0017606971027196952
leaf_weight=66.437320263590664 199.88614895846695 62.137660628184676 80.731295755598694 18.809189681895077 29.99839788954705 22.734613677952439
leaf_count=791 1107 2425 1501 106 161 261
internal_value=0 -0.00969927 0.00449451 -0.00277732 -0.00611201 -0.0181973
internal_weight=480.735 151.31 329.425 129.539 110.73 84.8723
internal_count=6352 3477 2875 1768 1662 2686
is_linear=0
shrinkage=0.025


Tree=66
num_leaves=7
num_cat=0
split_feature=9 39 62 29 14 18
split_gain=32.8233 26.5683 22.4783 26.9493 15.4369 17.3831
threshold=0.57000000000000017 1.0000000180025095e-35 0.41666666666666669 1.0000000180025095e-35 1.0000000180025095e-35 0.70595600000000014
decision_type=2 2 2 2 2 2
left_child=-1 4 -3 -4 5 -2
right_child=1 2 3 -5 -6 -7
leaf_value=-0.01702239142070033 -0.019842647796554008 0.018883158987947537 -0.004838377821990634 0.010385431968254139 -0.029243807193738897 0.0081725980186043885
leaf_weight=59.226040169363841 21.116755775175989 60.770633865147829 151.3014360871166 134.85427015228197 18.717754270881414 30.720555250067264
leaf_count=2295 483 181 1769 953 457 214
internal_value=0 0.00250184 0.0053719 0.00233352 -0.0111917 -0.00346669
internal_weight=476.707 417.481 346.926 286.156 70.5551 51.8373
internal_count=6352 4057 2903 2722 1154 697
is_linear=0
shrinkage=0.025


Tree=67
num_leaves=7
num_cat=0
split_feature=9 1 29 47 0 47
split_gain=32.4283 17.6806 13.8791 16.4744 13.7167 16.9378
threshold=0.75000000000000011 0.67749822139740001 0.91839300000000013 0.95786100000000018 0.43590000000000001 0.98881550000000018
decision_type=2 2 2 2 2 2
left_child=4 2 3 -2 -1 -6
right_child=1 -3 -4 -5 5 -7
leaf_value=-0.00017276535406115392 -0.0054763705575873447 0.01368083979600564 0.018122300180243453 0.010317673340956408 -0.020199769001567919 0.0085752255630016823
leaf_weight=60.765748939476907 156.11918785050511 90.383227558340877 23.113046154379845 53.155446364544332 75.438541338313371 13.366107597947119
leaf_count=1172 2019 351 76 215 2439 80
internal_value=0 0.00445541 0.000722663 -0.00134895 -0.0095299 -0.0156568
internal_weight=472.341 322.771 232.388 209.275 149.57 88.8046
internal_count=6352 2661 2310 2234 3691 2519
is_linear=0
shrinkage=0.025


Tree=68
num_leaves=7
num_cat=0
split_feature=44 22 39 60 43 47
split_gain=31.0065 27.03 26.7267 23.3202 18.8148 14.4902
threshold=0.047970500000000006 0.40896850000000007 1.0000000180025095e-35 0.68000000000000005 1.0000000180025095e-35 0.95786100000000018
decision_type=2 2 2 2 2 2
left_child=1 5 4 -4 -2 -1
right_child=2 -3 3 -5 -6 -7
leaf_value=-0.023125091957451566 -0.0010188869697736614 0.0079990472405387075 0.010854662812158029 -0.0049895029856383156 -0.030659166858174339 0.0032645124958811098
leaf_weight=68.89821152179502 39.436520776012912 31.335312542272732 219.54837144631892 76.081537613645196 18.433782478095964 14.517358682118354
leaf_count=2544 546 278 1557 876 477 74
internal_value=0 -0.0111503 0.00367243 0.00674011 -0.011484 -0.0184691
internal_weight=468.251 114.751 353.5 295.63 57.8703 83.4156
internal_count=6352 2896 3456 2433 1023 2618
is_linear=0
shrinkage=0.025


Tree=69
num_leaves=7
num_cat=0
split_feature=1 49 29 47 32 15
split_gain=31.519 20.1188 16.464 17.7819 17.557 11.8873
threshold=0.5700787901878358 1.0000000180025095e-35 0.52868100000000007 0.94151150000000017 0.77950000000000019 0.50321700000000014
decision_type=2 2 2 2 2 2
left_child=1 -1 3 4 -2 -5
right_child=2 -3 -4 5 -6 -7
leaf_value=0.00084449900670369594 -0.0058383286882852554 -0.017608734135007239 0.016872592943196634 -0.011258170556419256 0.01717692534386776 0.014086212317452213
leaf_weight=63.991661528823897 155.29836053494364 81.434624243993312 52.461951659526676 11.168928351253269 21.272444232366979 79.321709644515067
leaf_count=791 2152 2686 242 59 125 297
internal_value=0 -0.0095526 0.00438813 0.00176947 -0.0028156 0.0106454
internal_weight=464.95 145.426 319.523 267.061 176.571 90.4906
internal_count=6352 3477 2875 2633 2277 356
is_linear=0
shrinkage=0.025


Tree=70
num_leaves=7
num_cat=0
split_feature=1 49 62 61 24 29
split_gain=30.0334 19.0671 16.8275 11.2211 10.4526 11.0384
threshold=0.5700787901878358 1.0000000180025095e-35 0.58333333333333337 0.51489150000000017 1.0000000180025095e-35 0.31620650000000006
decision_type=2 2 2 2 2 2
left_child=1 4 -2 -3 5 -1
right_child=2 3 -4 -5 -6 -7
leaf_value=-0.019729508823089929 0.0089280020820931335 -0.022875338446871195 -0.0027283461386385464 -0.0014482354172843258 0.0098915685272007552 0.0099727512784562721
leaf_weight=19.703149339184169 191.47949676495045 58.106868953676894 125.71280708606355 22.095066642854363 34.387454994954169 9.7247166815213841
leaf_count=448 1107 2425 1768 261 258 85
internal_value=0 -0.00937289 0.00429566 -0.0173003 0.000734847 -0.00962774
internal_weight=461.21 144.017 317.192 80.2019 63.8153 29.4279
internal_count=6352 3477 2875 2686 791 533
is_linear=0
shrinkage=0.025


Tree=71
num_leaves=7
num_cat=0
split_feature=9 61 0 1 0 6
split_gain=28.8309 16.8783 22.8986 14.8859 12.5058 17.2712
threshold=0.75000000000000011 0.50715900000000003 0.51856700000000011 0.62638801336288463 0.43590000000000001 0.71368500000000012
decision_type=2 2 2 2 2 2
left_child=4 2 -2 -3 -1 -6
right_child=1 3 -4 -5 5 -7
leaf_value=-0.00013575105115232983 0.009478340180578677 -0.0023295633137252604 -0.0093888317015059144 0.01475725341900481 -0.02222278541907367 0.0017900976028811422
leaf_weight=59.462183286203071 66.901233077514917 42.104744087904692 92.752996979979798 112.33885801304132 59.909635874908417 25.312282614409924
leaf_count=1172 429 387 1430 415 2284 235
internal_value=0 0.00425 -0.00140456 0.0100804 -0.00914189 -0.0151431
internal_weight=458.782 314.098 159.654 154.444 144.684 85.2219
internal_count=6352 2661 1859 802 3691 2519
is_linear=0
shrinkage=0.025


Tree=72
num_leaves=7
num_cat=0
split_feature=9 29 2 47 31 61
split_gain=27.7179 23.5156 21.3503 22.3334 14.2774 6.9447
threshold=0.63000000000000012 0.43853150000000002 0.72797358036041271 0.95786100000000018 0.5186845000000001 0.50715900000000003
decision_type=2 2 2 2 2 2
left_child=4 2 3 -2 -1 -4
right_child=1 -3 5 -5 -6 -7
leaf_value=-0.020867938573253478 -0.0077789410808700929 0.014278792044940498 -0.0066137655526654409 0.0081265754350871178 0.011373246027708514 0.018291329007916537
leaf_weight=49.386692879954353 198.21730591077358 79.95786637510173 6.4738844735547891 73.361086467280984 8.2509548300877196 40.065235746093094
leaf_count=2274 3046 439 68 331 64 130
internal_value=0 0.00237594 -0.000676519 -0.00341555 -0.0158261 0.0144879
internal_weight=455.713 398.075 318.118 271.578 57.6376 46.5391
internal_count=6352 4014 3575 3377 2338 198
is_linear=0
shrinkage=0.025


Tree=73
num_leaves=7
num_cat=0
split_feature=15 48 43 62 22 39
split_gain=26.955 24.1676 21.7882 14.4046 14.7954 12.9257
threshold=0.66859650000000015 0.66160000000000008 1.0000000180025095e-35 0.41666666666666669 0.45259650000000007 1.0000000180025095e-35
decision_type=2 2 2 2 2 2
left_child=1 3 -2 -1 -5 -4
right_child=2 -3 5 4 -6 -7
leaf_value=0.0056821817652238302 0.00919051724489027 0.0088515032761542038 -0.029077460504356098 -0.017270550755493955 0.0034937156065625845 0.00021273392961848131
leaf_weight=26.359188177390024 196.76445428933948 48.893681792542338 12.950949976686386 120.5991264374461 24.248300423147157 22.532538828672841
leaf_count=322 1540 438 352 3196 287 217
internal_value=0 -0.00623267 0.00591014 -0.0106562 -0.0137348 -0.0114576
internal_weight=452.348 220.1 232.248 171.207 144.847 35.4835
internal_count=6352 4243 2109 3805 3483 569
is_linear=0
shrinkage=0.025


Tree=74
num_leaves=7
num_cat=0
split_feature=1 39 44 29 62 61
split_gain=27.0134 22.2465 20.76 11.0392 10.6274 12.4547
threshold=0.61476194858551036 1.0000000180025095e-35 0.40492000000000006 0.43853150000000002 0.41666666666666669 0.71538450000000009
decision_type=2 2 2 2 2 2
left_child=1 -1 3 -3 -2 -6
right_child=4 2 -4 -5 5 -7
leaf_value=-0.023346540697542953 0.015330911511050713 -0.011148268192530911 0.010866629708653985 0.007733554452946885 -0.0012431917362401687 0.013133989024226266
leaf_weight=37.196056990418583 53.972090467810631 105.92394828028046 49.188735113479197 21.122670696349815 131.85660833423026 49.551792468875647
leaf_count=1256 209 2637 425 259 1262 304
internal_value=0 -0.00640196 -0.00250018 -0.00785279 0.00581126 0.00276152
internal_weight=448.812 213.431 176.235 127.047 235.38 181.408
internal_count=6352 4577 3321 2896 1775 1566
is_linear=0
shrinkage=0.025


Tree=75
num_leaves=7
num_cat=0
split_feature=2 16 39 47 60 22
split_gain=26.7141 21.4487 16.8462 23.3722 15.0768 8.75911
threshold=0.53635814785957348 0.60374950000000016 1.0000000180025095e-35 0.9328240000000001 0.68000000000000005 0.47288350000000007
decision_type=2 2 2 2 2 2
left_child=5 -2 3 -3 -4 -1
right_child=1 2 4 -5 -6 -7
leaf_value=-0.015979730239061071 -0.017031631195922613 -0.020278096574380181 0.010685951779571625 0.011337681701206224 -0.002484967433669538 0.0048814598737734324
leaf_weight=70.350898230681196 28.157539633568376 33.159054671647027 207.34876474412158 22.283399731852114 70.847229872597381 13.269621066516263
leaf_count=2192 804 762 1451 88 870 185
internal_value=0 0.00296025 0.00478763 -0.00747917 0.00730833 -0.0125221
internal_weight=445.417 361.796 333.638 55.4425 278.196 83.6205
internal_count=6352 3975 3171 850 2321 2377
is_linear=0
shrinkage=0.025


Tree=76
num_leaves=7
num_cat=0
split_feature=62 29 19 47 28 48
split_gain=25.7815 17.9377 16.3309 16.6382 14.1141 10.1118
threshold=0.58333333333333337 0.43853150000000002 0.68304650000000011 0.25677900000000003 0.65961650000000016 0.65910000000000013
decision_type=2 2 2 2 2 2
left_child=2 4 3 -1 5 -2
right_child=1 -3 -4 -5 -6 -7
leaf_value=0.015146647854502929 -0.01602861095174753 0.0084994728388885828 0.0093476646127883655 -0.014759054944771642 0.012305367858391916 -0.0020321068951798635
leaf_weight=13.800088739488272 110.25693611754104 39.274570540292189 178.34616313967854 37.895246918778867 14.228682154091073 48.438617119332775
leaf_count=143 3148 398 1089 806 159 609
internal_value=0 -0.00624682 0.00576751 -0.00628382 -0.00971928 -0.0119085
internal_weight=442.24 212.199 230.041 51.6953 172.924 158.696
internal_count=6352 4314 2038 949 3916 3757
is_linear=0
shrinkage=0.025


Tree=77
num_leaves=7
num_cat=0
split_feature=44 22 39 60 43 47
split_gain=24.934 24.9292 22.3672 18.2802 15.4808 12.6252
threshold=0.047970500000000006 0.40896850000000007 1.0000000180025095e-35 0.68000000000000005 1.0000000180025095e-35 0.95786100000000018
decision_type=2 2 2 2 2 2
left_child=1 5 4 -4 -2 -1
right_child=2 -3 3 -5 -6 -7
leaf_value=-0.02260150674310096 -0.0013540240683371995 0.0082030556505324013 0.0099361471061261263 -0.004427345790214191 -0.029483179555331598 0.0028843686923417568
leaf_weight=62.03285226225853 37.291448503965512 29.866041546920314 208.77356754918583 72.438625027891248 16.433463172055781 13.593821145594118
leaf_count=2544 546 278 1557 876 477 74
internal_value=0 -0.0104555 0.00334616 0.00619894 -0.0110422 -0.0179627
internal_weight=440.43 105.493 334.937 281.212 53.7249 75.6267
internal_count=6352 2896 3456 2433 1023 2618
is_linear=0
shrinkage=0.025


Tree=78
num_leaves=7
num_cat=0
split_feature=9 39 47 29 62 47
split_gain=24.9013 21.5085 19.8575 16.896 18.0073 13.5814
threshold=0.63000000000000012 1.0000000180025095e-35 0.9328240000000001 0.43853150000000002 0.41666666666666669 0.27740900000000007
decision_type=2 2 2 2 2 2
left_child=5 2 -2 4 -3 -1
right_child=1 3 -4 -5 -6 -7
leaf_value=0.0035580271136695812 -0.021239612374846575 0.016008841940097836 0.0064274503439776297 0.015637953232252592 -0.0012752430615381146 -0.022889172488163148
leaf_weight=15.519988143350927 39.281252820044756 43.347058461047709 24.323712558485568 69.602047735825181 206.34957640455104 39.135791164124385
leaf_count=465 1000 149 132 327 2406 1873
internal_value=0 0.00228369 -0.0106839 0.00495699 0.00181951 -0.015399
internal_weight=437.559 382.904 63.605 319.299 249.697 54.6558
internal_count=6352 4014 1132 2882 2555 2338
is_linear=0
shrinkage=0.025


Tree=79
num_leaves=7
num_cat=0
split_feature=2 16 39 47 31 22
split_gain=23.7257 18.7021 15.2128 19.7417 12.7444 8.88641
threshold=0.53635814785957348 0.60374950000000016 1.0000000180025095e-35 0.9328240000000001 0.31505900000000003 0.47288350000000007
decision_type=2 2 2 2 2 2
left_child=5 -2 3 -3 -4 -1
right_child=1 2 4 -5 -6 -7
leaf_value=-0.015615131975628525 -0.016228218079562127 -0.019469976316705578 0.0033780788611927669 0.0099774678652321536 0.015378638275314336 0.005760319851094306
leaf_weight=67.597412804840133 27.069747061701491 31.670352483401075 197.38589044823311 21.899048106744885 77.148019992280751 12.679969206452368
leaf_count=2192 804 762 1951 88 370 185
internal_value=0 0.00279134 0.00449785 -0.00736775 0.00689034 -0.0120611
internal_weight=435.45 355.173 328.103 53.5694 274.534 80.2774
internal_count=6352 3975 3171 850 2321 2377
is_linear=0
shrinkage=0.025


Tree=80
num_leaves=7
num_cat=0
split_feature=9 29 2 47 47 17
split_gain=23.6898 19.4156 17.8475 19.9662 12.9303 7.59228
threshold=0.63000000000000012 0.43853150000000002 0.72797358036041271 0.95786100000000018 0.27740900000000007 0.73157850000000002
decision_type=2 2 2 2 2 2
left_child=4 2 3 -2 -1 -3
right_child=1 5 -4 -5 -6 -7
leaf_value=0.0033563198344046374 -0.0074699427650804645 0.015767929858790958 0.013632159843571308 0.0079550230098508392 -0.022616765381805355 -0.0076039500115790944
leaf_weight=15.381693836185148 187.58557313191704 70.096317944349721 43.712278075981885 69.689837513491511 38.14334549731575 7.8309482196345916
leaf_count=465 3046 386 198 331 1873 53
internal_value=0 0.00222973 -0.000653019 -0.00322165 -0.0151799 0.0131471
internal_weight=432.44 378.915 300.988 257.275 53.525 77.9273
internal_count=6352 4014 3575 3377 2338 439
is_linear=0
shrinkage=0.025


Tree=81
num_leaves=7
num_cat=0
split_feature=19 39 47 29 62 47
split_gain=24.0269 21.7055 17.4961 14.6084 17.1712 12.8375
threshold=0.68261000000000005 1.0000000180025095e-35 0.9328240000000001 0.91839300000000013 0.41666666666666669 0.28512800000000005
decision_type=2 2 2 2 2 2
left_child=5 2 -2 4 -3 -1
right_child=1 3 -4 -5 -6 -7
leaf_value=0.0031064372288811815 -0.02081973805786996 0.018853328465908092 0.0058419953568312538 0.023038742804298379 0.0011464888002975385 -0.016312410703825331
leaf_weight=28.144493950530887 35.366325609269552 38.945980346761644 23.714570193551481 26.7454500682652 206.73878500750288 69.916437655454502
leaf_count=595 936 143 131 82 2355 2110
internal_value=0 0.00322547 -0.0101731 0.00622908 0.00415027 -0.0107133
internal_weight=429.572 331.511 59.0809 272.43 245.685 98.0609
internal_count=6352 3647 1067 2580 2498 2705
is_linear=0
shrinkage=0.025


Tree=82
num_leaves=7
num_cat=0
split_feature=44 22 62 29 47 17
split_gain=23.1272 22.0082 17.4206 11.3427 11.2701 9.44482
threshold=0.047970500000000006 0.40896850000000007 0.58333333333333337 0.60023650000000017 0.95786100000000018 0.74611800000000017
decision_type=2 2 2 2 2 2
left_child=1 4 5 -4 -1 -2
right_child=2 -3 3 -5 -6 -7
leaf_value=-0.022111987118531403 0.0099379618625246996 0.0072887879762876502 -0.0056103281002525748 0.014030435143636139 0.0023924206297020671 -0.014146495595524337
leaf_weight=58.843699831981212 167.34232592955232 29.457234560046345 131.86307050834876 18.685422941111028 13.165383777581154 8.3884189091622812
leaf_count=2544 958 278 2303 126 74 69
internal_value=0 -0.0102776 0.00324997 -0.00292607 -0.0175845 0.00855691
internal_weight=427.746 101.466 326.279 150.548 72.0091 175.731
internal_count=6352 2896 3456 2429 2618 1027
is_linear=0
shrinkage=0.025


Tree=83
num_leaves=7
num_cat=0
split_feature=2 16 62 29 22 44
split_gain=22.613 17.5641 13.0775 10.0275 8.85555 8.31516
threshold=0.53635814785957348 0.60374950000000016 0.58333333333333337 0.43853150000000002 0.47288350000000007 0.047970500000000006
decision_type=2 2 2 2 2 2
left_child=4 -2 5 -4 -1 -3
right_child=1 2 3 -5 -6 -7
leaf_value=-0.015674248618144659 -0.015870040188906236 -0.0020930296893757307 -0.0050440231378912417 0.010749340353210613 0.0058106894649754583 0.011229558403145497
leaf_weight=64.794217014452443 26.493776257615536 34.048308780649677 106.65945848461706 30.00605645403266 12.556531212409025 150.12049686000682
leaf_count=2192 804 447 1809 217 185 698
internal_value=0 0.00274005 0.00441472 -0.00138277 -0.0120042 0.00872462
internal_weight=424.679 347.328 320.834 136.666 77.3507 184.169
internal_count=6352 3975 3171 2026 2377 1145
is_linear=0
shrinkage=0.025


Tree=84
num_leaves=7
num_cat=0
split_feature=62 19 47 48 39 43
split_gain=22.0477 17.2902 14.472 13.179 12.1394 16.8407
threshold=0.75000000000000011 0.68261000000000005 0.25677900000000003 0.66350000000000009 1.0000000180025095e-35 1.0000000180025095e-35
decision_type=2 2 2 2 2 2
left_child=1 2 -1 -2 5 -3
right_child=3 4 -4 -5 -6 -7
leaf_value=0.010036385348593519 -0.018767961656200243 0.0032606233058456954 -0.013785506023441946 0.0032658996681509331 0.0080379921334665216 -0.029033246587652925
leaf_weight=19.22478875447996 52.154489798820578 33.85873917164281 57.59001339529641 22.747299286536872 225.29019744275138 11.437362496741114
leaf_count=267 2084 346 1458 375 1582 240
internal_value=0 0.00267089 -0.00758475 -0.012074 0.00565712 -0.00580266
internal_weight=422.303 347.401 76.8148 74.9018 270.586 45.2961
internal_count=6352 3893 1725 2459 2168 586
is_linear=0
shrinkage=0.025


Tree=85
num_leaves=7
num_cat=0
split_feature=62 22 44 1 39 43
split_gain=21.5033 16.8927 21.0098 12.5556 10.5097 9.56285
threshold=0.75000000000000011 0.41160100000000005 0.047970500000000006 0.52028056979179393 1.0000000180025095e-35 1.0000000180025095e-35
decision_type=2 2 2 2 2 2
left_child=1 2 -1 -4 5 -3
right_child=-2 4 3 -5 -6 -7
leaf_value=-0.014823243122381619 -0.012011568601959618 0.0061041380197742467 -0.013189707472123805 0.0059306560051003224 0.012253260022620803 -0.025240618970237834
leaf_weight=54.525548042031005 73.929321716888808 13.261825607158245 22.934721267782152 131.75177390850149 117.0003451120574 7.3696514195762566
leaf_count=1739 2459 104 372 933 589 156
internal_value=0 0.00262789 -0.00181652 0.0028754 0.00935808 -0.00623193
internal_weight=420.773 346.844 209.212 154.686 137.632 20.6315
internal_count=6352 3893 3044 1305 849 260
is_linear=0
shrinkage=0.025


Tree=86
num_leaves=7
num_cat=0
split_feature=9 2 29 47 47 61
split_gain=21.1826 18.1601 14.6682 17.7026 13.1346 9.73639
threshold=0.63000000000000012 0.71845820546150219 0.43853150000000002 0.95786100000000018 0.25677900000000003 0.53454550000000012
decision_type=2 2 2 2 2 2
left_child=4 2 3 -2 -1 -3
right_child=1 5 -4 -5 -6 -7
leaf_value=0.0056571638344358847 -0.0072608036985866544 -0.0014371800998532669 0.010425919391861627 0.0076430413062941226 -0.0217436106842996 0.019913777373670522
leaf_weight=13.11483357765246 178.05361004790757 17.024420619010925 59.673381291446276 66.027116640936583 38.240418086177669 45.497538603842258
leaf_count=395 3008 141 387 325 1943 153
internal_value=0 0.00213885 -0.00039671 -0.00315701 -0.0146459 0.0141337
internal_weight=417.631 366.276 303.754 244.081 51.3553 62.522
internal_count=6352 4014 3720 3333 2338 294
is_linear=0
shrinkage=0.025


Tree=87
num_leaves=7
num_cat=0
split_feature=1 49 61 44 19 0
split_gain=21.359 17.8386 13.6865 10.7364 8.73267 10.3391
threshold=0.61476194858551036 1.0000000180025095e-35 0.48477250000000005 0.40492000000000006 0.77083950000000012 0.46560000000000007
decision_type=2 2 2 2 2 2
left_child=1 3 -3 -1 5 -2
right_child=4 2 -4 -5 -6 -7
leaf_value=-0.0035086341118526275 0.015671753427084559 -0.020843638728796656 -0.0033501931016441861 0.015111778531444749 0.016788664875496878 0.00028480333981613354
leaf_weight=53.107089098077267 30.948166284710169 55.931071542436257 58.460381337907165 26.983385196886957 32.862746489234269 155.74602820328437
leaf_count=857 215 2718 853 149 157 1403
internal_value=0 -0.0059927 -0.0122412 0.00292638 0.005316 0.00305512
internal_weight=414.039 194.482 114.391 80.0905 219.557 186.694
internal_count=6352 4577 3571 1006 1775 1618
is_linear=0
shrinkage=0.025


Tree=88
num_leaves=7
num_cat=0
split_feature=15 22 43 62 48 60
split_gain=20.2435 19.3553 14.9588 14.217 11.5462 10.0712
threshold=0.66559350000000006 0.46740950000000003 1.0000000180025095e-35 0.41666666666666669 0.65910000000000013 0.68000000000000005
decision_type=2 2 2 2 2 2
left_child=1 3 5 -1 -5 -2
right_child=2 -3 -4 4 -6 -7
leaf_value=0.0077316931336258408 0.010934177671778525 0.01027263628356156 -0.0094277130496899734 -0.016466601900321055 0.00074440640245328465 -0.0033566723477903983
leaf_weight=22.975404113531113 147.4033190459013 35.345914000878111 34.027494725771248 105.75382753112353 29.929597535636276 36.455899155233055
leaf_count=312 1156 331 594 3172 352 435
internal_value=0 -0.00583414 0.00520193 -0.00958039 -0.012662 0.0080466
internal_weight=411.891 194.005 217.887 158.659 135.683 183.859
internal_count=6352 4167 2185 3836 3524 1591
is_linear=0
shrinkage=0.025


Tree=89
num_leaves=7
num_cat=0
split_feature=1 39 44 18 3 61
split_gain=20.3063 16.925 18.7591 9.79245 8.16725 11.5991
threshold=0.61476194858551036 1.0000000180025095e-35 0.40492000000000006 0.64904150000000016 0.97280177474021923 0.71538450000000009
decision_type=2 2 2 2 2 2
left_child=1 -1 3 -3 -2 -6
right_child=4 2 -4 -5 5 -7
leaf_value=-0.021744167202656185 0.0070448123378949153 -0.019467684352266354 0.010530342614641338 -0.0030470265746757519 -0.017244187980243967 0.014940597538029093
leaf_weight=32.223057127790526 190.80144990747795 30.426888461224735 46.822704548249021 82.792161707533523 19.034573763608936 7.8650830937549463
leaf_count=1256 1481 1435 425 1461 246 48
internal_value=0 -0.00588036 -0.00234717 -0.00786083 0.00520109 -0.00706592
internal_weight=409.966 192.265 160.042 113.219 217.701 26.8997
internal_count=6352 4577 3321 2896 1775 294
is_linear=0
shrinkage=0.025


Tree=90
num_leaves=7
num_cat=0
split_feature=62 29 16 61 28 1
split_gain=21.0348 15.4364 11.8213 11.7819 11.7451 11.0084
threshold=0.58333333333333337 0.43853150000000002 0.6085020000000001 0.71538450000000009 0.52868100000000007 0.66327083110809337
decision_type=2 2 2 2 2 2
left_child=2 3 -1 4 -2 -4
right_child=1 -3 5 -5 -6 -7
leaf_value=-0.011271542998834323 -0.014981788789137569 0.0080674369420293372 0.0019121417533835652 0.0071189012232761965 0.0046838905467590257 0.01409200888355449
leaf_weight=21.046279814792797 117.06096393777989 37.530013595707715 105.8716729443986 21.374065953306854 20.593231393722817 84.223269673064351
leaf_count=628 3317 398 1077 237 362 333
internal_value=0 -0.00584715 0.00544803 -0.00925915 -0.0119463 0.00746685
internal_weight=407.699 196.558 211.141 159.028 137.654 190.095
internal_count=6352 4314 2038 3916 3679 1410
is_linear=0
shrinkage=0.025


Tree=91
num_leaves=7
num_cat=0
split_feature=62 19 29 48 15 0
split_gain=19.1794 14.7136 11.7993 11.4838 9.58493 8.69998
threshold=0.75000000000000011 0.68261000000000005 0.43853150000000002 0.66350000000000009 0.49243850000000006 0.43590000000000001
decision_type=2 2 2 2 2 2
left_child=1 -1 4 5 -3 -2
right_child=3 2 -4 -5 -6 -7
leaf_value=-0.0070696645629441876 0 -0.010311599495768565 0.015153248816688759 0.0030132971570281113 0.0046541179723496064 -0.023796490041255808
leaf_weight=74.431448832619935 12.648398658260701 28.8416609284468 57.174658823991194 21.819857101887465 174.36815826361999 36.758579659508541
leaf_count=1725 441 411 259 375 1498 1643
internal_value=0 0.00252469 0.00534169 -0.011551 0.00238799 -0.017987
internal_weight=406.043 334.816 260.384 71.2268 203.21 49.407
internal_count=6352 3893 2168 2459 1909 2084
is_linear=0
shrinkage=0.025


Tree=92
num_leaves=7
num_cat=0
split_feature=2 39 43 31 19 47
split_gain=18.8623 13.2514 16.7996 14.2647 16.7743 10.546
threshold=0.53635814785957348 1.0000000180025095e-35 1.0000000180025095e-35 0.31505900000000003 0.68304650000000011 0.9328240000000001
decision_type=2 2 2 2 2 2
left_child=-1 2 5 4 -3 -2
right_child=1 3 -4 -5 -6 -7
leaf_value=-0.011367775877862177 -0.010255896161137741 -0.015295814218945819 -0.028587260063620674 0.013945565923232681 0.0043427490537463406 0.013928963867742384
leaf_weight=72.047835279721767 22.713431354146451 29.692862544441596 15.216356872813774 74.946666547097266 170.29153158795089 17.833870151545852
leaf_count=2377 540 768 497 433 1668 69
internal_value=0 0.00254339 -0.00826963 0.00482286 0.00123083 0.000369208
internal_weight=402.743 330.695 55.7637 274.931 199.984 40.5473
internal_count=6352 3975 1106 2869 2436 609
is_linear=0
shrinkage=0.025


Tree=93
num_leaves=7
num_cat=0
split_feature=1 60 43 44 16 48
split_gain=18.8681 14.0486 17.6555 12.2857 7.4978 7.36432
threshold=0.6737692952156068 0.68000000000000005 1.0000000180025095e-35 0.047970500000000006 0.60374950000000016 0.67393350000000007
decision_type=2 2 2 2 2 2
left_child=1 2 3 -1 -2 -3
right_child=4 5 -4 -5 -6 -7
leaf_value=-0.0080444933348246938 -0.017381146517037628 -0.017234532573464724 -0.016784307371415372 0.0063810708255485297 0.011160746128666549 -0.00040479699883471624
leaf_weight=45.829310828703456 3.7075989875011137 52.147249364643358 30.644209392601624 150.98909159330651 91.821258240379393 24.842060591094196
leaf_count=1492 104 1496 941 1509 521 289
internal_value=0 -0.0030495 7.32178e-05 0.0029194 0.00954872 -0.0120977
internal_weight=399.981 304.452 227.463 196.818 95.5289 76.9893
internal_count=6352 5727 3942 3001 625 1785
is_linear=0
shrinkage=0.025


Tree=94
num_leaves=7
num_cat=0
split_feature=9 29 2 47 31 17
split_gain=18.3745 15.4055 13.3137 14.6412 10.7764 6.50923
threshold=0.63000000000000012 0.43853150000000002 0.72797358036041271 0.95350950000000012 0.5186845000000001 0.73157850000000002
decision_type=2 2 2 2 2 2
left_child=4 2 3 -2 -1 -3
right_child=1 5 -4 -5 -6 -7
leaf_value=-0.019068340093025295 -0.0068251821698916779 0.014556316317531716 0.012246603270061345 0.0068468268373437424 0.010560016722488979 -0.007784756014498133
leaf_weight=40.661363849649206 171.21231749444269 65.588634578045458 39.668942412827164 65.353587777819484 7.2352208402007809 7.1404009107500306
leaf_count=2274 3030 386 198 347 64 53
internal_value=0 0.00202428 -0.000671284 -0.00297946 -0.0141173 0.0120608
internal_weight=396.86 348.964 276.235 236.566 47.8966 72.729
internal_count=6352 4014 3575 3377 2338 439
is_linear=0
shrinkage=0.025


Tree=95
num_leaves=7
num_cat=0
split_feature=62 29 19 44 28 61
split_gain=18.5522 13.0917 12.9261 11.7441 10.6304 10.4519
threshold=0.58333333333333337 0.43853150000000002 0.72479800000000016 0.40492000000000006 0.65961650000000016 0.71538450000000009
decision_type=2 2 2 2 2 2
left_child=2 4 3 -1 5 -2
right_child=1 -3 -4 -5 -6 -7
leaf_value=-0.0066262632426489403 -0.013554033525007683 0.0073551923299002122 0.012105324319543717 0.0096329952715947138 0.011108102496239511 0.0052559537393680415
leaf_weight=70.637362132547423 121.17388078162912 36.696244215825573 90.759425430092961 42.186362303327769 12.876889594132079 19.599553369916975
leaf_count=1320 3524 398 503 215 159 233
internal_value=0 -0.0055732 0.00521523 -0.000393795 -0.00878524 -0.0108281
internal_weight=393.93 190.347 203.583 112.824 153.65 140.773
internal_count=6352 4314 2038 1535 3916 3757
is_linear=0
shrinkage=0.025


Tree=96
num_leaves=7
num_cat=0
split_feature=9 62 61 0 47 39
split_gain=17.9736 14.4482 19.063 12.9155 10.2705 7.77987
threshold=0.63000000000000012 0.41666666666666669 0.71538450000000009 0.48566650000000006 0.25677900000000003 1.0000000180025095e-35
decision_type=2 2 2 2 2 2
left_child=4 5 3 -3 -1 -2
right_child=1 2 -4 -5 -6 -7
leaf_value=0.0046794308917394089 -0.0081721659562796617 0.0057465357314057204 0.013889432502099036 -0.0068212576032122482 -0.020579715564545877 0.016821607478095021
leaf_weight=11.932227046345359 7.1095247045159331 69.370151746086776 46.787638935726136 172.11431865463965 35.120306411525235 49.217339026741683
leaf_count=395 74 705 300 2757 1943 178
internal_value=0 0.00201075 -0.000261399 -0.00315321 -0.0140847 0.0133049
internal_weight=391.652 344.599 288.272 241.484 47.0525 56.3269
internal_count=6352 4014 3762 3462 2338 252
is_linear=0
shrinkage=0.025


Tree=97
num_leaves=7
num_cat=0
split_feature=19 39 47 60 31 47
split_gain=17.3335 14.975 13.892 11.0705 10.7242 9.76179
threshold=0.68261000000000005 1.0000000180025095e-35 0.9328240000000001 0.68000000000000005 0.30852950000000007 0.25677900000000003
decision_type=2 2 2 2 2 2
left_child=5 2 -2 4 -3 -1
right_child=1 3 -4 -5 -6 -7
leaf_value=0.0041214843024468878 -0.019117590593279173 0.00429907837197407 0.0059466576970219013 -0.003310744504243829 0.017464387850614879 -0.014294585775584082
leaf_weight=22.206291767768562 30.968787963036448 128.02879080292769 21.230802274309099 63.989103659288958 56.346757468534634 66.099445499829017
leaf_count=476 936 1407 131 883 290 2229
internal_value=0 0.00287076 -0.00895754 0.00545612 0.00854914 -0.00958116
internal_weight=388.87 300.564 52.1996 248.365 184.376 88.3057
internal_count=6352 3647 1067 2580 1697 2705
is_linear=0
shrinkage=0.025


Tree=98
num_leaves=7
num_cat=0
split_feature=1 39 44 9 0 59
split_gain=16.8882 13.5857 16.4911 7.38456 7.0566 6.9446
threshold=0.61476194858551036 1.0000000180025095e-35 0.40492000000000006 0.80800000000000016 0.46560000000000007 1.0000000180025095e-35
decision_type=2 2 2 2 2 2
left_child=1 -1 5 4 -2 -3
right_child=3 2 -4 -5 -6 -7
leaf_value=-0.020521678241949854 0.011567771462511756 -0.016139857875352055 0.0098365041148721112 0.0079725453824145056 -0.0070558902777338901 -0.002727462811660245
leaf_weight=28.906132936710492 14.527884272392837 36.946828577201813 45.734649828635156 143.57075229054317 46.53861418645829 70.849083571811207
leaf_count=1256 164 1156 425 853 758 1740
internal_value=0 -0.00549117 -0.00232174 0.00490264 -0.00220692 -0.0076655
internal_weight=387.074 182.437 153.531 204.637 61.0665 107.796
internal_count=6352 4577 3321 1775 922 2896
is_linear=0
shrinkage=0.025


Tree=99
num_leaves=7
num_cat=0
split_feature=62 19 0 48 16 1
split_gain=16.7956 11.9819 11.5902 13.4344 10.8996 10.2754
threshold=0.58333333333333337 0.64465600000000012 0.43510000000000004 0.65910000000000013 0.6085020000000001 0.6607961654663087
decision_type=2 2 2 2 2 2
left_child=4 -2 -3 -4 -1 -6
right_child=1 2 3 -5 5 -7
leaf_value=-0.011651028514514704 -0.025810112749992783 0.008321909002528197 -0.01344184547976518 0.0023210943211597838 0.0013930149953324481 0.01345832088326923
leaf_weight=19.369104467215948 14.037484410684554 38.489353622542694 77.117725198855624 56.168320001335815 98.681596498703584 81.080948906950653
leaf_count=628 768 573 2311 662 1065 345
internal_value=0 -0.00536877 -0.00330181 -0.00681428 0.00501414 0.00699297
internal_weight=384.945 185.813 171.775 133.286 199.132 179.763
internal_count=6352 4314 3546 2973 2038 1410
is_linear=0
shrinkage=0.025


Tree=100
num_leaves=7
num_cat=0
split_feature=62 29 16 61 9 21
split_gain=16.0315 12.0258 10.5744 9.95586 11.9594 9.36653
threshold=0.58333333333333337 0.60023650000000017 0.6085020000000001 0.70602650000000011 0.73000000000000009 0.70400000000000007
decision_type=2 2 2 2 2 2
left_child=2 3 -1 4 -2 -4
right_child=1 -3 5 -5 -6 -7
leaf_value=-0.011520520041446033 -0.022558375298257632 0.01050733692307846 -1.758601944083437e-05 0.0051041794816657918 -0.0056367955102216184 0.011451524132006318
leaf_weight=19.358139758231118 35.98196815722622 23.537205754080787 72.318202643888071 28.467435357626528 96.477022525272332 107.20083159860224
leaf_count=628 1962 205 874 343 1804 536
internal_value=0 -0.00527166 0.00489434 -0.00775848 -0.010631 0.0068464
internal_weight=383.341 184.464 198.877 160.926 132.459 179.519
internal_count=6352 4314 2038 4109 3766 1410
is_linear=0
shrinkage=0.025


Tree=101
num_leaves=7
num_cat=0
split_feature=19 29 47 0 47 31
split_gain=15.63 15.1143 12.6381 19.0786 9.39766 9.42087
threshold=0.68261000000000005 0.91839300000000013 0.92859900000000006 0.48873350000000004 0.25677900000000003 0.25658900000000001
decision_type=2 2 2 2 2 2
left_child=4 2 3 -2 5 -1
right_child=1 -3 -4 -5 -6 -7
leaf_value=-0.012912572162317774 0.0094275311000015169 0.020329791502035659 0.0083974992036488262 -0.0081852396352974643 -0.01388269831337776 0.016902348456641996
leaf_weight=8.9714107098989206 52.126686351955868 25.280755599960685 90.673373053083196 126.1271290081786 64.620893511921167 12.991533955093471
leaf_count=387 618 92 507 2430 2229 89
internal_value=0 0.00275726 0.000901068 -0.00292718 -0.0091835 0.00429089
internal_weight=380.792 294.208 268.927 178.254 86.5838 21.9629
internal_count=6352 3647 3555 3048 2705 476
is_linear=0
shrinkage=0.025


Tree=102
num_leaves=7
num_cat=0
split_feature=62 22 15 48 47 48
split_gain=15.3092 12.0195 13.362 9.79111 9.56531 6.8868
threshold=0.75000000000000011 0.46740950000000003 0.6671410000000001 0.66350000000000009 0.89406000000000019 0.4956000000000001
decision_type=2 2 2 2 2 2
left_child=1 2 4 -2 -1 -3
right_child=3 5 -4 -5 -6 -7
leaf_value=-0.011065524392912087 -0.017006475889460741 -0.0033290304684768322 0.0053721565983007834 0.002881490388750128 0.0049646145158184192 0.013164468511431491
leaf_weight=83.275810552528128 45.143727964605205 17.883414838695899 107.90107394638471 20.939363110810518 29.393545433413237 73.427252340130508
leaf_count=2168 2084 168 936 375 181 440
internal_value=0 0.00233462 -0.000807921 -0.0107018 -0.00679057 0.00983827
internal_weight=377.964 311.881 220.57 66.0831 112.669 91.3107
internal_count=6352 3893 3285 2459 2349 608
is_linear=0
shrinkage=0.025


Tree=103
num_leaves=7
num_cat=0
split_feature=2 16 29 62 15 0
split_gain=14.8744 12.5906 9.32454 10.6406 6.69388 8.96344
threshold=0.53635814785957348 0.60374950000000016 0.43853150000000002 0.41666666666666669 0.65766600000000019 0.38173350000000006
decision_type=2 2 2 2 2 2
left_child=4 -2 3 -3 -1 -6
right_child=1 2 -4 -5 5 -7
leaf_value=-0.017250485562236552 -0.014616879753770609 0.012011189544513653 0.012197341006856006 -0.0013414933342913932 0.01858198610536636 -0.0095038760919779215
leaf_weight=37.076234849751927 22.651081086602062 44.119977217633277 61.94987635454163 181.43989619251806 7.5619959062896696 21.40673810208682
leaf_count=1759 804 242 369 2560 60 558
internal_value=0 0.00231223 0.00379065 0.00133499 -0.010547 -0.00100051
internal_weight=376.206 310.161 287.51 225.56 66.045 28.9687
internal_count=6352 3975 3171 2802 2377 618
is_linear=0
shrinkage=0.025


Tree=104
num_leaves=7
num_cat=0
split_feature=39 22 62 47 17 44
split_gain=14.8159 16.8847 15.3396 12.8289 10.8108 10.0921
threshold=1.0000000180025095e-35 0.46740950000000003 0.41666666666666669 0.9328240000000001 0.58834750000000013 0.047970500000000006
decision_type=2 2 2 2 2 2
left_child=3 2 5 -1 -4 -2
right_child=1 -3 4 -5 -6 -7
leaf_value=-0.018664885951067977 -0.012062254574594811 0.011006057633954616 -0.020129883102706966 0.0044915593088811863 -0.002155426920986699 0.018077344994681152
leaf_weight=41.237912017269991 6.4807462750468394 93.256340183783323 22.07734529429581 20.66278756223619 158.64590813964605 31.663296191487461
leaf_count=1597 199 709 709 145 2859 134
internal_value=0 0.00223625 -0.00154302 -0.010925 -0.00464366 0.0123143
internal_weight=374.024 312.124 218.867 61.9007 180.723 38.144
internal_count=6352 4610 3901 1742 3568 333
is_linear=0
shrinkage=0.025


Tree=105
num_leaves=7
num_cat=0
split_feature=2 22 0 47 31 39
split_gain=14.7228 11.8846 20.7768 16.1452 10.7226 6.30594
threshold=0.68331685662269603 0.41160100000000005 0.48180000000000006 0.91059500000000015 0.24180350000000003 1.0000000180025095e-35
decision_type=2 2 2 2 2 2
left_child=1 2 4 -4 -1 -3
right_child=-2 5 3 -5 -6 -7
leaf_value=-0.0053389007306726263 0.0077227935757966312 -0.0097480255784527254 -0.023140012625623759 0 0.012354761577702515 0.0066228006577818245
leaf_weight=52.280812419485301 106.86736489157192 15.21062362345401 56.534760276786983 26.942072893492877 32.457062933593988 80.370333081344143
leaf_count=1424 824 391 2409 224 277 803
internal_value=0 -0.00317174 -0.00715118 -0.0158209 0.00149782 0.00374629
internal_weight=370.663 263.796 168.215 83.4768 84.7379 95.581
internal_count=6352 5528 4334 2633 1701 1194
is_linear=0
shrinkage=0.025


Tree=106
num_leaves=7
num_cat=0
split_feature=9 2 0 61 47 61
split_gain=14.2782 12.6917 11.1553 15.854 9.24636 8.48787
threshold=0.63000000000000012 0.71845820546150219 0.48566650000000006 0.49346600000000007 0.27740900000000007 0.53454550000000012
decision_type=2 2 2 2 2 2
left_child=4 2 -2 -4 -1 -3
right_child=1 5 3 -5 -6 -7
leaf_value=0.0038460058671650568 0.0071843453318805777 -0.0027176815090215831 -0.013135097014641703 0.0016560541794725372 -0.020196262346465255 0.01837373227153825
leaf_weight=12.561262714560142 81.289293568581343 14.90637784777209 68.55721488292329 121.34950687177479 30.340010708197951 39.415572474710643
leaf_count=465 791 141 1756 1173 1873 153
internal_value=0 0.00181871 -0.000397414 -0.00373943 -0.0131399 0.0125672
internal_weight=368.419 325.518 271.196 189.907 42.9013 54.322
internal_count=6352 4014 3720 2929 2338 294
is_linear=0
shrinkage=0.025


Tree=107
num_leaves=7
num_cat=0
split_feature=1 49 60 43 39 20
split_gain=13.8163 10.5036 8.88993 16.3341 9.23975 9.18286
threshold=0.5700787901878358 1.0000000180025095e-35 0.68000000000000005 1.0000000180025095e-35 1.0000000180025095e-35 0.69420450000000011
decision_type=2 2 2 2 2 2
left_child=1 -1 3 -2 -5 -4
right_child=2 -3 5 4 -6 -7
leaf_value=0.00085788274622548583 0.0088241659853727089 -0.014286787878463037 -0.020979594218557721 -0.026622279814343675 0 0.00060523845084213285
leaf_weight=51.173805517377332 167.04698930261657 58.919378428836353 14.193490657489745 10.673568469239401 19.75108729256317 43.768749600742012
leaf_count=791 1518 2686 376 335 203 443
internal_value=0 -0.00730675 0.00318954 0.00572536 -0.0104011 -0.00518454
internal_weight=365.527 110.093 255.434 197.472 30.4247 57.9622
internal_count=6352 3477 2875 2056 538 819
is_linear=0
shrinkage=0.025


Tree=108
num_leaves=7
num_cat=0
split_feature=29 47 44 22 62 20
split_gain=13.8511 13.8369 13.1224 12.8446 12.5904 8.51688
threshold=0.91839300000000013 0.92859900000000006 0.15442000000000003 0.40896850000000007 0.41666666666666669 0.70290900000000012
decision_type=2 2 2 2 2 2
left_child=1 2 3 -1 -4 -3
right_child=-2 5 4 -5 -6 -7
leaf_value=-0.016928188808496059 0.015760529233791367 -0.0084841106581857208 0.015837459367177367 0.00095880319091086593 -0.0031420147058844939 0.01005824118791908
leaf_weight=72.403818482998759 29.339166911318898 16.700486324261874 24.722540965303779 35.996962184435688 107.40335594140925 76.798546784091741
leaf_count=3191 151 180 131 568 1719 412
internal_value=0 -0.00149113 -0.00467647 -0.0110218 0.00057246 0.00652043
internal_weight=363.365 334.026 240.527 108.401 132.126 93.499
internal_count=6352 6201 5609 3759 1850 592
is_linear=0
shrinkage=0.025


Tree=109
num_leaves=7
num_cat=0
split_feature=9 29 61 0 31 2
split_gain=13.653 11.3197 10.1473 11.9677 8.8292 6.51265
threshold=0.63000000000000012 0.43853150000000002 0.50715900000000003 0.48566650000000006 0.36100750000000004 0.72797358036041271
decision_type=2 2 2 2 2 2
left_child=4 2 3 -2 -1 -4
right_child=1 -3 5 -5 -6 -7
leaf_value=-0.018903085765064508 0.0029127367949156185 0.010850106493211539 0.00093564029276986592 -0.011671355792369258 0.0066510138453504362 0.014124597610520271
leaf_weight=32.497891289996915 60.735060721170157 65.562363488366827 85.340306901140139 76.167848526267335 9.136979701695962 30.861869079526514
leaf_count=2149 696 439 894 1855 189 130
internal_value=0 0.00179165 -0.000603718 -0.00520235 -0.0130378 0.00473589
internal_weight=360.302 318.667 253.105 136.903 41.6349 116.202
internal_count=6352 4014 3575 2551 2338 1024
is_linear=0
shrinkage=0.025


Tree=110
num_leaves=7
num_cat=0
split_feature=39 60 47 31 61 0
split_gain=13.0791 13.3178 11.5869 11.5267 15.1671 8.49083
threshold=1.0000000180025095e-35 0.68000000000000005 0.9328240000000001 0.30852950000000007 0.71538450000000009 0.80776700000000012
decision_type=2 2 2 2 2 2
left_child=2 3 -1 4 -2 -3
right_child=1 5 -4 -5 -6 -7
leaf_value=-0.0180717548113556 -0.0020847589574256612 -0.013453675352065063 0.0043527552135451042 0.013509084372937194 0.018896827639555795 0.0028909719891536856
leaf_weight=39.159874697914347 130.03937887400389 44.632585300249048 19.916816686745733 69.539921146817505 23.150162169709802 31.765720478957519
leaf_count=1597 2401 1270 145 474 115 350
internal_value=0 0.00214351 -0.0104998 0.00524615 0.00128232 -0.00667055
internal_weight=358.204 299.128 59.0767 222.729 153.19 76.3983
internal_count=6352 4610 1742 2990 2516 1620
is_linear=0
shrinkage=0.025


Tree=111
num_leaves=7
num_cat=0
split_feature=2 49 22 47 44 19
split_gain=12.9879 12.6923 17.8763 12.3949 9.66791 8.51977
threshold=0.68331685662269603 1.0000000180025095e-35 0.41160100000000005 0.91059500000000015 0.17984500000000003 0.68845600000000007
decision_type=2 2 2 2 2 2
left_child=1 4 3 -3 -1 -6
right_child=-2 2 -4 -5 5 -7
leaf_value=-0.0048796896406449542 0.0073879720078545569 -0.020848762816816302 0.0013981164196994783 -2.087045435430512e-05 -0.0011236176282966085 0.019089314463210067
leaf_weight=36.926558640087023 102.81141109578311 60.151405256357975 79.087504112860188 26.165265117771924 19.598393314518034 31.061471003107727
leaf_count=782 824 3023 1120 234 195 174
internal_value=0 -0.00304527 -0.00710366 -0.014812 0.00450618 0.01142
internal_weight=355.802 252.991 165.404 86.3167 87.5864 50.6599
internal_count=6352 5528 4377 3257 1151 369
is_linear=0
shrinkage=0.025


Tree=112
num_leaves=7
num_cat=0
split_feature=1 39 44 21 15 20
split_gain=12.4646 11.034 10.4153 6.27624 5.91674 6.18953
threshold=0.61476194858551036 1.0000000180025095e-35 0.40492000000000006 0.87400000000000011 0.48619900000000005 0.78419650000000007
decision_type=2 2 2 2 2 2
left_child=1 -1 3 -3 -2 -6
right_child=4 2 -4 -5 5 -7
leaf_value=-0.019437812769534369 -0.0059192324051066747 -0.010041358927392767 0.0079772933630862086 0.0041274009535442061 0.0042209639066170873 0.019353532918720683
leaf_weight=25.199511936632916 26.924660943914205 74.036384745151736 42.211991285439581 23.660989929689094 143.44704752252437 17.737848143093288
leaf_count=1256 345 2543 425 353 1346 84
internal_value=0 -0.00497312 -0.00201091 -0.00650518 0.00437302 0.00620986
internal_weight=353.218 165.109 139.909 97.6974 188.11 161.185
internal_count=6352 4577 3321 2896 1775 1430
is_linear=0
shrinkage=0.025


Tree=113
num_leaves=7
num_cat=0
split_feature=29 1 49 61 62 47
split_gain=12.3154 12.533 8.66258 8.69483 5.79766 8.11779
threshold=0.91839300000000013 0.61476194858551036 1.0000000180025095e-35 0.50029400000000013 0.41666666666666669 0.88933350000000011
decision_type=2 2 2 2 2 2
left_child=1 2 -1 -4 -3 -6
right_child=-2 4 3 -5 5 -7
leaf_value=0.00063636225516078314 0.015083196874192309 0.011552567544001874 -0.017659583818742667 -0.0018505237125066003 -0.0048155280585063034 0.0073686608027818956
leaf_weight=60.421595960855484 28.399504087865353 37.369221258442849 53.414451556978747 38.823331201099791 73.663449807092547 59.277419790159911
leaf_count=976 151 193 2932 583 1184 333
internal_value=0 -0.00143197 -0.00659873 -0.0113223 0.00317714 0.000588446
internal_weight=351.369 322.969 152.659 92.2378 170.31 132.941
internal_count=6352 6201 4491 3515 1710 1517
is_linear=0
shrinkage=0.025


Tree=114
num_leaves=7
num_cat=0
split_feature=62 16 21 0 48 0
split_gain=12.2744 9.98012 10.3466 14.2923 8.03082 8.23234
threshold=0.75000000000000011 0.59337350000000011 0.70400000000000007 0.48180000000000006 0.66350000000000009 0.43590000000000001
decision_type=2 2 2 2 2 2
left_child=1 -1 3 -3 5 -2
right_child=4 2 -4 -5 -6 -7
leaf_value=-0.018987768979694147 0.0014896077094944849 0.0046396399191459435 0.0073784858404925937 -0.012673317029201686 0.002534511240609133 -0.022212487621971845
leaf_weight=10.69821328949183 11.342117669759316 71.550831323023885 157.54981337743811 47.12115933385212 20.242888871347532 30.456082792603411
leaf_count=595 441 859 1209 1230 375 1643
internal_value=0 0.00219845 0.00321335 -0.00228226 -0.00985845 -0.0158622
internal_weight=348.961 286.92 276.222 118.672 62.0411 41.7982
internal_count=6352 3893 3298 2089 2459 2084
is_linear=0
shrinkage=0.025


Tree=115
num_leaves=7
num_cat=0
split_feature=39 22 31 43 9 47
split_gain=12.111 14.0292 12.2495 11.1983 9.72032 8.36872
threshold=1.0000000180025095e-35 0.47288350000000007 0.4765890000000001 1.0000000180025095e-35 0.63000000000000012 0.9328240000000001
decision_type=2 2 2 2 2 2
left_child=3 2 4 5 -2 -1
right_child=1 -3 -4 -5 -6 -7
leaf_value=-0.011602883254077665 -0.017600362567188024 0.010478703238471108 0.015261163735573645 -0.027109819652498979 -0.0012099490657634703 0.009874218118157925
leaf_weight=25.20702227705624 24.270999130327255 85.078517917077988 21.66932013630867 15.105776131502351 159.15306825865991 16.51222005719319
leaf_count=931 1643 675 140 720 2152 91
internal_value=0 0.0020878 -0.00143511 -0.0102999 -0.00363332 -0.00282684
internal_weight=346.997 290.172 205.093 56.825 183.424 41.7192
internal_count=6352 4610 3935 1742 3795 1022
is_linear=0
shrinkage=0.025


Tree=116
num_leaves=7
num_cat=0
split_feature=2 49 22 47 44 19
split_gain=11.7965 12.1693 16.5035 11.2705 7.41237 7.38746
threshold=0.68331685662269603 1.0000000180025095e-35 0.41160100000000005 0.91059500000000015 0.17984500000000003 0.68845600000000007
decision_type=2 2 2 2 2 2
left_child=1 4 3 -3 -1 -6
right_child=-2 2 -4 -5 5 -7
leaf_value=-0.0037575350429054875 0.0071365136824659992 -0.020534491037953628 0.0012598252229907216 -0.00039009825303693994 -0.0010168868819102909 0.01808135605300434
leaf_weight=35.780565054854378 99.864365963032469 57.206752046127804 77.042325032409281 25.876598309725523 19.102247629314661 29.629278150387108
leaf_count=782 824 3023 1120 234 195 174
internal_value=0 -0.00295594 -0.00699095 -0.0145574 0.00456986 0.0107399
internal_weight=344.502 244.638 160.126 83.0834 84.5121 48.7315
internal_count=6352 5528 4377 3257 1151 369
is_linear=0
shrinkage=0.025


Tree=117
num_leaves=7
num_cat=0
split_feature=29 62 9 19 61 47
split_gain=11.763 12.062 7.85997 7.62524 7.56135 6.97558
threshold=0.65961650000000016 0.58333333333333337 0.73000000000000009 0.72479800000000016 0.70425850000000012 0.28161300000000006
decision_type=2 2 2 2 2 2
left_child=1 3 4 5 -3 -1
right_child=-2 2 -4 -5 -6 -7
leaf_value=0.010867838104465694 0.012369606282784676 -0.021446788913172116 -0.0029746934350848835 0.008962396266162749 0.0025023130467772821 -0.0056798124705168661
leaf_weight=17.954268598579802 39.720705174142495 31.314057413837872 105.70952837192453 71.357454981189221 9.4277848890051228 67.571144667919725
leaf_count=226 295 1968 2012 473 171 1207
internal_value=0 -0.00170764 -0.00682938 0.00305078 -0.0158783 -0.00189658
internal_weight=343.055 303.334 146.451 156.883 40.7418 85.5254
internal_count=6352 6057 4151 1906 2139 1433
is_linear=0
shrinkage=0.025


Tree=118
num_leaves=7
num_cat=0
split_feature=62 16 60 43 20 48
split_gain=11.0906 9.14158 9.10804 10.2402 8.30251 6.86965
threshold=0.75000000000000011 0.59337350000000011 0.68000000000000005 1.0000000180025095e-35 0.67238300000000006 0.66350000000000009
decision_type=2 2 2 2 2 2
left_child=1 -1 3 -3 -4 -2
right_child=5 2 4 -5 -6 -7
leaf_value=-0.018565108421154726 -0.015214169390560096 0.0079629006995218486 -0.020680603632160913 -0.0074897853714034849 0 0.0019943246809411767
leaf_weight=10.206519125262274 40.191600769408979 176.14750172768254 13.351624504895879 28.924472622340545 52.179649419384077 19.896304726134986
leaf_count=595 2084 1649 549 560 540 375
internal_value=0 0.00210406 0.0030785 0.00567726 -0.00483513 -0.00952423
internal_weight=340.898 280.81 270.603 205.072 65.5313 60.0879
internal_count=6352 3893 3298 2209 1089 2459
is_linear=0
shrinkage=0.025


Tree=119
num_leaves=7
num_cat=0
split_feature=2 49 22 47 3 44
split_gain=11.1239 11.3571 15.2761 10.6058 6.6021 6.29718
threshold=0.68331685662269603 1.0000000180025095e-35 0.41160100000000005 0.91059500000000015 0.9264817237854005 0.17984500000000003
decision_type=2 2 2 2 2 2
left_child=1 5 3 -3 -4 -1
right_child=-2 2 4 -5 -6 -7
leaf_value=-0.0032968316337954485 0.0069804309998653218 -0.02015782656734133 -0.016576428592269456 -0.00038299953271041535 0.004011508337179736 0.010139695833364144
leaf_weight=35.335214540362358 98.356451241765171 55.431130154174753 8.7490662746131402 25.393278402276337 67.720404755324125 48.062981784809381
leaf_count=782 824 3023 182 234 938 369
internal_value=0 -0.00289492 -0.00683367 -0.0142479 0.00109499 0.00441461
internal_weight=339.049 240.692 157.294 80.8244 76.4695 83.3982
internal_count=6352 5528 4377 3257 1120 1151
is_linear=0
shrinkage=0.025


Tree=120
num_leaves=7
num_cat=0
split_feature=62 16 21 6 48 61
split_gain=10.7054 8.78698 8.6875 10.4449 6.37857 5.35992
threshold=0.75000000000000011 0.59337350000000011 0.70400000000000007 0.53070650000000008 0.66350000000000009 0.71538450000000009
decision_type=2 2 2 2 2 2
left_child=1 -1 3 -3 -2 -4
right_child=4 2 5 -5 -6 -7
leaf_value=-0.018406707684581271 -0.015026152063184773 0.008080070362074877 0.004038293541761339 -0.0074563710549866193 0.0016667430786503547 0.015156813951533621
leaf_weight=9.9456216179532912 39.189283740590326 38.493894598330371 117.522644288023 76.061126418993808 19.738045115722343 35.737458040937781
leaf_count=595 2084 625 997 1464 375 212
internal_value=0 0.00207169 0.00302775 -0.00209984 -0.00945205 0.00688876
internal_weight=336.688 277.761 267.815 114.555 58.9273 153.26
internal_count=6352 3893 3298 2089 2459 1209
is_linear=0
shrinkage=0.025


Tree=121
num_leaves=7
num_cat=0
split_feature=39 22 31 43 9 46
split_gain=10.7541 11.4686 11.2717 10.6466 8.78733 7.8374
threshold=1.0000000180025095e-35 0.46740950000000003 0.4765890000000001 1.0000000180025095e-35 0.63000000000000012 0.83257000000000014
decision_type=2 2 2 2 2 2
left_child=3 2 4 -1 -2 -3
right_child=1 5 -4 -5 -6 -7
leaf_value=-0.0025181745503819481 -0.017281785095452085 0.012344453544988001 0.015130762414949588 -0.026641586594077372 -0.0011445098468840032 -0.0090663902503288884
leaf_weight=40.570112835732289 22.38555500516668 75.106483604293317 20.411692610243335 14.359900834620928 152.01912937138695 10.06101121753454
leaf_count=1022 1641 589 136 720 2124 120
internal_value=0 0.00200501 -0.00131892 -0.00986214 -0.00348021 0.00952892
internal_weight=334.914 279.984 194.816 54.93 174.405 85.1675
internal_count=6352 4610 3901 1742 3765 709
is_linear=0
shrinkage=0.025


Tree=122
num_leaves=7
num_cat=0
split_feature=2 49 48 3 59 26
split_gain=10.5158 10.9356 11.3831 6.22945 6.12883 6.48339
threshold=0.68331685662269603 1.0000000180025095e-35 0.54183350000000019 0.9264817237854005 1.0000000180025095e-35 0.91000000000000003
decision_type=2 2 2 2 2 2
left_child=1 4 -3 -4 5 -1
right_child=-2 2 3 -5 -6 -7
leaf_value=-0.0082019211427949816 0.0068354361110358449 -0.016336158056121711 -0.016571361433962095 0.0005046095172064046 0.010129758786601689 0.017131132318929956
leaf_weight=29.590115775819868 96.81892331095878 49.51698960410431 12.941458862274883 91.860063693718985 46.877919430145994 5.2872724663466206
leaf_count=546 824 2586 266 1525 579 26
internal_value=0 -0.00284561 -0.00674684 -0.00185944 0.00439605 -0.00323848
internal_weight=332.893 236.074 154.319 104.802 81.7553 34.8774
internal_count=6352 5528 4377 1791 1151 572
is_linear=0
shrinkage=0.025


Tree=123
num_leaves=7
num_cat=0
split_feature=29 62 9 61 15 16
split_gain=10.9283 10.6515 7.51493 6.41218 6.30755 5.8385
threshold=0.43853150000000002 0.58333333333333337 0.73000000000000009 0.71845200000000009 0.48566450000000005 0.6085020000000001
decision_type=2 2 2 2 2 2
left_child=1 4 3 -3 -1 -2
right_child=5 2 -4 -5 -6 -7
leaf_value=-0.0099711918327236599 -0.016040175315203128 -0.02168827088134849 -0.0033524758118610564 0.0033997435099382468 0.0046630455883773523 0.01099747508681454
leaf_weight=18.960500078625046 2.9860221141716456 28.687512019881979 92.776193218422122 6.5051340530626467 120.69979894766584 61.28249802836217
leaf_count=376 147 1941 1873 102 1411 502
internal_value=0 -0.00223856 -0.00739793 -0.0169009 0.00247432 0.00905666
internal_weight=331.898 267.629 127.969 35.1926 139.66 64.2685
internal_count=6352 5703 3916 2043 1787 649
is_linear=0
shrinkage=0.025


Tree=124
num_leaves=7
num_cat=0
split_feature=29 1 49 22 62 17
split_gain=10.4744 10.1287 7.56387 7.00267 5.32844 5.20596
threshold=0.91839300000000013 0.61476194858551036 1.0000000180025095e-35 0.34847150000000005 0.58333333333333337 0.74611800000000017
decision_type=2 2 2 2 2 2
left_child=1 2 -1 -4 5 -3
right_child=-2 4 3 -5 -6 -7
leaf_value=0.00068966356114400092 0.01445396295551927 0.0078722770732666241 -0.023605336313729321 -0.0063325992109361023 -0.0027786137105213632 -0.013712762793972641
leaf_weight=57.731066488660872 26.15434565092437 95.183774268254638 18.745504376653116 66.320746247423813 60.78219361952506 4.9961917977780095
leaf_count=976 151 710 1713 1802 950 50
internal_value=0 -0.00135235 -0.00616517 -0.0108041 0.0028928 0.00640291
internal_weight=329.914 303.759 142.797 85.0663 160.962 100.18
internal_count=6352 6201 4491 3515 1710 760
is_linear=0
shrinkage=0.025


Tree=125
num_leaves=7
num_cat=0
split_feature=39 60 22 31 43 47
split_gain=11.0894 11.3616 10.5591 10.7838 9.99253 7.36951
threshold=1.0000000180025095e-35 0.68000000000000005 0.46381950000000005 0.4765890000000001 1.0000000180025095e-35 0.91627650000000005
decision_type=2 2 2 2 2 2
left_child=4 2 3 -2 5 -1
right_child=1 -3 -4 -5 -6 -7
leaf_value=-0.011643030300124948 -0.001760286113953067 -0.0063860088127439671 0.013234337898386045 0.017448946451647157 -0.026523938184810966 0.008864492671475821
leaf_weight=22.995610473735724 120.18721337523311 70.588344851275906 64.480389576870948 18.901093775872141 14.08294539520284 16.483702260069549
leaf_count=917 2403 1620 485 102 720 105
internal_value=0 0.00205457 0.0050658 0.00105031 -0.0101389 -0.00285415
internal_weight=327.719 274.157 203.569 139.088 53.5623 39.4793
internal_count=6352 4610 2990 2505 1742 1022
is_linear=0
shrinkage=0.025


Tree=126
num_leaves=7
num_cat=0
split_feature=62 16 60 43 20 48
split_gain=9.74616 8.25625 8.14199 8.58734 7.76007 5.82532
threshold=0.75000000000000011 0.59337350000000011 0.68000000000000005 1.0000000180025095e-35 0.67238300000000006 0.66350000000000009
decision_type=2 2 2 2 2 2
left_child=1 -1 3 -3 -4 -2
right_child=5 2 4 -5 -6 -7
leaf_value=-0.018220958053290045 -0.014629476774360715 0.0076031570066539466 -0.020375391548670005 -0.0069087159162110655 0 0.0015010560784593492
leaf_weight=9.4800886149168928 37.619447983219288 168.64349448704161 12.599901447305454 27.306993097416125 50.670791077893227 19.408775576390326
leaf_count=595 2084 1649 549 560 540 375
internal_value=0 0.00201065 0.00295096 0.00547518 -0.00464453 -0.0091602
internal_weight=325.729 268.701 259.221 195.95 63.2707 57.0282
internal_count=6352 3893 3298 2209 1089 2459
is_linear=0
shrinkage=0.025


Tree=127
num_leaves=7
num_cat=0
split_feature=29 1 49 16 22 62
split_gain=9.75932 9.71607 6.9914 6.9321 6.79125 5.22991
threshold=0.91839300000000013 0.61476194858551036 1.0000000180025095e-35 0.6815675000000001 0.34847150000000005 0.41666666666666669
decision_type=2 2 2 2 2 2
left_child=1 2 3 -1 -4 -3
right_child=-2 5 4 -5 -6 -7
leaf_value=0.0071074163382063684 0.014096454962981467 0.011109529623277201 -0.023401945221026628 -0.010248722937056028 -0.0061647868015493219 0.00032249454541460627
leaf_weight=36.306249517016113 25.576515033841133 34.605110851116478 18.114886813680641 20.268235478550196 65.232819080585614 123.92196752747986
leaf_count=626 151 193 1713 350 1802 1517
internal_value=0 -0.0013151 -0.00608241 0.000570751 -0.0105855 0.00286747
internal_weight=324.026 298.449 139.922 56.5745 83.3477 158.527
internal_count=6352 6201 4491 976 3515 1710
is_linear=0
shrinkage=0.025


Tree=128
num_leaves=7
num_cat=0
split_feature=1 60 43 44 19 62
split_gain=9.55663 9.31011 11.1844 5.81193 5.21202 6.73225
threshold=0.6737692952156068 0.68000000000000005 1.0000000180025095e-35 0.047970500000000006 0.7689275000000001 0.58333333333333337
decision_type=2 2 2 2 2 2
left_child=1 2 3 -1 5 -2
right_child=4 -3 -4 -5 -6 -7
leaf_value=-0.0056407735168632076 0.0081465901016423963 -0.01069545622985762 -0.014755851561474048 0.0054381223862797045 0.021023298655777418 -0.010320883803606342
leaf_weight=35.745221413380932 53.010516840964556 61.07836770627182 23.662893210595939 123.74937781342305 12.435398089699445 13.219026556587776
leaf_count=1492 315 1785 941 1509 66 244
internal_value=0 -0.00244787 0.00036234 0.00285242 0.00744137 0.00409194
internal_weight=322.901 244.236 183.157 159.495 78.6649 66.2295
internal_count=6352 5727 3942 3001 625 559
is_linear=0
shrinkage=0.025


Tree=129
num_leaves=7
num_cat=0
split_feature=9 61 62 29 31 31
split_gain=9.23928 9.37513 10.3839 9.24264 6.81171 4.60623
threshold=0.63000000000000012 0.71538450000000009 0.41666666666666669 1.0000000180025095e-35 0.36100750000000004 1.0000000180025095e-35
decision_type=2 2 2 2 2 2
left_child=4 2 5 -4 -1 -2
right_child=1 -3 3 -5 -6 -7
leaf_value=-0.017248480881801673 -0.0051861251664872222 0.012304513868728969 -0.0078704401206479493 0.0027007482481119943 0.0067905129784175955 0.013830427099755347
leaf_weight=27.409064784296788 7.8180896192789069 40.418903910554945 105.00987617031205 96.092790091177449 7.6611207156674928 36.792144440580159
leaf_count=2149 64 308 2140 1322 189 180
internal_value=0 0.00151798 -0.000327177 -0.0028051 -0.0116618 0.0102136
internal_weight=321.202 286.132 245.713 201.103 35.0702 44.6102
internal_count=6352 4014 3706 3462 2338 244
is_linear=0
shrinkage=0.025


Tree=130
num_leaves=7
num_cat=0
split_feature=29 1 49 61 16 62
split_gain=9.18701 8.59585 6.57739 6.85055 6.80434 4.82537
threshold=0.9893010000000001 0.61476194858551036 1.0000000180025095e-35 0.50029400000000013 0.6815675000000001 0.58333333333333337
decision_type=2 2 2 2 2 2
left_child=1 2 4 -4 -1 -3
right_child=-2 5 3 -5 -6 -7
leaf_value=0.0071533085867050879 0.014571175329763078 0.0061159025237837424 -0.016258245063311087 -0.0014747396024514864 -0.010064728990579379 -0.002670594154491784
leaf_weight=36.402480177115649 22.463560200994834 97.784855425124988 46.335722654999699 35.962632678565569 20.123458559624851 60.48513887822628
leaf_count=628 115 765 2948 587 352 957
internal_value=0 -0.00121414 -0.00572352 -0.0101353 0.000708713 0.00271428
internal_weight=319.558 297.094 138.824 82.2984 56.5259 158.27
internal_count=6352 6237 4515 3535 980 1722
is_linear=0
shrinkage=0.025


Tree=131
num_leaves=7
num_cat=0
split_feature=19 29 47 6 47 47
split_gain=8.99783 8.94614 7.45947 6.78345 9.95261 6.20379
threshold=0.68261000000000005 0.91839300000000013 0.28512800000000005 0.53070650000000008 0.92859900000000006 0.61676800000000009
decision_type=2 2 2 2 2 2
left_child=2 3 -1 -2 -5 -4
right_child=1 -3 5 4 -6 -7
leaf_value=0.0039315851128384101 0.014532799223166205 0.017162486124792063 -0.021306338380297808 -0.0047225967285630943 0.0064086068799918284 -0.0029057504699927851
leaf_weight=21.240747110452503 17.7456036718213 20.35935596562922 24.647306947561447 133.64269300631713 76.834256350062788 23.552736499113962
leaf_count=595 207 92 1513 2847 501 597
internal_value=0 0.00223343 -0.00779493 0.000692175 -0.000590557 -0.0130742
internal_weight=318.023 248.582 69.4408 228.223 210.477 48.2
internal_count=6352 3647 2705 3555 3348 2110
is_linear=0
shrinkage=0.025


Tree=132
num_leaves=7
num_cat=0
split_feature=39 22 43 44 62 15
split_gain=9.18179 9.62632 9.55076 9.45605 8.58516 7.59009
threshold=1.0000000180025095e-35 0.46740950000000003 1.0000000180025095e-35 0.056100000000000004 0.41666666666666669 0.67258850000000014
decision_type=2 2 2 2 2 2
left_child=2 3 5 -2 -5 -1
right_child=1 -3 -4 4 -6 -7
leaf_value=-0.014509500280827743 -0.010022776792538764 0.008996749651653476 -0.026021173609351612 0.01476862924588242 -0.00080146725847631819 0.0065128395685307185
leaf_weight=16.013658698531799 52.023431753797922 80.355038632638752 13.033073969010728 25.035100772976875 107.48028069338761 22.696818413911387
leaf_count=695 2182 709 720 125 1594 327
internal_value=0 0.00190247 -0.00937826 -0.00121882 0.00229426 -0.00232395
internal_weight=316.637 264.894 51.7436 184.539 132.515 38.7105
internal_count=6352 4610 1742 3901 1719 1022
is_linear=0
shrinkage=0.025


Tree=133
num_leaves=7
num_cat=0
split_feature=39 60 22 31 43 15
split_gain=8.68038 9.6309 9.69153 9.08451 8.76874 6.92295
threshold=1.0000000180025095e-35 0.68000000000000005 0.46381950000000005 0.4765890000000001 1.0000000180025095e-35 0.67258850000000014
decision_type=2 2 2 2 2 2
left_child=4 2 3 -2 5 -1
right_child=1 -3 -4 -5 -6 -7
leaf_value=-0.01422988576261084 -0.0018345514032493107 -0.006108979501910472 0.012645967324876299 0.016223599126163973 -0.025445098242529909 0.0060007525270901942
leaf_weight=15.577644185046664 116.44207192125032 67.359825157211162 61.883028766140342 17.846394138177857 12.581652034772558 22.571367358090356
leaf_count=695 2403 1620 485 102 720 327
internal_value=0 0.00184396 0.00466132 0.000753985 -0.00921555 -0.00241201
internal_weight=314.262 263.531 196.171 134.288 50.7307 38.149
internal_count=6352 4610 2990 2505 1742 1022
is_linear=0
shrinkage=0.025


Tree=134
num_leaves=7
num_cat=0
split_feature=2 16 21 9 48 61
split_gain=8.61775 8.77983 6.0493 6.57369 5.64794 5.39667
threshold=0.53966593742370617 0.6068380000000001 0.87400000000000011 0.84350000000000003 0.25536650000000005 0.71538450000000009
decision_type=2 2 2 2 2 2
left_child=2 -2 4 -4 -1 -3
right_child=1 5 3 -5 -6 -7
leaf_value=0.0032893901067465726 -0.012120277382134004 0.0017041702211374713 0.015154812763921669 -0.018429946015162579 -0.016855994651582724 0.011879616744511519
leaf_weight=9.3877673104871047 22.225719225592911 194.48240642389283 9.8985485457815212 2.6210098657757035 36.423003927280661 37.796394309494644
leaf_count=315 868 2699 164 77 1921 308
internal_value=0 0.00200275 -0.00846148 0.00564382 -0.01259 0.00350605
internal_weight=312.835 254.505 58.3303 12.5196 45.8108 232.279
internal_count=6352 3875 2477 241 2236 3007
is_linear=0
shrinkage=0.025


Tree=135
num_leaves=7
num_cat=0
split_feature=29 9 61 47 6 1
split_gain=8.54296 8.73639 7.31461 6.6258 6.22101 5.33393
threshold=0.43853150000000002 0.73000000000000009 0.50715900000000003 0.25677900000000003 0.56336400000000009 0.65371623635292064
decision_type=2 2 2 2 2 2
left_child=1 3 4 -1 -3 -4
right_child=-2 2 5 -5 -6 -7
leaf_value=0.0050699131580876468 0.0082984617729186718 0.0054441804469902788 -0.001159802821761898 -0.014126303137715674 -0.0076901727742539009 0.010929609835159837
leaf_weight=12.232027878751977 59.770446777227335 29.148234593798406 37.03793663950637 48.649462897563353 73.718395120464265 50.754776919260621
leaf_count=459 649 296 480 2577 1613 278
internal_value=0 -0.00203412 0.000588187 -0.0100836 -0.00384452 0.00584153
internal_weight=311.311 251.541 190.659 60.8815 102.867 87.7927
internal_count=6352 5703 2667 3036 1909 758
is_linear=0
shrinkage=0.025


Tree=136
num_leaves=7
num_cat=0
split_feature=19 29 47 62 61 47
split_gain=8.2142 8.24762 7.27746 6.66786 5.93573 5.67712
threshold=0.68261000000000005 0.91839300000000013 0.28512800000000005 0.58333333333333337 0.23257350000000002 0.61676800000000009
decision_type=2 2 2 2 2 2
left_child=2 3 -1 -2 -5 -4
right_child=1 -3 5 4 -6 -7
leaf_value=0.0041498173047399825 0.0049498743395850397 0.016710100292343502 -0.020909832716451474 0.014255569722038359 -0.0053858928855625684 -0.0030250077848273725
leaf_weight=20.734492744551972 111.70501219306607 19.706690142862499 23.68768195231678 7.9895039650145909 102.52149184490554 23.240307601285167
leaf_count=595 1051 92 1513 134 2370 597
internal_value=0 0.00216439 -0.00754001 0.000663948 -0.00360452 -0.0128307
internal_weight=309.585 241.923 67.6625 222.216 110.511 46.928
internal_count=6352 3647 2705 3555 2504 2110
is_linear=0
shrinkage=0.025


Tree=137
num_leaves=7
num_cat=0
split_feature=39 60 22 43 31 18
split_gain=8.25886 8.66038 8.48548 8.3872 8.18177 6.48026
threshold=1.0000000180025095e-35 0.68000000000000005 0.46381950000000005 1.0000000180025095e-35 0.4765890000000001 0.70595600000000014
decision_type=2 2 2 2 2 2
left_child=3 2 4 5 -2 -1
right_child=1 -3 -4 -5 -6 -7
leaf_value=-0.013085376234417049 -0.0016879662370537858 -0.0057772688442558713 0.011996996294398092 -0.025233863205009179 0.015658881413472967 0.0064940005802043262
leaf_weight=16.810150521341711 113.97692312771687 66.427464000065811 61.335791107267141 12.142182344628962 17.339273139834404 20.480049081030302
leaf_count=808 2403 1620 485 720 102 214
internal_value=0 0.00180797 0.00450874 -0.00910659 0.000786913 -0.00237994
internal_weight=308.512 259.079 192.652 49.4324 131.316 37.2902
internal_count=6352 4610 2990 1742 2505 1022
is_linear=0
shrinkage=0.025


Tree=138
num_leaves=7
num_cat=0
split_feature=39 1 29 43 0 15
split_gain=7.90268 8.34177 7.95821 7.88594 6.85556 6.04686
threshold=1.0000000180025095e-35 0.68374666571617138 1.0000000180025095e-35 1.0000000180025095e-35 0.45130000000000009 0.67258850000000014
decision_type=2 2 2 2 2 2
left_child=3 2 -2 5 -4 -1
right_child=1 -3 4 -5 -6 -7
leaf_value=-0.013734385614446166 -0.0048613618100029907 0.010457888355383343 0.014746721170073709 -0.024845552187086988 0.00010745924373308495 0.0054355394027800884
leaf_weight=14.925918270950204 114.80060965265147 52.146807335549966 27.555512283928692 11.785756574419791 63.520264432649128 22.144754001172259
leaf_count=695 2915 373 314 720 1008 327
internal_value=0 0.00176688 -0.000491543 -0.00896313 0.00490581 -0.00244188
internal_weight=306.88 258.023 205.876 48.8564 91.0758 37.0707
internal_count=6352 4610 4237 1742 1322 1022
is_linear=0
shrinkage=0.025


Tree=139
num_leaves=7
num_cat=0
split_feature=44 22 62 29 48 17
split_gain=7.72043 10.7976 8.12302 7.47683 5.96186 5.79049
threshold=0.047970500000000006 0.40896850000000007 0.41666666666666669 0.91839300000000013 0.72016650000000004 0.56998800000000016
decision_type=2 2 2 2 2 2
left_child=1 4 -2 5 -1 -4
right_child=2 -3 3 -5 -6 -7
leaf_value=-0.016784625124170675 0.012134685451695874 0.0061377235802107192 -0.022662554415980907 0.014856560091714852 0.011521102860988119 -0.00054087082169822285
leaf_weight=41.979729671147652 39.369894491508603 22.483746231067926 5.2846324690617612 16.717217380180955 3.0695495754480353 176.55423055577558
leaf_count=2587 239 278 168 87 31 2962
internal_value=0 -0.00730462 0.00212774 0 -0.0141676 -0.00152987
internal_weight=305.459 67.533 237.926 198.556 45.0493 181.839
internal_count=6352 2896 3456 3217 2618 3130
is_linear=0
shrinkage=0.025


Tree=140
num_leaves=7
num_cat=0
split_feature=9 1 0 6 1 17
split_gain=7.59767 6.04706 5.6281 6.49061 5.35093 4.468
threshold=0.75000000000000011 0.68374666571617138 0.46560000000000007 0.71368500000000012 0.48959478735923773 0.56998800000000016
decision_type=2 2 2 2 2 2
left_child=2 5 4 -4 -1 -2
right_child=1 -3 3 -5 -6 -7
leaf_value=-0.014644537350713789 -0.019932691720981291 0.010029469556297447 -0.017524272956466885 0.00064716003594031965 0.0055929876255501054 0.001037316860699558
leaf_weight=8.0798084614798409 4.1008603051304808 49.280634857481346 32.847514385415707 17.180266509996727 32.68693784676725 159.7745187911205
leaf_count=515 131 307 2139 235 802 2223
internal_value=0 0.00257859 -0.00596058 -0.0113836 0.000765339 0.000168337
internal_weight=303.951 213.156 90.7945 50.0278 40.7667 163.875
internal_count=6352 2661 3691 2374 1317 2354
is_linear=0
shrinkage=0.025


Tree=141
num_leaves=7
num_cat=0
split_feature=9 61 0 48 59 21
split_gain=7.47837 7.82102 5.92018 9.59663 5.89559 5.68792
threshold=0.75000000000000011 0.71538450000000009 0.48566650000000006 0.5158330000000001 1.0000000180025095e-35 0.87400000000000011
decision_type=2 2 2 2 2 2
left_child=5 2 4 -4 -2 -1
right_child=1 -3 3 -5 -6 -7
leaf_value=-0.0093785208294195396 -0.0023635508391630523 0.014352332571283911 -0.015296089398141505 0.0011210450488045697 0.01494703883388231 0.0047479898406449957
leaf_weight=69.027333227742929 18.370375198777765 27.75906671769917 24.872980806510895 113.89549412333872 27.831909754313529 21.079091835767031
leaf_count=3344 209 189 625 1434 204 347
internal_value=0 0.00255595 0.000571177 -0.00197825 0.00811654 -0.00594038
internal_weight=302.836 212.73 184.971 138.768 46.2023 90.1064
internal_count=6352 2661 2472 2059 413 3691
is_linear=0
shrinkage=0.025


Tree=142
num_leaves=7
num_cat=0
split_feature=39 60 22 43 33 48
split_gain=7.34043 8.57273 8.07222 7.56964 6.59463 5.74321
threshold=1.0000000180025095e-35 0.68000000000000005 0.46381950000000005 1.0000000180025095e-35 0.70000000000000007 0.54183350000000019
decision_type=2 2 2 2 2 2
left_child=3 2 4 -1 -2 -4
right_child=1 -3 5 -5 -6 -7
leaf_value=-0.0022991844825041596 -0.0013558883175464121 -0.0059407029060649878 -0.0014836878437413329 -0.024565736126612777 0.014982813975655563 0.015908320759854475
leaf_weight=36.151448595745023 113.68611188820796 64.650536391942296 14.01067473227158 11.361003139521925 15.245095613412557 45.946635759202763
leaf_count=1022 2424 1620 174 720 81 311
internal_value=0 0.00171116 0.00441925 -0.00876027 0.000757705 0.0118074
internal_weight=301.052 253.539 188.889 47.5125 128.931 59.9573
internal_count=6352 4610 2990 1742 2505 485
is_linear=0
shrinkage=0.025


Tree=143
num_leaves=7
num_cat=0
split_feature=29 17 4 19 0 24
split_gain=7.35362 6.85771 7.41328 5.83815 5.51363 4.68733
threshold=0.9893010000000001 0.62126400000000015 1.0000000180025095e-35 0.6891695000000001 0.41633350000000008 0.75000000000000011
decision_type=2 2 2 2 2 2
left_child=1 3 -3 5 -5 -1
right_child=-2 2 -4 4 -6 -7
leaf_value=-0.021787560778741145 0.013495187326368591 0.0025560889335848325 -0.017016454225493412 0.01328810931466688 -0.0060468758681866902 0.003805675627562398
leaf_weight=19.542700832942504 20.804870187537745 190.19563453452429 10.349025364790576 8.7820962409023178 45.767745320335962 4.0828302367590359
leaf_count=1540 115 3141 273 122 1029 132
internal_value=0 -0.00111835 0.00130588 -0.0072935 -0.00233482 -0.0170888
internal_weight=299.525 278.72 200.545 78.1754 54.5498 23.6255
internal_count=6352 6237 3414 2823 1151 1672
is_linear=0
shrinkage=0.025


Tree=144
num_leaves=7
num_cat=0
split_feature=29 62 61 0 32 19
split_gain=7.13566 7.15751 8.81827 6.88771 6.2758 4.01822
threshold=0.9893010000000001 0.41666666666666669 0.71538450000000009 0.48873350000000004 0.17192500000000002 0.72047000000000005
decision_type=2 2 2 2 2 2
left_child=1 4 3 -3 -1 -4
right_child=-2 2 5 -5 -6 -7
leaf_value=-0.0017244402557269429 0.013314697339717692 0.001658468012420231 -0.0074904288902146472 -0.0081878865038423603 0.016324384058282137 0.011529536772064329
leaf_weight=20.739286390889902 20.729637528304011 62.740133895131294 6.3138083717785767 134.02865849190857 22.686699512414634 31.028970422688872
leaf_count=379 115 1673 122 3660 118 285
internal_value=0 -0.00110448 -0.00287551 -0.00502303 0.00788949 0.00782587
internal_weight=298.267 277.538 234.112 196.769 43.426 37.3428
internal_count=6352 6237 5740 5333 497 407
is_linear=0
shrinkage=0.025


Tree=145
num_leaves=7
num_cat=0
split_feature=60 43 34 44 60 48
split_gain=6.96274 10.1082 7.66631 6.99584 6.72945 6.6568
threshold=0.68000000000000005 1.0000000180025095e-35 0.30363750000000006 0.047970500000000006 0.49000000000000005 0.66350000000000009
decision_type=2 2 2 2 2 2
left_child=1 3 -2 5 -3 -1
right_child=2 4 -4 -5 -6 -7
leaf_value=-0.0094955249315395278 -0.017730781313567132 -0.0008822619918585847 -0.00072265502553374157 0.0068329075522304385 -0.024392561698737984 0.014276363836590648
leaf_weight=32.770679576555267 22.982128502684645 20.483052884228528 51.330798126058653 152.83742548909504 10.658533409121448 6.7267104629427186
leaf_count=1528 1119 379 839 1751 688 48
internal_value=0 0.00221027 -0.00650241 0.00440484 -0.0104037 -0.00462981
internal_weight=297.789 223.476 74.3129 192.335 31.1416 39.4974
internal_count=6352 4394 1958 3327 1067 1576
is_linear=0
shrinkage=0.025


Tree=146
num_leaves=7
num_cat=0
split_feature=1 60 43 19 14 44
split_gain=7.05646 6.97675 7.88173 5.77654 4.6774 4.93521
threshold=0.6737692952156068 0.68000000000000005 1.0000000180025095e-35 0.7689275000000001 1.0000000180025095e-35 0.16367100000000004
decision_type=2 2 2 2 2 2
left_child=1 2 -1 -2 5 -3
right_child=3 4 -4 -5 -6 -7
leaf_value=0.0024960672265000885 0.003051418263651893 -0.013420635640829357 -0.012993433275965763 0.02146491516891642 -0.015542511867775777 0.007518582999253229
leaf_weight=148.3266962733469 59.589396310271695 9.2574087839457224 21.233136716822628 11.322736173868178 31.957964172412176 14.835978792980312
leaf_count=3001 559 412 941 66 1147 226
internal_value=0 -0.00216962 0.00034493 0.00674159 -0.00961572 -0.000703179
internal_weight=296.523 225.611 169.56 70.9121 56.0514 24.0934
internal_count=6352 5727 3942 625 1785 638
is_linear=0
shrinkage=0.025


Tree=147
num_leaves=7
num_cat=0
split_feature=19 29 47 62 48 0
split_gain=6.78901 7.23614 6.95734 5.62377 5.20496 5.05982
threshold=0.68261000000000005 0.91839300000000013 0.28512800000000005 0.58333333333333337 0.55036650000000009 0.48566650000000006
decision_type=2 2 2 2 2 2
left_child=2 3 -1 -2 -4 -5
right_child=1 -3 4 5 -6 -7
leaf_value=0.0045714492830450986 0.0046333094820117096 0.015950195438157521 -0.018489119877920113 0.0063339536358551236 -0.0003030982379286513 -0.0062780091499713021
leaf_weight=19.767613565141801 105.71857416525017 18.69750024843961 28.035606349236332 23.013796129787806 16.103388450341299 83.745136265992187
leaf_count=595 1051 92 1679 401 431 2103
internal_value=0 0.00200458 -0.00705381 0.000565481 -0.0124138 -0.00339647
internal_weight=295.082 231.175 63.9066 212.478 44.139 106.759
internal_count=6352 3647 2705 3555 2110 2504
is_linear=0
shrinkage=0.025


Tree=148
num_leaves=7
num_cat=0
split_feature=2 49 16 60 43 20
split_gain=6.88777 6.97831 5.85956 4.72242 9.50832 7.1853
threshold=0.57279360294342052 1.0000000180025095e-35 0.6068380000000001 0.68000000000000005 1.0000000180025095e-35 0.70477100000000015
decision_type=2 2 2 2 2 2
left_child=1 -1 -2 4 -4 -5
right_child=2 -3 3 5 -6 -7
leaf_value=0.0014528914693941154 -0.01029040635064246 -0.012600947298767044 0.0086391216260862727 -0.016123467852065664 -0.0082461367791186544 0.0037076961238840275
leaf_weight=39.478254710324109 17.865006250271108 43.739257416687906 124.79513666487765 14.734572767512871 22.343337029917166 30.676190213533118
leaf_count=734 703 2493 1193 445 459 325
internal_value=0 -0.00598383 0.00240904 0.00374897 0.00592165 -0.00304992
internal_weight=293.632 83.2175 210.414 192.549 147.138 45.4108
internal_count=6352 3227 3125 2422 1652 770
is_linear=0
shrinkage=0.025


Tree=149
num_leaves=7
num_cat=0
split_feature=39 59 44 43 49 48
split_gain=6.60549 7.00431 7.88598 6.86143 6.49534 13.0745
threshold=1.0000000180025095e-35 1.0000000180025095e-35 0.40492000000000006 1.0000000180025095e-35 1.0000000180025095e-35 0.54183350000000019
decision_type=2 2 2 2 2 2
left_child=3 2 -2 -1 -3 -6
right_child=1 4 -4 -5 5 -7
leaf_value=-0.0022750797305238941 -0.011686402239557305 0.012766783405635088 0.005150023827015824 -0.024045014502391247 -0.01195366884764177 0.0057343928243609749
leaf_weight=35.216475688212086 41.098706208576914 40.440311141661368 26.180730368942022 10.561712251568677 31.643170991679654 107.42605502321385
leaf_count=1022 1303 418 195 720 1366 1328
internal_value=0 0.00163917 -0.00505959 -0.00846401 0.00423292 0.00150791
internal_weight=292.567 246.789 67.2794 45.7782 179.51 139.069
internal_count=6352 4610 1498 1742 3112 2694
is_linear=0
shrinkage=0.025


Tree=150
num_leaves=7
num_cat=0
split_feature=29 1 49 16 22 47
split_gain=6.65295 6.43702 5.34995 6.9502 5.67083 4.18028
threshold=0.9893010000000001 0.61476194858551036 1.0000000180025095e-35 0.68260100000000012 0.34847150000000005 0.95786100000000018
decision_type=2 2 2 2 2 2
left_child=1 2 3 -1 -4 -3
right_child=-2 5 4 -5 -6 -7
leaf_value=0.007528223929128653 0.013039981873898657 -0.00045117413211900404 -0.022182052755555168 -0.010702168610974616 -0.0052340049336387483 0.008358828516038681
leaf_weight=33.647267153486609 20.087703154189512 98.160314741078764 15.020439993240869 17.871988760074601 58.988518335216213 47.266827317886055
leaf_count=640 115 1466 1723 340 1812 256
internal_value=0 -0.00107712 -0.00519511 0.00083952 -0.00940047 0.00244598
internal_weight=291.043 270.955 125.528 51.5193 74.009 145.427
internal_count=6352 6237 4515 980 3535 1722
is_linear=0
shrinkage=0.025


Tree=151
num_leaves=7
num_cat=0
split_feature=29 62 61 0 32 9
split_gain=6.4422 6.88147 8.3251 5.68028 5.62086 3.81265
threshold=0.91839300000000013 0.41666666666666669 0.71538450000000009 0.48873350000000004 0.17192500000000002 0.78000000000000014
decision_type=2 2 2 2 2 2
left_child=1 4 3 -3 -1 -4
right_child=-2 2 5 -5 -6 -7
leaf_value=-0.0013815834722011224 0.012217378509535843 0.001100158659017523 -0.0025202485385815584 -0.0079747219237515186 0.015967494586043737 0.013216212168423523
leaf_weight=20.101944534573704 22.214793448103592 61.126331057865173 12.863136231433598 128.32144881610293 21.835138741414994 23.52408701647073
leaf_count=372 151 1664 229 3645 115 176
internal_value=0 -0.00111721 -0.0028874 -0.00502489 0.00784468 0.00762386
internal_weight=289.987 267.772 225.835 189.448 41.9371 36.3872
internal_count=6352 6201 5714 5309 487 405
is_linear=0
shrinkage=0.025


Tree=152
num_leaves=7
num_cat=0
split_feature=2 49 22 48 59 61
split_gain=6.1938 6.22832 10.1214 6.55123 6.50444 5.24548
threshold=0.68331685662269603 1.0000000180025095e-35 0.40896850000000007 0.67676650000000016 1.0000000180025095e-35 0.47772050000000005
decision_type=2 2 2 2 2 2
left_child=1 4 3 -3 -1 -4
right_child=-2 2 5 -5 -6 -7
leaf_value=-0.0049254180835876958 0.0056884174494539405 -0.015972928039272777 -0.010854446186238246 0.003647497933489808 0.0095714569749884709 0.0048922276660061407
leaf_weight=30.995597388246097 82.525467015919276 53.531652969657443 14.700745397596618 11.272240117425097 42.477206802926958 53.411545973503962
leaf_count=572 824 3065 482 158 579 672
internal_value=0 -0.00231539 -0.00553241 -0.0124214 0.00337973 0.00110572
internal_weight=288.914 206.389 132.916 64.8039 73.4728 68.1123
internal_count=6352 5528 4377 3223 1151 1154
is_linear=0
shrinkage=0.025


Tree=153
num_leaves=7
num_cat=0
split_feature=1 39 29 22 19 62
split_gain=6.17821 6.09105 5.49497 5.54231 4.12559 4.94735
threshold=0.61476194858551036 1.0000000180025095e-35 1.0000000180025095e-35 0.25018400000000002 0.77083950000000012 0.58333333333333337
decision_type=2 2 2 2 2 2
left_child=1 -1 -3 -4 5 -2
right_child=4 2 3 -5 -6 -7
leaf_value=-0.016148311964452159 0.0050568438190335546 -0.0060578748001208667 0.018795443312932539 0 0.012704696186930018 -0.0047923167178875866
leaf_weight=19.103855094581377 85.89818689529784 66.630122052854858 10.57157963409554 35.94950378354406 22.625245425850153 46.83012829546351
leaf_count=1256 750 2334 131 856 157 868
internal_value=0 -0.00393172 -0.00148899 0.00485156 0.00335639 0.00149274
internal_weight=287.609 132.255 113.151 46.5211 155.354 132.728
internal_count=6352 4577 3321 987 1775 1618
is_linear=0
shrinkage=0.025


Tree=154
num_leaves=7
num_cat=0
split_feature=9 61 0 6 1 44
split_gain=6.12645 6.49208 5.33287 5.90168 4.92664 4.31156
threshold=0.75000000000000011 0.71538450000000009 0.46560000000000007 0.71368500000000012 0.48959478735923773 0.15442000000000003
decision_type=2 2 2 2 2 2
left_child=2 5 4 -4 -1 -2
right_child=1 -3 3 -5 -6 -7
leaf_value=-0.013920553142136402 -0.0045452075129247356 0.013432950237889596 -0.017311335322823123 0.00050311250562917959 0.0059454890204230296 0.0034651797244542159
leaf_weight=7.6316391236614427 63.302727340778802 26.061946495436132 29.697277254832443 16.516155624762177 30.60104366968153 112.56260026060045
leaf_count=515 1223 189 2139 235 802 1249
internal_value=0 0.00236415 -0.00555858 -0.011066 0.00115421 0.000509491
internal_weight=286.373 201.927 84.4461 46.2134 38.2327 175.865
internal_count=6352 2661 3691 2374 1317 2472
is_linear=0
shrinkage=0.025


Tree=155
num_leaves=7
num_cat=0
split_feature=39 60 22 43 31 48
split_gain=5.95546 7.03493 7.30828 6.8057 6.37794 5.88452
threshold=1.0000000180025095e-35 0.68000000000000005 0.46381950000000005 1.0000000180025095e-35 0.30852950000000007 0.54183350000000019
decision_type=2 2 2 2 2 2
left_child=3 2 4 -1 -2 -4
right_child=1 -3 5 -5 -6 -7
leaf_value=-0.0019403370196900784 -0.0029635079751153641 -0.0055635433389907276 -0.0023626353743038593 -0.023914007764176695 0.0093321372228852648 0.015564536784155604
leaf_weight=34.267914820811711 88.878104239935055 60.964447193196975 13.366625386988742 10.153641614655497 34.445207964861766 43.552618519635871
leaf_count=1022 2161 1620 174 720 344 311
internal_value=0 0.00157029 0.00407419 -0.00815598 0.00051841 0.0112851
internal_weight=285.629 241.207 180.243 44.4216 123.323 56.9192
internal_count=6352 4610 2990 1742 2505 485
is_linear=0
shrinkage=0.025


Tree=156
num_leaves=7
num_cat=0
split_feature=1 60 39 19 62 29
split_gain=6.10494 5.92582 4.99435 4.86875 4.75449 4.71454
threshold=0.6737692952156068 0.68000000000000005 1.0000000180025095e-35 0.7689275000000001 0.58333333333333337 1.0000000180025095e-35
decision_type=2 2 2 2 2 2
left_child=1 2 -1 4 -2 -4
right_child=3 -3 5 -5 -6 -7
leaf_value=-0.0093960996339304322 0.0067073023770233805 -0.009148057049144254 -0.001804369317155645 0.020300729766008128 -0.0095670290830461979 0.007284875259213678
leaf_weight=25.088250242988579 45.698527349624783 52.764741403691005 76.714269733754918 10.620197255164383 11.932749581290407 61.319289157050662
leaf_count=1252 315 1785 1867 66 244 823
internal_value=0 -0.00206768 0.000273284 0.00638224 0.00293447 0.00222889
internal_weight=284.138 215.887 163.122 68.2515 57.6313 138.034
internal_count=6352 5727 3942 625 559 2690
is_linear=0
shrinkage=0.025


Tree=157
num_leaves=7
num_cat=0
split_feature=29 9 2 16 61 47
split_gain=6.02317 5.81552 5.68458 4.51715 4.48424 4.17746
threshold=0.9893010000000001 0.73000000000000009 0.70181691646575939 0.69881500000000007 0.53454550000000012 0.25677900000000003
decision_type=2 2 2 2 2 2
left_child=1 5 3 -3 -4 -1
right_child=-2 2 4 -5 -6 -7
leaf_value=0.0046288087773093609 0.01266241262990531 0.0022738406470871018 -0.0022342427664974393 -0.0061472857111847384 0.013468207947456524 -0.010799435825622686
leaf_weight=11.497226143663282 19.209920472465456 90.402235719666351 14.771728799678383 66.370870677870698 31.716888664290309 49.221897189680021
leaf_count=491 115 1514 159 1120 171 2782
internal_value=0 -0.00103159 0.00097869 -0.00127689 0.00844076 -0.00767215
internal_weight=283.191 263.981 203.262 156.773 46.4886 60.7191
internal_count=6352 6237 2964 2634 330 3273
is_linear=0
shrinkage=0.025


Tree=158
num_leaves=7
num_cat=0
split_feature=61 44 47 62 20 29
split_gain=5.85981 7.69925 7.96495 6.67208 6.38816 5.67507
threshold=0.71538450000000009 0.15442000000000003 0.95350950000000012 0.41666666666666669 0.70147000000000015 1.0000000180025095e-35
decision_type=2 2 2 2 2 2
left_child=1 2 -1 -3 -4 -5
right_child=-2 3 4 5 -6 -7
leaf_value=-0.010343777267684186 0.0086979906267057559 0.01257453984475472 -0.01597754031570588 -0.0059194488590493637 0.013466908578424301 0.0048504272168121976
leaf_weight=78.7095702533843 38.931188123533502 27.997843323275447 3.5926797878928509 58.650849246769212 16.170510318130255 58.379294317332096
leaf_count=3694 423 169 59 1142 108 757
internal_value=0 -0.00146491 -0.00679318 0.00214744 0.00652818 -0.000484721
internal_weight=282.432 243.501 98.4728 145.028 19.7632 117.03
internal_count=6352 5929 3861 2068 167 1899
is_linear=0
shrinkage=0.025


Tree=159
num_leaves=7
num_cat=0
split_feature=29 9 61 62 47 22
split_gain=5.81398 5.79623 5.75995 7.30568 5.11152 2.77323
threshold=0.91839300000000013 0.63000000000000012 0.71538450000000009 0.41666666666666669 0.27740900000000007 0.37283500000000008
decision_type=2 2 2 2 2 2
left_child=1 4 3 -3 -1 -2
right_child=5 2 -4 -5 -6 -7
leaf_value=0.0035585946534911097 -0.0023148644025278607 0.0085877207148310122 0.0096407365928176322 -0.0036023081273202345 -0.017858861248128681 0.016373915153978586
leaf_weight=8.2637575039989333 4.9423439332749721 34.926145206671208 32.376485313754529 165.22329207655275 19.352236031088978 16.248169136699289
leaf_count=455 57 230 299 3372 1845 94
internal_value=0 -0.00106991 0.000227419 -0.00135226 -0.011396 0.0118614
internal_weight=281.332 260.142 232.526 200.149 27.616 21.1905
internal_count=6352 6201 3901 3602 2300 151
is_linear=0
shrinkage=0.025


Tree=160
num_leaves=7
num_cat=0
split_feature=39 22 43 44 15 15
split_gain=5.64632 7.23569 7.0442 5.89953 5.74586 5.07974
threshold=1.0000000180025095e-35 0.46740950000000003 1.0000000180025095e-35 0.056100000000000004 0.67258850000000014 0.48566450000000005
decision_type=2 2 2 2 2 2
left_child=2 3 4 -2 -1 -5
right_child=1 -3 -4 5 -6 -7
leaf_value=-0.013168385115227561 -0.0087554892410178272 0.0080759927482270035 -0.024162838304739892 -0.012513129461256123 0.0063242253371614369 0.0033965103699855866
leaf_weight=13.57374805852305 45.334961181099061 71.258167908061296 9.9372152916039322 11.533891900326124 20.091299963649362 108.44247105508111
leaf_count=695 2182 709 720 271 327 1448
internal_value=0 0.00154479 -0.0080107 -0.00129675 -0.00166024 0.0015714
internal_weight=280.172 236.569 43.6023 165.311 33.665 119.976
internal_count=6352 4610 1742 3901 1022 1719
is_linear=0
shrinkage=0.025


Tree=161
num_leaves=7
num_cat=0
split_feature=29 9 61 22 21 2
split_gain=5.76178 5.60548 4.90443 4.05904 6.33193 5.23255
threshold=0.9893010000000001 0.75000000000000011 0.71538450000000009 0.25229850000000004 0.87400000000000011 0.51723289489746105
decision_type=2 2 2 2 2 2
left_child=1 3 -3 5 -5 -1
right_child=-2 2 -4 4 -6 -7
leaf_value=-0.013369741841118618 0.012478412529213728 -0.00022444445220101781 0.011521421202790053 -0.016021035116256879 0.0014693004829251374 0.0089910425478219869
leaf_weight=7.1599883403396261 18.880138680106029 158.16626586829079 23.094515517354012 35.778507040085969 17.639027581375558 17.348398364149034
leaf_count=490 115 2399 183 2402 328 435
internal_value=0 -0.0010195 0.00136087 -0.00653539 -0.0102816 0.00150162
internal_weight=278.067 259.187 181.261 77.9259 53.4175 24.5084
internal_count=6352 6237 2582 3655 2730 925
is_linear=0
shrinkage=0.025


Tree=162
num_leaves=7
num_cat=0
split_feature=29 9 20 4 47 19
split_gain=5.64525 5.5217 5.34578 4.99497 4.08394 5.2694
threshold=0.9893010000000001 0.73000000000000009 0.61863650000000014 1.0000000180025095e-35 0.25677900000000003 0.70484100000000016
decision_type=2 2 2 2 2 2
left_child=1 4 -3 -4 -1 -6
right_child=-2 2 3 -5 5 -7
leaf_value=0.0047491312047287532 0.012321883736986394 -0.01996836820955555 0.0028608287529290105 -0.012667194698385776 -0.019069057828472437 -0.0022046178165192119
leaf_weight=11.120788859669117 18.971293171634898 4.8038731025299048 183.21937917172909 11.306531779584473 22.073231463582488 25.845159479649737
leaf_count=491 115 181 2532 251 1998 784
internal_value=0 -0.00101418 0.000956622 0.0017646 -0.00757878 -0.010707
internal_weight=277.34 258.369 199.33 194.526 59.0392 47.9184
internal_count=6352 6237 2964 2783 3273 2782
is_linear=0
shrinkage=0.025


Tree=163
num_leaves=7
num_cat=0
split_feature=9 19 0 21 61 20
split_gain=5.37505 5.60461 4.59517 5.12796 4.33547 5.09643
threshold=0.75000000000000011 0.64465600000000012 0.46560000000000007 0.87400000000000011 0.71538450000000009 0.67626350000000013
decision_type=2 2 2 2 2 2
left_child=2 -2 -1 -4 5 -3
right_child=1 4 3 -5 -6 -7
leaf_value=0.0010480021549957406 -0.016616057718318915 0.010818254668577831 -0.016598748878443564 0.00015348675921907269 0.01241614317072633 -0.00045273454799193226
leaf_weight=36.58253858142416 6.8034474276937535 27.876911332132295 27.971938276547007 16.561818830028642 25.023950338363647 135.8110609355499
leaf_count=1317 212 403 2063 311 189 1857
internal_value=0 0.00224433 -0.00531489 -0.0105057 0.0031784 0.00154799
internal_weight=276.632 195.515 81.1163 44.5338 188.712 163.688
internal_count=6352 2661 3691 2374 2449 2260
is_linear=0
shrinkage=0.025


Tree=164
num_leaves=7
num_cat=0
split_feature=60 43 58 33 16 34
split_gain=5.60704 9.38122 6.78876 9.18303 6.42818 5.46456
threshold=0.68000000000000005 1.0000000180025095e-35 0.31583350000000004 0.50000000000000011 0.6068380000000001 0.30363750000000006
decision_type=2 2 2 2 2 2
left_child=1 2 3 -1 -4 -2
right_child=5 -3 4 -5 -6 -7
leaf_value=-0.0089777111304651866 -0.016145930422656159 -0.010624556350905616 -0.0083430984294622697 0.011779636650260985 0.0094625519992791868 -0.0010016028732586454
leaf_weight=41.247417448030319 20.48793643436511 28.515595337667037 11.816903834347611 16.513746510725468 110.05623219860718 47.326796941575594
leaf_count=1106 1119 1067 671 122 1428 839
internal_value=0 0.00204044 0.00421719 -0.00265555 0.00753275 -0.00611278
internal_weight=275.965 208.15 179.634 57.7612 121.873 67.8147
internal_count=6352 4394 3327 1228 2099 1958
is_linear=0
shrinkage=0.025


Tree=165
num_leaves=7
num_cat=0
split_feature=60 43 58 33 16 61
split_gain=5.67622 8.37579 5.91316 8.53767 6.1269 5.31277
threshold=0.68000000000000005 1.0000000180025095e-35 0.31583350000000004 0.50000000000000011 0.6068380000000001 0.72843550000000012
decision_type=2 2 2 2 2 2
left_child=1 2 3 -1 -4 -3
right_child=-2 5 4 -5 -6 -7
leaf_value=-0.0084775876493857882 -0.0061619200928594801 -0.015049972767284947 -0.0082809097703681177 0.011690889674708318 0.0090883261965521902 0.0089772609113543747
leaf_weight=40.780065922124777 67.510211335989879 22.934269854624294 11.820892684569115 16.184936230769381 109.89887752302457 5.1272464571520677
leaf_count=1106 1958 1005 671 122 1428 62
internal_value=0 0.00206167 0.00411575 -0.00234957 0.00719835 -0.0099983
internal_weight=274.257 206.746 178.685 56.965 121.72 28.0615
internal_count=6352 4394 3327 1228 2099 1067
is_linear=0
shrinkage=0.025


Tree=166
num_leaves=7
num_cat=0
split_feature=60 43 31 58 60 20
split_gain=5.46896 7.68384 5.75065 6.43476 5.18241 5.10031
threshold=0.68000000000000005 1.0000000180025095e-35 0.30852950000000007 0.31583350000000004 0.49000000000000005 0.69089650000000014
decision_type=2 2 2 2 2 2
left_child=1 2 3 -1 -3 -2
right_child=5 4 -4 -5 -6 -7
leaf_value=-0.0079193407752893834 -0.015412871713557812 -0.00092076750892719028 0.010488972665919694 0.0044490606493289772 -0.023012110323642289 -0.00090033502316139678
leaf_weight=34.34320959681645 21.53197568494943 18.702261557569727 55.525396940240171 88.244908298482187 8.8421775847091357 45.705296693427954
leaf_count=1015 1194 379 560 1752 688 764
internal_value=0 0.00202996 0.00398964 0.000825064 -0.0096284 -0.00605921
internal_weight=272.895 205.658 178.114 122.588 27.5444 67.2373
internal_count=6352 4394 3327 2767 1067 1958
is_linear=0
shrinkage=0.025


Tree=167
num_leaves=7
num_cat=0
split_feature=60 43 31 58 60 20
split_gain=5.39323 7.26183 5.75782 5.84392 4.87006 4.78494
threshold=0.68000000000000005 1.0000000180025095e-35 0.30852950000000007 0.31583350000000004 0.49000000000000005 0.69089650000000014
decision_type=2 2 2 2 2 2
left_child=1 2 3 -1 -3 -2
right_child=5 4 -4 -5 -6 -7
leaf_value=-0.0075990843387441628 -0.015150975997543566 -0.00097049500649339343 0.010444037028583868 0.0042127030103701144 -0.022578721033555807 -0.0010219148993410559
leaf_weight=34.143659749592189 21.310088560392614 18.739073441596702 55.248082868813071 88.107361853239127 8.5551860358682479 45.59235426801024
leaf_count=1015 1194 379 560 1752 688 764
internal_value=0 0.00201956 0.00392428 0.000757458 -0.00936336 -0.0060321
internal_weight=271.696 204.793 177.499 122.251 27.2943 66.9024
internal_count=6352 4394 3327 2767 1067 1958
is_linear=0
shrinkage=0.025


Tree=168
num_leaves=7
num_cat=0
split_feature=60 43 31 16 61 34
split_gain=5.27182 6.94466 5.63075 5.73627 4.83884 4.80001
threshold=0.68000000000000005 1.0000000180025095e-35 0.30852950000000007 0.59422300000000006 0.72843550000000012 0.30363750000000006
decision_type=2 2 2 2 2 2
left_child=1 2 3 -1 -3 -2
right_child=5 4 -4 -5 -6 -7
leaf_value=-0.017637606665882027 -0.015468796861148293 -0.014088192388159696 0.010321767815595545 0.0023101540611679609 0.0091374090531679483 -0.0011196856283711438
leaf_weight=7.2252494816202661 20.095269421755802 22.17153170940583 55.045610974135343 114.73702062101802 4.8912306497804812 46.590280148200691
leaf_count=630 1119 1005 560 2137 62 839
internal_value=0 0.00200046 0.0038621 0.000727574 -0.00917677 -0.00597288
internal_weight=270.756 204.071 177.008 121.962 27.0628 66.6855
internal_count=6352 4394 3327 2767 1067 1958
is_linear=0
shrinkage=0.025


Tree=169
num_leaves=7
num_cat=0
split_feature=1 0 61 29 19 62
split_gain=5.24648 5.1669 8.48385 5.76388 4.6316 4.37497
threshold=0.6737692952156068 0.48566650000000006 0.49961550000000005 1.0000000180025095e-35 0.7689275000000001 0.58333333333333337
decision_type=2 2 2 2 2 2
left_child=1 3 -3 -1 5 -2
right_child=4 2 -4 -5 -6 -7
leaf_value=-0.0022646425148203047 0.0064203116409907298 -0.01196268160209491 0.00056414323478425467 0.011465699217669012 0.019961084582074323 -0.0096004680309445447
leaf_weight=45.030891269154381 42.273502580355853 56.991250702791149 74.841560369852232 29.007452199381078 10.053734023589639 11.287589213752652
leaf_count=1337 315 2638 1162 590 66 244
internal_value=0 -0.0019469 -0.00490791 0.00319924 0.00613597 0.00261041
internal_weight=269.486 205.871 131.833 74.0383 63.6148 53.5611
internal_count=6352 5727 3800 1927 625 559
is_linear=0
shrinkage=0.025


Tree=170
num_leaves=7
num_cat=0
split_feature=29 62 61 0 46 19
split_gain=5.11366 4.89534 5.87209 6.00451 3.6024 2.89354
threshold=0.9893010000000001 0.41666666666666669 0.71538450000000009 0.48873350000000004 0.29208550000000005 0.72047000000000005
decision_type=2 2 2 2 2 2
left_child=1 4 3 -3 -1 -4
right_child=-2 2 5 -5 -6 -7
leaf_value=-0.0056367743408451392 0.01194922904389744 0.0021525165290246359 -0.0066536954403894335 -0.0074642552202567091 0.010842831415265472 0.010009629583767695
leaf_weight=8.5797765299794246 18.194137478014454 57.1412321421667 5.7508689004462203 121.45718931031297 30.203689967747778 27.830071996431798
leaf_count=325 115 1673 122 3660 172 285
internal_value=0 -0.000975602 -0.0025127 -0.00435188 0.00686465 0.00665016
internal_weight=269.157 250.963 212.179 178.598 38.7835 33.5809
internal_count=6352 6237 5740 5333 497 407
is_linear=0
shrinkage=0.025


Tree=171
num_leaves=7
num_cat=0
split_feature=60 31 16 61 34 19
split_gain=4.95378 5.56496 5.87435 6.82525 4.15868 4.3516
threshold=0.68000000000000005 0.30852950000000007 0.59422300000000006 0.71538450000000009 0.30363750000000006 0.73998350000000002
decision_type=2 2 2 2 2 2
left_child=1 2 -1 -4 5 -2
right_child=4 -3 3 -5 -6 -7
leaf_value=-0.018361935678881416 -0.022321930306207594 0.008396256019754595 -0.0017253767798388179 0.012812075023852745 -0.0012880945886808619 0.00028267699519525101
leaf_weight=8.3534623859450203 12.66714380765916 57.028340439894237 115.57111233536853 21.768274027621374 46.484229648369364 6.9519755030050865
leaf_count=785 1027 724 2704 181 839 92
internal_value=0 0.00194417 -0.000621358 0.000704092 -0.00581582 -0.0147898
internal_weight=268.825 202.721 145.693 137.339 66.1033 19.6191
internal_count=6352 4394 3670 2885 1958 1119
is_linear=0
shrinkage=0.025


Tree=172
num_leaves=7
num_cat=0
split_feature=29 62 3 61 6 6
split_gain=4.75725 4.76047 5.54723 5.38147 4.22082 4.51743
threshold=0.91839300000000013 0.75000000000000011 0.97299247980117809 0.51924350000000008 0.71368500000000012 0.56336400000000009
decision_type=2 2 2 2 2 2
left_child=1 2 -1 -4 5 -3
right_child=-2 4 3 -5 -6 -7
leaf_value=0.0021793658545124282 0.011021242604008748 0.0010873406402398384 -0.019780411870441609 0.0033997893984480596 0.001966394782286445 -0.018577550684801568
leaf_weight=179.98779964161804 19.963178262114525 8.8459943014604523 12.645084597344978 8.635174153139813 15.68868866318371 22.148791916290065
leaf_count=3319 151 660 357 99 390 1376
internal_value=0 -0.000988503 0.000667371 -0.0106378 -0.00797648 -0.0130416
internal_weight=267.915 247.952 201.268 21.2803 46.6835 30.9948
internal_count=6352 6201 3775 456 2426 2036
is_linear=0
shrinkage=0.025


Tree=173
num_leaves=7
num_cat=0
split_feature=1 0 61 9 29 19
split_gain=4.93631 4.76076 7.39254 7.01129 5.37864 4.21978
threshold=0.6737692952156068 0.48566650000000006 0.71538450000000009 0.80800000000000016 1.0000000180025095e-35 0.7689275000000001
decision_type=2 2 2 2 2 2
left_child=1 4 3 -3 -1 -2
right_child=5 2 -4 -5 -6 -7
leaf_value=-0.0023048083536216166 0.0026134846957755063 -0.016448043924799288 0.0081640949885356112 -0.0027914246011364941 0.010923023557415361 0.019396573999418409
leaf_weight=44.580402494058944 53.042323193803895 34.027859391659149 20.38825752097182 75.566884274594486 29.468961682199733 9.7326917587779445
leaf_count=1337 559 2143 256 1401 590 66
internal_value=0 -0.00189404 -0.00476943 -0.00738197 0.00302989 0.00599282
internal_weight=266.807 204.032 129.983 109.595 74.0494 62.775
internal_count=6352 5727 3800 3544 1927 625
is_linear=0
shrinkage=0.025


Tree=174
num_leaves=7
num_cat=0
split_feature=1 0 61 9 39 61
split_gain=5.12811 5.14353 7.56245 6.98826 4.63423 4.34049
threshold=0.61476194858551036 0.46560000000000007 0.49346600000000007 0.85350000000000004 1.0000000180025095e-35 0.44986850000000006
decision_type=2 2 2 2 2 2
left_child=4 5 -3 -4 -1 -2
right_child=1 2 3 -5 -6 -7
leaf_value=-0.014997362577348648 0.017783448637901621 -0.0097927620743354718 -0.0038637092879918317 0.0098268280217827658 -0.0015224144095095124 -0.0061463295804535722
leaf_weight=16.965017999493284 19.82023136224598 28.369344498496503 35.775414384319447 56.087761559290811 105.28851429821225 4.0418875953182569
leaf_count=1256 150 545 611 400 3321 69
internal_value=0 0.00317046 0.000880375 0.00444132 -0.00372553 0.0131997
internal_weight=266.348 144.095 120.233 91.8632 122.254 23.8621
internal_count=6352 1775 1556 1011 4577 219
is_linear=0
shrinkage=0.025


Tree=175
num_leaves=7
num_cat=0
split_feature=60 43 31 60 61 1
split_gain=4.85187 6.1592 5.63677 4.84514 4.66803 3.87983
threshold=0.68000000000000005 1.0000000180025095e-35 0.30852950000000007 0.49000000000000005 0.26032600000000006 0.51822477579116832
decision_type=2 2 2 2 2 2
left_child=1 2 4 -3 -1 -4
right_child=-2 3 5 -5 -6 -7
leaf_value=-0.0086582904382491773 -0.0057895965314705908 -0.0003382299650503543 -0.0068270324060088943 -0.022232045372367247 0.0031121023879267275 0.012441167229428356
leaf_weight=24.215210065478459 65.280233319950639 18.001801522332244 5.2543876536074086 8.074587258219255 95.519732116954401 48.934026978327893
leaf_count=1056 1958 379 142 688 1711 418
internal_value=0 0.00193788 0.00369537 -0.00877574 0.000531676 0.0101998
internal_weight=265.28 200 173.923 26.0764 119.735 54.1884
internal_count=6352 4394 3327 1067 2767 560
is_linear=0
shrinkage=0.025


Tree=176
num_leaves=7
num_cat=0
split_feature=1 39 59 22 21 0
split_gain=4.73897 4.22902 4.90579 7.59715 4.47664 3.58894
threshold=0.61476194858551036 1.0000000180025095e-35 1.0000000180025095e-35 0.25018400000000002 0.87400000000000011 0.46560000000000007
decision_type=2 2 2 2 2 2
left_child=1 -1 4 -4 -3 -2
right_child=5 2 3 -5 -6 -7
leaf_value=-0.014433892250092754 0.011477120768813742 -0.011408647790307059 0.016730840881541705 -0.0021044182267065796 0.012362904941983886 0.0011105549946920769
leaf_weight=16.740185295435367 23.734217076096684 34.269907935755327 15.134006982843855 51.693047854671022 3.2867286494001737 118.91199910867726
leaf_count=1256 219 1242 280 1754 45 1556
internal_value=0 -0.00359702 -0.00148027 0.00248441 -0.00846811 0.00306366
internal_weight=263.77 121.124 104.384 66.8271 37.5566 142.646
internal_count=6352 4577 3321 2034 1287 1775
is_linear=0
shrinkage=0.025


Tree=177
num_leaves=7
num_cat=0
split_feature=19 29 47 48 6 47
split_gain=4.68476 5.54578 5.01583 5.95438 4.7853 6.34487
threshold=0.68261000000000005 0.86170750000000018 0.28512800000000005 0.5158330000000001 0.53070650000000008 0.92859900000000006
decision_type=2 2 2 2 2 2
left_child=2 4 -1 -4 -2 -6
right_child=1 -3 3 -5 5 -7
leaf_value=0.0040383307067036085 0.013236713657960517 0.014444493955724287 -0.019453573148826866 0 -0.0043307700778003212 0.0054566641021477347
leaf_weight=18.053296239580959 14.160469194641335 17.103873666375875 20.737215666129487 18.607811535184737 111.95343644334935 62.042286601383239
leaf_count=595 207 99 1551 559 2841 500
internal_value=0 0.0017759 -0.0061598 -0.01101 0.000404099 -0.000763395
internal_weight=262.658 205.26 57.3983 39.345 188.156 173.996
internal_count=6352 3647 2705 2110 3548 3341
is_linear=0
shrinkage=0.025


Tree=178
num_leaves=7
num_cat=0
split_feature=22 17 39 4 29 15
split_gain=4.60038 5.38128 4.90367 4.32828 4.19796 3.77603
threshold=0.46740950000000003 0.61921050000000011 1.0000000180025095e-35 1.0000000180025095e-35 0.65961650000000016 0.74793900000000013
decision_type=2 2 2 2 2 2
left_child=1 -1 -2 5 -4 -3
right_child=2 3 4 -5 -6 -7
leaf_value=-0.0089319487670924038 -0.0094412956692855165 0.00018100142804679365 0.0037682996830834996 -0.014870170236125621 0.018945316070700158 0.01401303166990344
leaf_weight=49.983045104105258 9.8280023941770178 115.38821696411469 52.67984211887233 8.0618685680092295 13.744913938455282 11.518222310580311
leaf_count=2444 377 2471 632 252 77 99
internal_value=0 -0.00213019 0.00507039 0.000441694 0.00760901 0.0017505
internal_weight=261.204 184.951 76.2528 134.968 66.4248 126.906
internal_count=6352 5266 1086 2822 709 2570
is_linear=0
shrinkage=0.025


Tree=179
num_leaves=7
num_cat=0
split_feature=22 17 15 29 61 0
split_gain=4.35932 4.92688 4.08053 3.66219 3.15897 3.05621
threshold=0.46740950000000003 0.61921050000000011 0.74793900000000013 0.65961650000000016 0.49425850000000005 0.43590000000000001
decision_type=2 2 2 2 2 2
left_child=1 5 4 -2 -3 -1
right_child=3 2 -4 -5 -6 -7
leaf_value=-3.4125332457802664e-05 0.0018195905150090363 -0.004354193853357724 0.01323646572788389 0.015169601294416754 0.0035741710930171835 -0.01313992551602495
leaf_weight=18.708160495210905 61.024398510111496 71.955804320954485 11.473623386758844 14.87111092219129 51.11117613944225 30.948392530321144
leaf_count=775 983 2105 109 103 608 1669
internal_value=0 -0.00207744 0.000382236 0.00494737 -0.000986163 -0.00860837
internal_weight=260.093 184.197 134.541 75.8955 123.067 49.6566
internal_count=6352 5266 2822 1086 2713 2444
is_linear=0
shrinkage=0.025


Tree=180
num_leaves=7
num_cat=0
split_feature=39 22 22 2 59 14
split_gain=4.46315 5.99416 5.45529 7.41543 6.38674 4.72731
threshold=1.0000000180025095e-35 0.47288350000000007 0.25632250000000006 0.65795046091079723 1.0000000180025095e-35 1.0000000180025095e-35
decision_type=2 2 2 2 2 2
left_child=5 2 4 -4 -2 -1
right_child=1 -3 3 -5 -6 -7
leaf_value=-0.0017327274739016955 -0.0039292914144877979 0.0077126552618844938 -0.0093410929681753321 0.0032111287768598197 0.01473221632884799 -0.021027733024386455
leaf_weight=29.692479961639037 18.67119598237332 63.956653283908963 66.607045314216521 48.142619928228669 22.328605991438963 9.2798566121491586
leaf_count=1029 580 675 2394 573 388 713
internal_value=0 0.00140516 -0.00121057 -0.00404407 0.00629526 -0.00752874
internal_weight=258.678 219.706 155.749 114.75 40.9998 38.9723
internal_count=6352 4610 3935 2967 968 1742
is_linear=0
shrinkage=0.025


Tree=181
num_leaves=7
num_cat=0
split_feature=29 62 19 6 19 47
split_gain=4.49804 4.6274 4.53941 5.79779 3.90272 3.98415
threshold=0.65961650000000016 0.58333333333333337 0.64730500000000013 0.54795450000000001 0.72479800000000016 0.35103150000000005
decision_type=2 2 2 2 2 2
left_child=1 4 -3 -4 5 -1
right_child=-2 2 3 -5 -6 -7
leaf_value=0.0073906510114981616 0.0090142691548355802 -0.02129369039973204 0.0093045708962242561 -0.0056698858599997567 0.0072356732583759315 -0.0057298855428619868
leaf_weight=17.900171502231387 28.069798766169697 7.2444658787571816 16.880663383344654 90.066544300178066 51.788789646932855 45.649700898997253
leaf_count=370 295 777 561 2813 473 1063
internal_value=0 -0.00118762 -0.00473049 -0.00306781 0.0022717 -0.00176188
internal_weight=257.6 229.53 114.192 106.947 115.339 63.5499
internal_count=6352 6057 4151 3374 1906 1433
is_linear=0
shrinkage=0.025


Tree=182
num_leaves=7
num_cat=0
split_feature=21 0 59 47 44 62
split_gain=4.41869 7.63555 4.49336 5.6569 4.92927 4.46011
threshold=0.70400000000000007 0.48180000000000006 1.0000000180025095e-35 0.28161300000000006 0.077879000000000018 0.75000000000000011
decision_type=2 2 2 2 2 2
left_child=1 2 3 -1 -4 -2
right_child=5 -3 4 -5 -6 -7
leaf_value=0.0055565930533566614 0.0050061951763880064 -0.011160419449693862 -0.0063876602112248569 -0.015574965787496974 0.01234964976896274 -0.005709392775725396
leaf_weight=12.591320188716056 117.60978422604967 46.653731017286191 9.8038107875036058 13.958189231285358 28.150169332046062 27.523098087811377
leaf_count=243 1367 2205 589 511 347 1090
internal_value=0 -0.00370526 0.0017715 -0.00563622 0.00719772 0.00285254
internal_weight=256.29 111.157 64.5035 26.5495 37.954 145.133
internal_count=6352 3895 1690 754 936 2457
is_linear=0
shrinkage=0.025


Tree=183
num_leaves=7
num_cat=0
split_feature=9 21 22 2 2 17
split_gain=4.36334 4.37123 6.73578 5.85159 4.1336 3.91979
threshold=0.75000000000000011 0.87400000000000011 0.25229850000000004 0.54260361194610607 0.7578759789466859 0.56998800000000016
decision_type=2 2 2 2 2 2
left_child=1 2 3 -1 5 -2
right_child=4 -3 -4 -5 -6 -7
leaf_value=-0.01290237329759595 -0.017555133158615472 0.0048232983628952869 -0.01521342359445059 0.010569430436895349 0.013887710570578216 0.0016508418833184172
leaf_weight=8.0452283610356989 4.3841139946598551 18.517750484519638 33.358700336306356 15.123104959551709 14.505837918724863 160.98046864388743
leaf_count=594 150 347 2427 323 83 2428
internal_value=0 -0.00496747 -0.00839151 0.00161513 0.00211219 0.000835667
internal_weight=254.915 75.0448 56.527 23.1683 179.87 165.365
internal_count=6352 3691 3344 917 2661 2578
is_linear=0
shrinkage=0.025


Tree=184
num_leaves=7
num_cat=0
split_feature=39 22 14 22 61 59
split_gain=4.38786 5.57088 4.43836 4.32975 6.76166 5.79619
threshold=1.0000000180025095e-35 0.47288350000000007 1.0000000180025095e-35 0.25632250000000006 0.49425850000000005 1.0000000180025095e-35
decision_type=2 2 2 2 2 2
left_child=2 3 -1 5 -5 -2
right_child=1 -3 -4 4 -6 -7
leaf_value=-0.0018605792677334389 -0.0041507106167913048 0.0075335530149803556 -0.020796123928177319 -0.010271741749781061 0.0017463809875701598 0.013750568943531334
leaf_weight=29.351501498313155 18.400934572564438 62.918320565251634 8.9990989872312621 50.596141529094893 61.633921094529796 21.823202687082812
leaf_count=1029 580 675 713 2096 871 388
internal_value=0 0.00140976 -0.00751884 -0.00114184 -0.00370119 0.00559295
internal_weight=253.723 215.373 38.3506 152.454 112.23 40.2241
internal_count=6352 4610 1742 3935 2967 968
is_linear=0
shrinkage=0.025


Tree=185
num_leaves=7
num_cat=0
split_feature=9 21 6 2 2 17
split_gain=4.34976 4.15897 6.05144 5.1276 3.81005 3.54434
threshold=0.75000000000000011 0.87400000000000011 0.53070650000000008 0.54260361194610607 0.7578759789466859 0.56998800000000016
decision_type=2 2 2 2 2 2
left_child=1 2 3 -1 5 -2
right_child=4 -3 -4 -5 -6 -7
leaf_value=-0.012058761158107651 -0.016737659526104214 0.0045687171807202095 -0.015193163045301562 0.0093393147423334114 0.01349127505244184 0.0016561196347080192
leaf_weight=8.9319699092884566 4.2779927882365874 18.426423937373329 31.463750928960508 15.357393076992592 14.31009641708806 160.1679272170295
leaf_count=838 150 347 2085 421 83 2428
internal_value=0 -0.00499142 -0.00836172 0.000752926 0.0021116 0.000881722
internal_weight=252.936 74.1795 55.7531 24.2894 178.756 164.446
internal_count=6352 3691 3344 1259 2661 2578
is_linear=0
shrinkage=0.025


Tree=186
num_leaves=7
num_cat=0
split_feature=39 29 2 44 43 18
split_gain=4.28474 5.03113 6.05609 4.84931 4.26964 4.17938
threshold=1.0000000180025095e-35 1.0000000180025095e-35 0.77092891931533825 0.71124000000000009 1.0000000180025095e-35 0.70595600000000014
decision_type=2 2 2 2 2 2
left_child=4 2 3 -2 5 -1
right_child=1 -3 -4 -5 -6 -7
leaf_value=-0.011915757977609487 -0.0056516643587544548 0.0057259168032865538 0.016101590432914911 0.0087150200839631493 -0.021581211832915018 0.0053137647704434047
leaf_weight=13.126641570881477 98.423189658788033 92.74240863515297 8.0952477672835794 14.48161414451897 7.7238364589866242 17.172398249444086
leaf_count=808 2944 1473 46 147 720 214
internal_value=0 0.00139802 -0.00189707 -0.00358424 -0.00746027 -0.0022232
internal_weight=251.765 213.742 121 112.905 38.0229 30.299
internal_count=6352 4610 3137 3091 1742 1022
is_linear=0
shrinkage=0.025


Tree=187
num_leaves=7
num_cat=0
split_feature=39 22 14 17 22 2
split_gain=4.15636 4.90263 4.23306 4.25063 4.09673 6.60686
threshold=1.0000000180025095e-35 0.47288350000000007 1.0000000180025095e-35 0.62549450000000018 0.25632250000000006 0.65795046091079723
decision_type=2 2 2 2 2 2
left_child=2 4 3 -1 -2 -6
right_child=1 -3 -4 -5 5 -7
leaf_value=-0.016698514874482387 0.0055432462819844514 0.0071418687345329969 -0.020514787710045227 0.0033512153250962184 -0.0086333550469977743 0.003400993763736065
leaf_weight=6.3928328627953332 39.842901709955186 62.337585793109611 8.7505529129120969 22.347963992797304 64.376026693556923 46.563528472208418
leaf_count=459 968 675 713 570 2394 573
internal_value=0 0.00137292 -0.00740232 -0.00180777 -0.00103262 -0.00354153
internal_weight=250.611 213.12 37.4913 28.7408 150.782 110.94
internal_count=6352 4610 1742 1029 3935 2967
is_linear=0
shrinkage=0.025


Tree=188
num_leaves=7
num_cat=0
split_feature=29 1 6 61 61 18
split_gain=4.11678 4.24857 3.86542 5.208 3.51986 3.21891
threshold=0.9893010000000001 0.61476194858551036 0.61269400000000018 0.49346600000000007 0.46514700000000003 0.63360550000000015
decision_type=2 2 2 2 2 2
left_child=1 5 4 -4 -3 -1
right_child=-2 2 3 -5 -6 -7
leaf_value=-0.01512818881783212 0.011265259317636223 0.015005230135061751 -0.0099510261094902103 0.0030295252888971873 -0.0083943412725673797 -0.002580993716014409
leaf_weight=13.30584126798203 16.281367806019261 19.010515751782808 22.540352681593504 81.987621413194574 2.7250899116042993 94.130387875222368
leaf_count=1454 115 238 429 971 84 3061
internal_value=0 -0.000895754 0.00215076 0 0.0111472 -0.00452322
internal_weight=249.981 233.7 126.264 104.528 21.7356 107.436
internal_count=6352 6237 1722 1400 322 4515
is_linear=0
shrinkage=0.025


Tree=189
num_leaves=7
num_cat=0
split_feature=9 61 24 6 59 21
split_gain=4.01759 3.89699 3.7585 4.23552 3.82375 3.66825
threshold=0.75000000000000011 0.71538450000000009 0.55000000000000016 0.62402250000000004 1.0000000180025095e-35 0.87400000000000011
decision_type=2 2 2 2 2 2
left_child=5 2 4 -4 -2 -1
right_child=1 -3 3 -5 -6 -7
leaf_value=-0.0080710856068312714 -0.012803283120602728 0.011144771475351894 0.012527689655737776 0.00036112826251821772 0 0.0041518694358023342
leaf_weight=54.390514553437242 18.673872291401494 22.795214235782623 22.609944753348827 68.320942590071354 44.412052143714391 18.186802277108654
leaf_count=3344 449 189 220 1045 758 347
internal_value=0 0.00203293 0.000471961 0.00373426 -0.00405994 -0.00485539
internal_weight=249.389 176.812 154.017 90.9309 63.0859 72.5773
internal_count=6352 2661 2472 1265 1207 3691
is_linear=0
shrinkage=0.025


Tree=190
num_leaves=7
num_cat=0
split_feature=39 60 22 31 0 44
split_gain=4.12519 4.44419 5.32334 5.40462 4.15097 6.56777
threshold=1.0000000180025095e-35 0.68000000000000005 0.46381950000000005 0.47100750000000008 0.80776700000000012 0.16367100000000004
decision_type=2 2 2 2 2 2
left_child=-1 2 3 -2 5 -3
right_child=1 4 -4 -5 -6 -7
leaf_value=-0.0074087411395757684 -0.0019067331261400208 -0.022562685703456143 0.01008405997239736 0.013482504624969655 0.0026906434008194375 0
leaf_weight=37.145575147180352 95.049651288834866 12.669566786586076 49.468279412016273 14.176020050421355 23.873880376282614 16.808637665526476
leaf_count=1742 2394 921 485 111 350 349
internal_value=0 0.00136905 0.00349197 0.000269261 -0.00466251 -0.0106361
internal_weight=249.192 212.046 158.694 109.226 53.3521 29.4782
internal_count=6352 4610 2990 2505 1620 1270
is_linear=0
shrinkage=0.025


Tree=191
num_leaves=7
num_cat=0
split_feature=39 22 43 29 22 2
split_gain=4.05215 4.22827 4.18124 3.85328 3.79868 6.40845
threshold=1.0000000180025095e-35 0.47288350000000007 1.0000000180025095e-35 0.65961650000000016 0.25632250000000006 0.65795046091079723
decision_type=2 2 2 2 2 2
left_child=2 4 -1 -3 -2 -6
right_child=1 3 -4 -5 5 -7
leaf_value=-0.0021028394147012399 0.0054504456429516632 0.0029335175008259702 -0.021476073350610577 0.01786819806802253 -0.0083831651708856491 0.0035493623015320202
leaf_weight=29.59264301721123 39.694756663870066 48.830541017232463 7.4894678863056461 12.811146356165407 63.43095944225206 45.913905149616767
leaf_count=1022 968 600 720 75 2394 573
internal_value=0 0.00136396 -0.007346 0.0067493 -0.000880241 -0.00332712
internal_weight=247.763 210.681 37.0821 61.6417 149.04 109.345
internal_count=6352 4610 1742 675 3935 2967
is_linear=0
shrinkage=0.025


Tree=192
num_leaves=7
num_cat=0
split_feature=29 17 4 1 0 45
split_gain=4.15066 4.28457 5.30563 4.85862 4.23582 4.04868
threshold=0.9893010000000001 0.62126400000000015 1.0000000180025095e-35 0.62773707509040844 0.33440000000000009 1.0000000180025095e-35
decision_type=2 2 2 2 2 2
left_child=1 3 -3 4 -1 -5
right_child=-2 2 -4 5 -6 -7
leaf_value=0.0033641955958263869 0.011286798697938371 0.0023216177995203694 -0.015471351918039021 -0.0075496678558251906 -0.017649885352104423 0.0088036795551265767
leaf_weight=5.9864487467566532 16.341026844689623 159.24411362636602 8.6383760841563326 17.033414055826142 23.942334015489905 15.792090345872564
leaf_count=188 115 3141 273 372 2039 224
internal_value=0 -0.000912147 0.00114115 -0.00637256 -0.0132414 0.000136358
internal_weight=246.978 230.637 167.882 62.7543 29.9288 32.8255
internal_count=6352 6237 3414 2823 2227 596
is_linear=0
shrinkage=0.025


Tree=193
num_leaves=7
num_cat=0
split_feature=9 21 22 2 61 24
split_gain=3.87466 3.47712 5.77006 5.28923 3.42019 3.74761
threshold=0.75000000000000011 0.87400000000000011 0.25229850000000004 0.54260361194610607 0.71538450000000009 0.55000000000000016
decision_type=2 2 2 2 2 2
left_child=1 2 3 -1 5 -2
right_child=4 -3 -4 -5 -6 -7
leaf_value=-0.012570370701898363 -0.0040289271491410856 0.0039572220574080495 -0.014529344221190947 0.010061953333000466 0.010669124581234549 0.0038025556563056951
leaf_weight=7.7606436493515529 62.007148077827878 18.179674527549651 31.198315557470778 14.607861937605774 22.168508703354746 90.220574858598411
leaf_count=594 1207 347 2427 323 189 1265
internal_value=0 -0.00479311 -0.00796293 0.00138361 0.00201176 0.00054244
internal_weight=246.143 71.7465 53.5668 22.3685 174.396 152.228
internal_count=6352 3691 3344 917 2661 2472
is_linear=0
shrinkage=0.025


Tree=194
num_leaves=7
num_cat=0
split_feature=29 17 4 1 0 45
split_gain=3.93347 3.94239 4.97361 4.20794 4.15399 4.1209
threshold=0.9893010000000001 0.62126400000000015 1.0000000180025095e-35 0.62773707509040844 0.33440000000000009 1.0000000180025095e-35
decision_type=2 2 2 2 2 2
left_child=1 3 -3 4 -1 -5
right_child=-2 2 -4 5 -6 -7
leaf_value=0.0036666763582015359 0.011048973913040293 0.0022147780675651992 -0.015115011474042237 -0.0078590167381655997 -0.017133611845440329 0.0086907899049119396
leaf_weight=5.9775611022487309 16.139260596246459 158.94541490309348 8.4983583024586533 17.014109334733803 23.263050990746706 15.642331652459687
leaf_count=188 115 3141 273 372 2039 224
internal_value=0 -0.000888302 0.00107433 -0.00616907 -0.0126519 0
internal_weight=245.48 229.341 167.444 61.8971 29.2406 32.6564
internal_count=6352 6237 3414 2823 2227 596
is_linear=0
shrinkage=0.025


Tree=195
num_leaves=7
num_cat=0
split_feature=29 17 4 1 0 45
split_gain=3.88223 3.88076 4.79601 4.11758 3.98501 3.89951
threshold=0.9893010000000001 0.62126400000000015 1.0000000180025095e-35 0.62773707509040844 0.33440000000000009 1.0000000180025095e-35
decision_type=2 2 2 2 2 2
left_child=1 3 -3 4 -1 -5
right_child=-2 2 -4 5 -6 -7
leaf_value=0.0034114920265146441 0.010986271588104446 0.0021790475966407229 -0.01489516430939599 -0.0076899393143999364 -0.017001052129691312 0.0084429597208318021
leaf_weight=5.973902944475415 16.105715781217441 158.77686412357434 8.4197097321739403 16.92148965439992 23.03557370461931 15.578548607998526
leaf_count=188 115 3141 273 372 2039 224
internal_value=0 -0.000884092 0.00106089 -0.00614263 -0.0125827 0
internal_weight=244.812 228.706 167.197 61.5095 29.0095 32.5
internal_count=6352 6237 3414 2823 2227 596
is_linear=0
shrinkage=0.025


Tree=196
num_leaves=7
num_cat=0
split_feature=9 2 21 22 2 17
split_gain=3.69102 3.44984 3.34802 5.64062 4.99835 3.43329
threshold=0.75000000000000011 0.7578759789466859 0.87400000000000011 0.25229850000000004 0.54260361194610607 0.59294400000000014
decision_type=2 2 2 2 2 2
left_child=2 -2 3 4 -1 -5
right_child=1 -3 -4 5 -6 -7
leaf_value=-0.012268727029322409 0.00078351715862381771 0.013035453670251777 0.0039361172903834406 -0.0015796629155598162 0.0097793701280821134 -0.020061157092058576
leaf_weight=7.6608043706801281 159.64497679052874 13.605865165125577 17.915279637963977 10.885705084656367 14.67589111914276 19.844769492498017
leaf_count=594 2578 83 347 696 323 1731
internal_value=0 0.00196722 -0.00470508 -0.00782562 0.00139146 -0.0143891
internal_weight=244.233 173.251 70.9824 53.0672 22.3367 30.7305
internal_count=6352 2661 3691 3344 917 2427
is_linear=0
shrinkage=0.025


Tree=197
num_leaves=7
num_cat=0
split_feature=29 17 4 19 6 20
split_gain=3.69166 3.94587 4.46219 4.06738 3.8867 3.50866
threshold=0.9893010000000001 0.62126400000000015 1.0000000180025095e-35 0.68304650000000011 0.59334400000000009 0.67985850000000014
decision_type=2 2 2 2 2 2
left_child=1 3 5 -1 -5 -3
right_child=-2 2 -4 4 -6 -7
leaf_value=-0.016228770047844218 0.010744214799693898 0.0084124701622643582 -0.014458728983408477 0.011994805235174778 -0.0053526530514628945 0
leaf_weight=15.770045894605571 15.999528815504162 39.223299876961391 8.1871502590656728 7.4590064787189467 37.964648908528034 118.94115287641762
leaf_count=1559 115 1210 273 239 1025 1931
internal_value=0 -0.000864016 0.0011023 -0.00618016 -0.00184433 0.0021747
internal_weight=243.545 227.545 166.352 61.1937 45.4237 158.164
internal_count=6352 6237 3414 2823 1264 3141
is_linear=0
shrinkage=0.025


Tree=198
num_leaves=7
num_cat=0
split_feature=29 47 32 19 61 19
split_gain=3.64882 3.96319 4.93266 4.75182 4.43793 3.73441
threshold=0.65961650000000016 0.96067150000000012 0.40164000000000005 0.64370500000000008 0.47455900000000001 0.73652050000000013
decision_type=2 2 2 2 2 2
left_child=1 2 3 -1 -3 -4
right_child=-2 4 5 -5 -6 -7
leaf_value=-0.020119880037836102 0.0083911748432587852 -0.011940195049103309 0.0082083161219463959 -0.0036584630847268894 0.0078297506707866171 -0.0078966530687247464
leaf_weight=10.329414969572097 26.154178816941567 5.7880462675821027 32.608478013135027 115.44796590367332 43.817191973852459 9.3949494613334519
leaf_count=1035 295 92 507 3924 326 173
internal_value=0 -0.00109349 -0.0029606 -0.00544433 0.00489281 0.00416825
internal_weight=243.54 217.386 167.781 125.777 49.6052 42.0034
internal_count=6352 6057 5639 4959 418 680
is_linear=0
shrinkage=0.025


Tree=199
num_leaves=7
num_cat=0
split_feature=19 44 22 2 0 61
split_gain=3.48134 4.38142 4.31237 3.63467 3.49241 5.72467
threshold=0.77083950000000012 0.047970500000000006 0.46740950000000003 0.68692350387573253 0.48566650000000006 0.48345200000000005
decision_type=2 2 2 2 2 2
left_child=1 2 -1 -2 -3 -6
right_child=3 4 -4 -5 5 -7
leaf_value=-0.011339144254377556 0 0.0057957638318056424 0.0070380309606469758 0.018940314677416428 -0.010013425032141188 0.0017922124933350378
leaf_weight=36.986897406794014 15.392340013291689 55.639290441642515 7.5662845049519083 9.233305825153364 33.660050175472861 84.138891976559535
leaf_count=2709 204 817 120 63 1242 1197
internal_value=0 -0.00103972 -0.00782414 0.00845141 0.000739754 -0.0016464
internal_weight=242.617 217.991 44.5532 24.6256 173.438 117.799
internal_count=6352 6085 2829 267 3256 2439
is_linear=0
shrinkage=0.025


Tree=200
num_leaves=7
num_cat=0
split_feature=19 44 2 0 61 58
split_gain=3.47908 3.95261 3.56922 3.49679 5.71591 4.18416
threshold=0.77083950000000012 0.047970500000000006 0.68692350387573253 0.48566650000000006 0.48345200000000005 0.17833350000000001
decision_type=2 2 2 2 2 2
left_child=1 -1 -2 5 -5 -3
right_child=2 3 -4 4 -6 -7
leaf_value=-0.007522367793415051 0 -0.001880493250058894 0.018891875681179934 -0.010143298408402236 0.0016874032257047937 0.011345513932107486
leaf_weight=44.075469162926311 15.296190310386011 23.662064345553517 9.175744626671074 33.385754250368336 83.945123349956702 31.800371455436107
leaf_count=2829 204 340 63 1242 1197 477
internal_value=0 -0.00104177 0.00847296 0.000645065 -0.00174731 0.00571418
internal_weight=241.341 216.869 24.4719 172.793 117.331 55.4624
internal_count=6352 6085 267 3256 2439 817
is_linear=0
shrinkage=0.025


Tree=201
num_leaves=7
num_cat=0
split_feature=62 19 0 61 59 1
split_gain=3.39278 5.84964 4.67991 7.73041 3.4417 3.37313
threshold=0.41666666666666669 0.64465600000000012 0.48566650000000006 0.49346600000000007 1.0000000180025095e-35 0.66905209422111522
decision_type=2 2 2 2 2 2
left_child=5 -2 4 -4 -3 -1
right_child=1 2 3 -5 -6 -7
leaf_value=-0.0010729882997069422 -0.016280633475012209 -0.0031803509525500104 -0.010415985371321289 0.0016613055101245577 0.010393750508630506 0.013157531052134866
leaf_weight=16.890694397850893 12.568043869279789 14.290750249958363 47.293051448505139 94.771489785489393 35.152371949196095 19.8423680618871
leaf_count=391 1034 391 2153 1514 748 121
internal_value=0 -0.00127999 -5.33337e-05 -0.00240928 0.00633768 0.00673958
internal_weight=240.809 204.076 191.508 142.065 49.4431 36.7331
internal_count=6352 5840 4806 3667 1139 512
is_linear=0
shrinkage=0.025


Tree=202
num_leaves=7
num_cat=0
split_feature=29 62 19 0 32 15
split_gain=3.59006 3.62127 4.43849 4.46068 2.79155 2.64948
threshold=0.65961650000000016 0.41666666666666669 0.64370500000000008 0.48873350000000004 0.17192500000000002 0.64336450000000012
decision_type=2 2 2 2 2 2
left_child=1 4 5 -4 -1 -3
right_child=-2 2 3 -5 -6 -7
leaf_value=-0.0010155769956745229 0.0083702305040960802 -0.02368603256522742 0.0051417129309465981 -0.0038236583231051331 0.012411311818518352 0
leaf_weight=16.029411074414384 25.82156761031365 6.9259295051160716 44.686046634946251 125.03952120961912 17.403906487626955 3.9260456287884153
leaf_count=359 295 802 1114 3501 113 168
internal_value=0 -0.0010949 -0.0025414 -0.00137204 0.00610758 -0.0164937
internal_weight=239.832 214.011 180.578 169.726 33.4333 10.852
internal_count=6352 6057 5585 4615 472 970
is_linear=0
shrinkage=0.025


Tree=203
num_leaves=7
num_cat=0
split_feature=21 0 34 16 20 19
split_gain=3.35536 5.25987 4.18315 4.02342 3.35851 5.20079
threshold=0.70400000000000007 0.48180000000000006 0.92695000000000005 0.59337350000000011 0.67985850000000014 0.70106150000000012
decision_type=2 2 2 2 2 2
left_child=1 4 -3 -2 -1 -6
right_child=3 2 -4 -5 5 -7
leaf_value=0.0070338726010293201 -0.01791097240661679 -0.014734255850232726 0.001035286138757434 0.0034596343994425815 -0.014207839885302954 0.0048790058499561684
leaf_weight=30.300677046325291 3.1732397248269981 29.548498378164368 13.707815867266616 131.97401190458913 14.301182536408307 16.162829366745427
leaf_count=1207 271 1908 297 2186 249 234
internal_value=0 -0.00333143 -0.00976217 0.00257809 0.00131295 -0.00421376
internal_weight=239.168 104.021 43.2563 135.147 60.7647 30.464
internal_count=6352 3895 2205 2457 1690 483
is_linear=0
shrinkage=0.025


Tree=204
num_leaves=7
num_cat=0
split_feature=9 19 20 3 2 21
split_gain=3.48011 3.55855 3.87379 5.89635 3.73486 3.35517
threshold=0.75000000000000011 0.64465600000000012 0.67626350000000013 0.96083033084869396 0.7578759789466859 0.87400000000000011
decision_type=2 2 2 2 2 2
left_child=5 -2 3 -3 -4 -1
right_child=1 2 4 -5 -6 -7
leaf_value=-0.0078137184649754703 -0.01422405934927045 0.018163328633788233 -0.00042226312190785879 -0.0059339815723778045 0.012515249300430043 0.0040890961244948376
leaf_weight=51.529777251489577 5.5234011878492302 18.379745028621986 125.70802125096088 7.0053366995416573 13.039879224961622 17.519014953053556
leaf_count=3344 212 261 1962 145 81 347
internal_value=0 0.00192595 0.00272719 0.0112638 0.000931681 -0.00463409
internal_weight=238.705 169.656 164.133 25.3851 138.748 69.0488
internal_count=6352 2661 2449 406 2043 3691
is_linear=0
shrinkage=0.025


Tree=205
num_leaves=7
num_cat=0
split_feature=9 47 61 62 19 27
split_gain=3.28778 4.01676 3.85629 3.88238 4.92641 2.70109
threshold=0.63000000000000012 0.25677900000000003 0.71538450000000009 0.41666666666666669 0.64465600000000012 1.0000000180025095e-35
decision_type=2 2 2 2 2 2
left_child=1 -1 3 -2 -5 -4
right_child=2 -3 5 4 -6 -7
leaf_value=0.0057170432362016674 0.0072240544448467477 -0.014520387733201105 0 -0.019327643059305205 -0.00082803662822634777 0.014797627409657666
leaf_weight=6.6353185969346695 31.834481260739267 16.702564881547005 12.601169150089847 7.2250253144884473 146.37811145599699 17.115288518369198
leaf_count=395 244 1943 162 363 3099 146
internal_value=0 -0.00843148 0.00100091 -0.000336304 -0.00204985 0.00899558
internal_weight=238.492 23.3379 215.154 185.438 153.603 29.7165
internal_count=6352 2338 4014 3706 3462 308
is_linear=0
shrinkage=0.025


Tree=206
num_leaves=7
num_cat=0
split_feature=9 21 22 2 0 19
split_gain=3.38836 3.29768 5.08801 4.41163 3.41718 3.18722
threshold=0.75000000000000011 0.87400000000000011 0.25229850000000004 0.54260361194610607 0.80115350000000018 0.64465600000000012
decision_type=2 2 2 2 2 2
left_child=1 2 3 -1 -4 -2
right_child=5 -3 4 -5 -6 -7
leaf_value=-0.011785017509509912 -0.013515124057776466 0.0040513458408725769 -0.017760178574088341 0.009157578152892587 0.0022306489485887349 0.0026593591268230911
leaf_weight=7.4770831233181552 5.3781086028902783 17.52216658895486 24.376192636656928 14.205680212937294 5.0967445725691496 163.54893306345912
leaf_count=594 212 347 2222 323 205 2449
internal_value=0 -0.00458513 -0.00775736 0.00110217 -0.0141254 0.00190378
internal_weight=237.605 68.6779 51.1557 21.6828 29.4729 168.927
internal_count=6352 3691 3344 917 2427 2661
is_linear=0
shrinkage=0.025


Tree=207
num_leaves=7
num_cat=0
split_feature=9 19 20 1 21 6
split_gain=3.42901 3.65776 3.91631 3.51415 3.30153 4.82813
threshold=0.75000000000000011 0.64465600000000012 0.67626350000000013 0.6737692952156068 0.87400000000000011 0.53070650000000008
decision_type=2 2 2 2 2 2
left_child=4 -2 -3 -4 5 -1
right_child=1 2 3 -5 -6 -7
leaf_value=0.00060433134050888362 -0.014435880611854281 0.011370221417982322 -0.0016565052667188358 0.0067501775194204472 0.0040144348123750768 -0.014229055953101928
leaf_weight=22.32841358652513 5.5528489612624972 25.033684800728224 96.235423864156473 42.42151598574128 17.486991594196297 28.456210397896939
leaf_count=1259 212 406 1695 348 347 2085
internal_value=0 0.00190829 0.0027242 0.000927496 -0.0046309 -0.0078207
internal_weight=237.515 169.243 163.691 138.657 68.2716 50.7846
internal_count=6352 2661 2449 2043 3691 3344
is_linear=0
shrinkage=0.025


Tree=208
num_leaves=7
num_cat=0
split_feature=29 32 58 58 0 17
split_gain=3.52019 4.1785 3.81065 4.88595 3.49072 2.39118
threshold=0.52868100000000007 0.71124000000000009 0.31583350000000004 0.36833350000000004 0.81750000000000012 0.62284700000000004
decision_type=2 2 2 2 2 2
left_child=1 2 5 -4 -3 -1
right_child=-2 4 3 -5 -6 -7
leaf_value=-0.017063114035800273 0.0072599441428101378 0.012532494253605315 0.0097021776536799186 -0.0025147556576471351 -0.0090706116354031651 -0.0043152212610792825
leaf_weight=12.268717772356466 33.106234057893744 19.116931012191348 22.674108961422462 106.15719829664158 3.536710300599224 40.349189088563435
leaf_count=952 442 204 417 3208 112 1017
internal_value=0 -0.00125119 -0.00258037 -0.00015421 0.00824562 -0.00808547
internal_weight=237.209 204.103 181.449 128.831 22.6536 52.6179
internal_count=6352 5910 5594 3625 316 1969
is_linear=0
shrinkage=0.025


Tree=209
num_leaves=7
num_cat=0
split_feature=19 6 48 47 47 29
split_gain=3.64706 3.85237 4.56112 3.77953 5.77549 6.04541
threshold=0.70106150000000012 0.58527350000000011 0.54183350000000019 0.31762400000000007 0.79946800000000018 0.31620650000000006
decision_type=2 2 2 2 2 2
left_child=3 -2 -3 -1 5 -5
right_child=1 2 -4 4 -6 -7
leaf_value=0.0041656082817673155 0.012996038716492153 -0.0082666084884723042 0.0029926695198732281 -0.017518079949447811 0.003925301864105119 0.0022733163141987894
leaf_weight=21.928073763599969 16.062228035065345 25.321277806244325 112.2478892848012 31.436602874106029 17.761787198600359 11.713764843239913
leaf_count=851 278 744 1773 1968 341 397
internal_value=0 0.00227149 0.000747237 -0.00415572 -0.00733547 -0.0121235
internal_weight=236.472 153.631 137.569 82.8402 60.9122 43.1504
internal_count=6352 2795 2517 3557 2706 2365
is_linear=0
shrinkage=0.025


Tree=210
num_leaves=7
num_cat=0
split_feature=4 9 19 6 22 19
split_gain=3.34458 3.15894 3.74539 3.91306 2.62527 4.09417
threshold=0.62500000000000011 0.75000000000000011 0.64465600000000012 0.60587600000000008 0.25229850000000004 0.68592600000000015
decision_type=2 2 2 2 2 2
left_child=1 4 -3 -4 -1 -6
right_child=-2 2 3 -5 5 -7
leaf_value=0.0025700218356180305 -0.01855731686117559 -0.014382038781308497 0.010695617596961034 0.0010668024671806919 -0.01931328086521272 -0.0022810692009917824
leaf_weight=21.966187218611594 3.4210677953087716 5.3885183285456142 31.789180234947708 129.60434353625169 10.795621616096467 33.311138466873672
leaf_count=886 239 202 357 1994 1389 1285
internal_value=0 0.000466865 0.00232878 0.00315097 -0.00401895 -0.00744999
internal_weight=236.276 232.855 166.782 161.394 66.0729 44.1068
internal_count=6352 6113 2553 2351 3560 2674
is_linear=0
shrinkage=0.025


Tree=211
num_leaves=7
num_cat=0
split_feature=39 43 15 29 2 60
split_gain=3.07048 4.21333 4.10745 4.07469 4.92676 4.44019
threshold=1.0000000180025095e-35 1.0000000180025095e-35 0.67258850000000014 1.0000000180025095e-35 0.77092891931533825 0.68000000000000005
decision_type=2 2 2 2 2 2
left_child=1 2 -1 4 5 -2
right_child=3 -3 -4 -5 -6 -7
leaf_value=-0.011913974072882914 -0.00030049072995680604 -0.021051274467621849 0.0057754955434035846 0.0052796004728015294 0.015115780258520135 -0.012016197164906789
leaf_weight=11.26658751993091 81.496172571874922 6.9693783249676917 17.429816607676912 86.096212995122187 7.2508842432871452 25.204448286676779
leaf_count=695 2017 720 327 1473 46 1074
internal_value=0 -0.00650459 -0.00128733 0.00122565 -0.00180977 -0.0033598
internal_weight=235.714 35.6658 28.6964 200.048 113.952 106.701
internal_count=6352 1742 1022 4610 3137 3091
is_linear=0
shrinkage=0.025


Tree=212
num_leaves=7
num_cat=0
split_feature=4 17 22 0 20 61
split_gain=3.28994 3.20417 3.70276 3.19076 2.45184 4.73347
threshold=1.0000000180025095e-35 0.61921050000000011 0.46740950000000003 0.37160000000000004 0.67985850000000014 0.49425850000000005
decision_type=2 2 2 2 2 2
left_child=1 2 -1 -2 -3 -6
right_child=3 4 -4 -5 5 -7
leaf_value=-0.0084056387791443306 0.0009932067613520341 0.0077099128517324686 0.0047610096252817683 -0.020147480496063366 -0.0048382053290533531 0.0048169645777986839
leaf_weight=38.734429445728892 6.5369364650687185 40.816364001395414 16.871677472954616 7.1150938320206478 52.184044029796496 72.438180751574691
leaf_count=2289 117 1308 278 336 1188 836
internal_value=0 0.000787289 -0.00422715 -0.0108961 0.00256265 0.000689509
internal_weight=234.697 221.045 55.6061 13.652 165.439 124.622
internal_count=6352 5899 2567 453 3332 2024
is_linear=0
shrinkage=0.025


Tree=213
num_leaves=7
num_cat=0
split_feature=39 43 15 60 22 31
split_gain=3.12683 3.86121 3.79959 3.6742 4.65477 4.46527
threshold=1.0000000180025095e-35 1.0000000180025095e-35 0.67258850000000014 0.68000000000000005 0.46381950000000005 0.47100750000000008
decision_type=2 2 2 2 2 2
left_child=1 2 -1 4 5 -2
right_child=3 -3 -4 -5 -6 -7
leaf_value=-0.01173037507667247 -0.0018873934428682655 -0.020702356214930634 0.0052932007027972055 -0.0044127670748368006 0.0095719113553896368 0.012716413053244825
leaf_weight=11.281633251375753 89.470541431801394 6.7931773953314396 17.258936077530961 49.930771674931748 46.535874392371625 12.740046669961883
leaf_count=695 2394 720 327 1620 485 111
internal_value=0 -0.00659375 -0.00155686 0.00124003 0.00323698 0.000109484
internal_weight=234.011 35.3337 28.5406 198.677 148.746 102.211
internal_count=6352 1742 1022 4610 2990 2505
is_linear=0
shrinkage=0.025


Tree=214
num_leaves=7
num_cat=0
split_feature=39 43 15 60 22 31
split_gain=3.05882 3.67851 3.66412 3.55919 4.49632 4.1117
threshold=1.0000000180025095e-35 1.0000000180025095e-35 0.67258850000000014 0.68000000000000005 0.46381950000000005 0.47100750000000008
decision_type=2 2 2 2 2 2
left_child=1 2 -1 4 5 -2
right_child=3 -3 -4 -5 -6 -7
leaf_value=-0.011603655541485888 -0.0017962043025920302 -0.02045068291889458 0.0051325056098158158 -0.0043428447271356852 0.0094246383295423855 0.012283236155304548
leaf_weight=11.262741998682033 89.245001243805746 6.6533976267091921 17.161799796449486 49.797215001482982 46.45860780577641 12.579197588493114
leaf_count=695 2394 720 327 1620 485 111
internal_value=0 -0.00654578 -0.00161793 0.00122633 0.00319563 0.000111945
internal_weight=233.158 35.0779 28.4245 198.08 148.283 101.824
internal_count=6352 1742 1022 4610 2990 2505
is_linear=0
shrinkage=0.025


Tree=215
num_leaves=7
num_cat=0
split_feature=4 39 43 60 22 3
split_gain=3.15764 3.17834 3.64503 3.52393 3.89279 3.68755
threshold=0.62500000000000011 1.0000000180025095e-35 1.0000000180025095e-35 0.68000000000000005 0.46381950000000005 0.9642053246498109
decision_type=2 2 2 2 2 2
left_child=1 2 -1 4 -3 -5
right_child=-2 3 -4 5 -6 -7
leaf_value=-0.0013294031562869459 -0.018212586647061251 0.00076889836127178664 -0.020220184410888849 -0.0099229172623751284 0.0095322872914666568 0.0030762064712303522
leaf_weight=28.049920471181395 3.3044174130773163 99.619287130510202 6.4437705379677928 26.157172918043216 46.144267295487225 22.879837343381951
leaf_count=999 239 2380 693 1042 475 524
internal_value=0 0.000456066 -0.00622289 0.00174694 0.00371609 -0.00383296
internal_weight=232.599 229.294 34.4937 194.801 145.764 49.037
internal_count=6352 6113 1692 4421 2855 1566
is_linear=0
shrinkage=0.025


Tree=216
num_leaves=7
num_cat=0
split_feature=39 22 43 29 18 62
split_gain=3.02669 3.59245 3.53391 3.21035 3.10485 3.02745
threshold=1.0000000180025095e-35 0.47288350000000007 1.0000000180025095e-35 0.9893010000000001 0.70595600000000014 0.41666666666666669
decision_type=2 2 2 2 2 2
left_child=2 5 4 -3 -1 -2
right_child=1 3 -4 -5 -6 -7
leaf_value=-0.01037356642306457 0.0068411475760963743 0.0034067793477290222 -0.020277578325781628 0.019775035612031411 0.0049060298284468408 -0.0026353109299614187
leaf_weight=12.180898993072335 22.874129179603187 51.049052444286644 6.5341874650621312 7.2353295972570768 16.142566438706126 116.37050118626212
leaf_count=808 336 633 720 42 214 3599
internal_value=0 0.00121994 -0.0065321 0.00631242 -0.0016897 -0.000923651
internal_weight=232.387 197.529 34.8577 58.2844 28.3235 139.245
internal_count=6352 4610 1742 675 1022 3935
is_linear=0
shrinkage=0.025


Tree=217
num_leaves=7
num_cat=0
split_feature=29 22 16 61 62 27
split_gain=3.1967 3.43109 2.83611 2.80932 3.61953 2.89223
threshold=0.9893010000000001 0.43055300000000002 0.62049500000000013 0.71538450000000009 0.41666666666666669 1.0000000180025095e-35
decision_type=2 2 2 2 2 2
left_child=2 -2 -1 4 -4 -5
right_child=1 -3 3 5 -6 -7
leaf_value=-0.0074291706189915921 -0.0035084815765988237 0.01799816502457113 0.0068853797839762802 -0.0027486485384460623 -0.0025501157594347485 0.014214808273796772
leaf_weight=31.857141957225394 5.453101680846884 9.5306832427158934 28.477283666230505 7.6904898690991113 134.71106861720909 14.383236447349191
leaf_count=2138 54 61 279 120 3556 144
internal_value=0 0.0102882 -0.00081904 0.000354801 -0.000771712 0.00827029
internal_weight=232.103 14.9838 217.119 185.262 163.188 22.0737
internal_count=6352 115 6237 4099 3835 264
is_linear=0
shrinkage=0.025


Tree=218
num_leaves=7
num_cat=0
split_feature=29 17 4 47 0 62
split_gain=3.29907 3.38681 4.01526 3.3971 4.84098 3.76641
threshold=0.9893010000000001 0.62224500000000005 1.0000000180025095e-35 0.70770500000000014 0.33440000000000009 0.75000000000000011
decision_type=2 2 2 2 2 2
left_child=1 3 -3 4 -1 -5
right_child=-2 2 -4 5 -6 -7
leaf_value=0.0056597827380712703 0.010612285870217196 0.00215270489244872 -0.013909877025432928 0.0048627309310865239 -0.015830521297121977 -0.015485260662055845
leaf_weight=6.4713065442629185 14.490705074393189 148.3608392355236 7.8248872669064431 24.010149522888245 25.181028116188827 4.7122394144535056
leaf_count=203 115 3069 272 386 2069 238
internal_value=0 -0.000823107 0.00108637 -0.00574875 -0.011088 0.000271546
internal_weight=231.051 216.56 156.186 60.3747 31.6523 28.7224
internal_count=6352 6237 3341 2896 2272 624
is_linear=0
shrinkage=0.025


Tree=219
num_leaves=7
num_cat=0
split_feature=59 44 47 49 48 15
split_gain=3.04588 4.55436 4.96882 3.83918 6.38053 3.83499
threshold=1.0000000180025095e-35 0.40492000000000006 0.28161300000000006 1.0000000180025095e-35 0.54183350000000019 0.58385650000000011
decision_type=2 2 2 2 2 2
left_child=1 2 5 -2 -5 -1
right_child=3 -3 -4 4 -6 -7
leaf_value=-0.013456815872119733 0.0083982582616501794 0.0037572457193001218 -0.014602235614298339 -0.010602778748683763 0.002449277868438798 0.015169387296083497
leaf_weight=1.9428223746654101 38.321629389305599 21.54492172494065 28.90786757596652 27.292625776797649 106.03965565335238 5.8410705582937226
leaf_count=196 596 263 1339 1872 1969 117
internal_value=0 -0.00482064 -0.0099991 0.00168121 -0.000303984 0.00563918
internal_weight=229.891 58.2367 36.6918 171.654 133.332 7.78389
internal_count=6352 1915 1652 4437 3841 313
is_linear=0
shrinkage=0.025


Tree=220
num_leaves=7
num_cat=0
split_feature=29 1 48 6 49 61
split_gain=3.1789 2.99004 3.34105 4.82169 2.84638 3.23429
threshold=0.9893010000000001 0.61476194858551036 0.37386650000000005 0.61269400000000018 1.0000000180025095e-35 0.27531250000000007
decision_type=2 2 2 2 2 2
left_child=1 4 -3 -4 5 -1
right_child=-2 2 3 -5 -6 -7
leaf_value=-0.0027422496608843958 0.010401820273114835 -0.014018720392557471 0.014242601629900023 0.00048422517635939391 -0.007480803743116507 0.012450843819937881
leaf_weight=33.818377907271497 14.52761773613747 5.1147136907675295 17.196005976817105 92.150823923962889 57.4355829807173 8.94388970651198
leaf_count=803 115 146 245 1331 3535 177
internal_value=0 -0.000815614 0.00187759 0.0029961 -0.00394823 0.000754315
internal_weight=229.187 214.659 114.462 109.347 100.198 42.7623
internal_count=6352 6237 1722 1576 4515 980
is_linear=0
shrinkage=0.025


Tree=221
num_leaves=7
num_cat=0
split_feature=39 14 17 22 29 15
split_gain=3.05037 3.40728 3.38544 3.32843 3.42553 3.01496
threshold=1.0000000180025095e-35 1.0000000180025095e-35 0.62549450000000018 0.47288350000000007 0.9893010000000001 0.67258850000000014
decision_type=2 2 2 2 2 2
left_child=1 2 -1 -2 -5 -4
right_child=3 -3 5 4 -6 -7
leaf_value=-0.015440965927224543 -0.00085971379014932207 -0.01929964130287945 -0.0067314917923328998 0.003142025224530338 0.019963536089184795 0.010422726707255412
leaf_weight=5.6464660728524931 136.5138254215708 7.3682041195861521 8.3681866257102246 50.466823776019737 7.2681634509935966 12.489664874330627
leaf_count=459 3935 713 375 633 42 195
internal_value=0 -0.00665112 -0.00147272 0.00122958 0.0061456 0.00318197
internal_weight=228.121 33.8725 26.5043 194.249 57.735 20.8579
internal_count=6352 1742 1029 4610 675 570
is_linear=0
shrinkage=0.025


Tree=222
num_leaves=7
num_cat=0
split_feature=4 0 39 43 59 33
split_gain=3.0087 2.97898 2.96695 3.47077 2.68006 4.49781
threshold=1.0000000180025095e-35 0.37160000000000004 1.0000000180025095e-35 1.0000000180025095e-35 1.0000000180025095e-35 0.70000000000000007
decision_type=2 2 2 2 2 2
left_child=2 -2 3 -1 5 -4
right_child=1 -3 4 -5 -6 -7
leaf_value=-0.00089564243127258707 0.0010295884222169701 -0.019645285568266148 -0.0059209056122212847 -0.019624539366613486 0.0039145664750452605 0.013516420616670006
leaf_weight=26.383239896356827 6.3189936378039402 6.8443104099133052 42.85043150333513 6.1867427552060681 132.70849323857692 6.2905748975463203
leaf_count=953 117 336 1347 687 2872 40
internal_value=0 -0.0105815 0.00076407 -0.00584809 0.00205905 -0.00272939
internal_weight=227.583 13.1633 214.419 32.57 181.849 49.141
internal_count=6352 453 5899 1640 4259 1387
is_linear=0
shrinkage=0.025


Tree=223
num_leaves=7
num_cat=0
split_feature=60 43 24 61 0 44
split_gain=2.98 3.28009 3.94166 3.40004 3.14796 5.97329
threshold=0.68000000000000005 1.0000000180025095e-35 0.25000000000000006 0.71538450000000009 0.80776700000000012 0.16367100000000004
decision_type=2 2 2 2 2 2
left_child=1 2 3 -1 5 -2
right_child=4 -3 -4 -5 -6 -7
leaf_value=-0.0060060081925601139 -0.021803903066824282 -0.0067801946883025172 0.0056792577472399679 0.010641848383015164 0.0012165944490086246 0
leaf_weight=38.492235510464525 12.342446743597977 22.014309653211967 104.41897989917197 6.7693965736543751 25.687480344116921 17.483359341946198
leaf_count=1340 1051 1067 1913 74 499 408
internal_value=0 0.00163439 0.00302052 -0.00290623 -0.00490754 -0.0101388
internal_weight=227.208 171.695 149.681 45.2616 55.5133 29.8258
internal_count=6352 4394 3327 1414 1958 1459
is_linear=0
shrinkage=0.025


Tree=224
num_leaves=7
num_cat=0
split_feature=29 17 20 61 60 1
split_gain=2.99952 3.05371 3.96634 4.83095 4.45652 3.47101
threshold=0.9893010000000001 0.62126400000000015 0.67985850000000014 0.50715900000000003 0.82000000000000017 0.62773707509040844
decision_type=2 2 2 2 2 2
left_child=1 5 4 -4 -3 -1
right_child=-2 2 3 -5 -6 -7
leaf_value=-0.012019562636223577 0.010200948765247721 0.011389476545061946 -0.0063577296175658582 0.0035605762924330905 -0.0080504273417466091 0
leaf_weight=25.655430836748565 14.214438742608762 32.920410254751914 58.145765793073224 58.855482169135939 6.8418483675341113 29.774456408922561
leaf_count=2227 115 923 1397 714 380 596
internal_value=0 -0.00079417 0.000956626 -0.00132516 0.00755909 -0.00572431
internal_weight=226.408 212.193 156.764 117.001 39.7623 55.4299
internal_count=6352 6237 3414 2111 1303 2823
is_linear=0
shrinkage=0.025


Tree=225
num_leaves=7
num_cat=0
split_feature=59 44 47 15 21 49
split_gain=2.75911 4.29336 4.12418 3.69944 3.65915 3.55579
threshold=1.0000000180025095e-35 0.40492000000000006 0.28161300000000006 0.58385650000000011 0.87400000000000011 1.0000000180025095e-35
decision_type=2 2 2 2 2 2
left_child=1 2 3 -1 -4 -2
right_child=5 -3 4 -5 -6 -7
leaf_value=-0.0137454434148766 0.0081388474885413977 0.0037339797824727408 -0.016898890364616559 0.014463349876819088 0.0070425667336985595 -0.0003090397765850776
leaf_weight=1.9460005592845835 37.563470350229181 21.17299767662189 25.576413763279565 5.6034642835438717 2.6855225523468098 131.35032226651674
leaf_count=196 596 263 1286 117 53 3841
internal_value=0 -0.00463912 -0.00973861 0.0047108 -0.013952 0.00160988
internal_weight=225.898 56.9844 35.8114 7.54946 28.2619 168.914
internal_count=6352 1915 1652 313 1339 4437
is_linear=0
shrinkage=0.025


Tree=226
num_leaves=7
num_cat=0
split_feature=60 43 58 33 20 34
split_gain=2.95348 3.24679 3.61714 5.47472 3.75198 3.1022
threshold=0.68000000000000005 1.0000000180025095e-35 0.31583350000000004 0.70000000000000007 0.67985850000000014 0.20665700000000001
decision_type=2 2 2 2 2 2
left_child=1 2 3 -1 -4 -3
right_child=-2 5 4 -5 -6 -7
leaf_value=-0.0068071642637923015 -0.0049000006341742997 0.0033922869427507893 0.013638289408133534 0.013751092356764808 0.0025652524715863803 -0.013768460770484832
leaf_weight=37.63843710286892 55.154138002486434 8.9269069566216803 24.995876768953167 7.5343891477095886 78.370411255338695 12.912953156454021
leaf_count=1164 1958 490 920 64 1179 577
internal_value=0 0.00163412 0.00301879 -0.0026534 0.0055844 -0.00676665
internal_weight=225.533 170.379 148.539 45.1728 103.366 21.8399
internal_count=6352 4394 3327 1228 2099 1067
is_linear=0
shrinkage=0.025


Tree=227
num_leaves=7
num_cat=0
split_feature=60 16 0 17 9 31
split_gain=2.97268 3.2335 3.11343 5.34094 4.90443 3.22773
threshold=0.68000000000000005 0.59337350000000011 0.80776700000000012 0.63418550000000007 0.80800000000000016 0.20505900000000002
decision_type=2 2 2 2 2 2
left_child=1 -1 4 -4 -2 -6
right_child=2 -3 3 -5 5 -7
leaf_value=-0.011936230104184221 -0.020882382869202819 0.0025072550210519596 0.01098853056449277 -0.010000894506102366 -0.0094889253160730658 0.0094185949834842478
leaf_weight=7.6725751756748641 12.072113152375097 162.38379282216192 14.004811570048334 11.363247124216285 9.9268113458529132 7.7207685853354624
leaf_count=855 1152 3539 176 323 212 95
internal_value=0 0.0016414 -0.00491829 0.00121891 -0.0101166 -0.000640365
internal_weight=225.144 170.056 55.0878 25.3681 29.7197 17.6476
internal_count=6352 4394 1958 499 1459 307
is_linear=0
shrinkage=0.025


Tree=228
num_leaves=7
num_cat=0
split_feature=59 1 21 49 48 22
split_gain=2.95228 3.97064 4.07209 3.52383 6.03735 3.49576
threshold=1.0000000180025095e-35 0.59380820393562328 0.87400000000000011 1.0000000180025095e-35 0.54183350000000019 0.20127900000000001
decision_type=2 2 2 2 2 2
left_child=1 2 5 -2 -5 -1
right_child=3 -3 -4 4 -6 -7
leaf_value=0.0029557316966162209 0.0081619877346573808 0.0022104928091770341 0.010022847650116174 -0.010431065887115122 0.0024330698917561012 -0.01743396212178
leaf_weight=4.9090958690503674 37.533907469711266 25.146855354541913 3.0416105780750504 26.4569248824846 104.13146010410856 23.251555672002723
leaf_count=147 596 364 57 1872 1969 1347
internal_value=0 -0.00482839 -0.010504 0.00166535 -0.000254416 -0.013643
internal_weight=224.471 56.3491 31.2023 168.122 130.588 28.1607
internal_count=6352 1915 1551 4437 3841 1494
is_linear=0
shrinkage=0.025


Tree=229
num_leaves=7
num_cat=0
split_feature=59 44 47 15 49 48
split_gain=3.16807 3.80489 4.21208 3.83193 3.43748 5.87187
threshold=1.0000000180025095e-35 0.40492000000000006 0.28161300000000006 0.58385650000000011 1.0000000180025095e-35 0.54183350000000019
decision_type=2 2 2 2 2 2
left_child=1 2 3 -1 -2 -6
right_child=4 -3 -4 -5 5 -7
leaf_value=-0.013967667605386039 0.0081163907755681785 0.0028696016459784654 -0.014202955042155166 0.014664256169586304 -0.010288046345378575 0.0024559929592741902
leaf_weight=1.9876513637136657 37.756213092012331 21.177226122817956 27.570380709017627 5.5984466945519671 26.130278434604406 104.23194209596841
leaf_count=196 596 263 1339 117 1872 1969
internal_value=0 -0.00500255 -0.00985256 0.00469217 0.00172501 -0.00017813
internal_weight=224.452 56.3337 35.1565 7.5861 168.118 130.362
internal_count=6352 1915 1652 313 4437 3841
is_linear=0
shrinkage=0.025


Tree=230
num_leaves=7
num_cat=0
split_feature=59 1 21 47 49 48
split_gain=2.99493 3.87331 4.42848 3.7824 3.21519 5.51459
threshold=1.0000000180025095e-35 0.59380820393562328 0.87400000000000011 0.28161300000000006 1.0000000180025095e-35 0.54183350000000019
decision_type=2 2 2 2 2 2
left_child=1 2 3 -1 -2 -6
right_child=4 -3 -4 -5 5 -7
leaf_value=0 0.0078483651289717338 0.0021230446788400559 0.010954794146100472 -0.019067853642775606 -0.010034453982202556 0.0023758811860501877
leaf_weight=8.3662022376083822 37.868542718351819 24.998584610584658 3.021473782893735 19.935423008617363 25.793384796779719 104.04303156086826
leaf_count=317 596 364 57 1177 1872 1969
internal_value=0 -0.00486304 -0.0104421 -0.0137142 0.00168063 -0.000166433
internal_weight=224.027 56.3217 31.3231 28.3016 167.705 129.836
internal_count=6352 1915 1551 1494 4437 3841
is_linear=0
shrinkage=0.025


Tree=231
num_leaves=7
num_cat=0
split_feature=59 24 47 61 29 3
split_gain=2.84565 4.38308 3.24103 5.28375 2.93505 4.67384
threshold=1.0000000180025095e-35 0.75000000000000011 0.28161300000000006 0.28461550000000008 0.65961650000000016 0.93188127875328075
decision_type=2 2 2 2 2 2
left_child=1 2 -1 -4 5 -2
right_child=4 -3 3 -5 -6 -7
leaf_value=0.0030371283203886336 -0.009706916670303798 0.0083782631324680664 -0.02329381189396082 -0.0032734466419058021 0.010468350710021663 0.0022655105032199901
leaf_weight=10.425137433310736 21.587829900658107 10.129219597409245 12.437194481026379 23.455110401409911 18.241015294101089 128.05997874544119
leaf_count=337 777 158 759 661 212 3448
internal_value=0 -0.00473463 -0.00806375 -0.0115038 0.00163796 0.000349768
internal_weight=224.335 56.4467 46.3174 35.8923 167.889 149.648
internal_count=6352 1915 1757 1420 4437 4225
is_linear=0
shrinkage=0.025


Tree=232
num_leaves=7
num_cat=0
split_feature=60 16 61 43 9 16
split_gain=2.66572 3.10262 3.18399 4.34111 2.68059 3.45142
threshold=0.68000000000000005 0.59337350000000011 0.71538450000000009 1.0000000180025095e-35 0.63000000000000012 0.63232100000000002
decision_type=2 2 2 2 2 2
left_child=1 -1 3 -3 -2 -6
right_child=4 2 -4 -5 5 -7
leaf_value=-0.011851497273907571 -0.017797611503942278 0.0026586837777670532 0.011358313711048836 -0.010022984921835766 0.0088294050848975875 -0.005801848976908025
leaf_weight=7.519301655527669 6.0476625717856214 125.65445791633101 19.228874226333573 16.806862236495363 10.765520436441873 37.404194384260336
leaf_count=855 776 2497 207 835 272 910
internal_value=0 0.00155215 0.00239974 0.00095515 -0.00469908 -0.0020849
internal_weight=223.427 169.209 161.69 142.461 54.2174 48.1697
internal_count=6352 4394 3539 3332 1958 1182
is_linear=0
shrinkage=0.025


Tree=233
num_leaves=7
num_cat=0
split_feature=4 0 16 60 1 47
split_gain=2.63512 3.03353 2.70085 3.26102 2.78882 2.66609
threshold=1.0000000180025095e-35 0.37160000000000004 0.59337350000000011 0.68000000000000005 0.5099569857120515 0.98331200000000007
decision_type=2 2 2 2 2 2
left_child=2 -2 -1 5 -5 -4
right_child=1 -3 3 4 -6 -7
leaf_value=-0.011715415232586152 0.0015037723879788099 -0.019292536070901325 0.0016994491753126871 -0.017689697997232773 -0.0012254457779876703 0.010952104425643263
leaf_weight=7.7548248864186453 6.4158998011844215 6.6618970523413736 130.77226310397964 5.4759644342266247 44.041602547673392 21.593584213580471
leaf_count=914 117 336 3083 542 1193 167
internal_value=0 -0.0099243 0.000728764 0.00138704 -0.00397705 0.00322289
internal_weight=222.716 13.0778 209.638 201.883 49.5176 152.366
internal_count=6352 453 5899 4985 1735 3250
is_linear=0
shrinkage=0.025


Tree=234
num_leaves=7
num_cat=0
split_feature=4 0 16 60 9 61
split_gain=2.7137 2.89447 2.70901 3.14097 2.58219 2.51332
threshold=1.0000000180025095e-35 0.37160000000000004 0.59337350000000011 0.68000000000000005 0.63000000000000012 0.71538450000000009
decision_type=2 2 2 2 2 2
left_child=2 -2 -1 5 -5 -4
right_child=1 -3 3 4 -6 -7
leaf_value=-0.011748160893440301 0.0011743125604086781 -0.019231012009435569 0.0017994950330499891 -0.016920036246210451 -0.0011797441484218962 0.0112145447372482
leaf_weight=7.7145887273654798 6.3581343552796152 6.6316879815713037 133.0422368960717 5.634779755913768 43.601791108885664 19.08656715170946
leaf_count=914 117 336 3045 697 1038 205
internal_value=0 -0.0101008 0.000739481 0.00139902 -0.0038808 0.00319954
internal_weight=222.07 12.9898 209.08 201.365 49.2366 152.129
internal_count=6352 453 5899 4985 1735 3250
is_linear=0
shrinkage=0.025


Tree=235
num_leaves=7
num_cat=0
split_feature=16 61 60 24 3 19
split_gain=2.60337 3.34385 3.08835 3.28798 2.22613 1.91273
threshold=0.59337350000000011 0.71538450000000009 0.82000000000000017 0.55000000000000016 0.9642053246498109 0.72047000000000005
decision_type=2 2 2 2 2 2
left_child=-1 2 3 -2 -4 -3
right_child=1 5 4 -5 -6 -7
leaf_value=-0.01220155103907581 -0.003178511392766932 -0.0030934606362260884 -0.012853040345985015 0.003962378545148703 0.00050699380808019322 0.011166512849020423
leaf_weight=7.9260936330101677 70.110003064044577 5.2893398975720656 17.540721820929324 86.925094224468921 10.481419622636166 23.248316423385404
leaf_count=946 2144 110 801 1784 304 263
internal_value=0 0.000588698 -0.000632918 0.000719555 -0.00793695 0.00820529
internal_weight=221.521 213.595 185.057 157.035 28.0221 28.5377
internal_count=6352 5406 5033 3928 1105 373
is_linear=0
shrinkage=0.025


Tree=236
num_leaves=7
num_cat=0
split_feature=16 60 20 61 19 20
split_gain=2.80278 3.15822 3.13722 3.79986 3.25062 2.50302
threshold=0.59337350000000011 0.68000000000000005 0.67985850000000014 0.71538450000000009 0.64465600000000012 0.69089650000000014
decision_type=2 2 2 2 2 2
left_child=-1 2 4 -4 -2 -3
right_child=1 5 3 -5 -6 -7
leaf_value=-0.012614736254415674 -0.0029935556355944544 -0.01193744509213499 -0.0016857449028936248 0.010179119033296833 0.011843872859488621 -0.00039340231543940403
leaf_weight=7.9966200511698835 10.28781771432841 16.314007119261078 100.68664139075554 17.630052666994743 31.763214252045145 36.225479179178365
leaf_count=946 480 1128 1916 190 953 739
internal_value=0 0.000614706 0.00239297 0.000183831 0.00805319 -0.00451632
internal_weight=220.904 212.907 160.368 118.317 42.051 52.5395
internal_count=6352 5406 3539 2106 1433 1867
is_linear=0
shrinkage=0.025


Tree=237
num_leaves=7
num_cat=0
split_feature=16 1 17 60 19 62
split_gain=2.93227 3.09721 3.15589 2.73477 2.52172 3.59621
threshold=0.59337350000000011 0.68374666571617138 0.56998800000000016 0.82000000000000017 0.7689275000000001 0.58333333333333337
decision_type=2 2 2 2 2 2
left_child=-1 2 -2 -4 5 -3
right_child=1 4 3 -5 -6 -7
leaf_value=-0.012883094142142599 -0.017449732942451984 0.0074780527661785397 0.0013700645297183055 -0.0067464661919915646 0.019085381113514974 -0.010246192806500321
leaf_weight=8.026912672314209 4.3275343515706473 25.869951936649159 140.21553514165862 29.179020847514039 6.1888166745193294 6.8968174158362663
leaf_count=946 336 226 3515 1122 47 160
internal_value=0 0.000630266 -0.000779304 -5.49287e-05 0.00679522 0.00303743
internal_weight=220.705 212.678 173.722 169.395 38.9556 32.7668
internal_count=6352 5406 4973 4637 433 386
is_linear=0
shrinkage=0.025


Tree=238
num_leaves=7
num_cat=0
split_feature=16 1 17 60 19 62
split_gain=2.786 3.0054 3.04 2.62804 2.50439 3.47938
threshold=0.59337350000000011 0.68374666571617138 0.56998800000000016 0.82000000000000017 0.7689275000000001 0.58333333333333337
decision_type=2 2 2 2 2 2
left_child=-1 2 -2 -4 5 -3
right_child=1 4 3 -5 -6 -7
leaf_value=-0.012600638842503143 -0.017234319884642916 0.0073586937450768513 0.0013313083167602355 -0.0066334903046760445 0.018995442153023723 -0.010064213997474376
leaf_weight=7.9573953875224097 4.2488197907077838 25.722145976033062 140.09817868968821 29.09983789769467 6.1219200273044398 6.9243896281113839
leaf_count=946 336 226 3515 1122 47 160
internal_value=0 0.000613696 -0.000773452 -6.4212e-05 0.00670261 0.00296129
internal_weight=220.173 212.215 173.447 169.198 38.7685 32.6465
internal_count=6352 5406 4973 4637 433 386
is_linear=0
shrinkage=0.025


Tree=239
num_leaves=7
num_cat=0
split_feature=39 59 24 32 22 22
split_gain=2.63098 3.13188 4.08996 3.67744 3.33367 5.73409
threshold=1.0000000180025095e-35 1.0000000180025095e-35 0.75000000000000011 0.064260000000000012 0.25632250000000006 0.3513150000000001
decision_type=2 2 2 2 2 2
left_child=-1 2 3 -2 -3 -6
right_child=1 4 -4 -5 5 -7
leaf_value=-0.0063509093951692342 0.00073137310609268998 0.011879413729635075 0.0085209565013822999 -0.013657098593679282 -0.012769584087572958 0.0034230567291287546
leaf_weight=32.007837994227884 17.261449933088443 20.559592383215204 10.050624960800631 23.070100246957736 13.093362689891363 103.66520617929928
leaf_count=1742 900 388 119 479 881 1843
internal_value=0 0.00115224 -0.00397709 -0.00761145 0.00313424 0.00130421
internal_weight=219.708 187.7 50.3822 40.3316 137.318 116.759
internal_count=6352 4610 1498 1379 3112 2724
is_linear=0
shrinkage=0.025


end of trees

feature_importances:
Column_62=104
Column_29=98
Column_47=98
Column_61=97
Column_9=86
Column_1=69
Column_22=69
Column_39=69
Column_19=64
Column_0=62
Column_44=59
Column_60=54
Column_2=53
Column_43=53
Column_31=48
Column_16=42
Column_49=38
Column_48=34
Column_21=33
Column_15=31
Column_17=29
Column_6=26
Column_20=21
Column_59=19
Column_4=14
Column_3=9
Column_24=8
Column_32=8
Column_58=8
Column_14=6
Column_18=6
Column_34=6
Column_33=5
Column_28=4
Column_45=3
Column_27=2
Column_30=2
Column_46=2
Column_26=1

parameters:
[boosting: gbdt]
[objective: lambdarank]
[metric: ndcg]
[tree_learner: serial]
[device_type: cpu]
[data_sample_strategy: bagging]
[data: ]
[valid: ]
[num_iterations: 240]
[learning_rate: 0.025]
[num_leaves: 7]
[num_threads: 6]
[seed: 20260929]
[deterministic: 0]
[force_col_wise: 0]
[force_row_wise: 0]
[histogram_pool_size: -1]
[max_depth: 4]
[min_data_in_leaf: 28]
[min_sum_hessian_in_leaf: 0.001]
[bagging_fraction: 1]
[pos_bagging_fraction: 1]
[neg_bagging_fraction: 1]
[bagging_freq: 0]
[bagging_seed: 19036]
[bagging_by_query: 0]
[feature_fraction: 0.9]
[feature_fraction_bynode: 1]
[feature_fraction_seed: 15786]
[extra_trees: 0]
[extra_seed: 10297]
[early_stopping_round: 0]
[early_stopping_min_delta: 0]
[first_metric_only: 0]
[max_delta_step: 0]
[lambda_l1: 0.35]
[lambda_l2: 2.5]
[linear_lambda: 0]
[min_gain_to_split: 0]
[drop_rate: 0.1]
[max_drop: 50]
[skip_drop: 0.5]
[xgboost_dart_mode: 0]
[uniform_drop: 0]
[drop_seed: 19726]
[top_rate: 0.2]
[other_rate: 0.1]
[min_data_per_group: 100]
[max_cat_threshold: 32]
[cat_l2: 10]
[cat_smooth: 10]
[max_cat_to_onehot: 4]
[top_k: 20]
[monotone_constraints: ]
[monotone_constraints_method: basic]
[monotone_penalty: 0]
[feature_contri: ]
[forcedsplits_filename: ]
[refit_decay_rate: 0.9]
[cegb_tradeoff: 1]
[cegb_penalty_split: 0]
[cegb_penalty_feature_lazy: ]
[cegb_penalty_feature_coupled: ]
[path_smooth: 0]
[interaction_constraints: ]
[verbosity: -1]
[saved_feature_importance_type: 0]
[use_quantized_grad: 0]
[num_grad_quant_bins: 4]
[quant_train_renew_leaf: 0]
[stochastic_rounding: 1]
[linear_tree: 0]
[max_bin: 255]
[max_bin_by_feature: ]
[min_data_in_bin: 3]
[bin_construct_sample_cnt: 200000]
[data_random_seed: 5115]
[is_enable_sparse: 1]
[enable_bundle: 1]
[use_missing: 1]
[zero_as_missing: 0]
[feature_pre_filter: 1]
[pre_partition: 0]
[two_round: 0]
[header: 0]
[label_column: ]
[weight_column: ]
[group_column: ]
[ignore_column: ]
[categorical_feature: ]
[forcedbins_filename: ]
[precise_float_parser: 0]
[parser_config_file: ]
[objective_seed: 817]
[num_class: 1]
[is_unbalance: 0]
[scale_pos_weight: 1]
[sigmoid: 1]
[boost_from_average: 1]
[reg_sqrt: 0]
[alpha: 0.9]
[fair_c: 1]
[poisson_max_delta_step: 0.7]
[tweedie_variance_power: 1.5]
[lambdarank_truncation_level: 5]
[lambdarank_norm: 1]
[label_gain: ]
[lambdarank_position_bias_regularization: 0]
[eval_at: 1,5,10]
[multi_error_top_k: 1]
[auc_mu_weights: ]
[num_machines: 1]
[local_listen_port: 12400]
[time_out: 120]
[machine_list_filename: ]
[machines: ]
[gpu_platform_id: -1]
[gpu_device_id: -1]
[gpu_device_id_list: ]
[gpu_use_dp: 0]
[num_gpu: 1]

end of parameters

pandas_categorical:null
