tree
version=v4
num_class=1
num_tree_per_iteration=1
label_index=0
max_feature_idx=92
objective=lambdarank
feature_names=Column_0 Column_1 Column_2 Column_3 Column_4 Column_5 Column_6 Column_7 Column_8 Column_9 Column_10 Column_11 Column_12 Column_13 Column_14 Column_15 Column_16 Column_17 Column_18 Column_19 Column_20 Column_21 Column_22 Column_23 Column_24 Column_25 Column_26 Column_27 Column_28 Column_29 Column_30 Column_31 Column_32 Column_33 Column_34 Column_35 Column_36 Column_37 Column_38 Column_39 Column_40 Column_41 Column_42 Column_43 Column_44 Column_45 Column_46 Column_47 Column_48 Column_49 Column_50 Column_51 Column_52 Column_53 Column_54 Column_55 Column_56 Column_57 Column_58 Column_59 Column_60 Column_61 Column_62 Column_63 Column_64 Column_65 Column_66 Column_67 Column_68 Column_69 Column_70 Column_71 Column_72 Column_73 Column_74 Column_75 Column_76 Column_77 Column_78 Column_79 Column_80 Column_81 Column_82 Column_83 Column_84 Column_85 Column_86 Column_87 Column_88 Column_89 Column_90 Column_91 Column_92
feature_infos=[0:1] [-0.035627521574497223:0.83773982524871826] [-0.035817231982946396:0.86836433410644531] [0.63048857450485229:0.99203497171401978] [0:1] [0:1] [0.29658499999999999:0.83450299999999999] [0:1] [0:1] [0.080000000000000002:1] [0:1] none [0:1] none [0:1] [0:0.85160000000000002] [0.52320800000000001:0.79572299999999996] [0:0.79816399999999998] [0.53391100000000002:0.79447900000000005] [0.52735900000000002:0.82273300000000005] [0.476688:0.82313800000000004] [0:1] [0.088976:0.645644] [0:1] [0:1] [0:1] [0:1] [0:1] [0:1] [0:1] [0:1] [0:0.80000000000000004] [0:1] [0:1] [0:1] [0:1] [0:1] [0:1] none [0:1] [0:1] [0:1] [0:1] [0:1] [0:1] [0:1] [0:1] [0:1] [0:1] [0:1] [0:1] [0:1] [0:1] [0.55000000000000004:0.90000000000000002] [0:1] [0:1] none [0:1] [0:1] [0:1] [0.059999999999999998:1] [0:1] [0.16666666666666666:1] [0:1] [0:1] [-0.68000000000000005:1] [0:1] [0:1] [0:1] [0.059999999999999998:1] [0.33333299999999999:1] [0:1] [0:1] [-0.68000000000000005:1] [0:1] [0:1] [0:1] [0:1] [0:1] [0:1] [0:1] [0:1] [0:1] [0:1] [0:1] [0:1] [0:1] [0:1] [0:1] [0:1] [0:1] [0:1] [0:1]
tree_sizes=1108 1116 1111 1119 1107 1119 1117 1116 1090 1115 1113 1116 1112 1089 1113 1114 1111 1121 1119 1121 1095 1111 1114 1119 1126 1110 1120 1098 1114 1116 1116 1111 1112 1125 1115 1120 1119 1122 1126 1118 1123 1128 1114 1118 1093 1125 1109 1127 1117 1118 1111 1119 1117 1123 1105 1119 1121 1102 1116 1119 1114 1123 1118 1112 1123 1107 1116 1116 1119 1131 1123 1118 1120 1115 1110 1107 1119 1115 1129 1123 1115 1075 1096 1117 1118 1122 1111 1124 1112 1120 1100 1128 1117 1119 1110 1117 1090 1132 1115 1125 1121 1127 1114 1120 1124 1116 1096 1117 1126 1095 1128 1114 1120 1118 1126 1112 1095 1105 1125 1100 1117 1125 1122 1127 1129 1124 1130 1132 1120 1116 1103 1110 1106 1127 1118 1124 1127 1120 1120 1101 1120 1114 1124 1124 1124 1112 1126 1124 1111 1093 1128 1120 1129 1107 1096 1119 1119 1122 1114 1107 1127 1121 1122 1099 1103 1101 1111 1126 1121 1115 1117 1123 1097 1120 1122 1115 1118 1128 1114 1128 1115 1121 1127 1105 1121 1133 1121 1124 1120 1135 1131 1102 1128 1100 1103 1119 1120 1106 1117 1121 1130 1084 1116 1130 1118 1136 1115 1110 1124 1122 1118 1124 1132 1127 1103 1117 1127 1107 1101 1119 1115 1127 1135 1080 1134 1123 1120 1122 1114 1123 1126 1104 1124 1134 1129 1127 1126 1118 1127 1113 1128 1119 1116 1102 1125 1138 1122 1131 1105 1104 1135 1131 1114 1124 1125 1135 1100 1127 1092 1110

Tree=0
num_leaves=9
num_cat=0
split_feature=9 62 2 2 60 48 22 6
split_gain=452.153 107.587 34.3491 32.4974 29.4791 25.6721 14.5825 11.955
threshold=0.57000000000000017 0.75000000000000011 0.61711630225181591 0.57966452836990368 0.68000000000000005 0.66350000000000009 0.49383500000000008 0.53018700000000007
decision_type=2 2 2 2 2 2 2 2
left_child=3 2 4 -1 -2 6 -3 -5
right_child=1 5 -4 7 -6 -7 -8 -9
leaf_value=-0.046764059429674432 0.023391053154984461 -0.02836662268074322 0.037641240587362707 0.01372323326117807 -0.012326195579605376 0.013997196037653712 0.0067268923728669959 -0.024329330090661797
leaf_weight=92.695010300783906 58.403081150812795 31.38901878069737 111.01846302504418 7.4133434860850711 17.279660648404388 17.331068014958873 8.2362092658295278 9.4109890532272384
leaf_count=9791 2152 2650 2649 405 1058 791 343 861
internal_value=0.000689638 0.0196583 0.0287725 -0.0410401 0.0150323 -0.0100531 -0.0209194 -0.00748713
internal_weight=353.177 243.658 186.701 109.519 75.6827 56.9563 39.6252 16.8243
internal_count=20700 9643 5859 11057 3210 3784 2993 1266
is_linear=0
shrinkage=0.025


Tree=1
num_leaves=9
num_cat=0
split_feature=68 2 1 47 39 62 15 18
split_gain=792.103 202.246 129.687 105.101 109.615 59.5685 58.0247 42.8944
threshold=0.39988350000000006 0.51494944095611583 0.57741677761077892 0.92356600000000011 1.0000000180025095e-35 0.58333333333333337 0.66040250000000011 0.67906500000000014
decision_type=2 2 2 2 2 2 2 2
left_child=2 6 7 4 -3 -4 -2 -1
right_child=1 3 5 -5 -6 -7 -8 -9
leaf_value=-0.044565976776805891 -0.03069362755596812 -0.020371978799993758 0.0087723642971675574 0.03726848221360831 0.018919496693744247 -0.028942029589692764 0.0067423092168979572 -0.0095811954157029866
leaf_weight=225.49441928986926 64.977696718764491 49.732558435294777 58.92191588319838 172.05306204175577 315.27608291331853 43.890873459808063 40.709108804585412 26.257156900246628
leaf_count=10532 1964 884 685 419 4055 973 664 532
internal_value=-0.00153638 0.0149945 -0.0314403 0.0212137 0.0134637 -0.00750143 -0.0163468 -0.041051
internal_weight=997.313 642.749 354.564 537.062 365.009 102.813 105.687 251.752
internal_count=20708 7986 12722 5358 4939 1658 2628 11064
is_linear=0
shrinkage=0.025


Tree=2
num_leaves=9
num_cat=0
split_feature=9 62 47 29 1 47 61 43
split_gain=824.437 207.721 95.0183 98.8967 51.0742 47.1254 32.5514 22.1749
threshold=0.57000000000000017 0.75000000000000011 0.95024300000000006 0.75473800000000013 0.60874295234680187 0.62759050000000005 0.46085700000000007 1.0000000180025095e-35
decision_type=2 2 2 2 2 2 2 2
left_child=4 2 3 -2 -1 -3 -6 -7
right_child=1 5 -4 -5 6 7 -8 -9
leaf_value=-0.043401850276481302 0.0077180043804204986 -0.030244907242321581 0.034248783466966193 0.040364703298454825 0.017774034325188669 0.0069524664400784243 -0.03437506620970375 -0.03313118084503959
leaf_weight=217.06810785038397 380.34782035264652 65.622102506225929 183.10280805826187 67.037343885749578 14.711038069799544 50.362413925176952 11.518611709587274 8.3234024015255255
leaf_count=10441 5456 2746 303 168 191 754 403 267
internal_value=0.0003783 0.0132948 0.0191184 0.0127844 -0.0394445 -0.016018 -0.0056742 0.000239288
internal_weight=998.094 754.796 630.488 447.385 243.298 124.308 26.2296 58.6858
internal_count=20729 9694 5927 5624 11035 3767 594 1021
is_linear=0
shrinkage=0.025


Tree=3
num_leaves=9
num_cat=0
split_feature=9 2 2 62 43 68 64 60
split_gain=714.009 139.246 123.531 59.2713 66.9687 42.6209 40.6367 46.1599
threshold=0.71000000000000008 0.53145480155944835 0.58994919061660778 0.58333333333333337 1.0000000180025095e-35 0.52675000000000016 0.25505100000000008 0.68000000000000005
decision_type=2 2 2 2 2 2 2 2
left_child=2 6 5 -3 -5 -1 -2 -8
right_child=1 3 -4 4 -6 -7 7 -9
leaf_value=-0.043281837048651031 -0.031929253780372639 0.028035454989143022 -0.0056206264841134664 0.015921032533950025 -0.025861992497566356 -0.008952379907776831 0.011074811052477682 -0.03451090650944981
leaf_weight=207.14571572234854 33.670351929031312 306.72088857640483 96.414142624242231 182.18323944084113 25.610177075257525 27.321085349074565 57.992473895952571 16.057682011043653
leaf_count=10697 1140 2363 1870 2026 685 625 813 575
internal_value=-0.000112132 0.0156484 -0.0296889 0.0210516 0.0105381 -0.0394229 -0.0100046 0.00044337
internal_weight=953.116 622.235 330.881 514.514 207.793 234.467 107.721 74.0502
internal_count=20794 7602 13192 5074 2711 11322 2528 1388
is_linear=0
shrinkage=0.025


Tree=4
num_leaves=9
num_cat=0
split_feature=9 1 1 60 0 0 61 0
split_gain=668.299 143.112 105.646 64.8198 56.5846 55.1751 51.7702 49.3664
threshold=0.71000000000000008 0.56950846314430248 0.51807814836502086 0.68000000000000005 0.50913350000000013 0.43580000000000002 0.71970600000000007 0.84440000000000015
decision_type=2 2 2 2 2 2 2 2
left_child=2 4 -1 -3 -2 -4 -7 -5
right_child=1 3 5 7 -6 6 -8 -9
leaf_value=-0.041328544439823582 0.0091711223257564516 0.027631172135684098 0.0089637534396526629 0.01372747883955946 -0.01994547408336831 -0.038154399259102217 0.0054373148357669994 -0.027130465291945006
leaf_weight=188.18091949739028 84.674974790541455 345.72805565095041 49.017219472851139 87.072790728183463 78.308108803001232 51.841565690934658 23.831349763087928 21.299155615386553
leaf_count=9972 1249 2136 919 1060 2237 1948 325 820
internal_value=8.09599e-05 0.0151706 -0.0295643 0.0223608 -0.0048452 -0.0113784 -0.0245432 0.0052833
internal_weight=929.954 617.083 312.871 454.1 162.983 124.69 75.6729 108.372
internal_count=20666 7502 13164 4016 3486 3192 2273 1880
is_linear=0
shrinkage=0.025


Tree=5
num_leaves=9
num_cat=0
split_feature=1 68 18 29 62 55 72 2
split_gain=583.323 191.083 62.6684 60.7977 52.8612 52.3508 36.1534 24.9279
threshold=0.50965696573257457 0.45270850000000007 0.69470550000000009 1.0000000180025095e-35 0.58333333333333337 1.0000000180025095e-35 0.54686350000000006 0.55745661258697521
decision_type=2 2 2 2 2 2 2 2
left_child=2 4 -1 5 6 -3 -2 -5
right_child=1 3 -4 7 -6 -7 -8 -9
leaf_value=-0.037360241266537593 -0.016104681959576376 0.020795949717409213 0.0034874686634278184 -0.0042248112224266511 -0.025411842848243649 -0.0010506957229081079 0.015943696433927512 0.031904138985044746
leaf_weight=224.61688526131911 36.092069030972198 162.36553839781845 25.453897896455601 11.853086464689111 81.922396486625075 116.20965058577713 49.942773784976453 194.86204946757061
leaf_count=11292 913 1381 521 227 2616 2199 443 1126
internal_value=-0.000853311 0.011573 -0.033178 0.0195133 -0.0112847 0.0117132 0.0023536 0.0297759
internal_weight=903.318 653.248 250.071 485.29 167.957 278.575 86.0348 206.715
internal_count=20718 8905 11813 4933 3972 3580 1356 1353
is_linear=0
shrinkage=0.025


Tree=6
num_leaves=9
num_cat=0
split_feature=9 62 1 61 0 22 64 2
split_gain=556.546 146.368 102.311 67.2167 59.4727 52.7187 39.6811 20.2747
threshold=0.73000000000000009 0.75000000000000011 0.48965796828269964 0.49961550000000005 0.51633350000000011 0.19813650000000002 0.39155850000000009 0.53701665997505199
decision_type=2 2 2 2 2 2 2 2
left_child=2 3 -1 4 -2 -4 -7 -5
right_child=1 -3 5 7 -6 6 -8 -9
leaf_value=-0.040668956329953675 0.019706733380446668 -0.014876845288066102 0.028501005600077834 -0.017083521889828555 -0.0065482006657819371 -0.030882172110664553 -0.0039324154292873564 0.028237881958632489
leaf_weight=161.28135865740478 126.85589913996228 90.222610750235617 16.000903926498722 4.8547740480862549 90.820359532837756 65.219968127406901 72.252926232526079 282.05186071048956
leaf_count=9089 1184 2699 136 139 1461 2470 1533 1913
internal_value=-5.14177e-05 0.0141561 -0.0268435 0.0194005 0.00875845 -0.0119303 -0.0170312 0.0273321
internal_weight=909.561 594.806 314.755 504.583 217.676 153.474 137.473 286.907
internal_count=20624 7396 13228 4697 2645 4139 4003 2052
is_linear=0
shrinkage=0.025


Tree=7
num_leaves=9
num_cat=0
split_feature=1 66 29 18 60 47 34 2
split_gain=574.96 146.611 68.4145 67.5348 61.3923 56.4122 48.9787 23.5735
threshold=0.50965696573257457 0.57533350000000005 1.0000000180025095e-35 0.67994900000000003 0.68000000000000005 0.87193500000000013 0.13174100000000002 0.5351318120956422
decision_type=2 2 2 2 2 2 2 2
left_child=3 4 5 -1 6 -3 -2 -4
right_child=1 2 7 -5 -6 -7 -8 -9
leaf_value=-0.038368602911978383 -0.020995881114318733 -0.00038000499012640966 -0.019237210909875849 -0.0017889975229741853 -0.036121948737751479 0.023140025315259882 0.01092603693286443 0.02973402457689079
leaf_weight=204.07698786153924 43.516176157863811 145.78912594055146 4.8331798617728046 37.996780106099322 35.814812920405529 110.3146310695447 86.349308919045143 234.1483775768429
leaf_count=10906 1391 3161 165 896 1329 435 1218 1247
internal_value=7.54429e-05 0.0121637 0.0189615 -0.0327194 -0.00808854 0.0098228 1.63469e-05 0.0285611
internal_weight=902.839 660.766 495.085 242.074 165.68 256.104 129.865 238.982
internal_count=20748 8946 5008 11802 3938 3596 2609 1412
is_linear=0
shrinkage=0.025


Tree=8
num_leaves=9
num_cat=0
split_feature=9 47 29 39 1 61 17 31
split_gain=521.481 140.149 123.724 80.3328 42.735 26.7169 13.4173 10.8542
threshold=0.57000000000000017 0.92356600000000011 0.75473800000000013 1.0000000180025095e-35 0.60710546374320995 0.46085700000000007 0.56917700000000016 0.58100750000000001
decision_type=2 2 2 2 2 2 2 2
left_child=4 2 3 -2 7 -6 -3 -1
right_child=1 6 -4 -5 5 -7 -8 -9
leaf_value=-0.03857983013700763 -0.027589809881193236 -0.0066571194742524849 0.03167099118496542 0.0029228521299739935 0.017672097421826138 -0.030915034168332717 0.029493295996987235 0
leaf_weight=180.40111372509273 62.435457239160314 5.5913219638168803 80.197408552281559 327.79512861162948 15.036746850353667 10.064446476288138 201.5884084769059 4.4233088174951254
leaf_count=10116 2025 34 235 6815 203 384 539 214
internal_value=0.00071019 0.0113939 0.00378778 -0.00205573 -0.033522 -0.0023762 0.0284275 -0.0376411
internal_weight=887.533 677.608 470.428 390.231 209.926 25.1012 207.18 184.824
internal_count=20565 9648 9075 8840 10917 587 573 10330
is_linear=0
shrinkage=0.025


Tree=9
num_leaves=9
num_cat=0
split_feature=9 62 1 44 61 60 2 0
split_gain=484.865 154.555 65.1547 49.613 32.2988 27.4619 25.9337 22.0409
threshold=0.57000000000000017 0.75000000000000011 0.60710546374320995 0.10004450000000001 0.47289900000000007 0.68000000000000005 0.63166251778602611 0.43580000000000002
decision_type=2 2 2 2 2 2 2 2
left_child=6 2 3 -2 7 -4 -1 -3
right_child=1 4 5 -5 -6 -7 -8 -9
leaf_value=-0.036456566085120261 -0.012663941929624986 -0.0059758132739044173 0.026543632015437715 0.013315339817203776 -0.001748719524992264 0.0094687921901880981 -0.0067183204389089576 -0.038939307486282111
leaf_weight=183.37659211509163 67.151376648922451 20.458005085587502 261.57195111388864 134.54218550096266 56.068194216117263 81.65908555011265 22.172723846626468 38.723766162060201
leaf_count=10466 1539 606 1402 1660 1436 1295 604 1697
internal_value=-3.0442e-05 0.0104114 0.0159769 0.00458962 -0.0156632 0.0225814 -0.0333805 -0.0282349
internal_weight=865.724 660.175 544.925 201.694 115.25 343.231 205.549 59.1818
internal_count=20705 9635 5896 3199 3739 2697 11070 2303
is_linear=0
shrinkage=0.025


Tree=10
num_leaves=9
num_cat=0
split_feature=9 62 29 47 29 47 1 22
split_gain=443.822 134.935 57.2581 66.3751 26.6006 28.6013 23.2821 20.5227
threshold=0.57000000000000017 0.58333333333333337 0.60023650000000017 0.87193500000000013 0.31620650000000006 0.87193500000000013 0.60874295234680187 0.25133350000000004
decision_type=2 2 2 2 2 2 2 2
left_child=6 4 3 -3 5 -2 -1 -8
right_child=1 2 -4 -5 -6 -7 7 -9
leaf_value=-0.036143153915984071 0.0069025683699857707 -0.015427670463685615 0.023010843089990143 0.012731943868432094 0.029941868461850259 0.024422706108334902 0.023337371633355877 -0.023495884645324251
leaf_weight=177.07377951062517 134.14538459351752 184.49106818775181 42.958313551614992 70.715451555792242 111.73408384039067 106.47828329564072 6.9638742208480862 14.815371600096112
leaf_count=10353 2515 5673 285 514 390 266 42 559
internal_value=-0.000646575 0.00934866 -0.0030043 -0.0075574 0.0197808 0.0148237 -0.0331496 -0.00750229
internal_weight=849.376 650.523 298.165 255.207 352.358 240.624 198.853 21.7792
internal_count=20597 9643 6472 6187 3171 2781 10954 601
is_linear=0
shrinkage=0.025


Tree=11
num_leaves=9
num_cat=0
split_feature=9 62 68 47 22 65 47 62
split_gain=428.225 133.405 71.6795 40.2767 27.7342 26.0024 24.9029 20.4946
threshold=0.57000000000000017 0.75000000000000011 0.31803350000000008 0.95024300000000006 0.39939650000000004 0.076556500000000013 0.9999920000000001 0.41666666666666669
decision_type=2 2 2 2 2 2 2 2
left_child=5 2 7 -4 6 -1 -3 -2
right_child=1 4 3 -5 -6 -7 -8 -9
leaf_value=-0.036316939545904606 0.016448513975986522 -0.031203525391881055 0.01346981811845744 0.029205505988412359 -0.0013652311572892441 -0.012023811030549381 0.018459406715133686 -0.015963221594406558
leaf_weight=157.80244179966394 13.800128663424401 52.553112828056328 312.16969936637906 157.20221445895731 57.598999889101833 37.609207799192518 5.6144096273928872 51.785303642856888
leaf_count=9189 137 2179 4257 270 1570 1709 21 1234
internal_value=0.000406591 0.0101722 0.0154392 0.0188575 -0.0139518 -0.0318486 -0.0258311 -0.00874742
internal_weight=846.136 650.724 534.957 469.372 115.767 195.412 58.1675 65.5854
internal_count=20566 9668 5898 4527 3770 10898 2200 1371
is_linear=0
shrinkage=0.025


Tree=12
num_leaves=9
num_cat=0
split_feature=1 9 60 34 2 64 18 68
split_gain=446.824 118.412 56.8849 38.5421 38.2169 39.916 30.8001 30.2338
threshold=0.50965696573257457 0.73000000000000009 0.68000000000000005 0.30332600000000004 0.68431133031845104 0.49981800000000004 0.66227400000000014 0.48877350000000003
decision_type=2 2 2 2 2 2 2 2
left_child=6 4 7 -4 5 -2 -1 -3
right_child=1 2 3 -5 -6 -7 -8 -9
leaf_value=-0.035158718476153476 -0.033976047824154344 0.0043950829758933052 -0.023314474705384142 0.0094181585526264128 0.011798774728483579 -0.001180591412490206 -0.01219689955188008 0.024105014428981778
leaf_weight=171.96676312020281 48.097427095926832 59.527714518539142 28.486809598165564 83.494646680133883 33.467570580192842 44.384576201089658 51.231426753569394 322.85673068603501
leaf_count=10154 2158 767 895 1507 434 987 1602 2187
internal_value=9.03676e-05 0.0110187 0.0165261 0.000762564 -0.0104604 -0.0186742 -0.0300766 0.021095
internal_weight=843.514 620.315 494.366 111.981 125.95 92.482 223.198 382.384
internal_count=20691 8935 5356 2402 3579 3145 11756 2954
is_linear=0
shrinkage=0.025


Tree=13
num_leaves=9
num_cat=0
split_feature=9 62 19 29 32 29 2 47
split_gain=378.947 103.878 53.1753 46.2834 32.1865 27.6535 27.2024 22.4098
threshold=0.57000000000000017 0.75000000000000011 0.65466050000000009 1.0000000180025095e-35 0.48273500000000008 0.60023650000000017 0.6687772572040559 0.77480250000000017
decision_type=2 2 2 2 2 2 2 2
left_child=6 2 4 -4 -2 7 -1 -3
right_child=1 5 3 -5 -6 -7 -8 -9
leaf_value=-0.033102289048980209 -0.028833359773636626 -0.024718019982628583 0.0082049136768895577 0.023560756592226548 0.019691976646642684 0.020829580216745212 0.0016891241387286403 0
leaf_weight=178.3853870453313 26.16508790559601 67.569756291341037 247.51650860672817 251.9683504269924 10.431202462175859 12.110365489497779 14.584234190639107 33.809580947039649
leaf_count=10701 842 3048 3417 1591 117 135 325 530
internal_value=0.000124842 0.00928309 0.0138848 0.0160293 -0.014504 -0.0122527 -0.030444 -0.0166036
internal_weight=842.54 649.571 536.081 499.485 36.5963 113.49 192.97 101.379
internal_count=20706 9680 5967 5008 959 3713 11026 3578
is_linear=0
shrinkage=0.025


Tree=14
num_leaves=9
num_cat=0
split_feature=1 47 29 18 31 16 22 47
split_gain=370.25 102.885 76.1598 39.3783 37.8874 24.2257 19.9356 18.7697
threshold=0.50965696573257457 0.74884650000000008 0.75473800000000013 0.66227400000000014 0.30852950000000007 0.59307200000000015 0.5006885000000002 0.9999920000000001
decision_type=2 2 2 2 2 2 2 2
left_child=3 2 4 -1 -2 -3 -5 -7
right_child=1 5 -4 6 -6 7 -8 -9
leaf_value=-0.034272988757036771 -0.012646383412566915 -0.026511885154303912 0.02711969319971691 -0.015778824592541815 0.0089542668224924498 0.015799079536998561 0.022326413024383859 0.029488955658635588
leaf_weight=165.38071018116898 177.17978325227159 5.1150285732001057 48.520333393476903 43.861355620378163 68.75327433005441 188.32014010776766 8.5785199590027315 105.988016795367
leaf_count=10128 5523 92 199 1520 1556 1293 91 200
internal_value=-0.000576047 0.00964607 -0.000834319 -0.0283144 -0.00655392 0.0199145 -0.00881629 0.0209202
internal_weight=811.697 593.877 294.453 217.821 245.933 299.423 52.4399 294.308
internal_count=20602 8863 7278 11739 7079 1585 1611 1493
is_linear=0
shrinkage=0.025


Tree=15
num_leaves=9
num_cat=0
split_feature=9 1 39 44 9 65 64 48
split_gain=368.086 94.9872 58.7187 52.7635 31.3986 21.3966 20.446 16.3967
threshold=0.57000000000000017 0.61030724644660961 1.0000000180025095e-35 0.10082500000000001 0.81800000000000006 0.40703000000000006 0.9064080000000001 0.84516650000000004
decision_type=2 2 2 2 2 2 2 2
left_child=5 2 -2 -4 6 -1 -3 -6
right_child=1 4 3 -5 7 -7 -8 -9
leaf_value=-0.032829571745047997 -0.025985603103942597 0.011428557424318406 -0.013052528319713286 0.011861040096132818 0.023308316036411231 0.0015922106117820332 -0.015826631276440597 -0.0069505907386709937
leaf_weight=176.0916880882869 49.127673804061487 63.554947245516814 77.654461060184985 157.14771855686558 251.42901740770321 11.415671961905899 21.25458560930565 10.470913522876797
leaf_count=10602 1789 643 2244 2241 1990 458 414 325
internal_value=-0.000127357 0.00901914 -0.0016809 0.00354923 0.0177626 -0.0306997 0.00430433 0.0220266
internal_weight=818.147 630.639 283.93 234.802 346.709 187.507 84.8095 261.9
internal_count=20706 9646 6274 4485 3372 11060 1057 2315
is_linear=0
shrinkage=0.025


Tree=16
num_leaves=9
num_cat=0
split_feature=2 68 15 22 2 60 9 0
split_gain=357.582 105.989 51.9078 50.7525 43.4843 31.4862 23.3711 22.5668
threshold=0.53145480155944835 0.39988350000000006 0.67609850000000005 0.25227950000000005 0.6687772572040559 0.68000000000000005 0.9900000000000001 0.50883350000000016
decision_type=2 2 2 2 2 2 2 2
left_child=2 3 -1 -2 5 -3 -5 -4
right_child=1 4 7 6 -6 -7 -8 -9
leaf_value=-0.031284158313166811 0.016953301874339584 0.014133047099580562 0.011257106498145149 -0.025417095871591452 0.024348572200132687 -0.0057554868452254623 0.013225815204979358 -0.023187201454068822
leaf_weight=191.12808695045533 28.546092207689071 182.76587586509413 29.519475483495626 73.763616949319839 212.69600277859718 66.18966442567762 9.7015060232952219 17.044934481033124
leaf_count=11068 440 1809 571 2751 1758 1450 89 703
internal_value=7.95211e-05 0.0107716 -0.0255687 -0.0108592 0.0160603 0.00881168 -0.0206333 -0.00163248
internal_weight=811.355 573.663 237.692 112.011 461.652 248.956 83.4651 46.5644
internal_count=20639 8297 12342 3280 5017 3259 2840 1274
is_linear=0
shrinkage=0.025


Tree=17
num_leaves=9
num_cat=0
split_feature=1 9 2 60 39 0 24 19
split_gain=333.543 95.6322 50.8096 51.8158 37.8683 35.9569 39.7423 29.8767
threshold=0.56950846314430248 0.71000000000000008 0.68278563022613536 0.68000000000000005 1.0000000180025095e-35 0.51233350000000011 1.0000000180025095e-35 0.71647950000000005
decision_type=2 2 2 2 2 2 2 2
left_child=1 7 3 4 -2 6 -3 -1
right_child=2 5 -4 -5 -6 -7 -8 -9
leaf_value=-0.033664390414697112 -0.014301368669869585 -0.012450996415662486 0.022583242054698655 -0.013510107498968991 0.016303603892331483 -0.01661051025781177 0.02335978166688716 0.0030651738095998039
leaf_weight=171.43291480076732 27.457677450147457 31.771854361519217 213.25295459269546 62.050220488628838 181.73640010968666 66.981528800504748 43.461711467200075 14.292671351227908
leaf_count=10879 609 806 1824 1665 1737 2285 417 377
internal_value=0.000321885 -0.0190729 0.0134894 0.00619942 0.0121537 -0.00349711 0.00820864 -0.0307953
internal_weight=812.438 327.941 484.497 271.244 209.194 142.215 75.2336 185.726
internal_count=20599 14764 5835 4011 2346 3508 1223 11256
is_linear=0
shrinkage=0.025


Tree=18
num_leaves=9
num_cat=0
split_feature=1 64 9 66 49 22 24 29
split_gain=338.143 112.921 43.6109 42.7455 29.4406 17.1406 17.9799 16.992
threshold=0.61030724644660961 0.24455000000000002 0.75000000000000011 0.37638300000000008 1.0000000180025095e-35 0.25227950000000005 0.55000000000000016 0.31620650000000006
decision_type=2 2 2 2 2 2 2 2
left_child=1 -1 5 -3 -5 -2 -7 -4
right_child=2 3 7 4 -6 6 -8 -9
leaf_value=-0.030157646963480941 0.021905227891804782 -0.021768556650391659 0.015356673362628949 0.013925913500022057 -0.0073728060777130235 -0.025276763392607322 0.0029594356674347458 0.028102085469638816
leaf_weight=195.57385405357491 13.58133952366188 58.913107270258479 185.86689324578037 75.760937890649075 82.53713854693342 20.324685352272354 36.234843006590381 115.66362219664734
leaf_count=10906 85 2703 2280 1034 2052 606 577 395
internal_value=-0.000925624 -0.0164718 0.0163159 -0.00395224 0.00282047 -0.0013145 -0.00757592 0.0204233
internal_weight=784.456 412.785 371.671 217.211 158.298 70.1409 56.5595 301.531
internal_count=20638 16695 3943 5789 3086 1268 1183 2675
is_linear=0
shrinkage=0.025


Tree=19
num_leaves=9
num_cat=0
split_feature=1 62 68 43 18 61 9 0
split_gain=331.636 80.5604 52.0204 33.3274 32.1471 27.6441 36.5372 30.8925
threshold=0.51961117982864391 0.58333333333333337 0.45270850000000007 1.0000000180025095e-35 0.67656500000000019 0.49446450000000003 0.73000000000000009 0.48220000000000002
decision_type=2 2 2 2 2 2 2 2
left_child=4 5 -3 -4 -1 7 -7 -2
right_child=1 2 3 -5 -6 6 -8 -9
leaf_value=-0.030800291833979983 0.016502589311844638 -0.01917670742730939 0.0095009805972616629 -0.029867068101525725 -0.0059200567211342477 -0.013956297234497973 0.025367263401987274 -0.0095322275910178986
leaf_weight=179.76841511143721 80.102826057292987 71.166984195588157 152.13600387121551 12.710331940092145 41.79393746732967 14.413356927689163 204.91764561785385 41.619218029780313
leaf_count=11090 954 2439 2064 434 1173 303 1453 828
internal_value=-0.000364476 0.00961198 -0.0015882 0.00609896 -0.0262356 0.0173486 0.0226465 0.00752995
internal_weight=798.629 577.066 236.013 164.846 221.562 341.053 219.331 121.722
internal_count=20738 8475 4937 2498 12263 3538 1756 1782
is_linear=0
shrinkage=0.025


Tree=20
num_leaves=9
num_cat=0
split_feature=9 62 61 19 15 64 47 9
split_gain=309.064 102.525 41.2564 32.1848 31.6782 31.6242 16.6909 15.5981
threshold=0.65000000000000013 0.75000000000000011 0.50715900000000003 0.71904200000000007 0.72152100000000008 0.24455000000000002 0.62759050000000005 0.75000000000000011
decision_type=2 2 2 2 2 2 2 2
left_child=3 2 5 4 -1 -2 -3 -4
right_child=1 6 7 -5 -6 -7 -8 -9
leaf_value=-0.031778238093109257 -0.012505552204375374 -0.025451620910858688 0.0010481835522386965 0 0.015031933537710358 0.010518357702836802 -0.0041834722115706297 0.022897347581228814
leaf_weight=180.02756258875888 44.081996256718412 44.211406455608085 23.484247992280871 25.750785989686847 8.1624406786286254 192.4562209622527 49.937997983302921 221.8672077836236
leaf_count=11301 1056 2262 386 622 164 2259 895 1758
internal_value=-0.000493088 0.00903195 0.0136999 -0.0260203 -0.0295718 0.00612723 -0.0145704 0.0208617
internal_weight=789.98 576.039 481.89 213.941 188.19 236.538 94.1494 245.351
internal_count=20703 8616 5459 12087 11465 3315 3157 2144
is_linear=0
shrinkage=0.025


Tree=21
num_leaves=9
num_cat=0
split_feature=9 62 29 47 66 2 19 16
split_gain=298.905 83.5242 45.5357 43.6275 24.4356 19.9707 16.6996 14.3358
threshold=0.57000000000000017 0.75000000000000011 0.31620650000000006 0.96386200000000011 0.57533350000000005 0.52633771300315868 0.71904200000000007 0.60695300000000019
decision_type=2 2 2 2 2 2 2 2
left_child=6 2 3 -2 -3 -6 -1 -4
right_child=1 4 7 -5 5 -7 -8 -9
leaf_value=-0.030546478380415489 0.0019612329588012652 -0.029671968162369635 -0.013943067826298328 0.02227948481312193 -0.023926821376305082 0.0039148394633687668 -0.001701980996154507 0.024887260257754961
leaf_weight=162.56554285273887 249.11780681768141 30.1362839655485 4.7076813522726288 88.604045619256794 19.921975834411569 58.143510072841309 14.443617946002631 158.31763067597058
leaf_count=10652 4891 1519 88 216 944 1230 417 726
internal_value=0.000120502 0.00845379 0.0127598 0.00741375 -0.0112758 -0.00351676 -0.02828 0.0235651
internal_weight=785.958 608.949 500.747 337.722 108.202 78.0655 177.009 163.025
internal_count=20683 9614 5921 5107 3693 2174 11069 814
is_linear=0
shrinkage=0.025


Tree=22
num_leaves=9
num_cat=0
split_feature=9 1 1 62 15 29 6 47
split_gain=274.557 74.5345 47.2247 34.5966 31.8398 28.1708 24.6582 21.4605
threshold=0.73000000000000009 0.5912856161594392 0.51807814836502086 0.41666666666666669 0.67162500000000014 0.31620650000000006 0.52801350000000014 0.96386200000000011
decision_type=2 2 2 2 2 2 2 2
left_child=2 4 -1 -4 -2 7 -6 -3
right_child=1 5 3 -5 6 -7 -8 -9
leaf_value=-0.030918528577150991 -0.014661933532153998 0.0041151931800142904 0.019274966424291846 -0.015612122161913645 0.026703979986016008 0.02575208308319148 -0.0013283312423182764 0.020883069994158478
leaf_weight=146.94445124323829 80.831024430110119 126.07713920428068 19.984660676447675 91.182024219015148 25.088982499204576 131.75776809290983 68.829898034106009 77.550741575658321
leaf_count=10045 2592 2622 374 2915 152 497 1329 172
internal_value=-0.00074451 0.00987083 -0.0216683 -0.00904432 -0.00331069 0.0167401 0.00648254 0.0106786
internal_weight=768.247 510.136 258.111 111.167 174.75 335.386 93.9189 203.628
internal_count=20698 7364 13334 3289 4073 3291 1481 2794
is_linear=0
shrinkage=0.025


Tree=23
num_leaves=9
num_cat=0
split_feature=9 2 62 64 65 54 48 2
split_gain=267.173 88.9249 47.064 32.0844 18.2157 16.4679 14.8427 14.8047
threshold=0.57000000000000017 0.6687772572040559 0.75000000000000011 0.36222550000000003 0.076556500000000013 1.0000000180025095e-35 0.66350000000000009 0.54343473911285411
decision_type=2 2 2 2 2 2 2 2
left_child=4 2 3 -2 -1 -3 -4 -6
right_child=1 5 6 -5 7 -7 -8 -9
leaf_value=-0.031820717095423751 -0.0080384668501279708 0.0212180680608327 -0.021228955816388759 0.010427696783061442 -0.02531405197523642 -0.026185313402586743 0.0018975585794194878 0.0059344899958322442
leaf_weight=135.23074415154406 79.722809711412992 215.91746652557049 66.129455786314793 206.82397457305342 17.324296626611613 2.9186022002249947 22.081657623872161 16.798831961583346
leaf_count=9264 1723 1932 2823 2577 1238 49 571 472
internal_value=-0.000169158 0.00773597 0.000298617 0.00524396 -0.0276877 0.0203205 -0.0154429 -0.0102459
internal_weight=762.948 593.594 374.758 286.547 169.354 218.836 88.2111 34.1231
internal_count=20649 9675 7694 4300 10974 1981 3394 1710
is_linear=0
shrinkage=0.025


Tree=24
num_leaves=9
num_cat=0
split_feature=2 68 29 62 15 60 72 64
split_gain=262.282 69.749 43.6299 32.6886 27.6723 25.5593 20.8779 14.7546
threshold=0.53145480155944835 0.39988350000000006 1.0000000180025095e-35 0.41666666666666669 0.67870050000000015 0.68000000000000005 0.53817350000000019 0.47552850000000008
decision_type=2 2 2 2 2 2 2 2
left_child=4 5 3 -3 -1 6 -2 -6
right_child=1 2 -4 -5 7 -7 -8 -9
leaf_value=-0.027905511545708112 -0.016857665176017594 0.023413010657212248 0.021522600622613203 0.00047315396118288369 -0.028061601422428858 -0.031360199053518875 0.0072631982452333547 0.0042075407259344012
leaf_weight=175.68971058411989 35.254492341075093 48.010623017325997 208.25246758508729 177.15211488824571 10.110093768686054 22.448221092519816 54.090135334641673 30.602135156863369
leaf_count=11176 1256 468 1395 3191 497 1011 986 682
internal_value=-0.000461835 0.00877365 0.0133111 0.00556062 -0.0236315 -0.00867657 -0.00233325 -0.00456904
internal_weight=761.61 545.208 433.415 225.163 216.402 111.793 89.3446 40.7122
internal_count=20662 8307 5054 3659 12355 3253 2242 1179
is_linear=0
shrinkage=0.025


Tree=25
num_leaves=9
num_cat=0
split_feature=9 62 2 19 1 1 22 29
split_gain=255.172 84.8937 43.4232 30.5763 23.7231 16.6817 17.099 12.056
threshold=0.57000000000000017 0.75000000000000011 0.6687772572040559 0.68236450000000015 0.58596280217170726 0.60874295234680187 0.25133350000000004 0.60023650000000017
decision_type=2 2 2 2 2 2 2 2
left_child=5 2 3 -2 -3 -1 -7 -6
right_child=1 4 -4 -5 7 6 -8 -9
leaf_value=-0.029874290936425213 -0.0080077556691966739 -0.023775876174308094 0.020836562893070079 0.010517912296741186 -0.005793664441173625 0.022866806921912432 -0.020913694369005933 0.024546360347061379
leaf_weight=146.3110630204319 72.943645725026727 53.97042403643718 207.56838387332391 213.76743667910341 38.885639022686519 6.9515205081552294 12.684005731018258 8.2294982289895398
leaf_count=10420 1664 2665 1617 2605 1039 45 556 52
internal_value=0.000224494 0.00788789 0.0121625 0.0057559 -0.0127712 -0.0269913 -0.00438649 0.000136807
internal_weight=761.312 595.365 494.279 286.711 101.086 165.947 19.6355 47.1151
internal_count=20663 9642 5886 4269 3756 11021 601 1091
is_linear=0
shrinkage=0.025


Tree=26
num_leaves=9
num_cat=0
split_feature=68 62 1 29 62 62 20 2
split_gain=236.602 61.7243 47.7183 41.7354 32.6125 29.769 19.1955 19.0209
threshold=0.48877350000000003 0.75000000000000011 0.55251991748809826 1.0000000180025095e-35 0.41666666666666669 0.58333333333333337 0.71618150000000014 0.54177194833755504
decision_type=2 2 2 2 2 2 2 2
left_child=2 3 6 4 -2 -4 -1 -3
right_child=1 7 5 -5 -6 -7 -8 -9
leaf_value=-0.029242394390330037 0.023695363253134778 -0.026463546404876317 0.0056747062888629022 0.022816918362944888 0.00077833223940686268 -0.019717367050547292 0.0049612984122323345 -0.00037187112880354104
leaf_weight=156.05505070782965 49.706209006486461 26.755173399520572 61.80190563632641 186.575272441376 159.19348599849036 50.584622743743239 9.9989369517716096 46.140758022491354
leaf_count=10776 509 1441 969 1207 2731 1716 232 1130
internal_value=-0.00046427 0.0103631 -0.018648 0.0142609 0.00643984 -0.00583349 -0.0271037 -0.0104994
internal_weight=746.811 468.371 278.441 395.475 208.9 112.387 166.054 72.8959
internal_count=20711 7018 13693 4447 3240 2685 11008 2571
is_linear=0
shrinkage=0.025


Tree=27
num_leaves=9
num_cat=0
split_feature=2 68 62 60 20 18 29 39
split_gain=244.858 76.2718 36.961 31.498 33.2625 25.4118 24.6363 22.7693
threshold=0.5186261534690858 0.48877350000000003 0.58333333333333337 0.68000000000000005 0.68940150000000011 0.66227400000000014 0.91839300000000013 1.0000000180025095e-35
decision_type=2 2 2 2 2 2 2 2
left_child=5 2 -2 7 -5 -1 -4 -3
right_child=1 3 6 4 -6 -7 -8 -9
leaf_value=-0.029828546775818417 0.0048671375277086239 0 -0.024600313200635576 -0.032817499434982925 0.0073759625356059682 -0.008755668806595316 0.02082551835215142 0.020336906858391332
leaf_weight=140.14670413316344 77.597516647016164 39.283947048010305 64.306284385209437 13.050569880055262 86.226370880031027 52.146186563186347 6.6989254476502529 269.7270245172549
leaf_count=10110 1419 538 2669 479 1742 1716 37 2065
internal_value=-0.000116192 0.0082786 -0.00695594 0.0138486 0.00147449 -0.0243015 -0.0197588 0.0177649
internal_weight=749.184 556.891 148.603 408.288 99.2769 192.293 71.0052 309.011
internal_count=20775 8949 4125 4824 2221 11826 2706 2603
is_linear=0
shrinkage=0.025


Tree=28
num_leaves=9
num_cat=0
split_feature=9 62 47 39 48 31 15 29
split_gain=230.121 93.4651 39.3476 60.5419 21.2218 14.2087 13.3205 11.1929
threshold=0.57000000000000017 0.75000000000000011 0.92356600000000011 1.0000000180025095e-35 0.66350000000000009 0.58100750000000001 0.52385550000000014 0.82953200000000005
decision_type=2 2 2 2 2 2 2 2
left_child=5 2 3 -2 7 -1 -6 -3
right_child=1 4 -4 -5 6 -7 -8 -9
leaf_value=-0.027728918970929481 -0.021605018923978231 -0.024883848500374478 0.021926525609789908 0.010771559599655879 0.022839814690106722 0.010662842767405555 -0.0096223872444716092 0.014604202093481259
leaf_weight=153.95930155037786 39.21500707056839 63.634399693401065 160.75805830862373 288.07903136557434 10.604072178248318 4.9909783986222456 18.999432676995639 3.3007583501748732
leaf_count=10766 1068 2968 417 4384 128 272 659 35
internal_value=0.000111086 0.00738651 0.0118413 0.0067619 -0.014842 -0.0263593 0.00247789 -0.0224606
internal_weight=743.541 584.591 488.052 327.294 96.5387 158.95 29.6035 66.9352
internal_count=20697 9659 5869 5452 3790 11038 787 3003
is_linear=0
shrinkage=0.025


Tree=29
num_leaves=9
num_cat=0
split_feature=1 68 2 18 22 64 42 34
split_gain=211.742 64.7545 30.2626 26.8209 25.9487 25.3947 18.3304 14.9071
threshold=0.50965696573257457 0.39988350000000006 0.6687772572040559 0.68484950000000011 0.25748900000000002 0.24455000000000002 0.75000000000000011 0.13174100000000002
decision_type=2 2 2 2 2 2 2 2
left_child=3 4 5 -1 7 -3 -6 -2
right_child=1 2 -4 -5 6 -7 -8 -9
leaf_value=-0.026916979682859006 -0.015919914103259391 -0.011038187243980556 0.019399047426387275 -0.00058993992565745459 -0.02905537678217477 0.0098544459615501848 -0.0052828960351000986 0.022078338321267273
leaf_weight=156.19586554859416 7.2147609280946225 42.211809748027008 198.41328969295137 29.348399511829484 35.428771190840052 201.55875550885685 48.776740995526779 20.171953831566498
leaf_count=10968 334 984 1782 730 1861 2679 1106 209
internal_value=0.000116259 0.00787697 0.0121701 -0.0228434 -0.0089833 0.00614573 -0.015814 0.0114107
internal_weight=739.32 553.776 442.184 185.544 111.592 243.771 84.2055 27.3867
internal_count=20653 8955 5445 11698 3510 3663 2967 543
is_linear=0
shrinkage=0.025


Tree=30
num_leaves=9
num_cat=0
split_feature=9 47 39 60 2 61 16 31
split_gain=195.826 62.0281 63.8178 52.6802 15.5239 13.9184 12.184 10.2157
threshold=0.57000000000000017 0.92356600000000011 1.0000000180025095e-35 0.68000000000000005 0.63166251778602611 0.46085700000000007 0.6141350000000001 0.58100750000000001
decision_type=2 2 2 2 2 2 2 2
left_child=4 2 -2 -4 7 -6 -3 -1
right_child=1 6 3 -5 5 -7 -8 -9
leaf_value=-0.029552229662518199 -0.023232208454099179 -0.0059392388618471972 0.010500400029881264 -0.012311396492253372 0.015723689646414133 -0.023117964377952778 0.020811578721985514 0.0067085623710242126
leaf_weight=131.60506763111334 56.780994672182715 10.126966843847184 258.19668521921267 81.51607353874715 9.6657288315473142 9.3292337926104647 153.4038371311035 3.9994397034461135
leaf_count=10194 2114 71 4094 2951 187 417 485 226
internal_value=-0.00067822 0.00620174 0.000811449 0.00496461 -0.0254092 -0.00338084 0.0190579 -0.0283463
internal_weight=714.624 560.025 396.494 339.713 154.599 18.995 163.531 135.605
internal_count=20739 9715 9159 7045 11024 604 556 10420
is_linear=0
shrinkage=0.025


Tree=31
num_leaves=9
num_cat=0
split_feature=1 68 29 47 62 22 72 29
split_gain=208.794 70.6799 34.358 35.5676 27.0135 23.0413 18.8629 13.1564
threshold=0.50965696573257457 0.45270850000000007 0.60023650000000017 0.87193500000000013 0.58333333333333337 0.5006885000000002 0.54686350000000006 0.91839300000000013
decision_type=2 2 2 2 2 2 2 2
left_child=5 4 3 -3 6 -1 -2 -6
right_child=1 2 -4 -5 7 -7 -8 -9
leaf_value=-0.024842150248752325 -0.01283422867380023 0.0016860813230407325 0.027640015092231171 0.018139213919238752 -0.021712625795060281 0.015128386243097314 0.013440653588168356 0.015104205657790691
leaf_weight=172.86506512356573 25.483758199261501 177.43180946563371 80.588494956493378 153.42532148736063 62.771349696471589 7.9896077971206969 42.817167208762839 5.0500721680000416
leaf_count=11641 883 4152 228 577 2621 145 435 41
internal_value=0.00024157 0.00795051 0.0131083 0.00940142 -0.00754933 -0.0228892 0.00344432 -0.0185097
internal_weight=728.423 547.568 411.446 330.857 136.122 180.855 68.3009 67.8214
internal_count=20723 8937 4957 4729 3980 11786 1318 2662
is_linear=0
shrinkage=0.025


Tree=32
num_leaves=9
num_cat=0
split_feature=1 68 2 43 9 39 9 59
split_gain=209.588 64.7987 31.4864 27.3349 20.8535 26.6617 20.3657 17.7852
threshold=0.50965696573257457 0.45270850000000007 0.6687772572040559 1.0000000180025095e-35 0.71000000000000008 1.0000000180025095e-35 0.73000000000000009 1.0000000180025095e-35
decision_type=2 2 2 2 2 2 2 2
left_child=6 4 3 -3 -2 -6 -1 -8
right_child=1 2 -4 -5 5 -7 7 -9
leaf_value=-0.02922731662867438 -0.017080395129136044 0.0088012517772403636 0.020547172105860937 -0.024453670294915349 -0.031409587824434392 0.0091190176971911955 -0.026782725999230747 0.00091476945259826969
leaf_weight=120.54710702470038 64.943567658483516 205.21310650848318 180.61725967808161 14.67744947504252 10.146338282938812 59.023426238447428 22.217129583470523 34.528694176988211
leaf_count=9796 2792 2843 1618 500 351 779 1053 948
internal_value=0 0.00781225 0.0128399 0.00634732 -0.0071151 0.002353 -0.0234081 -0.0103443
internal_weight=711.914 534.621 400.508 219.891 134.113 69.1698 177.293 56.7458
internal_count=20680 8883 4961 3343 3922 1130 11797 2001
is_linear=0
shrinkage=0.025


Tree=33
num_leaves=9
num_cat=0
split_feature=9 62 68 0 43 19 31 19
split_gain=204.626 51.5999 34.2212 29.8682 29.4111 25.6927 17.0131 13.3307
threshold=0.71000000000000008 0.58333333333333337 0.49622500000000008 0.85073300000000007 1.0000000180025095e-35 0.68314600000000014 0.5186845000000001 0.70373000000000008
decision_type=2 2 2 2 2 2 2 2
left_child=2 5 6 4 -3 -2 -1 -4
right_child=1 3 7 -5 -6 -7 -8 -9
leaf_value=-0.027954938718556435 -0.0034114323193049851 0.0060577122115627047 -0.015144423978956862 -0.032143427924560118 -0.020065767428345257 0.018539231757327902 0.0064491056174288174 0.0098686347957051539
leaf_weight=157.97000934886455 37.418830948183313 168.07390172808664 23.66772502794629 15.498942206322679 29.960218519903719 237.05664093606174 8.4334783168451377 25.515569701732602
leaf_count=11468 746 2863 911 779 1118 2066 412 358
internal_value=-0.000563948 0.00838542 -0.0207473 -0.00080509 0.00190694 0.0155166 -0.0261109 -0.00214292
internal_weight=703.595 488.009 215.587 213.533 198.034 274.475 166.403 49.1833
internal_count=20721 7572 13149 4760 3981 2812 11880 1269
is_linear=0
shrinkage=0.025


Tree=34
num_leaves=9
num_cat=0
split_feature=2 68 60 61 16 15 29 17
split_gain=191.788 64.9109 32.8515 26.5894 22.5668 19.2461 16.9284 16.1551
threshold=0.52475759387016307 0.45270850000000007 0.68000000000000005 0.48691700000000004 0.65442950000000011 0.67609850000000005 0.75473800000000013 0.67096950000000011
decision_type=2 2 2 2 2 2 2 2
left_child=5 4 6 -4 -2 -1 -3 -6
right_child=1 2 3 -5 7 -7 -8 -9
leaf_value=-0.02725014217889889 -0.017203451229131476 0.013115259200571956 -0.02213774481194198 0.0071798980684505262 0.014753512588796029 -0.005588593590166769 0.029353637393450666 -0.012149787046520862
leaf_weight=143.86046305438504 74.467834552953718 231.37905079353368 24.556638455833308 68.929805697873235 31.999375626706751 33.665776223584544 50.75797071447596 21.54515315455501
leaf_count=10820 2992 2387 689 1564 498 1191 102 444
internal_value=-0.00108785 0.00678524 0.0120181 -0.000744978 -0.0084605 -0.0232921 0.0162491 0.00374549
internal_weight=681.162 503.636 375.623 93.4864 128.012 177.526 282.137 53.5445
internal_count=20687 8676 4742 2253 3934 12011 2489 942
is_linear=0
shrinkage=0.025


Tree=35
num_leaves=9
num_cat=0
split_feature=68 62 72 62 60 20 24 46
split_gain=158.01 40.5469 37.7936 30.709 23.6982 20.7525 16.531 13.8505
threshold=0.48877350000000003 0.75000000000000011 0.53817350000000019 0.58333333333333337 0.68000000000000005 0.69720050000000011 0.25000000000000006 0.49631800000000009
decision_type=2 2 2 2 2 2 2 2
left_child=2 4 -1 7 6 -6 -2 -4
right_child=1 -3 3 -5 5 -7 -8 -9
leaf_value=-0.025152516621964452 0.0060983522985793223 -0.0089129182022629917 0.020676903309962552 -0.016937070794646188 -0.024678159105706764 0.0058697983122911156 0.019282557655094089 -0.0070692942618352161
leaf_weight=145.16388884848857 94.261645520338789 71.687442158116028 27.494267502697767 57.131036632403266 15.571940382418687 64.329608216416091 182.41918787872419 16.357407117960975
leaf_count=10680 1097 2542 314 2394 527 1274 1472 253
internal_value=-0.00115452 0.00799972 -0.0170483 -0.00506328 0.0114515 -0.000449341 0.0148938 0.0103066
internal_weight=674.416 428.27 246.147 100.983 356.582 79.9015 276.681 43.8517
internal_count=20553 6912 13641 2961 4370 1801 2569 567
is_linear=0
shrinkage=0.025


Tree=36
num_leaves=9
num_cat=0
split_feature=2 9 15 22 29 6 61 44
split_gain=167.382 46.9521 37.1284 34.6961 30.6712 19.3995 19.1892 12.9144
threshold=0.53701665997505199 0.75000000000000011 0.67162500000000014 0.25227950000000005 0.31620650000000006 0.70812200000000014 0.49446450000000003 0.09763200000000001
decision_type=2 2 2 2 2 2 2 2
left_child=2 3 -1 -2 6 -5 -3 -4
right_child=1 4 7 5 -6 -7 -8 -9
leaf_value=-0.025813600600885486 0.013826074908258896 -0.0022750522426690551 -0.023412226890051079 -0.021521010198522074 0.02168567814514168 0.0024695572625592385 0.012276988244894309 0.0058660219113298318
leaf_weight=148.47580137995828 39.315190936904401 92.389738584606675 10.171506129132466 61.499167323301663 131.20084429980488 30.168500373198185 139.19844722101698 39.366703713894822
leaf_count=11187 558 1743 588 2525 602 494 2180 885
internal_value=-0.000317422 0.0074609 -0.0196318 -0.00527058 0.0120818 -0.0136613 0.00646972 -0.000675306
internal_weight=691.786 493.772 198.014 130.983 362.789 91.6677 231.588 49.5382
internal_count=20762 8102 12660 3577 4525 3019 3923 1473
is_linear=0
shrinkage=0.025


Tree=37
num_leaves=9
num_cat=0
split_feature=1 62 66 21 29 29 62 68
split_gain=175.659 58.5248 31.0169 20.313 19.8687 19.3499 23.2479 10.1697
threshold=0.50965696573257457 0.58333333333333337 0.13629150000000004 0.87400000000000011 0.7941180000000001 1.0000000180025095e-35 0.41666666666666669 0.38054150000000003
decision_type=2 2 2 2 2 2 2 2
left_child=3 5 -3 -1 -4 6 -2 -7
right_child=1 2 4 -5 -6 7 -8 -9
leaf_value=-0.025209947588231925 0.01942507936419165 -0.027625729940666477 -0.0025412609618981176 0.0080957074089145452 0.021052727499026397 0.0043599433857842438 -0.00049024810728563717 0.022983841998219925
leaf_weight=152.27133125714317 57.867892869078787 26.016360188325052 170.44639817996358 11.092610956402494 23.605360559187829 23.811773324094247 92.341744330798974 126.88270408858079
leaf_count=11495 765 1392 3771 327 101 452 1762 662
internal_value=-0.000364069 0.00672752 -0.00303124 -0.0228325 0.000476055 0.0138623 0.00728724 0.0201858
internal_weight=684.336 520.972 220.068 163.364 194.052 300.904 150.21 150.694
internal_count=20727 8905 5264 11822 3872 3641 2527 1114
is_linear=0
shrinkage=0.025


Tree=38
num_leaves=9
num_cat=0
split_feature=9 62 19 43 17 2 21 66
split_gain=162.014 56.2124 33.9291 21.6932 18.1762 17.7135 17.0676 16.3976
threshold=0.71000000000000008 0.58333333333333337 0.70712000000000008 1.0000000180025095e-35 0.64677850000000014 0.46497869491577154 0.70400000000000007 0.13629150000000004
decision_type=2 2 2 2 2 2 2 2
left_child=2 6 4 5 -1 -3 -2 -4
right_child=1 3 7 -5 -6 -7 -8 -9
leaf_value=-0.0286216756022603 0.0057508394545021206 -0.020872881789961079 -0.024958616935569271 -0.02110348281858308 -0.0057406490272708987 0.0041212168010650698 0.019651671960182946 0.0067788325803033803
leaf_weight=125.77450616795977 84.861440173699521 17.89834341511596 11.455477291718124 29.701458397292299 28.570153831737116 157.83856406531413 179.88320387958083 39.522418389795348
leaf_count=10189 1245 892 568 1172 1562 2702 1567 721
internal_value=-0.000352398 0.00772628 -0.0187846 -0.00205178 -0.0245618 0.00132721 0.0153005 -0.000884455
internal_weight=675.506 470.183 205.323 205.438 154.345 175.737 264.745 50.9779
internal_count=20618 7578 13040 4766 11751 3594 2812 1289
is_linear=0
shrinkage=0.025


Tree=39
num_leaves=9
num_cat=0
split_feature=9 62 29 68 61 0 9 65
split_gain=159.719 44.174 32.5686 22.5491 18.6325 16.9756 13.9669 13.4617
threshold=0.57000000000000017 0.58333333333333337 0.89118900000000012 0.45270850000000007 0.49446450000000003 0.51633350000000011 0.75000000000000011 0.076556500000000013
decision_type=2 2 2 2 2 2 2 2
left_child=7 4 3 -3 5 -2 -6 -1
right_child=1 2 -4 -5 6 -7 -8 -9
leaf_value=-0.027949386967069906 0.011145718494002721 -0.017338832317507123 0.025609107062602967 0.00034948516884730969 -0.0040559849155029489 -0.0099256051609837217 0.020009488208072679 -0.0077185427279523496
leaf_weight=106.68850889398891 73.366028950549662 58.244832077878527 23.463901627808809 175.13111302547622 15.344162273686377 32.859419561340474 164.42934498097748 29.059709946028306
leaf_count=9264 876 2476 87 3857 214 685 1435 1691
internal_value=0.000192114 0.00628308 -0.00121914 -0.00414303 0.0130081 0.00449532 0.0178921 -0.023848
internal_weight=678.587 542.839 256.84 233.376 285.999 106.225 179.774 135.748
internal_count=20585 9630 6420 6333 3210 1561 1649 10955
is_linear=0
shrinkage=0.025


Tree=40
num_leaves=9
num_cat=0
split_feature=2 68 15 2 39 22 16 60
split_gain=157.921 48.659 27.6314 22.2001 21.7665 20.2932 17.619 12.1907
threshold=0.52475759387016307 0.39988350000000006 0.67609850000000005 0.68278563022613536 1.0000000180025095e-35 0.25748900000000002 0.64680850000000012 0.68000000000000005
decision_type=2 2 2 2 2 2 2 2
left_child=2 5 -1 4 -3 -2 -7 -4
right_child=1 3 7 -5 -6 6 -8 -9
leaf_value=-0.025172450218723764 0.010798118965719042 -0.011794801498947105 0.0072885250426746239 0.018850866359486216 0.0095833436207776665 -0.024380407620318539 -0.00040455998526010747 -0.023923978931080322
leaf_weight=134.06236933977925 26.026834648480872 32.264331392507302 28.466174197819782 156.91110837296583 223.52133541286457 42.49589162794291 34.895010134554468 8.5055268198484537
leaf_count=10824 523 747 756 1404 3018 2169 810 421
internal_value=0.000705651 0.00762013 -0.0199631 0.0114607 0.00678706 -0.00756151 -0.0139469 -0.000558881
internal_weight=687.149 516.115 171.034 412.697 255.786 103.418 77.3909 36.9717
internal_count=20672 8671 12001 5169 3765 3502 2979 1177
is_linear=0
shrinkage=0.025


Tree=41
num_leaves=9
num_cat=0
split_feature=2 68 29 62 62 19 49 65
split_gain=153.101 50.7549 25.9694 24.8642 24.4364 22.4847 21.2088 16.9567
threshold=0.53145480155944835 0.45270850000000007 1.0000000180025095e-35 0.58333333333333337 0.41666666666666669 0.68889100000000003 1.0000000180025095e-35 0.057343000000000005
decision_type=2 2 2 2 2 2 2 2
left_child=5 3 4 -2 -3 -1 7 -7
right_child=1 2 -4 -5 -6 6 -8 -9
leaf_value=-0.025107695698551355 0.0036404302938382927 0.021552488225142625 0.018860726114505913 -0.018848011782710793 0.00080406390213541676 -0.018555749272836208 -0.021112808875982443 0.023507930144646888
leaf_weight=128.79260164151492 64.572713949135505 44.180989544373006 173.35990735312225 55.001699241809547 157.45585518714506 6.7051384497899589 22.700385039614048 17.628783186664805
leaf_count=10667 1286 462 1245 2374 2883 345 1179 151
internal_value=0.000138957 0.00727776 0.0117931 -0.00678198 0.00555414 -0.0197551 -0.00451914 0.0111036
internal_weight=670.398 494.571 374.997 119.574 201.637 175.827 47.0343 24.3339
internal_count=20592 8250 4590 3660 3345 12342 1675 496
is_linear=0
shrinkage=0.025


Tree=42
num_leaves=9
num_cat=0
split_feature=9 1 26 29 0 47 1 61
split_gain=149.177 51.2978 34.3925 17.9236 17.1335 14.8792 12.099 14.7866
threshold=0.57000000000000017 0.61030724644660961 0.30100000000000005 0.31620650000000006 0.48566650000000006 0.96386200000000011 0.60710546374320995 0.46085700000000007
decision_type=2 2 2 2 2 2 2 2
left_child=6 2 -2 5 -4 -3 -1 -8
right_child=1 3 4 -5 -6 -7 7 -9
leaf_value=-0.027066841273575417 -0.01585089748094352 0.0027692371758736086 0.012230018171731654 0.020531494577963483 -0.0040621453459310838 0.018152309175540914 0.014487089048308095 -0.026490831125952172
leaf_weight=111.68608405737905 82.035625211457955 128.65611677843845 76.768201022787252 110.76110555347987 80.256315723105217 56.195964122191072 10.135711567563705 8.0151625068392587
leaf_count=10424 3076 2668 1212 525 2029 162 205 397
internal_value=-0.000181692 0.00566084 -0.00291562 0.0125947 0.00390946 0.00763015 -0.0240192 -0.00406925
internal_weight=664.51 534.673 239.06 295.613 157.025 184.852 129.837 18.1509
internal_count=20698 9672 6317 3355 3241 2830 11026 602
is_linear=0
shrinkage=0.025


Tree=43
num_leaves=9
num_cat=0
split_feature=9 1 64 49 54 1 29 61
split_gain=136.689 51.061 27.9114 24.9345 17.63 15.6643 13.6799 11.206
threshold=0.57000000000000017 0.61030724644660961 0.36222550000000003 1.0000000180025095e-35 1.0000000180025095e-35 0.60710546374320995 0.31620650000000006 0.46085700000000007
decision_type=2 2 2 2 2 2 2 2
left_child=5 2 -2 -4 6 -1 -3 -7
right_child=1 4 3 -5 -6 7 -8 -9
leaf_value=-0.026825719083985566 -0.016138065286571242 0.0086132479047692813 0.013602735745538578 -0.006351859711921818 -0.029594519314486603 0.013728378799621571 0.020174559823419182 -0.021044811566449786
leaf_weight=110.65364625175425 73.242470552955638 186.03803470305866 67.531680672313087 87.214608557653264 4.2951535927131763 10.772102831368104 104.21556127991062 8.5396105949766916
leaf_count=10446 2926 2812 948 2403 69 214 502 405
internal_value=-0.000500282 0.00521134 -0.00363116 0.00237098 0.0120593 -0.0232522 0.0128997 -0.00182828
internal_weight=652.503 522.538 227.989 154.746 294.549 129.965 290.254 19.3117
internal_count=20725 9660 6277 3351 3383 11065 3314 619
is_linear=0
shrinkage=0.025


Tree=44
num_leaves=9
num_cat=0
split_feature=9 2 1 39 60 22 19 16
split_gain=138.404 40.2566 29.863 28.9852 34.259 21.6777 12.5186 9.80868
threshold=0.71000000000000008 0.6687772572040559 0.48965796828269964 1.0000000180025095e-35 0.68000000000000005 0.19813650000000002 0.71904200000000007 0.74689300000000014
decision_type=2 2 2 2 2 2 2 2
left_child=2 3 -1 7 -5 -4 -7 -2
right_child=1 -3 5 4 -6 6 -8 -9
leaf_value=-0.02809069848568051 -0.022539183322862717 0.017044057267670616 0.022813766178390388 0.010220736298865038 -0.012062198412831376 -0.01867425711583964 0 0.0045711830282278805
leaf_weight=90.168092419422464 34.402727320339181 168.37601416261168 10.506613545469007 184.87465605314355 53.975762965390459 61.790808760852087 33.692642531124875 9.4866100085782801
leaf_count=9137 1340 1699 134 2572 1676 3101 773 193
internal_value=-0.000171281 0.00743899 -0.0176093 0.00161314 0.00509572 -0.00826804 -0.012163 -0.016572
internal_weight=647.274 451.116 196.158 282.74 238.85 105.99 95.4835 43.8893
internal_count=20625 7480 13145 5781 4248 4008 3874 1533
is_linear=0
shrinkage=0.025


Tree=45
num_leaves=9
num_cat=0
split_feature=9 1 39 15 29 47 65 19
split_gain=142.538 55.1261 24.1898 19.5721 17.9029 18.1396 12.7409 9.36965
threshold=0.57000000000000017 0.61030724644660961 1.0000000180025095e-35 0.67111250000000011 0.52868100000000007 0.96386200000000011 0.40703000000000006 0.74267150000000004
decision_type=2 2 2 2 2 2 2 2
left_child=6 2 7 -4 5 -3 -1 -2
right_child=1 4 3 -5 -6 -7 -8 -9
leaf_value=-0.026271570536293143 -0.027287217930352443 0.0042886335812497949 -0.0069325213802974546 0.0090846202532906626 0.024280140695634125 0.019552754176005497 0.0027163881462828033 1.2043753619625595e-05
leaf_weight=112.7094454439939 29.542003710856079 150.26329412456835 101.17095037436229 86.567529035441112 67.475652186200023 72.477378897368908 9.4369997670291905 9.7343413664493692
leaf_count=10556 1512 2881 3207 1354 229 196 456 244
internal_value=8.95001e-05 0.00585468 -0.00333465 0.000431476 0.0130421 0.00941859 -0.0239639 -0.0206669
internal_weight=639.378 517.231 227.015 187.738 290.216 222.741 122.146 39.2763
internal_count=20635 9623 6317 4561 3306 3077 11012 1756
is_linear=0
shrinkage=0.025


Tree=46
num_leaves=9
num_cat=0
split_feature=9 62 1 61 6 22 22 29
split_gain=137.26 42.1716 35.1399 26.9704 23.0963 17.6794 20.2186 10.9184
threshold=0.71000000000000008 0.75000000000000011 0.55557465553283703 0.49446450000000003 0.62439350000000016 0.26363950000000008 0.41777650000000005 0.60023650000000017
decision_type=2 2 2 2 2 2 2 2
left_child=2 3 -1 4 -2 -4 -7 -3
right_child=1 7 5 -5 -6 6 -8 -9
leaf_value=-0.025908974466354567 0.01032351655031667 -0.011883275945899281 0.013864922788011592 0.016915298977832741 -0.0093161955929806622 -0.023846785992411992 0.0061756469402674307 0.014533159022863269
leaf_weight=114.58074916867918 102.96965786872897 70.774687701428775 22.439350300992373 221.80470352026168 55.985703142767306 31.821199481724761 22.239845940785017 9.325142798945306
leaf_count=11014 1604 2661 337 2174 999 1424 428 126
internal_value=0.00044422 0.0078403 -0.0172516 0.0113104 0.0033298 -0.0038596 -0.0115826 -0.00843743
internal_weight=651.941 460.86 191.081 380.76 158.955 76.5004 54.061 80.0998
internal_count=20767 7564 13203 4777 2603 2189 1852 2787
is_linear=0
shrinkage=0.025


Tree=47
num_leaves=9
num_cat=0
split_feature=66 2 1 60 29 55 24 6
split_gain=134.516 36.266 30.4775 21.8492 19.7628 14.8159 14.4893 13.6333
threshold=0.57533350000000005 0.57335239648818981 0.55251991748809826 0.68000000000000005 1.0000000180025095e-35 1.0000000180025095e-35 1.0000000180025095e-35 0.64522200000000007
decision_type=2 2 2 2 2 2 2 2
left_child=2 6 -1 -4 5 -3 -2 -8
right_child=1 4 3 -5 -6 -7 7 -9
leaf_value=-0.022699945167967341 -0.015991507334501845 0.013136760041926468 0.0022724316024277198 -0.026763252371188314 0.019545804824936241 -0.0018026824849895898 0.013830119965254498 -0.010069029018853188
leaf_weight=132.52659362911072 38.486746921087615 95.355572973960079 74.398913646495203 18.502080536476569 149.05079591670074 70.172299831348937 32.213861323136371 24.298788541316753
leaf_count=11561 1414 1039 1678 858 1072 1743 542 766
internal_value=0.000342759 0.00887967 -0.0150766 -0.00387342 0.0129549 0.0068128 -0.00452648 0.00343308
internal_weight=635.006 409.578 225.428 92.901 314.579 165.528 94.9994 56.5126
internal_count=20673 6576 14097 2536 3854 2782 2722 1308
is_linear=0
shrinkage=0.025


Tree=48
num_leaves=9
num_cat=0
split_feature=9 62 43 19 29 1 31 68
split_gain=125.362 50.5979 25.9943 23.797 16.1486 14.1129 12.9142 9.80416
threshold=0.57000000000000017 0.58333333333333337 1.0000000180025095e-35 0.64730850000000018 0.31620650000000006 0.66109180450439464 0.6286845000000002 0.52675000000000016
decision_type=2 2 2 2 2 2 2 2
left_child=6 4 3 -3 5 -2 7 -1
right_child=1 2 -4 -5 -6 -7 -8 -9
leaf_value=-0.026932851949310551 0.0016715301250519053 -0.029229423894436397 -0.022759701523799501 0.0025923813591008913 0.021146640462136448 0.015328696909884587 0.01549876044497904 0.003030145659753459
leaf_weight=105.5285809282941 105.3817214599112 13.940251139778409 34.892121817771113 184.74661693356757 86.737455432419665 86.77523171599023 3.6027047976240274 6.4038322323467574
leaf_count=10621 1733 935 1545 4006 403 1109 197 193
internal_value=-0.000251444 0.00505923 -0.00348698 5.32874e-05 0.0122174 0.0079719 -0.0235568 -0.0251297
internal_weight=628.009 512.473 233.579 198.687 278.894 192.157 115.535 111.932
internal_count=20742 9731 6486 4941 3245 2842 11011 10814
is_linear=0
shrinkage=0.025


Tree=49
num_leaves=9
num_cat=0
split_feature=68 29 2 1 60 62 54 32
split_gain=116.106 42.7873 32.1941 27.0755 26.2579 14.8387 12.552 8.99184
threshold=0.48877350000000003 0.75473800000000013 0.66155844926834118 0.57741677761077892 0.68000000000000005 0.58333333333333337 1.0000000180025095e-35 0.31575000000000003
decision_type=2 2 2 2 2 2 2 2
left_child=3 2 4 -1 -2 -5 -4 -7
right_child=1 -3 6 5 -6 7 -8 -9
leaf_value=-0.022904760867698166 0.0025776510035205136 0.026814668351799582 0.013785608942031244 0.0049854594601468488 -0.017434665852097957 -0.024555400138199512 -0.027242726786268115 0.0039238006450329982
leaf_weight=130.09986144655704 149.85829978913534 56.062341093900613 140.73670102556935 45.457869002828375 53.997958504158305 22.506975505093582 2.896767931059002 8.381044664885847
leaf_count=11708 3080 175 1770 771 1968 1005 26 179
internal_value=-0.00086405 0.00691986 0.00355359 -0.0160361 -0.00280471 -0.00394974 0.0125439 -0.0168312
internal_weight=609.998 403.552 347.49 206.446 203.856 76.3459 143.633 30.888
internal_count=20682 7019 6844 13663 5048 1955 1796 1184
is_linear=0
shrinkage=0.025


Tree=50
num_leaves=9
num_cat=0
split_feature=2 68 22 60 70 18 61 39
split_gain=119.414 44.4893 22.0973 20.6462 18.3458 17.8632 16.541 14.4425
threshold=0.51494944095611583 0.45270850000000007 0.25748900000000002 0.68000000000000005 0.76306850000000004 0.68484950000000011 0.48691700000000004 1.0000000180025095e-35
decision_type=2 2 2 2 2 2 2 2
left_child=5 2 -2 7 -4 -1 -5 -3
right_child=1 3 4 6 -6 -7 -8 -9
leaf_value=-0.024344309731802322 0.010685998857334018 -0.00062247777115224251 0.01240833730543347 -0.01634831969168447 -0.017912781733919761 -0.0010904788831026099 0.0068254386030561073 0.016132015265494053
leaf_weight=113.04821133287624 30.752878230807255 36.075915446766885 13.056036247406153 25.339448172744596 76.485142246208852 26.230835898721125 63.065492349851411 233.72174840117805
leaf_count=10811 641 545 237 717 3301 809 1577 2035
internal_value=9.75964e-05 0.00605008 -0.00698374 0.0104625 -0.0132352 -0.0200954 0 0.013876
internal_weight=617.776 478.497 120.294 358.203 89.5412 139.279 88.4049 269.798
internal_count=20673 9053 4179 4874 3538 11620 2294 2580
is_linear=0
shrinkage=0.025


Tree=51
num_leaves=9
num_cat=0
split_feature=9 62 2 19 48 31 54 68
split_gain=117.223 39.1741 22.7622 17.1688 13.5858 12.9229 12.0391 10.6154
threshold=0.57000000000000017 0.75000000000000011 0.68278563022613536 0.68236450000000015 0.66350000000000009 0.6286845000000002 1.0000000180025095e-35 0.80266650000000006
decision_type=2 2 2 2 2 2 2 2
left_child=5 2 3 -2 7 -1 -4 -3
right_child=1 4 6 -5 -6 -7 -8 -9
leaf_value=-0.024748040188695197 -0.0072945002513597444 -0.024443100697221554 0.017547130723335046 0.0075453806371180796 0.0041890456644575044 0.015761785611051911 -0.023624818289488862 -0.0035768258238148042
leaf_weight=107.7777544654673 62.202596909875865 35.623841536507825 140.64660350000486 197.95729192125145 30.118056212944794 3.6278400163864708 2.761987665668129 28.53062763332855
leaf_count=10841 1714 2074 1282 2847 785 191 41 892
internal_value=-0.000149557 0.00504493 0.00844115 0.00394007 -0.00928928 -0.023108 0.0163886 -0.0156655
internal_weight=609.247 497.841 403.568 260.16 94.2725 111.406 143.409 64.1545
internal_count=20667 9635 5884 4561 3751 11032 1323 2966
is_linear=0
shrinkage=0.025


Tree=52
num_leaves=9
num_cat=0
split_feature=1 64 29 47 62 0 1 18
split_gain=101.101 42.0742 29.1695 24.365 18.4364 17.7395 20.9808 16.0879
threshold=0.56389477849006664 0.25505100000000008 0.75473800000000013 0.96386200000000011 0.41666666666666669 0.43580000000000002 0.45299632847309118 0.6906810000000001
decision_type=2 2 2 2 2 2 2 2
left_child=1 -1 3 4 -2 6 -3 -7
right_child=2 5 -4 -5 -6 7 -8 -9
leaf_value=-0.024411147003451809 0.014358194134543263 -0.017169625067159532 0.024079849192707822 0.016259821043304264 -0.0025967346937885733 -0.025762572562549005 0.015937425347193078 0.00046792687281692075
leaf_weight=109.26963856451766 47.844506517460104 14.398192164895589 55.488715384155512 82.856218756060116 201.79500009883486 26.543324842801667 42.156034885134432 28.680020155399689
leaf_count=10398 794 980 186 288 4914 1751 702 721
internal_value=-8.09912e-05 -0.0135175 0.00758503 0.00468234 0.000711238 -0.00256035 0.00708203 -0.0124686
internal_weight=609.032 221.047 387.984 332.496 249.64 111.778 56.5542 55.2233
internal_count=20734 14552 6182 5996 5708 4154 1682 2472
is_linear=0
shrinkage=0.025


Tree=53
num_leaves=9
num_cat=0
split_feature=9 29 62 19 0 31 2 61
split_gain=103.643 37.0227 29.7047 22.1821 18.5093 14.3624 13.0681 11.6034
threshold=0.71000000000000008 0.75473800000000013 0.58333333333333337 0.71904200000000007 0.84440000000000015 0.52852950000000021 0.68431133031845104 0.50029400000000013
decision_type=2 2 2 2 2 2 2 2
left_child=3 2 7 5 -4 6 -1 -2
right_child=1 -3 4 -5 -6 -7 -8 -9
leaf_value=-0.025900869804150514 0.001700056883198851 0.023831390534381946 -0.0020529838232460312 8.9990791408494047e-05 -0.029306298411284733 0.0096642701431215641 0.0039193759016144768 0.014344072363818192
leaf_weight=118.80175996784965 77.391890216385946 59.034961807308719 151.18007630184002 35.913166532292962 15.541210661031071 7.2106583346467223 8.9466028982424159 115.12260264961515
leaf_count=11762 1288 208 3777 894 859 391 161 1390
internal_value=-0.000883967 0.00580814 0.00270998 -0.0171863 -0.00495518 -0.0217726 -0.0237264 0.00936941
internal_weight=589.143 418.271 359.236 170.872 166.721 134.959 127.748 192.514
internal_count=20730 7522 7314 13208 4636 12314 11923 2678
is_linear=0
shrinkage=0.025


Tree=54
num_leaves=9
num_cat=0
split_feature=1 2 64 43 18 54 18 71
split_gain=114.441 40.7163 29.8369 23.0719 18.4855 10.0991 7.95558 6.97315
threshold=0.48013089597225195 0.67536270618438732 0.24455000000000002 1.0000000180025095e-35 0.69391950000000013 1.0000000180025095e-35 0.67994900000000003 1.0000000180025095e-35
decision_type=2 2 2 2 2 2 2 2
left_child=6 2 4 -4 -2 7 -1 -3
right_child=1 5 3 -5 -6 -7 -8 -9
leaf_value=-0.02651881108540266 -0.024247746748299756 0.016076650351074633 0.0069090079666245599 -0.016456442020248572 0 -0.022232670722507293 -0.0056477112870780277 -0.017147719487958891
leaf_weight=88.186451506466256 42.814044223268866 172.13106906751636 210.88337969304121 28.087265979324002 34.655507741932524 2.7199332509189835 15.598901551915331 2.2684848792850962
leaf_count=9791 2859 1921 3713 1075 644 52 565 97
internal_value=-1.43373e-06 0.00502497 -0.000341166 0.00401785 -0.0136445 0.0145507 -0.0236189 0.0154125
internal_weight=597.345 493.56 316.44 238.971 77.4696 177.119 103.785 174.4
internal_count=20717 10361 8291 4788 3503 2070 10356 2018
is_linear=0
shrinkage=0.025


Tree=55
num_leaves=9
num_cat=0
split_feature=1 2 68 18 29 54 17 73
split_gain=95.6974 34.2755 26.0711 19.87 17.0403 14.5166 13.9033 9.17639
threshold=0.50802838802337658 0.67536270618438732 0.41285000000000005 0.67994900000000003 0.91839300000000013 1.0000000180025095e-35 0.66342000000000012 1.0000000180025095e-35
decision_type=2 2 2 2 2 2 2 2
left_child=3 2 6 -1 -4 -3 -2 -5
right_child=1 5 4 7 -6 -7 -8 -9
leaf_value=-0.024217384007824323 -0.021720005648097535 0.014752457001945628 0.0012319512879177099 -0.02323259610403601 0.021924713031388311 -0.02667234201909572 0.0012644549437195365 0.0067130877953273218
leaf_weight=100.12244923484832 43.540564497394371 176.58945237839362 194.27295444789343 6.5491964100365321 26.755504521541297 3.5501715699210754 24.490253894240595 23.205657188387704
leaf_count=10800 2587 1982 3665 326 84 53 583 583
internal_value=-0.000140322 0.00511611 -0.000209204 -0.0189764 0.00394459 0.013611 -0.013539 -0.000690044
internal_weight=599.076 469.199 289.059 129.877 221.028 180.14 68.0308 29.7549
internal_count=20663 8954 6919 11709 3749 2035 3170 909
is_linear=0
shrinkage=0.025


Tree=56
num_leaves=9
num_cat=0
split_feature=1 64 60 43 2 47 9 19
split_gain=85.4136 32.9746 24.1899 33.7305 20.1198 18.4219 14.4349 10.7602
threshold=0.4847982674837113 0.24455000000000002 0.68000000000000005 1.0000000180025095e-35 0.68431133031845104 0.91020450000000019 0.75000000000000011 0.7199040000000001
decision_type=2 2 2 2 2 2 2 2
left_child=6 4 3 -3 7 -4 -1 -2
right_child=1 2 5 -5 -6 -7 -8 -9
leaf_value=-0.026408464598310095 -0.02223983503567022 0.01406753340974139 -0.011237182046251577 -0.01529198953577009 0.0072465712221277305 0.010737865829914208 -0.0049920425811937072 -0.0022786546966923511
leaf_weight=76.924504806105688 47.668269131565467 245.55122067866614 62.698952211387223 25.255924532408244 34.628159678773955 35.614616816863418 28.880010169741581 27.671112855663523
leaf_count=9347 2876 2888 2574 665 405 240 1177 538
internal_value=-0.000711749 0.00378456 0.00736958 0.0112099 -0.00809874 -0.00314647 -0.0208334 -0.0152539
internal_weight=584.893 479.088 369.121 270.807 109.968 98.3136 105.805 75.3394
internal_count=20710 10186 6367 3553 3819 2814 10524 3414
is_linear=0
shrinkage=0.025


Tree=57
num_leaves=9
num_cat=0
split_feature=18 39 60 43 18 22 68 32
split_gain=90.7915 36.6129 27.7715 17.6741 20.4907 16.6702 15.3495 13.2667
threshold=0.63912050000000009 1.0000000180025095e-35 0.68000000000000005 1.0000000180025095e-35 0.7023680000000001 0.5006885000000002 0.33700000000000008 0.43680000000000002
decision_type=2 2 2 2 2 2 2 2
left_child=7 3 5 4 -2 -3 -4 -1
right_child=1 2 6 -5 -6 -7 -8 -9
leaf_value=-0.025742168028851115 -0.021306158780173407 0.0071946100205493059 -0.02542133094394183 -0.032921172760084987 0.0072829277217811147 0.021436080310800833 0 0.0040216434525692651
leaf_weight=86.937688248603081 25.188620617569541 230.4114880245761 15.956906296050873 17.166508535461617 34.8070100734476 67.05178157845512 87.339395274582785 9.4261179856621293
leaf_count=9941 1203 4055 890 785 469 464 2426 339
internal_value=-0.000843447 0.00363066 0.00668423 -0.0119022 -0.00489909 0.0105516 -0.00437026 -0.0227319
internal_weight=574.286 477.922 400.76 77.1621 59.9956 297.463 103.296 96.3638
internal_count=20572 10292 7835 2457 1672 4519 3316 10280
is_linear=0
shrinkage=0.025


Tree=58
num_leaves=9
num_cat=0
split_feature=2 68 29 62 62 15 1 60
split_gain=87.1636 30.6428 19.2914 16.6569 15.6705 15.6267 9.71272 9.22764
threshold=0.53308916091918956 0.45270850000000007 0.52868100000000007 0.58333333333333337 0.41666666666666669 0.67609850000000005 0.73609507083892833 0.68000000000000005
decision_type=2 2 2 2 2 2 2 2
left_child=5 3 4 -2 -3 -1 -5 -7
right_child=1 2 -4 6 -6 7 -8 -9
leaf_value=-0.021827700454674463 0.0024410735140852936 0.017303789669015024 0.021070916793584853 -0.020063848425859822 0.0025635776367530249 0.004886565873848888 0.018105685127826433 -0.022772490589116068
leaf_weight=108.02328531409876 59.212770855985582 56.460782399051823 64.343490439932793 44.963395225102431 209.18534934925265 26.793099366477691 2.830060015898197 8.1554605600540508
leaf_count=11160 1303 581 268 2335 3775 817 12 457
internal_value=-0.000372202 0.00516636 0.00893372 -0.00633349 0.0058304 -0.0171904 -0.0170166 -0.00224815
internal_weight=579.968 436.996 329.99 107.006 265.646 142.972 47.7935 34.9486
internal_count=20708 8274 4624 3650 4356 12434 2347 1274
is_linear=0
shrinkage=0.025


Tree=59
num_leaves=9
num_cat=0
split_feature=1 62 66 43 2 64 18 68
split_gain=90.6267 38.5865 23.74 16.9724 13.9568 18.0874 10.5542 5.88872
threshold=0.48013089597225195 0.58333333333333337 0.13454350000000004 1.0000000180025095e-35 0.67536270618438732 0.24455000000000002 0.68080900000000011 0.67829150000000016
decision_type=2 2 2 2 2 2 2 2
left_child=6 4 -3 -4 5 -2 -1 -6
right_child=1 2 3 -5 7 -7 -8 -9
leaf_value=-0.025242622847693831 -0.013606050119450264 -0.025521985293332435 0.0024388195322237148 -0.021200773361181716 0.0095861500269127063 0.0093211758957689236 -0.0025586976190922353 0.021250008506272546
leaf_weight=80.85329611346242 24.257216211874038 24.424722507697879 167.86285502837563 19.364072002892499 54.520406001247466 115.44710648769978 16.628668868215755 76.661239565815777
leaf_count=9707 995 1760 3693 920 454 1607 558 921
internal_value=0.000143762 0.00461837 -0.00333759 -0.000164723 0.010841 0.00515149 -0.0215778 0.0166755
internal_weight=580.02 482.538 211.652 187.227 270.886 139.704 97.482 131.182
internal_count=20615 10350 6373 4613 3977 2602 10265 1375
is_linear=0
shrinkage=0.025


Tree=60
num_leaves=9
num_cat=0
split_feature=2 29 47 62 15 16 49 24
split_gain=89.0966 25.7417 28.2053 32.2314 20.2195 10.7538 9.6165 7.88498
threshold=0.53701665997505199 0.89118900000000012 0.87193500000000013 0.41666666666666669 0.67609850000000005 0.60695300000000019 1.0000000180025095e-35 0.55000000000000016
decision_type=2 2 2 2 2 2 2 2
left_child=4 2 3 -2 -1 -4 7 -6
right_child=1 -3 5 -5 6 -7 -8 -9
leaf_value=-0.021883339476114424 0.016708187049038072 0.0227793299804337 -0.014050787294272338 -0.0058336638076495057 -0.010938334257798533 0.014188055013112691 -0.013764366813742369 0.019130594496233527
leaf_weight=107.06540321445209 47.465460162609816 49.184685585089028 7.1536727827042332 196.85268518759403 6.0741129915695664 136.16953909030417 17.390288300288375 15.253080233698709
leaf_count=11296 884 177 83 6248 211 686 893 205
internal_value=0.000405854 0.00607104 0.00382577 -0.00132374 -0.0163711 0.012553 -0.000617688 0.0100417
internal_weight=582.609 436.826 387.641 244.318 145.783 143.323 38.7175 21.3272
internal_count=20683 8078 7901 7132 12605 769 1309 416
is_linear=0
shrinkage=0.025


Tree=61
num_leaves=9
num_cat=0
split_feature=9 62 66 0 60 29 39 1
split_gain=79.8718 33.0229 20.5503 20.751 14.1525 17.605 11.2111 10.8524
threshold=0.57000000000000017 0.58333333333333337 0.22303300000000001 0.8430335000000001 0.68000000000000005 1.0000000180025095e-35 1.0000000180025095e-35 0.60710546374320995
decision_type=2 2 2 2 2 2 2 2
left_child=7 4 -3 -4 6 -6 -2 -1
right_child=1 2 3 -5 5 -7 -8 -9
leaf_value=-0.024441563646069985 -0.0006650789120218382 -0.02302214383639848 0.0027489223360768877 -0.024436789516554442 -0.015961155422150323 0.013768973954732019 0.015901064739066488 -0.0017081072115934196
leaf_weight=79.433885948725219 28.897573222639039 25.60092403019371 174.57013187528355 17.484218074052478 24.200038138777018 21.633086299523711 166.31984147697221 16.881584976232261
leaf_count=10352 427 1608 3843 951 861 352 1568 597
internal_value=-0.000180736 0.00417175 -0.00285077 8.99667e-06 0.0105148 -0.00178286 0.0134289 -0.0206491
internal_weight=555.021 458.706 217.655 192.054 241.051 45.8331 195.217 96.3155
internal_count=20559 9610 6402 4794 3208 1213 1995 10949
is_linear=0
shrinkage=0.025


Tree=62
num_leaves=9
num_cat=0
split_feature=1 64 0 60 1 47 66 68
split_gain=78.7665 36.9764 20.3294 18.3567 17.861 16.4663 14.4919 14.8697
threshold=0.5912856161594392 0.27911150000000001 0.48566650000000006 0.68000000000000005 0.45299632847309118 0.77480250000000017 0.66126650000000009 0.85152500000000009
decision_type=2 2 2 2 2 2 2 2
left_child=1 -1 4 -2 -3 -4 -5 -8
right_child=3 2 5 6 -6 -7 7 -9
leaf_value=-0.022041907620581322 0.011373111365070928 -0.017541670452910711 -0.022399598813451663 -0.027082884102594702 0.012656483728935342 0.0013948087703142468 0.011037079600971528 -0.013436942749619395
leaf_weight=106.6715126731724 227.69430031822412 13.321612813335376 39.106751464139961 10.850260117440483 58.565556156128878 31.182837508356897 39.935512415831909 22.53588250791654
leaf_count=10967 2609 1086 2441 478 1002 463 403 1224
internal_value=-0.000678723 -0.0110507 -0.00256082 0.00788729 0.00663553 -0.0119933 -0.00285262 0.00194906
internal_weight=549.864 248.848 142.177 301.016 71.8872 70.2896 73.3217 62.4714
internal_count=20673 15959 4992 4714 2088 2904 2105 1627
is_linear=0
shrinkage=0.025


Tree=63
num_leaves=9
num_cat=0
split_feature=9 2 29 47 31 67 17 15
split_gain=80.0419 30.7068 22.4212 19.5218 11.703 9.38015 15.7415 8.90805
threshold=0.57000000000000017 0.68278563022613536 0.91839300000000013 0.93492100000000011 0.5186845000000001 0.87500000000000011 0.71695850000000017 0.4894245000000001
decision_type=2 2 2 2 2 2 2 2
left_child=4 2 3 -2 -1 6 -3 -7
right_child=1 5 -4 -5 -6 7 -8 -9
leaf_value=-0.023394815231297748 -0.0055844095450968455 0.010153936678426066 0.019434591842605427 0.010247093441898883 0.0099114080877944332 -0.0045871293503064649 -0.027908038280529398 0.021839780023220384
leaf_weight=86.895365066593513 236.73855463503423 59.597697155375499 30.761150575708598 58.996629027184099 5.7156216918592682 7.7068649360444388 5.6169662466272703 73.256734295748174
leaf_count=10583 7638 480 120 346 383 68 76 962
internal_value=-8.41651e-05 0.00408801 -0.000171923 -0.00235335 -0.0210939 0.0135273 0.00603119 0.0191839
internal_weight=565.286 472.675 326.496 295.735 92.611 146.178 65.2147 80.9636
internal_count=20656 9690 8104 7984 10966 1586 556 1030
is_linear=0
shrinkage=0.025


Tree=64
num_leaves=9
num_cat=0
split_feature=9 62 2 29 17 39 22 0
split_gain=77.0757 34.0316 21.5363 20.0748 14.7771 14.7664 12.4878 14.3073
threshold=0.71000000000000008 0.75000000000000011 0.56664305925369274 1.0000000180025095e-35 0.68666850000000013 1.0000000180025095e-35 0.26363950000000008 0.81273350000000011
decision_type=2 2 2 2 2 2 2 2
left_child=2 3 -1 -2 -3 -5 -4 -8
right_child=1 4 6 5 -6 -7 7 -9
leaf_value=-0.023467014483857504 0.0029102449439575655 -0.020049792111262937 0.011721404309370027 -0.0035507274804856288 0.0029457784563112674 0.017967137671385709 -0.01894903663122818 0.0096070366839333399
leaf_weight=83.050931086279888 174.81392568125739 38.423089826857904 19.323527573687898 21.721246608183719 29.069177942837996 144.84015454060864 36.269704424310476 13.54451361359679
leaf_count=10774 3302 1912 388 381 842 1148 1719 260
internal_value=4.95558e-05 0.00571885 -0.0150094 0.0089367 -0.0102379 0.0151077 -0.00437033 -0.0109688
internal_weight=561.056 408.868 152.189 341.375 67.4923 166.561 69.1377 49.8142
internal_count=20726 7585 13141 4831 2754 1529 2367 1979
is_linear=0
shrinkage=0.025


Tree=65
num_leaves=9
num_cat=0
split_feature=9 62 29 47 48 65 16 15
split_gain=75.738 27.829 17.1752 20.9128 12.5107 11.8346 11.6 8.25158
threshold=0.57000000000000017 0.75000000000000011 0.9893010000000001 0.87193500000000013 0.66350000000000009 0.40703000000000006 0.72750400000000015 0.52385550000000014
decision_type=2 2 2 2 2 2 2 2
left_child=5 2 3 -2 6 -1 -3 -6
right_child=1 4 -4 -5 7 -7 -8 -9
leaf_value=-0.023694857475702102 0.00039872904073918265 -0.020272359567789441 0.022832983496813841 0.013220807713174862 0.020583937702836359 0.005040554863383593 0.0069404213200027869 -0.0052938274974683504
leaf_weight=80.56456343242462 213.19884575176548 46.94184296696767 37.413681380450726 126.11693202564493 10.432272568345072 8.8706260761609865 10.702175657424958 17.967251761641819
leaf_count=10484 5226 2608 89 576 136 473 344 655
internal_value=7.06945e-05 0.00417568 0.0071147 0.00523596 -0.00847656 -0.0207148 -0.015031 0.00469422
internal_weight=552.208 462.773 376.729 339.316 86.0435 89.4352 57.644 28.3995
internal_count=20591 9634 5891 5802 3743 10957 2952 791
is_linear=0
shrinkage=0.025


Tree=66
num_leaves=9
num_cat=0
split_feature=19 62 43 0 17 15 9 62
split_gain=71.8573 28.6463 20.9522 22.5024 20.0706 12.4325 9.5883 9.5425
threshold=0.68236450000000015 0.58333333333333337 1.0000000180025095e-35 0.8430335000000001 0.64335650000000011 0.74313550000000006 0.71000000000000008 0.41666666666666669
decision_type=2 2 2 2 2 2 2 2
left_child=4 6 3 -3 5 -1 -2 -6
right_child=1 2 -4 -5 7 -7 -8 -9
leaf_value=-0.024851148367361409 -0.0026743043995118491 0.0049271262544969812 -0.021878318360492241 -0.024062700907455045 0.013777109801469326 0.012479531581252151 0.013551931227872224 -0.0088757438098467228
leaf_weight=82.349746863492328 24.37911711120978 145.63067391599179 25.661902743304381 16.845161870645825 12.938745421648489 4.5216827143449327 185.13766848272644 49.26028335524461
leaf_count=9829 645 3176 1357 823 355 54 2070 2500
internal_value=-0.000236359 0.00530274 -0.00174224 0.00161987 -0.0149365 -0.0225866 0.011621 -0.00376424
internal_weight=546.725 397.655 188.138 162.476 149.07 86.8714 209.517 62.199
internal_count=20809 8071 5356 3999 12738 9883 2715 2855
is_linear=0
shrinkage=0.025


Tree=67
num_leaves=9
num_cat=0
split_feature=1 68 60 22 19 61 64 15
split_gain=72.405 31.7251 23.2185 17.0695 19.9653 15.8419 14.8091 11.35
threshold=0.45299632847309118 0.45270850000000007 0.68000000000000005 0.25748900000000002 0.70712000000000008 0.48691700000000004 0.36222550000000003 0.64275650000000006
decision_type=2 2 2 2 2 2 2 2
left_child=-1 3 6 7 -5 -4 -3 -2
right_child=1 2 5 4 -6 -7 -8 -9
leaf_value=-0.023316865363358946 -0.0060615320389060413 0.0020479423769974559 -0.017559033253021647 -0.025586850708492578 -0.0021639920015036444 0.0040954996521840419 0.015299809146288793 0.021167823499157804
leaf_weight=68.04662159621148 16.94235805455537 76.19590693002101 29.315690749834175 38.36601463554689 54.841153680608841 62.282766820862889 185.45805097554694 17.358330288901925
leaf_count=8922 1021 1299 1013 3221 1362 1650 1985 256
internal_value=0.000422023 0.00388023 0.00773847 -0.0067053 -0.0122191 -0.00298192 0.011514 0.00791869
internal_weight=548.807 480.76 353.252 127.508 93.2072 91.5985 261.654 34.3007
internal_count=20729 11807 5947 5860 4583 2663 3284 1277
is_linear=0
shrinkage=0.025


Tree=68
num_leaves=9
num_cat=0
split_feature=1 44 39 60 47 62 29 15
split_gain=70.062 40.7539 18.3678 16.5883 13.1742 18.2444 14.0522 11.3874
threshold=0.61249238252639782 0.076556500000000013 1.0000000180025095e-35 0.68000000000000005 0.92356600000000011 0.41666666666666669 0.75473800000000013 0.50324300000000011
decision_type=2 2 2 2 2 2 2 2
left_child=1 -1 -3 -4 5 -2 -7 -6
right_child=4 2 3 -5 7 6 -8 -9
leaf_value=-0.020163436589238692 0.019300328048738061 -0.018110832462545915 0.0083677384796402472 -0.011202661394426192 -0.0051156332921069381 -0.00391705142029095 0.016386515976666571 0.019738248238518417
leaf_weight=112.00581233985577 39.331776774488389 28.862616573020205 100.84440332406666 34.60734755847443 11.919842835515736 103.32861681564827 24.697981525678188 84.840509087778628
leaf_count=11440 589 1682 2345 1358 50 2833 94 291
internal_value=7.97796e-05 -0.00867606 -0.000652213 0.00322277 0.00926465 0.00485731 0.00013389 0.016559
internal_weight=540.439 276.32 164.314 135.452 264.119 167.358 128.027 96.7604
internal_count=20682 16825 5385 3703 3857 3516 2927 341
is_linear=0
shrinkage=0.025


Tree=69
num_leaves=9
num_cat=0
split_feature=1 68 29 22 14 20 15 88
split_gain=67.2854 31.2164 20.8952 18.6543 18.5458 16.5436 13.3249 9.57716
threshold=0.45632193982601171 0.45270850000000007 1.0000000180025095e-35 0.24695100000000003 1.0000000180025095e-35 0.69832200000000011 0.64275650000000006 1.0000000180025095e-35
decision_type=2 2 2 2 2 2 2 2
left_child=-1 3 4 6 -3 -5 -2 -4
right_child=1 2 7 5 -6 -7 -8 -9
leaf_value=-0.023067235642230031 -0.0093065415937654654 0.0077683576365044126 0.015284784410766892 -0.022348794427166502 -0.0076642970401157758 -0.00099344028757109731 0.022729309302464744 -0.019555327231040219
leaf_weight=68.044879198332637 12.325391196005514 122.30346220498905 141.99937664379831 50.864048196250224 77.757887655607192 41.375716024012945 16.864765002566855 3.2715821406018213
leaf_count=9029 817 1829 1527 3744 2489 1018 189 64
internal_value=-0.00020037 0.00320137 0.00703867 -0.00758791 0.00171654 -0.0130735 0.0092325 0.0141943
internal_weight=534.807 466.762 345.332 121.43 200.061 92.2398 29.1902 145.271
internal_count=20706 11677 5909 5768 4318 4762 1006 1591
is_linear=0
shrinkage=0.025


Tree=70
num_leaves=9
num_cat=0
split_feature=9 62 60 39 1 48 22 65
split_gain=61.8785 27.4862 15.9744 19.5732 12.583 10.9253 13.4799 10.2468
threshold=0.57000000000000017 0.75000000000000011 0.68000000000000005 1.0000000180025095e-35 0.65922337770462047 0.66350000000000009 0.5006885000000002 0.076556500000000013
decision_type=2 2 2 2 2 2 2 2
left_child=7 2 3 -2 -4 6 -3 -1
right_child=1 5 4 -5 -6 -7 -8 -9
leaf_value=-0.024485589515518911 -0.0058571218141786046 -0.021810710605868412 -0.010482708411877357 0.012423346172831947 0.0084529807580150385 0.0031072972110348747 0.007199309500284465 -0.0041719748452401541
leaf_weight=61.760571231927315 41.415238099521957 42.557546609838028 50.420113898748241 236.53198284108657 35.504302827175707 28.573468367307214 11.388278438011183 23.012124868790124
leaf_count=9233 823 2665 1470 2763 821 790 327 1725
internal_value=2.92326e-05 0.00378275 0.00674853 0.00965031 -0.00255881 -0.00905645 -0.015514 -0.019281
internal_weight=531.164 446.391 363.872 277.947 85.9244 82.5193 53.9458 84.7727
internal_count=20617 9659 5877 3586 2291 3782 2992 10958
is_linear=0
shrinkage=0.025


Tree=71
num_leaves=9
num_cat=0
split_feature=1 29 47 39 22 15 37 61
split_gain=73.5273 30.5738 32.176 25.074 8.76685 3.0161 3.83358 2.56084
threshold=0.48178182542324072 0.94364700000000012 0.9999920000000001 1.0000000180025095e-35 0.50574450000000015 0.65606550000000008 1.0000000180025095e-35 0.70270150000000009
decision_type=2 2 2 2 2 2 2 2
left_child=4 2 3 -2 5 7 -7 -1
right_child=1 -3 -4 -5 -6 6 -8 -9
leaf_value=-0.026389345308577505 -0.015417048135780096 0.024140230403114693 0.019574651162033854 0.0023089381243487986 0.012409938300026017 -0.016737564510502331 0.0070937580179681707 0.0062643856461897952
leaf_weight=59.117447883374552 57.939753075537737 41.947898168349639 54.962445971381385 293.99999895702058 3.2007103271898805 16.690112605516337 3.7197811191435894 0.45457485923543473
leaf_count=8969 2321 157 200 7661 93 1260 88 6
internal_value=0.000271705 0.00430916 0.00213834 -0.000658723 -0.0210158 -0.0227151 -0.0118141 -0.025823
internal_weight=532.033 448.85 406.902 351.94 83.1826 79.9819 20.4099 59.572
internal_count=20755 10339 10182 9982 10416 10323 1348 8975
is_linear=0
shrinkage=0.025


Tree=72
num_leaves=9
num_cat=0
split_feature=9 62 29 39 2 47 2 18
split_gain=60.8286 26.0708 16.3991 11.9227 10.9479 10.5036 8.60005 7.03422
threshold=0.57000000000000017 0.58333333333333337 0.60023650000000017 1.0000000180025095e-35 0.72018489241600048 0.95024300000000006 0.67536270618438732 0.75628850000000014
decision_type=2 2 2 2 2 2 2 2
left_child=6 4 3 -3 5 -2 -1 -6
right_child=1 2 -4 -5 7 -7 -8 -9
leaf_value=-0.023113324634259042 0.0019099971921700714 -0.019069723725750873 0.014831201536754796 -0.0027424072174553685 0.020690035799683679 0.016120982198251761 0.001314992998201927 -0.008843158930277777
leaf_weight=71.356629542489827 130.63845826475881 33.245318386150757 25.174240021093283 148.17140898171056 53.455319612054154 42.317559617571533 9.3752422062680107 4.0740568884648374
leaf_count=10759 2495 1671 282 4541 550 133 275 36
internal_value=-0.000548356 0.00314414 -0.00326439 -0.00595065 0.00889923 0.00557444 -0.0202226 0.0182458
internal_weight=517.808 437.076 206.591 181.417 230.485 172.956 80.7319 57.5294
internal_count=20742 9708 6494 6212 3214 2628 11034 586
is_linear=0
shrinkage=0.025


Tree=73
num_leaves=9
num_cat=0
split_feature=1 44 49 47 62 47 29 21
split_gain=64.1622 30.0522 18.3862 14.8695 13.529 15.717 13.5669 11.5401
threshold=0.60710546374320995 0.09763200000000001 1.0000000180025095e-35 0.80616900000000002 0.41666666666666669 0.91020450000000019 0.91839300000000013 0.87400000000000011
decision_type=2 2 2 2 2 2 2 2
left_child=1 7 -3 -4 -2 6 -6 -1
right_child=4 2 3 -5 5 -7 -8 -9
leaf_value=-0.022434819635418487 0.018558926354544519 0.0076096183179633799 -0.018989027297921044 0.0028226342556033329 -0.0038998012997411196 0.014002525424179081 0.017146455776288528 0.00078980409124216288
leaf_weight=89.980193320683611 62.496211322606541 68.901738860455225 44.528370736312354 31.962549889460206 106.38411167103914 76.970429633744061 21.241813180036843 14.766592723201027
leaf_count=11123 672 1670 2830 424 2960 338 75 493
internal_value=0 -0.00905628 -0.00158169 -0.00993955 0.0084956 0.00523544 -0.000128537 -0.019137
internal_weight=517.232 250.139 145.393 76.4909 267.093 204.596 127.626 104.747
internal_count=20585 16540 4924 3254 4045 3373 3035 11616
is_linear=0
shrinkage=0.025


Tree=74
num_leaves=9
num_cat=0
split_feature=1 2 60 39 14 68 17 9
split_gain=56.3799 26.694 21.4232 27.5097 15.9978 11.675 13.511 6.11487
threshold=0.46938608586788183 0.68278563022613536 0.68000000000000005 1.0000000180025095e-35 1.0000000180025095e-35 0.74916650000000018 0.71695850000000017 0.75000000000000011
decision_type=2 2 2 2 2 2 2 2
left_child=7 2 3 -2 -4 6 -3 -1
right_child=1 5 4 -5 -6 -7 -8 -9
leaf_value=-0.025033729458505207 -0.016791645178366579 0.0076137559269824481 0.0015550370430417722 0.0068475943624009125 -0.021304403233857253 0.018342422589396137 -0.028474873221649235 -0.0071861027183831323
leaf_weight=50.580181171622826 34.713127581664594 60.496110865788069 30.607004434918053 186.17488429584773 45.581902679652558 80.225886892061681 5.2074457616545251 19.94180809284444
leaf_count=8743 1665 693 793 4108 2581 1050 87 989
internal_value=0 0.00334353 -0.000947674 0.00298164 -0.0122204 0.0120248 0.00388604 -0.0204277
internal_weight=513.528 443.006 297.077 220.888 76.1889 145.929 65.7036 70.522
internal_count=20709 10977 9147 5773 3374 1830 780 9732
is_linear=0
shrinkage=0.025


Tree=75
num_leaves=9
num_cat=0
split_feature=2 9 34 22 60 22 0 17
split_gain=52.7305 21.7505 17.7165 15.3153 13.0165 12.784 11.0854 10.6625
threshold=0.53145480155944835 0.95350000000000013 0.23747300000000002 0.5006885000000002 0.82000000000000017 0.5006885000000002 0.48566650000000006 0.75894300000000003
decision_type=2 2 2 2 2 2 2 2
left_child=3 2 5 -1 7 -2 -4 -3
right_child=1 4 6 -5 -6 -7 -8 -9
leaf_value=-0.017555006774494657 -0.011882096718693273 0.018848213583420672 0.014314773121928463 0.014165825379532688 -0.0077767293063709074 0.014325683631647627 0.0010203685216046367 -0.01629816246079192
leaf_weight=107.60902075584454 82.093858873704448 89.237757406779565 52.926809478143696 8.676856379141098 13.835254890029317 11.526368618244303 143.20288861979498 4.0208361528348169
leaf_count=12122 3169 637 732 209 563 210 2937 81
internal_value=-0.000253448 0.00408025 0.000467827 -0.0149252 0.0135974 -0.00834485 0.00475408 0.0169438
internal_weight=513.13 396.844 289.75 116.286 107.094 93.6202 196.13 93.2586
internal_count=20660 8329 7048 12331 1281 3379 3669 718
is_linear=0
shrinkage=0.025


Tree=76
num_leaves=9
num_cat=0
split_feature=1 60 18 0 20 67 17 2
split_gain=57.2507 18.4417 18.3825 19.1272 17.1908 13.4953 14.9749 12.6229
threshold=0.56389477849006664 0.68000000000000005 0.63366850000000008 0.48566650000000006 0.67350250000000011 0.87500000000000011 0.71695850000000017 0.5813499689102174
decision_type=2 2 2 2 2 2 2 2
left_child=2 5 -1 -4 -3 6 -2 -7
right_child=1 4 3 -5 -6 7 -8 -9
leaf_value=-0.023890059619960418 0.0061217937475886936 -0.030561970335317448 0.0033744118315122231 -0.016745758684566653 0.00037601651100900785 -0.012037762867083563 -0.021113616331313582 0.016967372718003422
leaf_weight=53.458394292909361 116.72403386843507 11.19146935266326 61.179525180676137 53.291937568923458 72.030282142921351 8.4664795179851335 12.071445637673603 118.66739809943829
leaf_count=9063 1922 596 2200 3311 2044 216 224 1123
internal_value=-0.000121427 0.00576958 -0.0119909 -0.0060548 -0.00431604 0.00908629 0.00322798 0.0148212
internal_weight=507.081 339.151 167.93 114.471 83.2218 255.929 128.795 127.134
internal_count=20699 6125 14574 5511 2640 3485 2146 1339
is_linear=0
shrinkage=0.025


Tree=77
num_leaves=9
num_cat=0
split_feature=9 29 47 39 73 0 1 61
split_gain=52.3678 25.1593 23.6602 25.357 10.5238 8.02169 7.09202 5.72673
threshold=0.57000000000000017 0.91839300000000013 0.9999920000000001 1.0000000180025095e-35 0.076556500000000013 0.45106650000000009 0.5012672245502473 0.51457900000000012
decision_type=2 2 2 2 2 2 2 2
left_child=4 2 3 -2 -1 6 -6 -4
right_child=1 -3 7 -5 5 -7 -8 -9
leaf_value=-0.024711784617888675 -0.016978014232501514 0.021743871236455582 -0.00026385110704682535 0.0017590280556909373 -0.015758275569229728 -0.02233453541669634 0.017013362286355627 0.020377078277133896
leaf_weight=54.437555649525166 51.692114778496034 39.649308115709573 9.4175100383581576 279.73105250946537 4.089226579686513 7.1252857834333545 10.697237912798299 42.463171133771539
leaf_count=9266 2144 149 81 7171 692 771 261 128
internal_value=-0.000171141 0.00327712 0.00124448 -0.00122521 -0.0189653 -0.00350213 0.00670582 0.0166204
internal_weight=499.302 422.953 383.304 331.423 76.3493 21.9118 14.7865 51.8807
internal_count=20663 9673 9524 9315 10990 1724 953 209
is_linear=0
shrinkage=0.025


Tree=78
num_leaves=9
num_cat=0
split_feature=9 39 29 1 0 62 43 6
split_gain=50.4491 24.4315 20.0387 16.8105 23.3456 16.5759 14.191 12.3673
threshold=0.73000000000000009 1.0000000180025095e-35 1.0000000180025095e-35 0.49961856007575994 0.43580000000000002 0.41666666666666669 1.0000000180025095e-35 0.70364150000000014
decision_type=2 2 2 2 2 2 2 2
left_child=3 6 5 -1 -5 -3 -2 -6
right_child=1 2 -4 4 7 -7 -8 -9
leaf_value=-0.024360873726352372 -0.0025312178328324025 0.017160401266674587 0.014353877698047718 0.0092040810643807813 -0.025895339130274891 -0.0026127972901774659 -0.031344710128991086 -0.0016520845982995623
leaf_weight=49.934855435727513 40.961089336240548 31.164130443125032 139.39349040720845 35.507699907699134 31.650450775472564 128.75438918120926 13.004013395315267 23.20460270321928
leaf_count=9389 1140 495 1632 1088 2202 3510 587 529
internal_value=-0.000343046 0.0046808 0.00749064 -0.0129341 -0.00614757 0.00135855 -0.0104805 -0.0161908
internal_weight=493.575 353.277 299.312 140.298 90.3628 159.919 53.9651 54.8551
internal_count=20572 7364 5637 13208 3819 4005 1727 2731
is_linear=0
shrinkage=0.025


Tree=79
num_leaves=9
num_cat=0
split_feature=2 62 66 43 2 29 15 66
split_gain=59.1468 21.6335 21.0754 12.1491 11.6111 11.4143 10.9164 10.4789
threshold=0.52475759387016307 0.58333333333333337 0.57533350000000005 1.0000000180025095e-35 0.68278563022613536 0.91839300000000013 0.67609850000000005 0.92864000000000002
decision_type=2 2 2 2 2 2 2 2
left_child=6 4 5 -4 7 -3 -1 -2
right_child=1 2 3 -5 -6 -7 -8 -9
leaf_value=-0.021153313784860257 0.0073332071990595262 -0.021282070432037479 0.0056748200403887224 -0.019915067806150044 0.016000801451235364 0.013021372464081474 -0.0023039752021796318 -0.013597620141589873
leaf_weight=74.725103918226523 106.31327534746379 38.051860598410713 120.85124464676483 10.752449906198306 104.25945983105339 5.4758554790168992 27.564967759128194 15.259838951751588
leaf_count=10877 1805 2475 2045 469 1246 42 1194 586
internal_value=0.000478715 0.00483413 -0.0017182 0.00326108 0.00991881 -0.0164195 -0.0162873 0.00446773
internal_weight=503.254 400.964 175.131 131.604 225.833 43.5277 102.29 121.573
internal_count=20739 8668 5031 2514 3637 2517 12071 2391
is_linear=0
shrinkage=0.025


Tree=80
num_leaves=9
num_cat=0
split_feature=9 2 1 39 46 22 30 27
split_gain=52.7455 23.2626 20.2373 20.1617 12.9241 12.5888 12.4287 8.79567
threshold=0.73000000000000009 0.67779147624969494 0.51312661170959484 1.0000000180025095e-35 0.58423250000000004 0.19813650000000002 0.33500000000000008 1.0000000180025095e-35
decision_type=2 2 2 2 2 2 2 2
left_child=2 3 -1 -2 -5 -4 7 -3
right_child=1 6 5 4 -6 -7 -8 -9
leaf_value=-0.024660593171180724 -0.016486691454770157 -0.019976027474441563 0.021165728119411656 0.0070447110916112624 -0.0086014056975256027 -0.0080989095976333417 0.017484270002079208 0.015088166009116378
leaf_weight=51.2192280629788 33.104393603542121 9.0655045113526267 8.3000924956650106 166.3464539651759 38.863596324546961 80.524355389876291 104.80860141757876 5.461197590455412
leaf_count=9874 1501 152 79 3010 1331 3365 1290 46
internal_value=0.000474186 0.00558102 -0.01241 0.00100166 0.00399096 -0.00487587 0.014497 -0.00610945
internal_weight=497.693 357.65 140.044 238.314 205.21 88.8244 119.335 14.5267
internal_count=20648 7330 13318 5842 4341 3444 1488 198
is_linear=0
shrinkage=0.025


Tree=81
num_leaves=9
num_cat=0
split_feature=1 29 47 62 27 19 73 47
split_gain=46.421 24.2818 20.017 20.8559 8.43111 4.61797 2.667 2.38348
threshold=0.45299632847309118 0.91839300000000013 0.87193500000000013 0.41666666666666669 1.0000000180025095e-35 0.68781950000000014 -0.19447999999999996 0.79627800000000015
decision_type=2 2 2 2 2 2 2 2
left_child=6 2 3 -2 -4 -3 -1 -8
right_child=1 5 4 -5 -6 -7 7 -9
leaf_value=0.0045664451324279971 0.012335817735866042 0 0.0028673023581230984 -0.0059816651228496885 0.015869701082587249 0.024442344629754212 -0.023085950948587057 0
leaf_weight=1.3473540528211732 44.677715913567226 5.5293380445800713 69.766362175287213 226.83408251206856 58.758661805652082 33.672016323776916 51.450942007591948 2.8236355059780172
leaf_count=27 1132 83 561 9603 318 112 8821 85
internal_value=9.25435e-05 0.00286305 0.000956372 -0.00287191 0.00902124 0.0211471 -0.0209956 -0.0219031
internal_weight=494.86 439.238 400.037 271.512 128.525 39.2014 55.6219 54.2746
internal_count=20742 11809 11614 10735 879 195 8933 8906
is_linear=0
shrinkage=0.025


Tree=82
num_leaves=9
num_cat=0
split_feature=1 2 64 0 21 68 17 30
split_gain=47.8461 23.5794 24.7788 22.2701 15.337 11.7997 7.52239 4.15934
threshold=0.45299632847309118 0.68431133031845104 0.24455000000000002 0.48566650000000006 0.77400000000000013 0.74916650000000018 0.71695850000000017 0.33500000000000008
decision_type=2 2 2 2 2 2 2 2
left_child=-1 2 4 -4 -2 6 -3 -7
right_child=1 5 3 -5 -6 7 -8 -9
leaf_value=-0.021084527513944296 -0.023410655051289423 0.0065117549904912574 0.014301228135434088 -0.0018335790613206446 -0.00072792858876269797 0 -0.022230639135101871 0.020912187234636677
leaf_weight=54.033089381471655 37.879128971660975 52.085715405410156 79.25933518295642 153.39515624751948 36.539386691641994 6.4980336339212945 4.3179533861111841 64.701376142911613
leaf_count=8904 3476 658 1420 4160 1009 83 85 884
internal_value=0.000647927 0.00345078 -0.000297572 0.00370621 -0.0126821 0.0123944 0.00349705 0.0190521
internal_weight=488.709 434.676 307.073 232.654 74.4185 127.603 56.4037 71.1994
internal_count=20679 11775 10065 5580 4485 1710 743 967
is_linear=0
shrinkage=0.025


Tree=83
num_leaves=9
num_cat=0
split_feature=9 62 29 24 16 65 29 21
split_gain=47.6269 27.2206 14.7439 13.807 11.8454 10.5104 10.0066 11.3827
threshold=0.57000000000000017 0.75000000000000011 0.31620650000000006 1.0000000180025095e-35 0.60856150000000009 0.076556500000000013 0.60023650000000017 0.9840000000000001
decision_type=2 2 2 2 2 2 2 2
left_child=5 2 3 -2 -4 -1 7 -3
right_child=1 6 4 -5 -6 -7 -8 -9
leaf_value=-0.024308962944357242 -0.0046397767482787957 -0.015529503346545449 -0.02094050713111675 0.0076487155309441987 0.016688848507078892 -0.0026175139353971149 0.013999645102841816 0.020640592681492764
leaf_weight=49.321561169919732 85.123095572169404 64.212948221276747 3.692949002608656 162.53156328846671 95.382756476406939 21.018531585352321 8.0471630957326834 4.0421088761650017
leaf_count=9334 2134 3562 98 2943 719 1720 144 66
internal_value=0.000554141 0.00375814 0.00674652 0.00339158 0.0148255 -0.0181825 -0.00955126 -0.0127541
internal_weight=493.373 423.033 346.73 247.655 99.0757 70.3401 76.3022 68.2551
internal_count=20720 9666 5894 5077 817 11054 3772 3628
is_linear=0
shrinkage=0.025


Tree=84
num_leaves=9
num_cat=0
split_feature=68 62 61 6 34 22 61 70
split_gain=39.6775 21.0594 16.4152 13.505 12.7241 11.8417 10.9859 10.1126
threshold=0.45270850000000007 0.75000000000000011 0.50715900000000003 0.66082950000000007 0.055688000000000008 0.25748900000000002 0.91961550000000014 0.76306850000000004
decision_type=2 2 2 2 2 2 2 2
left_child=4 2 3 -2 -1 -6 -3 -7
right_child=1 6 -4 -5 5 7 -8 -9
leaf_value=-0.020082428110571145 0.0059314569364202797 -0.01230912759952995 0.013170840683827706 -0.011488618120386398 0.0091562276780102238 0.010905857633694914 0.023784429108634431 -0.015266631785015833
leaf_weight=58.969710045577813 93.557908540169592 53.94394920913328 140.45088196184952 37.161587569440599 24.634043038884556 9.3719715079059807 3.8436416629701844 49.819990605195926
leaf_count=9346 1835 2640 1962 690 1223 163 46 2690
internal_value=-0.000399361 0.00436143 0.00729612 0.000824183 -0.0113273 -0.00475646 -0.00906766 -0.0107791
internal_weight=471.754 328.958 271.17 130.719 142.796 83.826 57.7876 59.192
internal_count=20595 7173 4487 2525 13422 4076 2686 2853
is_linear=0
shrinkage=0.025


Tree=85
num_leaves=9
num_cat=0
split_feature=1 68 22 29 55 19 17 22
split_gain=43.3662 19.3595 14.4642 14.1594 18.5775 12.5226 7.15303 6.80754
threshold=0.48013089597225195 0.45270850000000007 0.24695100000000003 1.0000000180025095e-35 1.0000000180025095e-35 0.70712000000000008 0.64677850000000014 0.5006885000000002
decision_type=2 2 2 2 2 2 2 2
left_child=7 2 6 4 -3 -4 -2 -1
right_child=1 3 5 -5 -6 -7 -8 -9
leaf_value=-0.020098977252778479 -0.0045686720274500077 0.0082600287294595214 -0.022802455759674319 0.012457163284283444 -0.0079639341714765523 -0.0025543348914435376 0.02132898016314665 0.011909810476395005
leaf_weight=64.176429297618597 10.133357897546377 105.0713749154238 32.412504659281694 129.5760919181339 72.812796209269436 46.356543284011423 13.17541668191552 2.8604952588211736
leaf_count=10190 549 1544 2802 1482 2476 1331 163 92
internal_value=1.07976e-06 0.00309256 -0.00622098 0.00622915 0.00156272 -0.0113374 0.0103025 -0.0183191
internal_weight=476.575 409.538 102.078 307.46 177.884 78.769 23.3088 67.0369
internal_count=20629 10347 4845 5502 4020 4133 712 10282
is_linear=0
shrinkage=0.025


Tree=86
num_leaves=9
num_cat=0
split_feature=1 29 62 19 19 17 69 22
split_gain=43.4328 23.5411 16.5602 14.7998 9.09357 6.2978 5.75734 3.69769
threshold=0.45632193982601171 0.52868100000000007 0.41666666666666669 0.69950450000000008 0.67448700000000017 0.73961850000000007 0.93233600000000016 0.42636100000000005
decision_type=2 2 2 2 2 2 2 2
left_child=-1 2 6 -4 7 -6 -2 -3
right_child=1 4 3 -5 5 -7 -8 -9
leaf_value=-0.020848788943763606 -0.0044471288885542552 -0.020629110813958275 -0.010899980341108208 0.0013830014672217535 0.021497750181038271 -0.0035149609864826986 0.015331543774410573 0.0084221594293927941
leaf_weight=51.895790013924852 9.5405943095101957 4.0692105063353656 83.980388905583823 209.82507225489826 57.143394150276436 5.898910973686724 50.669587871409021 3.01295618689619
leaf_count=9063 145 186 4861 4905 397 36 991 26
internal_value=0.000280302 0.00296887 0.000293396 -0.00215253 0.0159891 0.0190059 0.0120347 -0.00831107
internal_weight=476.036 424.14 354.016 293.805 70.1245 63.0423 60.2102 7.08217
internal_count=20610 11547 10902 9766 645 433 1136 212
is_linear=0
shrinkage=0.025


Tree=87
num_leaves=9
num_cat=0
split_feature=2 9 60 20 39 43 69 17
split_gain=50.7202 14.2894 13.556 16.118 13.5401 16.4889 13.8949 8.85403
threshold=0.57966452836990368 0.57000000000000017 0.68000000000000005 0.67350250000000011 1.0000000180025095e-35 1.0000000180025095e-35 0.93233600000000016 0.63418550000000007
decision_type=2 2 2 2 2 2 2 2
left_child=1 -1 4 -4 5 -2 -6 -5
right_child=2 -3 3 7 6 -7 -8 -9
leaf_value=-0.023026320431105866 0.0054906003491795438 -0.0063265942607479827 -0.029387154332830609 0.0088292969378400404 -0.016996643596709365 -0.029032804802047958 0.013291643061550321 -0.0089912865830714724
leaf_weight=44.752908542210207 29.361110797020956 116.35826919328247 10.176887140885809 41.844944501150167 8.1014405260793847 9.8932470482395711 181.91178015689366 26.744197311170865
leaf_count=9736 546 4869 638 937 134 414 2316 1046
internal_value=3.22037e-05 -0.0112368 0.00598492 -0.00283747 0.00904665 -0.00401419 0.0117976 0.00171659
internal_weight=469.145 161.111 308.034 78.766 229.268 39.2544 190.013 68.5891
internal_count=20636 14605 6031 2621 3410 960 2450 1983
is_linear=0
shrinkage=0.025


Tree=88
num_leaves=9
num_cat=0
split_feature=9 29 47 62 19 17 2 15
split_gain=43.0518 18.1874 18.1695 18.5487 10.1258 8.87899 7.70079 6.53332
threshold=0.57000000000000017 0.60023650000000017 0.9999920000000001 0.41666666666666669 0.67719100000000021 0.63550400000000007 0.54343473911285411 0.50632550000000009
decision_type=2 2 2 2 2 2 2 2
left_child=5 2 3 -2 -3 -1 -7 -4
right_child=1 4 7 -5 -6 6 -8 -9
leaf_value=-0.023645372742145912 0.012813450275590478 -0.011374442738675857 -0.0072259718934936448 -0.0041627658214942942 0.019525210153754691 -0.018906094752686901 0.012425460003290792 0.017921860134614918
leaf_weight=48.898672265764617 45.762676691054367 5.9236063267453565 5.9478011084720483 250.51149962216004 51.375436736270785 6.8782887580673551 8.8560740169486944 43.721542903629597
leaf_count=9095 734 140 29 8317 288 1552 375 178
internal_value=4.98064e-05 0.00312747 0.000906305 -0.00144713 0.0159284 -0.0185566 -0.00143575 0.0146022
internal_weight=467.876 403.243 345.944 296.274 57.299 64.633 15.7344 49.6693
internal_count=20708 9686 9258 9051 428 11022 1927 207
is_linear=0
shrinkage=0.025


Tree=89
num_leaves=9
num_cat=0
split_feature=2 66 29 64 22 61 17 65
split_gain=39.0923 22.7431 18.1066 17.0521 8.81837 9.08142 4.4156 4.00543
threshold=0.46497869491577154 0.13454350000000004 0.91839300000000013 0.36222550000000003 0.23285400000000003 0.72100950000000008 0.62151550000000011 -1.0000000180025095e-35
decision_type=2 2 2 2 2 2 2 2
left_child=7 4 3 -3 6 -6 -2 -1
right_child=1 2 -4 -5 5 -7 -8 -9
leaf_value=0.00059579579996074726 -0.014190841008929204 -0.0066568817749651649 0.021602498419959072 0.006012225480831624 -0.022886749962010251 0.011606136783717622 0.017237302315561597 -0.02203389013595148
leaf_weight=4.5734805527608833 2.1878974454593827 90.117124731943477 32.397485409397632 233.86813473026268 34.639372102261405 3.9368824977427712 6.3303616134799086 50.012215225149703
leaf_count=212 263 3091 121 4924 2742 70 134 9173
internal_value=-0.000575253 0.00212703 0.00431927 0.00244606 -0.0138099 -0.0187832 0.00728858 -0.0200513
internal_weight=458.063 403.477 356.383 323.985 47.0945 38.5763 8.51826 54.5857
internal_count=20730 11345 8136 8015 3209 2812 397 9385
is_linear=0
shrinkage=0.025


Tree=90
num_leaves=9
num_cat=0
split_feature=1 64 9 60 43 29 22 62
split_gain=45.1179 19.6502 15.7606 13.5803 15.9854 8.1238 8.00723 7.47305
threshold=0.61030724644660961 0.24455000000000002 0.75000000000000011 0.68000000000000005 1.0000000180025095e-35 0.52868100000000007 0.41066550000000007 0.58333333333333337
decision_type=2 2 2 2 2 2 2 2
left_child=1 6 -2 4 -3 7 -1 -4
right_child=2 3 5 -5 -6 -7 -8 -9
leaf_value=-0.020331720620985448 -0.0049499378862934828 0.0054660640045289186 0.01198866833891671 -0.014343126817345998 -0.025640602289612409 0.020657551092555862 0.0035349194865984136 0
leaf_weight=69.425760262492986 45.342399763074354 101.67881563457922 97.770241569145583 39.52005077440117 9.4362400721183786 43.21248870389536 8.8072400564560649 48.640495847212151
leaf_count=10522 1203 2981 1506 2156 729 194 458 980
internal_value=0.000330597 -0.00751966 0.00800772 -0.0021099 0.00235144 0.0111646 -0.0175303 0.00807163
internal_weight=463.834 228.868 234.966 150.635 111.115 189.623 78.233 146.411
internal_count=20729 16846 3883 5866 3710 2680 10980 2486
is_linear=0
shrinkage=0.025


Tree=91
num_leaves=9
num_cat=0
split_feature=2 9 0 71 29 62 69 59
split_gain=37.9282 18.0798 15.0887 13.8539 12.7349 15.5296 11.4881 9.38423
threshold=0.57335239648818981 0.71000000000000008 0.66263350000000021 1.0000000180025095e-35 1.0000000180025095e-35 0.41666666666666669 0.93565150000000008 1.0000000180025095e-35
decision_type=2 2 2 2 2 2 2 2
left_child=1 -1 7 4 5 -2 -6 -3
right_child=3 2 -4 -5 6 -7 -8 -9
leaf_value=-0.020900134321814843 0.014893894141363226 -0.0057022639025243209 -0.013418048263587948 -0.022868354749634268 -0.0048058409969706358 -0.0027467686551240593 0.01482945263696598 0.015244219038279381
leaf_weight=55.355269282888912 39.280219586915337 21.557621439453214 43.509958255082893 8.4375887182541174 20.373961356352083 124.59625317943573 119.25717631424777 28.708045580191538
leaf_count=10926 615 781 2043 476 324 3415 1498 537
internal_value=0.00046095 -0.00981334 -0.00289078 0.00542787 0.00638362 0.00156498 0.0118841 0.00624288
internal_weight=461.076 149.131 93.7756 311.945 303.508 163.876 139.631 50.2657
internal_count=20615 14287 3361 6328 5852 4030 1822 1318
is_linear=0
shrinkage=0.025


Tree=92
num_leaves=9
num_cat=0
split_feature=1 29 62 47 58 18 3 9
split_gain=33.049 22.6944 14.7875 16.9244 7.3826 6.76367 3.4322 2.44535
threshold=0.48178182542324072 0.96721250000000014 0.41666666666666669 0.77480250000000017 0.58083350000000011 0.67994900000000003 0.94153663516044628 0.83150000000000002
decision_type=2 2 2 2 2 2 2 2
left_child=5 2 4 -4 -2 7 -7 -1
right_child=1 -3 3 -5 -6 6 -8 -9
leaf_value=-0.024192505424111017 0.014293627521806546 0.021254513775352327 -0.0072899625195304175 0.0047292612213852992 -0.014003187215933521 0.0096652885815336018 -0.012317527070332649 -0.0061364604653044805
leaf_weight=39.668626485956338 53.350594305782579 33.291759365936741 166.77389367584692 126.84533012923202 4.5716033710632464 6.8746994547545892 6.7651972673629643 8.4784854158642684
leaf_count=9267 965 148 7696 1351 143 148 433 532
internal_value=-0.000593651 0.00214106 0.000199765 -0.00207535 0.0115423 -0.0172772 -0.000939202 -0.021534
internal_weight=446.62 384.833 351.541 293.619 57.9222 61.787 13.6399 48.1471
internal_count=20683 10303 10155 9047 1108 10380 581 9799
is_linear=0
shrinkage=0.025


Tree=93
num_leaves=9
num_cat=0
split_feature=2 2 49 61 68 17 19 60
split_gain=35.9818 20.5484 17.9379 15.5243 9.90184 12.0644 9.45862 6.80979
threshold=0.46497869491577154 0.6687772572040559 1.0000000180025095e-35 0.47254750000000006 0.74916650000000018 0.71695850000000017 0.68889100000000003 0.68000000000000005
decision_type=2 2 2 2 2 2 2 2
left_child=-1 2 6 -4 5 -3 -2 -6
right_child=1 4 3 -5 7 -7 -8 -9
leaf_value=-0.018716104896661191 -0.0025298505966772303 0.0062587285541197335 -0.017724656347346362 -0.0011620042245445211 0.0199219744011538 -0.02796321512725938 0.014127882787687686 0.0016883076383855087
leaf_weight=53.143177517740696 33.35787248169072 68.339410679356661 50.106930859095883 114.55907227960415 61.137673773569986 5.0587553731165817 51.620694989222102 17.710800360888243
leaf_count=9396 1160 941 4093 3024 527 102 796 755
internal_value=0.000209977 0.00281148 -0.00158328 -0.00639914 0.00999344 0.00312143 0.00759494 0.0160622
internal_weight=455.034 401.891 249.645 164.666 152.247 73.3982 84.9786 78.8485
internal_count=20794 11398 9073 7117 2325 1043 1956 1282
is_linear=0
shrinkage=0.025


Tree=94
num_leaves=9
num_cat=0
split_feature=9 2 0 61 64 31 19 19
split_gain=33.427 20.03 17.151 16.6754 12.7639 11.6336 7.83417 8.90968
threshold=0.57000000000000017 0.68278563022613536 0.48566650000000006 0.4917160000000001 0.39155850000000009 0.5186845000000001 0.76898500000000014 0.7359595000000001
decision_type=2 2 2 2 2 2 2 2
left_child=5 2 4 -4 -2 -1 7 -3
right_child=1 6 3 -5 -6 -7 -8 -9
leaf_value=-0.020507586340807515 -0.0045825267932824189 0.013675463706113018 -0.014748416457252313 0.00063481484973763164 0.014078711542774194 0.014328981898698849 0.023702127892014341 -0.001096291740867399
leaf_weight=54.986690237543371 34.129642398649594 58.206254356133286 72.863814855219971 104.46592883073026 60.52834450188675 5.0234431812714311 23.035720738582313 42.285350137157366
leaf_count=10634 1279 571 3459 2423 964 385 325 702
internal_value=-1.44367e-05 0.00263239 -0.00114707 -0.00573824 0.00731707 -0.0171024 0.0108996 0.00748645
internal_weight=455.525 395.515 271.988 177.33 94.658 60.0101 123.527 100.492
internal_count=20742 9723 8125 5882 2243 11019 1598 1273
is_linear=0
shrinkage=0.025


Tree=95
num_leaves=9
num_cat=0
split_feature=68 60 43 19 17 0 9 48
split_gain=32.0731 18.6013 14.6357 13.058 11.2396 13.6394 11.0011 10.4549
threshold=0.45270850000000007 0.68000000000000005 1.0000000180025095e-35 0.70610500000000009 0.63418550000000007 0.80776700000000012 0.95350000000000013 0.72016650000000004
decision_type=2 2 2 2 2 2 2 2
left_child=3 2 6 -1 5 -3 -2 -4
right_child=1 4 7 -5 -6 -7 -8 -9
leaf_value=-0.016540699518315476 0.0060002272268573388 -0.0078366345880913745 -0.022632872677997164 -0.00056876120770126253 -0.015312932699570517 0.020060500575127291 0.018384971834735329 0.014845664885949954
leaf_weight=77.311792526197678 154.91028967918828 26.067637372354511 13.852761781541632 55.542938911792589 37.95715782881598 15.871049761073662 65.156117091886699 4.7309951055794945
leaf_count=11915 2962 754 488 1602 1886 521 547 53
internal_value=0.0001861 0.00450475 0.0079983 -0.0100263 -0.00577947 0.00298248 0.00983337 -0.0122119
internal_weight=451.401 318.546 238.65 132.855 79.8958 41.9387 220.066 18.5838
internal_count=20728 7211 4050 13517 3161 1275 3509 541
is_linear=0
shrinkage=0.025


Tree=96
num_leaves=9
num_cat=0
split_feature=1 29 62 68 2 67 22 37
split_gain=36.6378 22.127 15.8146 12.1004 5.63028 5.40139 4.68355 6.08876
threshold=0.48178182542324072 0.60023650000000017 0.58333333333333337 0.45270850000000007 0.68278563022613536 0.70833350000000006 0.42210200000000003 1.0000000180025095e-35
decision_type=2 2 2 2 2 2 2 2
left_child=6 2 4 -4 -2 -3 7 -1
right_child=1 5 3 -5 -6 -7 -8 -9
leaf_value=-0.024127163261598396 0.0012455447039150338 0.00057921841226839384 -0.017181412284043792 -0.0012801573518332479 0.010261420007082158 0.020696284473860811 0 0.0015225491316471506
leaf_weight=43.785345989428606 101.13361680618254 11.22647515585413 39.511744586008717 112.76383979883394 77.598668181803077 45.027398588135839 6.7905252773489329 5.7374833912108434
leaf_count=9209 2607 211 3099 2904 1196 235 450 673
internal_value=0 0.00275794 0.000233048 -0.005624 0.00527163 0.016968 -0.0184908 -0.0210662
internal_weight=443.575 387.262 331.008 152.276 178.732 56.2539 56.3134 49.5228
internal_count=20584 10252 9806 6003 3803 446 10332 9882
is_linear=0
shrinkage=0.025


Tree=97
num_leaves=9
num_cat=0
split_feature=1 39 64 22 46 14 43 19
split_gain=35.4917 18.5533 16.2136 14.3077 14.1705 13.3477 8.4233 4.42413
threshold=0.48178182542324072 1.0000000180025095e-35 0.37513750000000007 0.49192400000000008 0.58423250000000004 1.0000000180025095e-35 1.0000000180025095e-35 0.69084450000000008
decision_type=2 2 2 2 2 2 2 2
left_child=7 5 3 -3 -4 6 -2 -1
right_child=1 2 4 -5 -6 -7 -8 -9
leaf_value=-0.021753511885604922 0.0020449557600521282 -0.0088068460024350367 0.011926601375284273 0.016438351138853741 -0.0022891512136754767 -0.028954018698407483 -0.025340928931300202 -0.0041365851507036257
leaf_weight=43.265173296065768 40.508590309269493 70.228069227800006 184.43668294342933 15.346273949136956 55.452727734867949 14.393048846628515 6.3608803174574851 13.848673749249427
leaf_count=9531 978 3082 2772 182 1937 982 378 860
internal_value=0.000137394 0.0028979 0.00529396 -0.00392189 0.00861773 -0.00947779 -0.00240322 -0.0178932
internal_weight=443.84 386.726 325.464 85.5743 239.889 61.2625 46.8695 57.1138
internal_count=20702 10311 7973 3264 4709 2338 1356 10391
is_linear=0
shrinkage=0.025


Tree=98
num_leaves=9
num_cat=0
split_feature=1 29 47 60 66 37 17 15
split_gain=30.176 19.8257 13.6955 14.5851 6.77698 5.754 4.96028 4.597
threshold=0.43643447756767279 0.52868100000000007 0.9999920000000001 0.82000000000000017 0.37638300000000008 1.0000000180025095e-35 0.73345300000000013 0.50797600000000009
decision_type=2 2 2 2 2 2 2 2
left_child=5 2 3 -2 -3 -1 -6 -4
right_child=1 4 7 -5 6 -7 -8 -9
leaf_value=-0.025331139668116405 -4.2003052959940481e-05 -0.009316852240927884 -0.0059497977869393502 -0.014709537974588537 0.020055006429347936 0.0030190917786125583 -0.0016316297990331555 0.015352245830579217
leaf_weight=31.126055356719007 249.83093850871956 5.0158858000067985 5.8794286223128429 49.286773869949684 48.069030464132084 4.1798065196271628 6.5362152823945499 37.476356658386067
leaf_count=7559 8609 234 35 3062 359 523 50 172
internal_value=-0.000264987 0.00170512 -0.000619243 -0.00256538 0.0147651 -0.0217918 0.0173607 0.0121632
internal_weight=437.4 402.095 342.473 299.118 59.6211 35.3059 54.6052 43.3558
internal_count=20603 12521 11878 11671 643 8082 409 207
is_linear=0
shrinkage=0.025


Tree=99
num_leaves=9
num_cat=0
split_feature=2 64 60 43 20 68 17 22
split_gain=28.0083 23.3179 18.5206 16.3758 12.7049 10.9656 11.466 8.17868
threshold=0.64415809512138378 0.36222550000000003 0.68000000000000005 1.0000000180025095e-35 0.71123300000000012 0.74916650000000018 0.71695850000000017 0.40872900000000006
decision_type=2 2 2 2 2 2 2 2
left_child=1 4 3 -3 -1 6 -2 -6
right_child=5 2 -4 -5 7 -7 -8 -9
leaf_value=-0.021327671605984061 0.0034588153939984229 0.0090996390387495293 -0.01246874362666877 -0.024890472796039072 -0.010578219715623192 0.012733989367921757 -0.026928079328560967 0.015009218618489022
leaf_weight=64.646695287734474 84.256416830932721 98.922715007975057 46.06841908673232 7.6939396128545914 19.930809966470409 99.352906354353763 6.5159641201607874 10.05962073500268
leaf_count=10920 1397 2577 2304 621 630 1694 149 209
internal_value=-7.97097e-05 -0.00562397 0.000405474 0.00616456 -0.0152364 0.00707691 0.000663198 -0.00135926
internal_weight=437.447 247.322 152.685 106.617 94.6371 190.125 90.7724 29.9904
internal_count=20501 17261 5502 3198 11759 3240 1546 839
is_linear=0
shrinkage=0.025


Tree=100
num_leaves=9
num_cat=0
split_feature=9 29 47 39 31 62 0 30
split_gain=28.9292 13.1265 14.377 14.7967 10.7205 10.2686 13.9642 7.59074
threshold=0.73000000000000009 0.91839300000000013 0.93492100000000011 1.0000000180025095e-35 0.5186845000000001 0.41666666666666669 0.80480000000000007 0.25000000000000006
decision_type=2 2 2 2 2 2 2 2
left_child=4 2 3 -2 5 -1 -7 -4
right_child=1 -3 7 -5 -6 6 -8 -9
leaf_value=0.0064705044962835613 -0.015824188264807897 0.019865992028581483 -0.0096275527220407928 0.0021434693698440034 0.015016408207020316 -0.018733721588398852 0.0070473052227059954 0.014250056944647814
leaf_weight=14.719499667378839 31.856187088720617 29.34101047553122 7.5905311396345487 183.02895854148665 8.1065852960600733 83.146806988243043 13.978862226234922 71.830307791416999
leaf_count=1013 1560 133 49 5285 444 11434 479 362
internal_value=0.000528883 0.00443189 0.00274416 -0.00060697 -0.00984045 -0.0119401 -0.0148802 0.0116954
internal_weight=443.599 323.647 294.306 214.885 119.952 111.845 97.1257 79.4208
internal_count=20759 7389 7256 6845 13370 12926 11913 411
is_linear=0
shrinkage=0.025


Tree=101
num_leaves=9
num_cat=0
split_feature=9 39 60 31 29 19 19 62
split_gain=26.3497 15.9536 15.397 14.9371 12.4527 11.2336 9.5973 9.8483
threshold=0.73000000000000009 1.0000000180025095e-35 0.68000000000000005 0.5186845000000001 1.0000000180025095e-35 0.64259250000000012 0.70445500000000016 0.41666666666666669
decision_type=2 2 2 2 2 2 2 2
left_child=3 -2 5 6 -4 -3 7 -1
right_child=1 2 4 -5 -6 -7 -8 -9
leaf_value=0.0027202104221505799 -0.0097723106772016517 -0.01857546937558224 -0.013810940162306461 0.016361577221712012 0.0076331797907656946 0.010433105516213431 -0.0035860397925547845 -0.023546999980061736
leaf_weight=9.5982415152539016 46.024987466058519 6.754202456562779 37.051696032984182 9.8484127654955937 27.689661109470762 194.71107013290748 41.806829221430235 52.769343804651726
leaf_count=921 1697 367 1719 464 738 2774 1456 10294
internal_value=-0.000265435 0.00347726 0.00585176 -0.0104621 -0.00457309 0.00925069 -0.013329 -0.0194291
internal_weight=426.254 312.232 266.207 114.023 64.7414 201.465 104.174 62.3676
internal_count=20430 7295 5598 13135 2457 3141 12671 11215
is_linear=0
shrinkage=0.025


Tree=102
num_leaves=9
num_cat=0
split_feature=9 29 1 0 72 0 62 60
split_gain=28.2297 17.3266 13.6143 12.2009 8.49796 8.15013 6.49762 2.81066
threshold=0.57000000000000017 0.9893010000000001 0.61249238252639782 0.48566650000000006 0.53817350000000019 0.45106650000000009 0.41666666666666669 0.49000000000000005
decision_type=2 2 2 2 2 2 2 2
left_child=4 2 3 -2 -1 -6 -4 -7
right_child=1 -3 6 -5 5 7 -8 -9
leaf_value=-0.022820867878580637 0.0032591460236420472 0.019537865117416436 0.013681134717891006 -0.010453439333141025 0.015050639758305215 0.0067433364090563486 0.0024159714332783011 -0.022568755193428863
leaf_weight=38.936958631311427 67.281430184011697 30.609677728731185 41.352106034639291 94.997684788060724 7.9065943915047665 1.2064557580742983 136.66853663901566 6.77411106749787
leaf_count=9696 2064 124 522 4256 448 78 2687 790
internal_value=-0.000361036 0.00212407 0.000430804 -0.00475204 -0.0167889 -0.000687531 0.00519732 -0.0169227
internal_weight=425.734 370.909 340.3 162.279 54.8241 15.8872 178.021 7.98057
internal_count=20665 9653 9529 6320 11012 1316 3209 868
is_linear=0
shrinkage=0.025


Tree=103
num_leaves=9
num_cat=0
split_feature=9 29 1 0 6 1 48 39
split_gain=33.274 16.779 12.6844 19.7046 13.9643 11.976 9.22879 8.9024
threshold=0.75000000000000011 1.0000000180025095e-35 0.48178182542324072 0.4233670000000001 0.70364150000000014 0.61462265253067028 0.33583350000000006 1.0000000180025095e-35
decision_type=2 2 2 2 2 2 2 2
left_child=2 5 -1 -4 -5 6 -2 -3
right_child=1 7 3 4 -6 -7 -8 -9
leaf_value=-0.022744297252781324 0.0081584793071354748 -0.0043651389603935288 0.0085091819786134622 -0.02250133969316697 0.00064799235869572808 0.0056013832470365723 -0.012937694099688611 0.013927026983708603
leaf_weight=33.586518679727305 14.891548945612156 17.674458802561276 39.060503617343784 39.191197274485603 25.738402061280794 86.466309250216 54.105789816698234 117.5481552471465
leaf_count=9223 586 566 1299 3078 603 1739 2119 1506
internal_value=0.000273438 0.00507893 -0.00975365 -0.00513719 -0.0134676 -0.000492409 -0.00817735 0.0114527
internal_weight=428.263 290.686 137.577 103.99 64.9296 155.464 68.9973 135.223
internal_count=20719 6516 14203 4980 3681 4444 2705 2072
is_linear=0
shrinkage=0.025


Tree=104
num_leaves=9
num_cat=0
split_feature=1 18 0 22 9 39 16 61
split_gain=32.5954 10.9845 12.7896 11.6775 9.15351 8.04509 7.60762 9.54244
threshold=0.5912856161594392 0.63366850000000008 0.4233670000000001 0.41066550000000007 0.81800000000000006 1.0000000180025095e-35 0.7035570000000001 0.4917160000000001
decision_type=2 2 2 2 2 2 2 2
left_child=1 -1 5 -4 -2 -3 7 -6
right_child=4 2 3 -5 6 -7 -8 -9
leaf_value=-0.020883550132909216 -0.001764129838616254 -0.017769742971942334 -0.020224789836027518 -0.0010098980766619367 0.00087753858558734714 0.0074094029433568855 0.0021162029906968208 0.018487461862418633
leaf_weight=37.051570276078564 80.697620099002961 7.3447485597571349 44.007608965053805 36.552469170761469 29.001059513539076 48.554429336305475 72.296305774914799 62.517394804628566
leaf_count=9281 2091 524 3380 1339 464 1470 1582 600
internal_value=-0.000821705 -0.00906747 -0.00554968 -0.0118329 0.00502532 0.00347197 0.00839608 0.0131254
internal_weight=418.023 173.511 136.459 80.5601 244.512 55.8992 163.815 91.5185
internal_count=20731 15994 6713 4719 4737 1994 2646 1064
is_linear=0
shrinkage=0.025


Tree=105
num_leaves=9
num_cat=0
split_feature=1 39 29 47 62 9 74 61
split_gain=24.6085 16.608 14.4155 12.3251 10.7089 5.72058 4.80099 4.11325
threshold=0.46938608586788183 1.0000000180025095e-35 0.75473800000000013 0.92356600000000011 0.41666666666666669 0.75000000000000011 1.0000000180025095e-35 0.51074150000000007
decision_type=2 2 2 2 2 2 2 2
left_child=5 3 4 6 -3 -1 -2 -5
right_child=1 2 -4 7 -6 -7 -8 -9
leaf_value=-0.02364324140203403 -0.020263101022442841 0.012643046162448046 0.017967697638729765 -0.011807774438379147 -0.0001709650826908408 -0.004222318097302777 0.0063020944582084688 0.012935905733403242
leaf_weight=29.028710569971736 36.751748743459757 47.142524313414469 39.116982518928126 3.7063618965912637 232.42255947287049 16.625280847503745 3.3935704061295828 13.577683930052443
leaf_count=8751 2309 957 227 66 7311 975 81 77
internal_value=-0.000258063 0.00185898 0.00411626 -0.0102577 0.00203766 -0.0172024 -0.017647 0.00656667
internal_weight=421.765 376.111 318.682 57.4294 279.565 45.654 40.1453 17.284
internal_count=20754 11028 8495 2533 8268 9726 2390 143
is_linear=0
shrinkage=0.025


Tree=106
num_leaves=9
num_cat=0
split_feature=2 68 22 47 0 17 22 15
split_gain=26.6958 14.6644 11.091 9.63033 15.5993 7.04277 6.71206 5.14441
threshold=0.46659018099308019 0.39988350000000006 0.24695100000000003 0.9999920000000001 0.48566650000000006 0.64677850000000014 0.46480350000000009 0.50632550000000009
decision_type=2 2 2 2 2 2 2 2
left_child=-1 2 5 4 -3 -2 -4 -5
right_child=1 3 6 7 -6 -7 -8 -9
leaf_value=-0.018413820831413821 -0.0089998625504196031 0.012332055739244882 -0.018657947365184811 -0.0049940338719279371 -0.0014227502837168967 0.019679922365159006 0 0.018970498095968073
leaf_weight=44.312615746184747 7.1221309945394777 69.252150973654352 39.971557859345921 5.2107991268858305 182.51104419963667 11.010662575718014 17.894900442566723 34.092193561547901
leaf_count=9397 686 1276 3656 31 4696 199 600 134
internal_value=-0.000510814 0.00171821 -0.00789386 0.00429032 0.00239858 0.00826765 -0.0131905 0.0155237
internal_weight=411.378 367.065 75.9993 291.066 251.763 18.1328 57.8665 39.303
internal_count=20675 11278 5141 6137 5972 885 4256 165
is_linear=0
shrinkage=0.025


Tree=107
num_leaves=9
num_cat=0
split_feature=68 29 62 18 19 2 0 22
split_gain=24.7087 13.8626 8.7729 9.12356 8.44379 8.413 9.14021 7.59331
threshold=0.45270850000000007 0.60023650000000017 0.41666666666666669 0.67050100000000012 0.67591150000000011 0.73102048039436351 0.88680000000000014 0.25636000000000009
decision_type=2 2 2 2 2 2 2 2
left_child=2 5 -1 -4 -3 6 -2 -5
right_child=1 4 3 7 -6 -7 -8 -9
leaf_value=0.005264825959288285 0.00071898047246233123 -0.01198047799316615 -0.019806876021774722 0.016447772147245462 0.019930972317467016 0.01353928951008547 -0.024987192584166946 -0.0086891468981607472
leaf_weight=18.693234826649132 217.18085883703316 4.2625386491417876 51.479608719753742 7.0831980046932577 40.140651066089049 29.317747343331575 6.9932966620835932 39.966024203240522
leaf_count=1125 5903 70 10590 130 228 499 469 1599
internal_value=-6.9052e-05 0.00374053 -0.00971354 -0.0126781 0.0163216 0.00139687 -0.000263649 -0.00423555
internal_weight=415.117 297.895 117.222 98.5288 44.4032 253.492 224.174 47.0492
internal_count=20613 7169 13444 12319 298 6871 6372 1729
is_linear=0
shrinkage=0.025


Tree=108
num_leaves=9
num_cat=0
split_feature=61 49 64 66 19 15 22 0
split_gain=26.8157 22.4566 18.2101 10.0804 7.20837 6.85627 8.74414 7.49413
threshold=0.48363350000000005 1.0000000180025095e-35 0.36222550000000003 0.53310800000000003 0.68889100000000003 0.64469450000000006 0.43536650000000005 0.84440000000000015
decision_type=2 2 2 2 2 2 2 2
left_child=1 2 -1 -2 -4 6 -5 -7
right_child=3 -3 4 5 -6 7 -8 -9
leaf_value=-0.01208805258897501 -0.0063003284100422901 -0.015782453629734801 -0.00035931352123634466 -0.0034323453258310963 0.016111923005005097 0.014455419757168568 0.014600848625140142 -0.0037380501504071482
leaf_weight=37.97791575051815 33.517647341359407 89.391908076453547 27.129264408980816 52.336529213585891 37.24402292270679 99.347281412105076 22.184683454688638 14.879429461201651
leaf_count=4670 1247 9569 1234 1123 478 1111 382 763
internal_value=2.63218e-05 -0.00676831 0.00118422 0.00592942 0.00925568 0.00818377 0.00207936 0.0119974
internal_weight=414.009 191.743 102.351 222.266 64.3733 188.748 74.5212 114.227
internal_count=20577 15951 6382 4626 1712 3379 1505 1874
is_linear=0
shrinkage=0.025


Tree=109
num_leaves=9
num_cat=0
split_feature=1 29 2 0 19 19 18 48
split_gain=26.0951 17.5817 15.0738 11.6484 4.66497 2.43315 2.24127 3.68603
threshold=0.46938608586788183 0.91839300000000013 0.71571186184883129 0.48566650000000006 0.76898500000000014 0.68063400000000007 0.63912050000000009 0.25536650000000005
decision_type=2 2 2 2 2 2 2 2
left_child=6 2 3 -2 -4 -3 -1 -8
right_child=1 5 4 -5 -6 -7 7 -9
leaf_value=-0.023585884279693853 0.0058308521064507346 0 0.0077993232779623375 -0.0051674009510805155 0.026200710925410011 0.022099362809554712 0.0057407316479642194 -0.015692002187818632
leaf_weight=22.472587511161692 84.340059012727579 4.2260885513387647 49.775139902718365 194.85242600365746 10.259617544244973 27.665373750030994 5.362346052395881 14.476519079871649
leaf_count=7788 2971 65 803 6932 95 120 378 1452
internal_value=0.000212272 0.00238309 0.000641046 -0.00180047 0.0118082 0.0195605 -0.0179072 -0.00956022
internal_weight=413.43 371.119 339.227 279.192 60.0348 31.8915 42.3115 19.8389
internal_count=20604 10986 10801 9903 898 185 9618 1830
is_linear=0
shrinkage=0.025


Tree=110
num_leaves=9
num_cat=0
split_feature=2 71 64 60 46 39 19 46
split_gain=28.1239 11.66 11.601 9.85311 11.3551 8.82301 6.3743 8.9871
threshold=0.57335239648818981 1.0000000180025095e-35 0.27911150000000001 0.82000000000000017 0.86497000000000013 1.0000000180025095e-35 0.68493100000000007 0.33560950000000006
decision_type=2 2 2 2 2 2 2 2
left_child=2 3 -1 5 -5 -2 -4 -8
right_child=1 -3 6 4 -6 -7 7 -9
leaf_value=-0.019270853451957184 -0.004592000989412503 -0.024101523074021466 -0.012865978803810081 -0.03005309655800173 0.00052405905543720843 0.0092004283104358091 0.014566462176551427 -0.0063460490609535862
leaf_weight=49.303739098249935 32.019999418378575 6.8302680135238907 27.882544284468167 7.3436498067021594 37.763700232084375 192.82368613220751 18.710700365452794 31.514056382991839
leaf_count=10199 844 484 2485 391 1467 3122 535 1063
internal_value=-0.000334038 0.00411954 -0.00998087 0.00503316 -0.0053594 0.00718002 -0.00368841 0.00156056
internal_weight=404.192 276.781 127.411 269.951 45.1074 224.844 78.1073 50.2248
internal_count=20590 6308 14282 5824 1858 3966 4083 1598
is_linear=0
shrinkage=0.025


Tree=111
num_leaves=9
num_cat=0
split_feature=1 2 68 0 31 0 19 61
split_gain=22.8393 13.6475 12.726 11.5575 11.5108 5.9642 5.85565 2.56364
threshold=0.45299632847309118 0.73102048039436351 0.45270850000000007 0.48566650000000006 0.50143400000000005 0.77803350000000016 0.74001100000000009 0.70270150000000009
decision_type=2 2 2 2 2 2 2 2
left_child=7 2 4 -4 -2 6 -3 -1
right_child=1 5 3 -5 -6 -7 -8 -9
leaf_value=-0.020913715479947678 -0.012845105509313025 0.014306365186388512 0.010925704320130174 -0.0013597167616187728 0.014209994971981645 0.020559766686717249 -0.010494899391725909 0.0088589530759863953
leaf_weight=33.972368534268753 71.92735397258366 10.072056404082106 63.615346387785394 172.89253325556638 9.3962497326574503 26.846816402394325 9.5903229808900488 0.48955130577087302
leaf_count=8912 5430 150 1255 4156 295 414 103 4
internal_value=-0.000947309 0.000916025 -0.000941353 0.00197725 -0.00936306 0.013279 0.00201123 -0.0198224
internal_weight=398.803 364.341 317.831 236.508 81.3236 46.5092 19.6624 34.4619
internal_count=20719 11803 11136 5411 5725 667 253 8916
is_linear=0
shrinkage=0.025


Tree=112
num_leaves=9
num_cat=0
split_feature=1 60 44 0 9 0 22 68
split_gain=28.9509 13.3568 11.1633 10.4961 10.1266 11.045 9.69148 8.00931
threshold=0.56950846314430248 0.82000000000000017 0.18109000000000003 0.42830000000000007 0.91800000000000015 0.80456700000000014 0.39939650000000004 0.64397400000000016
decision_type=2 2 2 2 2 2 2 2
left_child=2 4 6 -4 5 -2 -1 -6
right_child=1 -3 3 -5 7 -7 -8 -9
leaf_value=-0.020664803386253042 -0.0020543129955317152 -0.0081561109639196171 0.0084088873994639639 -0.012921581174171371 0.0011143290620982359 0.012910934626805716 0.00044084032943300736 0.017697597969734483
leaf_weight=56.875867061367899 97.248385943821631 41.055772795356461 30.774663407755725 23.658894826017786 26.376005683792755 42.470532345352694 16.6785962334543 67.593661189544946
leaf_count=11345 2369 1866 1072 1488 317 641 865 616
internal_value=4.44321e-05 0.00463374 -0.00966919 -0.000858621 0.0069627 0.00255978 -0.0158948 0.0132413
internal_weight=402.732 274.744 127.988 54.4336 233.689 139.719 73.5545 93.9697
internal_count=20579 5809 14770 2560 3943 3010 12210 933
is_linear=0
shrinkage=0.025


Tree=113
num_leaves=9
num_cat=0
split_feature=19 29 47 6 17 61 2 47
split_gain=22.4242 15.1805 14.1793 13.2276 12.1358 6.57506 5.92708 8.17182
threshold=0.68983400000000017 0.60023650000000017 0.9999920000000001 0.53018700000000007 0.62110100000000013 0.73258250000000003 0.57966452836990368 0.74884650000000008
decision_type=2 2 2 2 2 2 2 2
left_child=4 2 3 -2 5 -1 7 -6
right_child=1 -3 -4 -5 6 -7 -8 -9
leaf_value=-0.022534866931469621 0.017919639633137124 0.017972239910463522 0.014974517149603343 -0.0030606203222998348 -0.014240594528615078 0.012697502453670946 0.0051221626881390895 0.010233170581545069
leaf_weight=37.078971050319524 18.771417510753963 39.68492492614314 39.466797764296643 190.89939801827131 34.367372020227776 2.0765800680965176 31.430241027876036 9.1917829317972046
leaf_count=8047 443 294 195 6222 4371 13 824 151
internal_value=0.000261586 0.00398677 0.00160378 -0.000995298 -0.00900605 -0.0199579 -0.00282026 -0.00868905
internal_weight=402.967 288.823 249.138 209.671 114.145 39.1556 74.9894 43.5592
internal_count=20560 7154 6860 6665 13406 8060 5346 4522
is_linear=0
shrinkage=0.025


Tree=114
num_leaves=9
num_cat=0
split_feature=68 61 0 65 62 54 1 43
split_gain=22.1475 9.44168 24.4162 11.1662 8.5599 7.35653 6.57232 5.33175
threshold=0.48877350000000003 0.48281650000000004 0.48566650000000006 0.028164500000000002 0.58333333333333337 1.0000000180025095e-35 0.73609507083892833 1.0000000180025095e-35
decision_type=2 2 2 2 2 2 2 2
left_child=4 2 3 -2 -1 7 -6 -3
right_child=1 5 -4 -5 6 -7 -8 -9
leaf_value=-0.0019419615843214546 -0.0051575918337863052 0.0093776601962365647 -0.016867980082724075 0.01457015891676209 -0.017680087584502447 -0.023706389129806993 0.014897750004141156 -0.0053188581982043983
leaf_weight=53.935621119533607 27.823260864824988 153.4474315357802 41.680642176230322 42.806514374562539 57.725928869727795 2.7048422694206229 2.4132995414547613 15.168331261957062
leaf_count=3835 1115 2512 1897 731 9817 35 14 632
internal_value=-0.000242018 0.00348212 -0.00208015 0.0067675 -0.00946662 0.00715369 -0.0158147 0.00796478
internal_weight=397.706 283.631 112.31 70.6298 114.075 171.321 60.1392 168.616
internal_count=20588 6922 3743 1846 13666 3179 9831 3144
is_linear=0
shrinkage=0.025


Tree=115
num_leaves=9
num_cat=0
split_feature=9 62 29 68 31 69 47 58
split_gain=22.6354 14.1375 14.7639 11.1311 8.42881 8.38669 7.17954 5.88774
threshold=0.57000000000000017 0.41666666666666669 1.0000000180025095e-35 0.31803350000000008 0.36100750000000004 0.93233600000000016 0.91020450000000019 0.66083300000000011
decision_type=2 2 2 2 2 2 2 2
left_child=4 5 6 -4 -1 -2 -3 -7
right_child=1 2 3 -5 -6 7 -8 -9
leaf_value=-0.02043773685846588 -0.011324483031422434 -0.008018796573168235 -0.01048892632481724 0.0094433492927956195 0.0060387118299795794 0.018526095591391952 0.0038384146166399202 -0.012996414025667256
leaf_weight=38.441981467829464 5.9065502432640633 117.76272655006323 18.674837677332107 110.89481474959757 7.7718828406796083 51.033771708025597 41.174840030318592 2.3212713235989204
leaf_count=10053 77 5549 952 1918 931 689 376 50
internal_value=0.000275 0.00250574 0.000162193 0.00639774 -0.0157638 0.0134148 -0.0048909 0.0165992
internal_weight=393.983 347.769 288.507 129.57 46.2139 59.2616 158.938 53.355
internal_count=20595 9611 8795 2870 10984 816 5925 739
is_linear=0
shrinkage=0.025


Tree=116
num_leaves=9
num_cat=0
split_feature=1 29 62 61 69 19 65 61
split_gain=19.7833 14.893 11.5139 8.27204 5.96212 3.0704 2.89325 2.22465
threshold=0.44463366270065313 0.96721250000000014 0.41666666666666669 0.71538450000000009 0.93233600000000016 0.69809650000000012 -0.22451999999999997 0.70270150000000009
decision_type=2 2 2 2 2 2 2 2
left_child=6 2 4 -4 -2 -3 -1 -8
right_child=1 5 3 -5 -6 -7 7 -9
leaf_value=0.0050072599496291722 -0.0077304741666906736 0 -0.004276193007644217 0.0067600812946876426 0.014020390228815833 0.02138915813719237 -0.021800421090288784 0.007149172336387408
leaf_weight=1.7436496010050202 7.6943212349142405 5.2818635490548358 224.64107162013534 49.938348122872412 43.790605049522128 24.119643280748278 28.810684114669133 0.44925042986869712
leaf_count=44 151 67 9246 1485 1049 96 8484 3
internal_value=-0.000264359 0.00142737 -0.000132575 -0.00220752 0.010462 0.0178726 -0.0187989 -0.020687
internal_weight=386.469 355.466 326.064 274.579 51.4849 29.4015 31.0036 29.2599
internal_count=20625 12094 11931 10731 1200 163 8531 8487
is_linear=0
shrinkage=0.025


Tree=117
num_leaves=9
num_cat=0
split_feature=64 60 43 2 20 17 70 19
split_gain=21.8889 13.4376 15.0375 13.3772 10.2782 9.0599 8.21086 7.22967
threshold=0.24455000000000002 0.68000000000000005 1.0000000180025095e-35 0.68431133031845104 0.67350250000000011 0.63418550000000007 0.91751700000000014 0.68236450000000015
decision_type=2 2 2 2 2 2 2 2
left_child=3 2 7 -1 -3 -6 -4 -2
right_child=1 4 6 -5 5 -7 -8 -9
leaf_value=-0.014927282027556091 0 -0.021185965784055766 0.0065533064675368903 0.0052467904527869428 0.0088433311419841409 -0.0097368586963332508 -0.02407231418495661 0.011575976235564537
leaf_weight=76.689304070296203 43.709511138069502 17.015046729538881 7.1614733053138488 25.991616745945066 31.879864565446042 29.780173413717421 12.45464252113743 149.52324961277191
leaf_count=11520 1967 1387 174 413 836 1386 838 2249
internal_value=4.97212e-05 0.00356854 0.00683099 -0.0097463 -0.00511534 -3.65723e-05 -0.0129727 0.00899209
internal_weight=394.205 291.524 212.849 102.681 78.6751 61.66 19.6161 193.233
internal_count=20770 8837 5228 11933 3609 2222 1012 4216
is_linear=0
shrinkage=0.025


Tree=118
num_leaves=9
num_cat=0
split_feature=19 29 62 2 61 17 17 47
split_gain=23.1064 17.4595 12.3374 11.4756 6.97394 6.64426 5.95886 4.8906
threshold=0.68236450000000015 0.60023650000000017 0.58333333333333337 0.68278563022613536 0.71538450000000009 0.7213480000000001 0.64949400000000013 0.27899850000000004
decision_type=2 2 2 2 2 2 2 2
left_child=3 2 5 6 -4 -2 -1 -8
right_child=1 -3 4 -5 -6 -7 7 -9
leaf_value=-0.020087924379420079 0.0090168842715046618 0.017741771705148686 -0.007638831890211477 0.011869471676462143 0.0069055720261265415 -0.0051742147676510711 0.0049903858141903089 -0.013010607940002049
leaf_weight=45.596971513237804 101.54832671000622 42.602139587397687 101.31773358453938 10.221089199883862 23.545571957947686 23.624457599362358 14.036069542089534 20.521544238901697
leaf_count=10148 2189 334 4438 146 674 371 1165 1129
internal_value=-7.65206e-05 0.00332475 0.000717266 -0.0110046 -0.00477143 0.0062403 -0.0142307 -0.00562107
internal_weight=383.014 292.638 250.036 90.3757 124.863 125.173 80.1546 34.5576
internal_count=20594 8006 7672 12588 5112 2560 12442 2294
is_linear=0
shrinkage=0.025


Tree=119
num_leaves=9
num_cat=0
split_feature=2 64 60 22 0 19 47 29
split_gain=19.9533 16.5984 11.5154 11.4258 8.26158 9.11721 7.27915 7.03813
threshold=0.67536270618438732 0.24455000000000002 0.82000000000000017 0.40872900000000006 0.8430335000000001 0.76898500000000014 0.80616900000000002 0.91839300000000013
decision_type=2 2 2 2 2 2 2 2
left_child=1 3 7 -1 5 -2 -4 -3
right_child=4 2 6 -5 -6 -7 -8 -9
leaf_value=-0.018942705930516977 0.0065760735455410394 0.0007469543880446939 -0.021733521352482243 0.0049609577484831168 -0.012231994034909432 0.026385654057897452 0 0.018045435622289642
leaf_weight=59.050720860705042 91.210873526986688 143.16488406308054 20.628458129627688 14.22854345772066 9.4545666503254306 16.461021464783698 15.627199925656894 14.569687958690336
leaf_count=10658 1274 5096 1776 605 469 273 285 89
internal_value=-0.000441715 -0.00422674 -0.000317238 -0.0141932 0.00805829 0.0100989 -0.0126678 0.00259768
internal_weight=384.396 267.269 193.99 73.2793 117.126 107.672 36.2557 157.735
internal_count=20525 18509 7246 11263 2016 1547 2061 5185
is_linear=0
shrinkage=0.025


Tree=120
num_leaves=9
num_cat=0
split_feature=2 49 1 60 20 68 69 22
split_gain=20.0404 13.1934 9.67681 9.38945 11.9562 9.40431 10.9077 7.93122
threshold=0.57679614424705516 1.0000000180025095e-35 0.43643447756767279 0.68000000000000005 0.67350250000000011 0.85152500000000009 0.93233600000000016 0.47966350000000008
decision_type=2 2 2 2 2 2 2 2
left_child=1 2 -1 5 -5 6 -2 -3
right_child=3 7 -4 4 -6 -7 -8 -9
leaf_value=-0.015886819537338583 -0.013760466529711073 -0.020285838202948055 0.0058470959854336133 -0.028008781075796685 0.00033297120736712542 0.013508794237869126 0.005546716413647193 0.0015737696405324015
leaf_weight=15.460863623393378 19.991538252215832 50.78820064158208 45.999741222527518 9.0455257366702408 55.609169150819071 74.153369427309372 104.42395835346542 11.795112428109858
leaf_count=4049 622 8203 1741 674 1970 1023 1915 494
internal_value=-1.19216e-05 -0.00823825 0 0.00386934 -0.0042411 0.00656348 0.00221642 -0.0161287
internal_weight=387.267 124.044 61.4606 263.224 64.6547 198.569 124.415 62.5833
internal_count=20691 14487 5790 6204 2644 3560 2537 8697
is_linear=0
shrinkage=0.025


Tree=121
num_leaves=9
num_cat=0
split_feature=2 9 60 39 68 24 0 46
split_gain=18.5274 9.64583 9.1377 11.629 8.57711 7.41014 8.71708 6.99108
threshold=0.57966452836990368 0.57000000000000017 0.82000000000000017 1.0000000180025095e-35 0.87408350000000012 1.0000000180025095e-35 0.63803350000000003 0.86497000000000013
decision_type=2 2 2 2 2 2 2 2
left_child=1 -1 3 4 -2 -3 -7 -4
right_child=2 5 7 -5 -6 6 -8 -9
leaf_value=-0.021690266239198373 -0.017970546703716259 -0.012990691383327778 -0.027483523130716295 0.007733779935636423 0.0074526377883497186 0.0098646979119723175 -0.0084144402660715819 -0.0018489420117155427
leaf_weight=25.589682941506908 19.40973571504583 38.265551133285044 6.7086642004724117 181.086523862381 11.588315080385653 30.783972444711253 30.32187148698722 32.969337645510677
leaf_count=9703 782 2463 445 3190 166 757 1687 1447
internal_value=-0.000677532 -0.00848742 0.00320565 0.00528985 -0.0083634 -0.00465263 0.000696188 -0.00747399
internal_weight=376.724 124.961 251.763 212.085 30.9981 99.3714 61.1058 39.678
internal_count=20640 14610 6030 4138 948 4907 2444 1892
is_linear=0
shrinkage=0.025


Tree=122
num_leaves=9
num_cat=0
split_feature=2 1 29 44 68 18 27 48
split_gain=20.9843 11.0698 8.86309 9.01918 6.23842 7.00914 6.95044 4.10588
threshold=0.67536270618438732 0.43643447756767279 0.91839300000000013 0.11431450000000001 0.74916650000000018 0.69745850000000009 1.0000000180025095e-35 0.64670000000000016
decision_type=2 2 2 2 2 2 2 2
left_child=1 -1 3 -3 5 7 -7 -2
right_child=4 2 -4 -5 -6 6 -8 -9
leaf_value=-0.02004375764278556 0.013933722109185424 -0.011456045659916411 0.012626559682345216 -0.00072728423966153186 0.013131410105848076 -0.017629497362404344 0.0077247223277508341 -0.0045539041568761849
leaf_weight=25.704655529418233 24.317075569415465 76.027737062089727 18.162723250570707 136.78730695716513 60.125799135537818 15.477555149234831 9.0477222893387079 8.6308572397101653
leaf_count=8099 423 5883 155 4448 1152 232 97 138
internal_value=-0.00102116 -0.00503724 -0.0031773 -0.004666 0.00761965 0.00147971 -0.00811603 0.00889274
internal_weight=374.281 256.682 230.978 212.815 117.599 57.4732 24.5253 32.9479
internal_count=20627 18585 10486 10331 2042 890 329 561
is_linear=0
shrinkage=0.025


Tree=123
num_leaves=9
num_cat=0
split_feature=68 29 62 47 62 31 9 2
split_gain=18.8575 11.8811 7.53453 8.41251 6.77296 6.63414 6.18656 9.08285
threshold=0.45270850000000007 1.0000000180025095e-35 0.41666666666666669 0.89628950000000007 0.75000000000000011 0.50143400000000005 0.78000000000000014 0.67198258638381969
decision_type=2 2 2 2 2 2 2 2
left_child=5 2 -2 -4 -3 6 7 -1
right_child=1 4 3 -5 -6 -7 -8 -9
leaf_value=-0.0216569804856039 0.01021803329861993 0.011819665399713422 -0.0079778397527542743 0.0051902813166652996 -0.0046744361734983439 0.008933823102885893 -0.0026024949534641704 0.00033545607090835209
leaf_weight=45.352814869285794 26.718898139777593 92.423538856470259 93.785949383367551 42.020492343464866 16.786691268440336 9.0776690254933765 34.091949726629537 14.639637967105953
leaf_count=11281 532 1224 4370 357 724 553 1169 453
internal_value=-0.000567524 0.00287139 -0.00138116 -0.00383281 0.00917845 -0.0095795 -0.0115926 -0.0163316
internal_weight=374.898 271.736 162.525 135.806 109.21 103.162 94.0844 59.9925
internal_count=20663 7207 5259 4727 1948 13456 12903 11734
is_linear=0
shrinkage=0.025


Tree=124
num_leaves=9
num_cat=0
split_feature=19 39 17 43 14 9 71 44
split_gain=18.2227 11.3043 11.3035 10.6628 6.91446 6.87873 6.01986 5.7193
threshold=0.68314600000000014 1.0000000180025095e-35 0.64335650000000011 1.0000000180025095e-35 1.0000000180025095e-35 0.83150000000000002 1.0000000180025095e-35 0.12115450000000001
decision_type=2 2 2 2 2 2 2 2
left_child=2 3 5 4 -2 -1 7 -3
right_child=1 6 -4 -5 -6 -7 -8 -9
leaf_value=-0.02352634037483824 0.0034799145401298126 0.0002663500577864855 -0.00097532544340843668 -0.028220727739047054 -0.022407766968267708 0.00059214422211790801 -0.01764415027630313 0.008573125358046399
leaf_weight=35.178783557043062 32.688298536988441 81.704160152410623 44.674538824554475 10.310768744093364 5.8855728246853678 8.3552037608460505 5.0647719509142908 149.87604539806489
leaf_count=9439 855 2423 2799 632 465 372 371 3206
internal_value=-0.000313467 0.00274334 -0.0101329 -0.00792783 -0.001195 -0.01891 0.00502711 0.00570188
internal_weight=373.738 285.53 88.2085 48.8846 38.5739 43.534 236.645 231.58
internal_count=20562 7952 12610 1952 1320 9811 6000 5629
is_linear=0
shrinkage=0.025


Tree=125
num_leaves=9
num_cat=0
split_feature=9 31 60 39 43 69 1 16
split_gain=16.5464 10.5806 9.31327 9.13278 10.5942 10.337 8.79018 10.6254
threshold=0.73000000000000009 0.5186845000000001 0.68000000000000005 1.0000000180025095e-35 1.0000000180025095e-35 0.93233600000000016 0.66326245665550243 0.63245050000000014
decision_type=2 2 2 2 2 2 2 2
left_child=1 -1 3 4 -2 -5 7 -4
right_child=2 -3 6 5 -6 -7 -8 -9
leaf_value=-0.011160622248536315 0.0024167973501984337 0.01603584141726766 0.012606103744351711 -0.014475279331126942 -0.026802289873441548 0.0095841055593989827 0.0067444314861505213 -0.017560921418236158
leaf_weight=90.028616807947401 26.924369606771506 7.9326921260435475 7.3146309671865302 9.9580044583417457 8.5480283408105588 168.88072152464883 23.520544145256281 33.987589288015442
leaf_count=12891 706 456 176 188 524 3006 877 1909
internal_value=0.000109699 -0.00860651 0.00323477 0.00575253 -0.00547889 0.0080577 -0.00490001 -0.0117097
internal_weight=377.095 97.9613 279.134 214.311 35.4724 178.839 64.8228 41.3022
internal_count=20733 13347 7386 4424 1230 3194 2962 2085
is_linear=0
shrinkage=0.025


Tree=126
num_leaves=9
num_cat=0
split_feature=68 60 61 62 64 54 68 61
split_gain=17.2824 10.9972 9.57722 8.74446 7.85149 6.94833 6.81446 6.66982
threshold=0.45270850000000007 0.68000000000000005 0.48691700000000004 0.58333333333333337 0.36222550000000003 1.0000000180025095e-35 0.54808350000000006 0.69013150000000001
decision_type=2 2 2 2 2 2 2 2
left_child=3 4 -3 -1 7 -5 -4 -2
right_child=1 2 6 5 -6 -7 -8 -9
leaf_value=-0.0013823383196361816 -0.0070348348583393998 -0.01789612234892218 0.017499060130825757 -0.018360963082976491 0.0089186862332088345 0.015829670406976026 -0.0041545068607297736 0.0098285638937220237
leaf_weight=49.266715755329642 43.328630220028572 23.750529219541932 9.9963092715479416 49.674303709616652 141.60707151587121 2.2726224732250548 34.904642517096363 19.522517055738717
leaf_count=3845 1579 1459 107 9507 2228 133 1585 233
internal_value=-0.000485785 0.00276875 -0.00572148 -0.00922382 0.00568368 -0.0161947 0.00104696 -0.00153959
internal_weight=374.323 273.11 68.6515 101.214 204.458 51.9469 44.901 62.8511
internal_count=20676 7191 3151 13485 4040 9640 1692 1812
is_linear=0
shrinkage=0.025


Tree=127
num_leaves=9
num_cat=0
split_feature=1 60 39 43 22 20 17 16
split_gain=16.8023 15.5929 9.92422 11.7432 9.36533 8.08605 5.68059 4.02037
threshold=0.43643447756767279 0.68000000000000005 1.0000000180025095e-35 1.0000000180025095e-35 0.5006885000000002 0.68878000000000006 0.63418550000000007 0.63245050000000014
decision_type=2 2 2 2 2 2 2 2
left_child=-1 2 3 -2 -4 7 -7 -3
right_child=1 5 4 -5 -6 6 -8 -9
leaf_value=-0.018944511393893512 0.0017336725374741985 -0.005664378512820395 0.0040635818306369665 -0.026104342891084965 0.016674634241261969 0.0040982905150278078 -0.010492196778162363 -0.027800816219465098
leaf_weight=24.593606035967241 33.479164679854875 11.247335019375898 170.25753106587217 10.870712148083838 46.843308315612376 35.668763566529378 27.568500814704748 13.026754834725578
leaf_count=8064 1284 1018 5096 981 473 1058 1377 1288
internal_value=0.000193039 0.00166343 0.00473506 -0.00575993 0.00694624 -0.00733041 -0.00227418 -0.0190413
internal_weight=373.556 348.962 261.451 44.3499 217.101 87.5114 63.2373 24.2741
internal_count=20639 12575 7834 2265 5569 4741 2435 2306
is_linear=0
shrinkage=0.025


Tree=128
num_leaves=9
num_cat=0
split_feature=68 60 61 9 19 19 24 43
split_gain=15.0076 11.0559 11.6962 8.582 8.27174 6.70636 6.70502 6.46367
threshold=0.45270850000000007 0.68000000000000005 0.48691700000000004 0.95350000000000013 0.7199040000000001 0.74001100000000009 0.65000000000000002 1.0000000180025095e-35
decision_type=2 2 2 2 2 2 2 2
left_child=4 3 -3 -2 -1 -6 -7 -5
right_child=1 2 -4 7 5 6 -8 -9
leaf_value=-0.013504235940561903 0.002448893223398205 -0.019296944982514389 0.0017392858920706892 0.016015416060027373 0.010466153229789518 -0.019186839259653324 0.010690267845391798 -0.014246202016440444
leaf_weight=65.043040767850471 140.90669884014642 23.083737952139927 45.958976398454979 54.783292610780336 20.102873873882345 12.074764024117032 5.1352911291178307 3.0032399403862646
leaf_count=12420 3348 1473 1665 563 573 453 61 111
internal_value=-0.000175591 0.00291941 -0.00553364 0.00591995 -0.00824395 0.000955411 -0.00969659 0.0138933
internal_weight=370.092 267.736 69.0427 198.693 102.356 37.3129 17.2101 57.7865
internal_count=20667 7160 3138 4022 13507 1087 514 674
is_linear=0
shrinkage=0.025


Tree=129
num_leaves=9
num_cat=0
split_feature=1 60 66 17 31 68 22 48
split_gain=15.4361 10.8659 8.53844 12.1101 8.17156 9.16551 4.37096 4.22967
threshold=0.46938608586788183 0.68000000000000005 0.60775000000000012 0.63418550000000007 0.43579550000000006 0.48877350000000003 0.5006885000000002 0.15416700000000003
decision_type=2 2 2 2 2 2 2 2
left_child=6 4 7 -4 5 -2 -1 -3
right_child=1 2 3 -5 -6 -7 -8 -9
leaf_value=-0.017640845882239974 -0.0065497755638246101 0.010193236139796374 0.0067425316804441667 -0.013965395397107207 0.014455643895262658 0.0053676430549652208 0.010647221582690358 -0.024853875296640279
leaf_weight=32.89414905380545 51.921919931817683 1.0434391028247763 41.106589101022109 27.757658372254809 40.533342896640534 155.42895442084409 2.1283917229156932 14.856997623486675
leaf_count=9645 3290 20 1003 1506 979 2373 80 1741
internal_value=6.01e-05 0.00177447 -0.0058246 -0.00165711 0.00442882 0.00231356 -0.0152368 -0.0212531
internal_weight=367.671 332.649 84.7647 68.8642 247.884 207.351 35.0225 15.9004
internal_count=20637 10912 4270 2509 6642 5663 9725 1761
is_linear=0
shrinkage=0.025


Tree=130
num_leaves=9
num_cat=0
split_feature=2 15 60 20 39 69 69 17
split_gain=17.8102 10.8701 9.84402 9.74796 9.72913 8.7294 6.8926 5.4129
threshold=0.57679614424705516 0.66563950000000016 0.68000000000000005 0.67350250000000011 1.0000000180025095e-35 0.93565150000000008 0.85125000000000017 0.62374900000000011
decision_type=2 2 2 2 2 2 2 2
left_child=1 7 4 -4 6 -6 -2 -1
right_child=2 -3 3 -5 5 -7 -8 -9
leaf_value=-0.022968842248310233 0.0014064209069054329 0.00083555492329320563 -0.026868693601417346 0 -0.010260496066079712 0.011221599045024899 -0.024007343050953801 -0.0073986512780064911
leaf_weight=25.382242515661346 22.612183794495653 53.419078803417506 7.9737242841438265 54.171303586714203 10.932120276149361 148.31580891855992 7.0855407310882574 38.942715202312684
leaf_count=7783 593 2406 662 2004 185 2358 396 4310
internal_value=0.000528436 -0.00739539 0.00430287 -0.00415579 0.00713862 0.0095914 -0.00555259 -0.014163
internal_weight=368.835 117.744 251.091 62.145 188.946 159.248 29.6977 64.325
internal_count=20697 14499 6198 2666 3532 2543 989 12093
is_linear=0
shrinkage=0.025


Tree=131
num_leaves=9
num_cat=0
split_feature=68 2 29 62 64 31 67 31
split_gain=15.0455 9.01892 8.43585 8.13003 6.2637 6.16356 6.00118 5.89754
threshold=0.45270850000000007 0.68278563022613536 0.9893010000000001 0.58333333333333337 0.38200950000000006 0.50143400000000005 0.87500000000000011 0.10347000000000002
decision_type=2 2 2 2 2 2 2 2
left_child=3 2 4 -1 -2 -5 7 -3
right_child=1 6 -4 5 -6 -7 -8 -9
leaf_value=-0.00051082123889730315 -0.0083094057546407706 0.0076725787097218189 0.016799246056375366 -0.017801040830860402 0.0017553875670447607 0.0065004463560632449 0.014444175175229019 -0.015829114249494711
leaf_weight=50.522767962142098 54.459837461428833 18.79154369561002 15.445975734386591 45.443480777663353 118.77080336527433 6.0267387171916189 57.176292678108439 7.8259469959884873
leaf_count=3865 2388 158 80 9282 3392 356 1054 114
internal_value=0.000200489 0.00328696 0.00018844 -0.00787741 -0.00142468 -0.0146786 0.0100094 0
internal_weight=374.463 272.47 188.677 101.993 173.231 51.4702 83.7938 26.6175
internal_count=20689 7186 5860 13503 5780 9638 1326 272
is_linear=0
shrinkage=0.025


Tree=132
num_leaves=9
num_cat=0
split_feature=2 22 44 0 60 68 43 0
split_gain=14.6052 14.1681 14.2685 10.33 9.75427 9.32883 7.09605 6.12777
threshold=0.68431133031845104 0.40872900000000006 0.18109000000000003 0.48566650000000006 0.82000000000000017 0.74916650000000018 1.0000000180025095e-35 0.80456700000000014
decision_type=2 2 2 2 2 2 2 2
left_child=1 2 -1 -4 6 -2 -3 -6
right_child=5 4 3 -5 7 -7 -8 -9
leaf_value=-0.014962809371628499 0 0.01100793447521943 0.0076578393282107308 -0.0099929072121515902 0.0074725892843803265 0.015305040049117364 -0.0082941011799699781 -0.020617571956598704
leaf_weight=84.664575917078764 49.266047719283961 67.225661021220731 44.007318841151573 35.670072250577505 5.5693930985289652 48.436303805094212 12.390181419264989 12.407676562390405
leaf_count=12840 772 1332 1497 1529 172 959 596 989
internal_value=-0.000383723 -0.00348068 -0.00794064 -0.000203445 0.00396303 0.0077471 0.00778253 -0.0116628
internal_weight=359.637 261.935 164.342 79.6774 97.5929 97.7024 79.6158 17.9771
internal_count=20686 18955 15866 3026 3089 1731 1928 1161
is_linear=0
shrinkage=0.025


Tree=133
num_leaves=9
num_cat=0
split_feature=68 31 29 62 60 61 44 18
split_gain=14.423 8.74685 8.52969 11.7337 7.22602 5.50639 5.93796 5.34582
threshold=0.48877350000000003 0.50143400000000005 1.0000000180025095e-35 0.41666666666666669 0.82000000000000017 0.70982150000000011 0.16062100000000004 0.66428650000000011
decision_type=2 2 2 2 2 2 2 2
left_child=1 7 3 -2 -5 6 -4 -1
right_child=2 -3 5 4 -6 -7 -8 -9
leaf_value=-0.018416011072947238 0.012488663402321418 0.011146080745530708 -0.0042428403685920591 -0.0017247567524378835 -0.016339627076218385 0.017993174656059371 0.0092767568314661743 -0.0054563270747331168
leaf_weight=39.758444928411336 27.614065593341365 9.8709197441203269 30.529159483121475 100.7131231414387 25.52836926785676 22.748404006008059 50.96372213869472 46.925884873024188
leaf_count=11147 501 562 811 2855 1698 416 708 2073
internal_value=-0.00101546 -0.00916912 0.00205308 -0.00164972 -0.00494737 0.00751702 0.00414186 -0.0117662
internal_weight=354.652 96.5552 258.097 153.856 126.241 104.241 81.4929 86.6843
internal_count=20771 13782 6989 5054 4553 1935 1519 13220
is_linear=0
shrinkage=0.025


Tree=134
num_leaves=9
num_cat=0
split_feature=64 2 0 61 19 1 58 47
split_gain=13.8287 10.7043 12.2498 14.1137 9.81959 7.25796 6.03855 4.88582
threshold=0.36222550000000003 0.75259438157081615 0.45856650000000004 0.49346600000000007 0.7199040000000001 0.45146444439888006 1.0000000180025095e-35 0.53391100000000014
decision_type=2 2 2 2 2 2 2 2
left_child=4 2 5 -4 6 -2 -1 -6
right_child=1 -3 3 -5 7 -7 -8 -9
leaf_value=0.011543584809936044 -0.012274970894113909 0.020176267575478642 -0.011615910310695809 0.0036356994180809011 0.013720666417220174 0.013625517182298846 -0.014606832564121694 -0.0030219822857902581
leaf_weight=4.2377153024717691 5.7234353508065388 20.606584259308875 55.846359312530694 107.4076208230108 13.418830391019581 60.276961593677697 64.190315150264723 34.238651874591596
leaf_count=414 871 355 2872 2594 523 1198 11286 521
internal_value=0.00038843 0.00371515 0.00204141 -0.00161367 -0.00665011 0.0109742 -0.012599 0.00190392
internal_weight=365.946 249.861 229.254 163.254 116.086 66.0004 68.428 47.6575
internal_count=20634 7890 7535 5466 12744 2069 11700 1044
is_linear=0
shrinkage=0.025


Tree=135
num_leaves=9
num_cat=0
split_feature=61 49 21 64 9 62 1 41
split_gain=14.5452 18.8909 9.99509 8.16544 7.91018 9.14517 7.6081 6.35844
threshold=0.49446450000000003 1.0000000180025095e-35 0.51000000000000012 0.39155850000000009 0.78000000000000014 0.75000000000000011 0.55833187699317943 0.42500000000000004
decision_type=2 2 2 2 2 2 2 2
left_child=1 2 3 -1 -2 -6 -3 -7
right_child=4 6 -4 -5 5 7 -8 -9
leaf_value=-0.010033271305206381 -0.0037760398746665147 -0.021649997302494471 0.020315541129961909 0.0060941913558552295 0.011216872618898567 -0.017685811910748715 -0.0064295043858202438 0.009787095230737319
leaf_weight=30.929175591609237 40.74368178792065 33.4190424000044 15.834447186323812 46.420055493050313 112.65199798124377 11.298305072356017 60.263764364673989 6.6900304551236323
leaf_count=4522 1382 7915 409 1490 1906 592 2248 173
internal_value=0.000331316 -0.00444831 0.00343557 -0.000350429 0.00557718 0.00856373 -0.0122765 -0.00713622
internal_weight=358.251 186.866 93.1837 77.3492 171.384 130.64 93.6828 17.9883
internal_count=20637 16584 6421 6012 4053 2671 10163 765
is_linear=0
shrinkage=0.025


Tree=136
num_leaves=9
num_cat=0
split_feature=2 17 60 39 69 43 26 48
split_gain=13.5508 7.68235 7.24922 7.29843 9.1411 8.21255 7.10371 7.79902
threshold=0.57679614424705516 0.60420750000000012 0.82000000000000017 1.0000000180025095e-35 0.93233600000000016 1.0000000180025095e-35 0.30100000000000005 0.25536650000000005
decision_type=2 2 2 2 2 2 2 2
left_child=1 -1 3 5 -5 -2 -3 -8
right_child=2 6 -4 4 -6 -7 7 -9
leaf_value=-0.019688936708588067 0.001956015840700816 -0.012621220794876004 -0.0062748096658803406 -0.017162727621333421 0.0086556955974217299 -0.025242998339471363 0.017089672193318771 -0.0033802817302173906
leaf_weight=22.044376204150467 23.976751695590796 31.766713925157092 38.0194896731482 7.0330163557082406 164.18716771533946 7.4085652535432009 13.458283440530066 44.243881832124316
leaf_count=5986 554 4969 1897 133 3149 439 925 2627
internal_value=6.75005e-05 -0.00704081 0.00342351 0.00532363 0.00736597 -0.00536731 -0.00348006 0.00168101
internal_weight=352.138 111.513 240.625 202.606 171.22 31.3853 89.4689 57.7022
internal_count=20679 14507 6172 4275 3282 993 8521 3552
is_linear=0
shrinkage=0.025


Tree=137
num_leaves=9
num_cat=0
split_feature=68 29 61 0 31 1 19 45
split_gain=15.4002 10.1387 6.63711 11.7814 5.6494 7.13987 5.57491 4.86719
threshold=0.45270850000000007 0.60023650000000017 0.50029400000000013 0.48933350000000003 0.50143400000000005 0.66326245665550243 0.67591150000000011 1.0000000180025095e-35
decision_type=2 2 2 2 2 2 2 2
left_child=4 2 3 -2 5 -1 -3 -4
right_child=1 6 7 -5 -6 -7 -8 -9
leaf_value=-0.014381540228841451 0.0049970209030472659 -0.0087789736878596779 0.00082349031114995288 -0.01082791700965146 0.008099668727686726 0.0022595514026411859 0.018785113935794306 0.011427327451763317
leaf_weight=63.682654899414047 57.506694860421703 3.7029696330428115 61.384680022252724 55.713697050770861 9.7813115214375994 19.723451509838924 32.351120170322247 49.377900947292801
leaf_count=12484 1926 65 1687 2320 579 406 233 984
internal_value=0.000343055 0.00348985 0.0014127 -0.00277783 -0.00824802 -0.0103978 0.0154444 0.00573602
internal_weight=353.224 260.037 223.983 113.22 93.1874 83.4061 36.0541 110.763
internal_count=20684 7215 6917 4246 13469 12890 298 2671
is_linear=0
shrinkage=0.025


Tree=138
num_leaves=9
num_cat=0
split_feature=2 60 68 16 20 0 1 34
split_gain=15.5936 9.95509 11.0344 8.62918 8.02383 6.49969 9.75628 4.34398
threshold=0.57679614424705516 0.68000000000000005 0.68097450000000015 0.70402550000000008 0.67350250000000011 0.48220000000000002 0.44296573102474218 0.29067950000000004
decision_type=2 2 2 2 2 2 2 2
left_child=5 2 3 -2 -3 6 -1 -6
right_child=1 4 -4 -5 7 -7 -8 -9
leaf_value=-0.017344476680947428 0.0036894909665001752 -0.026312282950575191 0.012059167739750902 -0.015433822645316911 -0.0118223487132052 -0.014352976410754946 0.0043248573977540733 0.0035589579313266145
leaf_weight=16.29106463466087 71.37533635708678 7.7247964764028429 95.489041042106692 16.450245811371133 14.656815956666831 50.08964545503477 42.223216826652788 34.225182408816181
leaf_count=5854 1868 654 1287 383 745 6186 2502 1196
internal_value=-0.000102461 0.00343176 0.00626824 -7.28098e-05 -0.00552633 -0.00789874 -0.00195805 -0.001189
internal_weight=348.525 239.921 183.315 87.8256 56.6068 108.604 58.5143 48.882
internal_count=20675 6133 3538 2251 2595 14542 8356 1941
is_linear=0
shrinkage=0.025


Tree=139
num_leaves=9
num_cat=0
split_feature=1 15 22 0 62 19 62 62
split_gain=14.588 10.0296 10.4321 10.3237 8.8083 7.25449 5.21666 4.24707
threshold=0.43643447756767279 0.66389800000000021 0.46480350000000009 0.8430335000000001 0.41666666666666669 0.77163700000000002 0.58333333333333337 0.75000000000000011
decision_type=2 2 2 2 2 2 2 2
left_child=-1 2 4 5 -2 -3 -5 -4
right_child=1 3 7 6 -6 -7 -8 -9
leaf_value=-0.018814072356963456 0.0079526876492315192 0.0056591026885341421 0.01519210912453494 0.0038031154962262894 -0.0091165735873459611 0.023701664135536416 -0.020151864338648948 -0.0075155007200004773
leaf_weight=22.00351867315112 20.756771442320314 141.79299795867701 21.369643142737917 7.9628433658508611 107.44139772055496 14.285023970063774 11.804986858041955 4.7875061193481079
leaf_count=8191 657 3337 511 371 6436 226 758 257
internal_value=0 0.0013672 -0.0032313 0.00543682 -0.00621555 0.00763687 -0.010695 0.010531
internal_weight=352.205 330.201 154.355 175.846 128.198 156.078 19.7678 26.1571
internal_count=20744 12553 7861 4692 7093 3563 1129 768
is_linear=0
shrinkage=0.025


Tree=140
num_leaves=9
num_cat=0
split_feature=15 20 0 43 0 19 60 61
split_gain=12.7552 13.6204 10.8638 7.52761 6.67059 7.13615 6.50729 5.79548
threshold=0.66563950000000016 0.71019250000000012 0.8430335000000001 1.0000000180025095e-35 0.80456700000000014 0.77345400000000009 0.68000000000000005 0.91961550000000014
decision_type=2 2 2 2 2 2 2 2
left_child=1 7 3 -2 -3 -6 -5 -1
right_child=2 4 -4 6 5 -7 -8 -9
leaf_value=-0.012427071966272907 0.0087999196702282251 -0.0030425696959395492 -0.012515439583213531 -0.01857632050237858 0.016431658622277859 -0.011786874737582902 0.0087013558372997079 0.017454011476423736
leaf_weight=90.865798109705793 140.8848890716763 49.346590973291313 18.397176587488502 10.968546611431522 26.594040072086504 5.1165774106048039 7.4335375917726187 2.3425108008086672
leaf_count=13302 3050 1342 1154 610 567 208 407 25
internal_value=-1.4814e-05 -0.00481385 0.00465134 0.00681117 0.00258544 0.0112269 -0.00741705 -0.0112465
internal_weight=351.95 174.266 177.684 159.287 81.0572 31.7106 18.4021 93.2083
internal_count=20665 15444 5221 4067 2117 775 1017 13327
is_linear=0
shrinkage=0.025


Tree=141
num_leaves=9
num_cat=0
split_feature=9 62 1 0 6 29 61 31
split_gain=11.8463 9.18193 7.06681 10.3135 12.4511 7.04411 6.23687 5.83895
threshold=0.75000000000000011 0.75000000000000011 0.45805792510509497 0.43580000000000002 0.70364150000000014 1.0000000180025095e-35 0.50715900000000003 0.27463300000000007
decision_type=2 2 2 2 2 2 2 2
left_child=2 5 -1 -4 -5 6 -2 -3
right_child=1 7 3 4 -6 -7 -8 -9
leaf_value=-0.021229923478083175 -0.0050954804794208488 -0.012557981752725243 0.0056472372511509501 -0.021416338023168304 0.00197625256595854 0.010150708370836153 0.0068696088415767511 0.0061780873343570408
leaf_weight=16.096232102514477 53.24431569747685 31.736487897949701 39.185318864991132 28.945771154485556 24.74360100197373 96.243695799217676 51.412607026635669 12.974046678347802
leaf_count=8243 1684 1818 1895 3349 641 1319 1186 503
internal_value=0 0.00303508 -0.00679449 -0.00381882 -0.010817 0.00533596 0.000730636 -0.00692887
internal_weight=354.582 245.611 108.971 92.8747 53.6894 200.901 104.657 44.7105
internal_count=20638 6510 14128 5885 3990 4189 2870 2321
is_linear=0
shrinkage=0.025


Tree=142
num_leaves=9
num_cat=0
split_feature=15 22 9 17 2 49 68 61
split_gain=13.7063 13.0682 9.46283 8.7239 7.19013 5.90598 11.165 10.1432
threshold=0.66563950000000016 0.43536650000000005 0.65000000000000013 0.62833650000000008 0.76017567515373241 1.0000000180025095e-35 0.74916650000000018 0.48363350000000005
decision_type=2 2 2 2 2 2 2 2
left_child=1 2 -1 -3 -4 -2 -7 -8
right_child=5 3 4 -5 -6 6 7 -9
leaf_value=-0.01865802927478703 0.012500758273223424 0.017939514030873471 -0.0060794066143140552 -0.0058454442077153865 0.016360646650713944 -0.0062288104495287324 -0.0078864283132068901 0.013304474754806282
leaf_weight=37.664982385809708 48.390082020021509 21.253402116941288 87.374328076773963 14.517314722907029 7.8453108817338935 53.75895847225911 16.494910529814661 58.240715333027765
leaf_count=10530 1025 602 3557 637 60 2312 560 1340
internal_value=0.000349544 -0.00469797 -0.00832072 0.00828959 -0.00385485 0.00520287 0.00224761 0.00844604
internal_weight=345.54 168.655 132.885 35.7707 95.2196 176.885 128.495 74.7356
internal_count=20623 15386 14147 1239 3617 5237 4212 1900
is_linear=0
shrinkage=0.025


Tree=143
num_leaves=9
num_cat=0
split_feature=2 67 47 0 22 19 17 26
split_gain=13.4741 12.5114 9.37901 12.5055 16.6265 11.2805 8.38677 7.81477
threshold=0.6687772572040559 0.87500000000000011 0.91020450000000019 0.48566650000000006 0.40872900000000006 0.68889100000000003 0.71196350000000008 1.0000000180025095e-35
decision_type=2 2 2 2 2 2 2 2
left_child=2 6 3 5 -5 -1 7 -2
right_child=1 -3 -4 4 -6 -7 -8 -9
leaf_value=-0.0071906515491616078 0.0097252076018517503 0.01484591803156686 0.007009508269143783 -0.02242800374839939 -0.0016754661654648187 0.010128709753616599 -0.028023538987487703 -0.0089383156904846283
leaf_weight=48.406068699239768 31.379797525936738 59.081281102262437 41.60822913859738 46.528529619346955 50.370771062443964 41.908597496279981 4.5468346683774135 21.998659890261479
leaf_count=8538 468 1260 451 5873 2316 1212 110 473
internal_value=8.70365e-05 0.00694046 -0.00341469 -0.0058207 -0.0119682 0.000810109 -0.00122398 0.00185303
internal_weight=345.829 117.007 228.822 187.214 96.8993 90.3147 57.9253 53.3785
internal_count=20701 2311 18390 17939 8189 9750 1051 941
is_linear=0
shrinkage=0.025


Tree=144
num_leaves=9
num_cat=0
split_feature=1 64 9 64 22 17 31 43
split_gain=14.1057 9.18881 8.75636 7.79847 6.41881 5.92183 5.98871 5.88073
threshold=0.61249238252639782 0.36222550000000003 0.81800000000000006 0.9064080000000001 0.41066550000000007 0.67096950000000011 0.30041050000000008 1.0000000180025095e-35
decision_type=2 2 2 2 2 2 2 2
left_child=1 4 3 -2 -1 -4 -7 -3
right_child=2 7 5 -5 -6 6 -8 -9
leaf_value=-0.016081607705053468 0.0021079968205496343 0.0014964888185253983 0.015965343790772416 -0.018660958832547512 0.0048464095654986161 -0.00043451932709342387 0.013595460820575979 -0.01681042093110087
leaf_weight=50.807950223243097 44.288690985151334 97.266533479927602 44.10463603772223 12.840301349242507 9.4994673144537938 53.459492788417265 26.615183181304019 10.302868484435747
leaf_count=11185 1045 4071 809 507 548 999 482 1067
internal_value=0.000199001 -0.0049699 0.00502791 -0.00290649 -0.012615 0.00872579 0.00435504 -0.000463315
internal_weight=349.185 167.877 181.308 57.129 60.3074 124.179 80.0747 107.569
internal_count=20713 16871 3842 1552 11733 2290 1481 5138
is_linear=0
shrinkage=0.025


Tree=145
num_leaves=9
num_cat=0
split_feature=2 49 9 24 60 71 19 21
split_gain=13.2633 9.47798 7.97087 6.48064 6.25339 5.52546 4.90732 4.82588
threshold=0.57679614424705516 1.0000000180025095e-35 0.95350000000000013 0.25000000000000006 0.82000000000000017 1.0000000180025095e-35 0.70712000000000008 0.87400000000000011
decision_type=2 2 2 2 2 2 2 2
left_child=1 3 5 7 -4 6 -2 -1
right_child=2 -3 4 -5 -6 -7 -8 -9
leaf_value=-0.011894272092395311 -0.0049908673100236972 -0.014901252243109378 0.013769876800815099 0.008668376614863086 -0.007119127718666473 -0.02024115754649003 0.0041913813469929674 0.017321817498439761
leaf_weight=24.529162590555647 50.818794250873907 51.419913702036865 54.35147344096913 25.753458363808022 8.8541899323463422 5.8049071562709278 112.92645386616641 2.0926572424359611
leaf_count=4334 1971 8615 631 1384 497 472 2558 29
internal_value=-0.00012202 -0.00749182 0.00316835 0 0.0106 0.000262947 0.00127056 -0.00828574
internal_weight=336.551 103.795 232.756 52.3753 63.2057 169.55 163.745 26.6218
internal_count=20491 14362 6129 5747 1128 5001 4529 4363
is_linear=0
shrinkage=0.025


Tree=146
num_leaves=9
num_cat=0
split_feature=1 60 31 22 47 1 43 37
split_gain=12.6724 9.67146 8.12399 9.44662 7.15013 6.28374 5.46535 2.16978
threshold=0.44463366270065313 0.82000000000000017 0.31505900000000003 0.38669450000000005 0.92356600000000011 0.68589946627616893 1.0000000180025095e-35 1.0000000180025095e-35
decision_type=2 2 2 2 2 2 2 2
left_child=7 2 3 -2 5 -3 -4 -1
right_child=1 4 6 -5 -6 -7 -8 -9
leaf_value=-0.019385761363332334 -0.0042578451874458667 -0.019065357189858762 0.012683609506685851 0.0065173246663308981 0.0063555505183656297 0.0031013276167545707 -0.013345612409732498 0.0015226945183599884
leaf_weight=19.739340920188628 98.001863449338998 27.802464436837909 68.21837628542562 100.92925788143475 14.259054303518495 9.4911385104060155 3.5573630575963753 2.5372956154715203
leaf_count=7927 5184 2512 1446 2085 158 529 280 559
internal_value=0.000628335 0.00194987 0.00386491 0.00118215 -0.00773485 -0.0133624 0.0109651 -0.0167661
internal_weight=344.536 322.26 270.707 198.931 51.5527 37.2936 71.7757 22.2766
internal_count=20680 12194 8995 7269 3199 3041 1726 8486
is_linear=0
shrinkage=0.025


Tree=147
num_leaves=9
num_cat=0
split_feature=39 60 22 19 14 47 62 16
split_gain=12.1422 10.4732 9.67538 9.60782 8.41224 8.14097 6.79571 6.2682
threshold=1.0000000180025095e-35 0.68000000000000005 0.46480350000000009 0.70111250000000014 1.0000000180025095e-35 0.93492100000000011 0.91666666666666685 0.72340800000000016
decision_type=2 2 2 2 2 2 2 2
left_child=5 2 6 -3 -4 -1 -2 -5
right_child=1 3 4 7 -6 -7 -8 -9
leaf_value=-0.016092169034797231 0.0030547807177851334 -0.019100387247934097 0.0026150868288999695 0.0042020435653943537 0.021489957654830569 0.0054801693918980765 -0.01553862384497072 -0.018147378306512706
leaf_weight=40.247404465080763 138.18067729215181 21.678341220114817 28.559022044064477 42.164130338234827 32.637061107263435 13.004862851579672 11.40589814029954 7.5294899444561443
leaf_count=5254 6934 3557 474 1627 315 133 1714 581
internal_value=2.05425e-05 0.00212755 0.00494249 -0.00599168 0.0131616 -0.0106805 0.00140126 9.9516e-05
internal_weight=335.407 282.155 210.783 71.372 61.1961 53.2523 149.587 49.6936
internal_count=20589 15202 9437 5765 789 5387 8648 2208
is_linear=0
shrinkage=0.025


Tree=148
num_leaves=9
num_cat=0
split_feature=29 1 62 47 22 17 18 48
split_gain=11.6373 10.5268 8.67264 6.32332 4.15903 2.43888 1.77494 2.74067
threshold=0.96721250000000014 0.47374765574932104 0.41666666666666669 0.9999920000000001 0.48337100000000005 0.71695850000000017 0.63912050000000009 0.25536650000000005
decision_type=2 2 2 2 2 2 2 2
left_child=1 6 4 -4 -3 -2 -1 -8
right_child=5 2 3 -5 -6 -7 7 -9
leaf_value=-0.022108968188446529 0.020310631735494755 0.012522581242729151 -0.0036344632077386918 0.0089675680600297229 -0.0071340030839951805 0.0016491857003377787 0.0057853465401963497 -0.0135675228207569
leaf_weight=13.347764054669826 17.10216881927045 39.65751963306684 208.08133471762267 26.04339091933798 6.156689000374171 7.357858655974268 4.758239738133855 12.145069386242538
leaf_count=7930 173 961 9182 182 143 32 408 1566
internal_value=-0.000363315 -0.00173202 -0.000145713 -0.0021368 0.00953628 0.0155295 -0.0152596 -0.00768727
internal_weight=334.65 310.19 279.939 234.125 45.8142 24.46 30.2511 16.9033
internal_count=20577 20372 10468 9364 1104 205 9904 1974
is_linear=0
shrinkage=0.025


Tree=149
num_leaves=9
num_cat=0
split_feature=68 29 19 31 46 61 6 48
split_gain=11.5434 10.2349 6.1314 7.04049 6.12595 5.4102 10.3812 5.28907
threshold=0.48877350000000003 0.60023650000000017 0.70111250000000014 0.30852950000000007 0.49631800000000009 0.51457900000000012 0.64522200000000007 0.60470000000000013
decision_type=2 2 2 2 2 2 2 2
left_child=2 5 3 -1 -4 6 -2 -6
right_child=1 -3 4 -5 7 -7 -8 -9
leaf_value=-0.019357358739764033 0.0034685584539368344 0.015849206580211855 0.0079780516988853627 0.0025353940758024683 -0.023388541630948181 0.0051151779556221598 -0.011478186521875674 0
leaf_weight=33.588036032449963 66.540955254859 30.851295845350251 22.556962707152707 11.024929497812989 8.2566645205370168 96.819881445611827 48.041994757877546 16.283786591047829
leaf_count=10401 2496 291 766 1485 536 2507 1678 561
internal_value=0 0.00285357 -0.00746754 -0.0139096 -0.000894526 0.000791125 -0.00282334 -0.0093192
internal_weight=333.965 242.254 91.7104 44.613 47.0974 211.403 114.583 24.5405
internal_count=20721 6972 13749 11886 1863 6681 4174 1097
is_linear=0
shrinkage=0.025


Tree=150
num_leaves=9
num_cat=0
split_feature=64 61 60 17 28 47 39 0
split_gain=11.559 13.0478 8.00241 7.55537 8.17909 7.74447 7.20708 6.71418
threshold=0.36222550000000003 0.47689900000000002 0.82000000000000017 0.63418550000000007 1.0000000180025095e-35 0.72238700000000011 1.0000000180025095e-35 0.80776700000000012
decision_type=2 2 2 2 2 2 2 2
left_child=1 -1 6 5 -5 -4 -2 -8
right_child=2 -3 3 4 -6 -7 7 -9
leaf_value=-0.016640018004346831 -0.007693824178812674 0.00085046951748706911 -0.014746420748124149 0.0037406453046557511 -0.024858351615783918 0.014389561728617854 0.0037944625388962269 0.01564511264453684
leaf_weight=47.405163220131726 22.044276988352067 55.837399607204134 6.7437419263114888 8.173142962168642 16.200191563002591 14.121706232748691 121.49204320176068 39.897411763900891
leaf_count=11167 1207 1644 840 252 1378 154 3522 515
internal_value=-0.000389793 -0.00727285 0.00272142 -0.00643173 -0.0154274 0.00417859 0.00506425 0.00692563
internal_weight=331.915 103.243 228.673 45.2388 24.3733 20.8654 183.434 161.389
internal_count=20679 12811 7868 2624 1630 994 5244 4037
is_linear=0
shrinkage=0.025


Tree=151
num_leaves=9
num_cat=0
split_feature=9 19 31 60 29 20 0 16
split_gain=11.8953 7.31563 6.4594 5.59723 7.6386 7.63616 5.27338 7.34522
threshold=0.73000000000000009 0.64259250000000012 0.52852950000000021 0.68000000000000005 1.0000000180025095e-35 0.68001550000000011 0.80480000000000007 0.62163800000000002
decision_type=2 2 2 2 2 2 2 2
left_child=2 -2 6 5 -5 -3 -1 -8
right_child=1 3 -4 4 -6 -7 7 -9
leaf_value=-0.013629179280267092 -0.017868066589528379 0.015442117308610868 0.012194286021960196 -0.011207864770238484 0.006990507114422723 0.0027119169787365783 0.018994765902495464 -0.017287218900161334
leaf_weight=61.99038767647653 8.6389001338611688 35.707753932860214 6.4746198566863304 32.266902771203604 22.631962394283619 151.71420795666927 6.5571603082935308 3.8272221022380108
leaf_count=12421 751 1091 449 1974 741 2859 108 362
internal_value=-0.000285729 0.00236078 -0.00865176 0.00325301 -0.00359179 0.00531431 -0.0108952 0.00438494
internal_weight=329.809 250.96 78.8494 242.321 54.8989 187.422 72.3748 10.3844
internal_count=20756 7416 13340 6665 2715 3950 12891 470
is_linear=0
shrinkage=0.025


Tree=152
num_leaves=9
num_cat=0
split_feature=9 1 68 29 1 22 27 66
split_gain=10.7801 5.99884 5.64384 5.10173 5.03865 6.52769 4.85074 4.46215
threshold=0.75000000000000011 0.67177072167396557 0.74916650000000018 1.0000000180025095e-35 0.48178182542324072 0.19813650000000002 1.0000000180025095e-35 0.8469445000000001
decision_type=2 2 2 2 2 2 2 2
left_child=4 3 6 7 -1 -6 -3 -2
right_child=1 2 -4 -5 5 -7 -8 -9
leaf_value=-0.01865721635359088 0.00057177278171339834 -0.011979092723381627 0.013576331632025266 0.0046860008538544143 0.016248146892228629 -0.0065566032056596918 0.010479217819829974 -0.010542006678550883
leaf_weight=18.190853723684995 50.320568108749285 11.380191394127905 44.525748940883204 72.012680285988608 6.6459587853678377 76.896769850740384 8.7761612590402365 37.029639549204148
leaf_count=9222 1839 166 1047 1707 169 4842 64 1641
internal_value=-0.000576422 0.00246447 0.00876235 -0.000122158 -0.00726398 -0.0043173 -0.00179889 -0.00418617
internal_weight=325.779 224.045 64.6821 159.363 101.734 83.5427 20.1564 87.3502
internal_count=20697 6464 1277 5187 14233 5011 230 3480
is_linear=0
shrinkage=0.025


Tree=153
num_leaves=9
num_cat=0
split_feature=60 20 39 22 34 14 47 0
split_gain=9.86746 12.8272 8.60477 9.32901 7.53994 7.07809 6.14333 5.12522
threshold=0.82000000000000017 0.69720050000000011 1.0000000180025095e-35 0.50574450000000015 0.055688000000000008 1.0000000180025095e-35 0.93492100000000011 0.8430335000000001
decision_type=2 2 2 2 2 2 2 2
left_child=2 -2 6 4 -4 -5 -1 -3
right_child=1 7 3 5 -6 -7 -8 -9
leaf_value=-0.013696137516541286 -0.02476194621723498 0.0064131379996028139 -0.007055475503675821 -0.00023729180950441054 0.0042155040521101904 0.021051399784999772 0.0068799804416125451 -0.013633436517394251
leaf_weight=31.176407695522357 19.476738086181285 23.20501548377797 47.174235308151765 13.384758224943651 146.81622712154785 27.989934773591813 10.528284576721488 9.6566033758281247
leaf_count=4123 3250 792 6655 241 4396 321 90 787
internal_value=0 -0.00973681 0.00190767 0.00379402 0.00139235 0.0142982 -0.00825299 0
internal_weight=329.408 52.3384 277.07 235.365 193.99 41.3747 41.7047 32.8616
internal_count=20655 4829 15826 11613 11051 562 4213 1579
is_linear=0
shrinkage=0.025


Tree=154
num_leaves=9
num_cat=0
split_feature=1 29 47 1 0 88 19 20
split_gain=10.4171 7.73391 6.12863 7.36199 7.30358 2.2653 2.04931 1.21588
threshold=0.47374765574932104 0.9893010000000001 0.96386200000000011 0.72597524523735057 0.69833350000000005 1.0000000180025095e-35 0.68646300000000016 0.71123300000000012
decision_type=2 2 2 2 2 2 2 2
left_child=5 2 3 -2 -4 7 -3 -1
right_child=1 6 4 -5 -6 -7 -8 -9
leaf_value=-0.017556975871081848 -0.0030476005400526295 0 -0.014717381030903899 0.012622283466099447 0.011629398180874545 0.007784843514042507 0.018101945965694557 -0.00068173379952774947
leaf_weight=23.905912793168689 208.32951794108885 4.1014681516098817 5.7071082913316777 18.477046884829178 43.198798306519166 1.2269471993258765 18.200676064472646 4.2087115538888602
leaf_count=9512 9697 41 59 442 307 156 88 304
internal_value=-0.000111053 0.00129949 7.9842e-05 -0.00163908 0.00795009 -0.0138455 0.0148214 -0.0154929
internal_weight=327.356 298.015 275.712 226.807 48.9059 29.3416 22.3021 28.1146
internal_count=20606 10634 10505 10139 366 9972 129 9816
is_linear=0
shrinkage=0.025


Tree=155
num_leaves=9
num_cat=0
split_feature=64 20 43 60 3 15 47 39
split_gain=10.4294 11.6344 7.89324 8.61556 6.37237 6.17971 5.37594 5.0918
threshold=0.36222550000000003 0.71123300000000012 1.0000000180025095e-35 0.82000000000000017 0.95097544789314281 0.48366800000000004 0.74884650000000008 1.0000000180025095e-35
decision_type=2 2 2 2 2 2 2 2
left_child=1 -1 3 5 -3 -2 -5 -4
right_child=2 4 7 6 -6 -7 -8 -9
leaf_value=-0.014291195424546011 -0.0087314107145314828 -0.01577243980903198 -0.024278359560541016 -0.015082311422451781 0.0063288578250535387 0.0088897745548337428 0.0023716469219497421 -0.0012656242929231165
leaf_weight=54.229786679456083 11.581141113565534 7.9644693217851446 7.4567631882710002 17.151437163989613 41.463594845787156 145.38099608584889 23.567094415862812 19.278856214375992
leaf_count=11640 382 394 780 1729 876 3589 458 995
internal_value=0 -0.00648963 0.00302259 0.00478709 0.0021469 0.00744895 -0.00516665 -0.0091881
internal_weight=328.074 103.658 224.416 197.681 49.4281 156.962 40.7185 26.7356
internal_count=20843 12910 7933 6158 1270 3971 2187 1775
is_linear=0
shrinkage=0.025


Tree=156
num_leaves=9
num_cat=0
split_feature=2 60 22 49 68 17 21 43
split_gain=11.5188 11.7333 11.3803 6.71129 6.24825 7.0598 5.35561 4.93604
threshold=0.64665615558624279 0.68000000000000005 0.40872900000000006 1.0000000180025095e-35 0.74916650000000018 0.71695850000000017 0.77400000000000013 1.0000000180025095e-35
decision_type=2 2 2 2 2 2 2 2
left_child=1 2 3 -1 5 -2 -6 -4
right_child=4 -3 7 -5 6 -7 -8 -9
leaf_value=0.00064695053195807425 0.0025421339478158235 -0.01473805197553278 0.01250405193106522 -0.012547256030372095 -0.0040922643239346855 -0.024413231970035282 0.013258809467062619 -0.010718878389341794
leaf_weight=52.086916811605988 62.26514194997435 44.311383851207211 41.715781380946282 41.007657210824618 11.675952900666742 4.7064166089985511 63.50347277650144 4.6774921963224179
leaf_count=4633 1343 5724 965 5837 339 143 1339 349
internal_value=0.000259341 -0.00383278 -0.000156108 -0.00522781 0.00558219 0 0.0104307 0.00966145
internal_weight=325.95 183.799 139.488 93.0946 142.151 66.9716 75.1794 46.3933
internal_count=20672 17508 11784 10470 3164 1486 1678 1314
is_linear=0
shrinkage=0.025


Tree=157
num_leaves=9
num_cat=0
split_feature=29 2 19 19 17 67 18 21
split_gain=12.3306 10.6467 8.5166 11.2388 10.124 5.42991 8.28848 3.32972
threshold=0.91839300000000013 0.66155844926834118 0.70111250000000014 0.7350190000000002 0.64335650000000011 0.87500000000000011 0.67906500000000014 0.51000000000000012
decision_type=2 2 2 2 2 2 2 2
left_child=1 2 4 -4 -1 6 -3 -7
right_child=-2 5 3 -5 -6 7 -8 -9
leaf_value=-0.01948703021059589 0.017448680815872048 0.010836037404161405 0.0058296279358017195 -0.011602177779435216 -0.0020556995180586826 -0.0071651824935867262 -0.008742866830037015 0.012151120026456156
leaf_weight=38.898411967667926 22.408357280826749 20.81513877317775 69.977973060347722 32.031142951105721 45.721225369659805 4.4023672053590408 31.001887457096018 52.242512646596879
leaf_count=10742 250 493 2276 1338 3506 114 636 1288
internal_value=0.000352119 -0.00102962 -0.00465369 0.000166038 -0.0104201 0.0051097 -0.000628155 0.0103288
internal_weight=317.499 295.091 186.629 102.009 84.6196 108.462 51.817 56.6449
internal_count=20643 20393 17862 3614 14248 2531 1129 1402
is_linear=0
shrinkage=0.025


Tree=158
num_leaves=9
num_cat=0
split_feature=1 29 71 62 37 72 22 22
split_gain=10.769 8.19656 7.03328 5.38737 3.88082 2.1549 1.89246 2.04625
threshold=0.45299632847309118 0.96721250000000014 1.0000000180025095e-35 0.41666666666666669 1.0000000180025095e-35 0.29293000000000008 0.40501500000000007 0.30623950000000005
decision_type=2 2 2 2 2 2 2 2
left_child=4 2 3 -2 -1 -4 7 -3
right_child=1 6 5 -5 -6 -7 -8 -9
leaf_value=-0.020077643940211207 0.0092217095999768909 0.014197415100640376 0.0036384288463916395 -0.00028739892822978445 0.0057915268590078292 -0.02359929456063882 0.019414042921462586 -0.0075965299430598918
leaf_weight=18.290420087367242 42.144562884408515 2.8197278951265643 1.0885604692884934 229.18956076515315 2.970166887746017 7.5972488433762919 16.816826657857746 3.8631246877484955
leaf_count=8290 1135 24 76 9561 584 863 98 40
internal_value=0.000416163 0.00168432 0.000418034 0.00121882 -0.015954 -0.0194417 0.0152629 0.00188743
internal_weight=324.78 303.52 280.02 271.334 21.2606 8.68581 23.4997 6.68285
internal_count=20671 11797 11635 10696 8874 939 162 64
is_linear=0
shrinkage=0.025


Tree=159
num_leaves=9
num_cat=0
split_feature=9 4 19 0 17 32 0 2
split_gain=9.7523 6.63312 5.937 5.60534 5.46819 5.05508 4.72372 3.13478
threshold=0.57000000000000017 1.0000000180025095e-35 0.63979400000000008 0.48566650000000006 0.63550400000000007 0.45310000000000006 0.054300000000000008 0.55385971069335949
decision_type=2 2 2 2 2 2 2 2
left_child=4 2 5 -4 -1 -2 -3 -6
right_child=1 6 3 -5 7 -7 -8 -9
leaf_value=-0.018401622188732349 -0.02510739329680485 0.010963776106848518 0.01033512127057587 0.0015751827851575155 -0.012609551312872029 0.005709410975693008 -0.019787468219270878 0.012363181322563276
leaf_weight=22.856484764035486 6.545985742883202 2.2894765537930644 58.878790241637034 198.72991067094699 2.9394099082783196 3.8875997265568003 11.845236104258218 6.312624761951156
leaf_count=9062 895 20 1523 6318 1620 96 797 329
internal_value=0.000381229 0.00191778 0.00285853 0.00367043 -0.0122231 -0.0139503 -0.0136001 0.00293162
internal_weight=314.286 282.177 268.042 257.609 32.1085 10.4336 14.1347 9.25203
internal_count=20660 9649 8832 7841 11011 991 817 1949
is_linear=0
shrinkage=0.025


Tree=160
num_leaves=9
num_cat=0
split_feature=39 15 22 47 61 46 24 61
split_gain=10.8672 10.1279 7.39507 6.01856 5.897 4.21591 5.40926 5.07647
threshold=1.0000000180025095e-35 0.66389800000000021 0.52022100000000016 0.92356600000000011 0.91961550000000014 0.59845300000000012 1.0000000180025095e-35 0.71538450000000009
decision_type=2 2 2 2 2 2 2 2
left_child=3 2 4 -1 -2 6 -3 -7
right_child=1 5 -4 -5 -6 7 -8 -9
leaf_value=-0.017075559291146 -0.0070179922133573039 -0.0038585715841051083 0.014237696247184434 0.0020842294813727021 0.015627886684416573 -0.011330981680218849 0.010424484787970806 0.010763639170757067
leaf_weight=33.499960211560392 114.05673038174609 18.151178413943853 10.833925490864202 12.915791020088362 5.6146710440516463 15.569446109584534 92.423833416454727 8.1737662362866086
leaf_count=5318 10969 521 363 147 63 636 2134 597
internal_value=-0.000816818 0.00114021 -0.00375652 -0.0117233 -0.00565444 0.00593826 0.00798636 -0.00318812
internal_weight=311.239 264.824 130.505 46.4158 119.671 134.318 110.575 23.7432
internal_count=20748 15283 11395 5465 11032 3888 2655 1233
is_linear=0
shrinkage=0.025


Tree=161
num_leaves=9
num_cat=0
split_feature=2 62 29 17 68 0 6 46
split_gain=8.76022 7.64256 6.64174 6.85359 4.63501 3.3061 4.19431 3.11281
threshold=0.71571186184883129 0.91666666666666685 0.9893010000000001 0.62110100000000013 0.74916650000000018 0.80083350000000009 0.71766850000000015 0.41525750000000006
decision_type=2 2 2 2 2 2 2 2
left_child=1 2 3 -1 7 6 -3 -2
right_child=4 5 -4 -5 -6 -7 -8 -9
leaf_value=-0.0090770158747616354 0.010545706187671632 -0.011539986669255547 0.013446387112038613 0.00075055431811641262 0.015636693863522431 -0.024975593025106189 0.014981177221730802 -0.0068066121423955364
leaf_weight=58.142653485258052 9.0870202612131852 15.076010889037212 17.228439130329207 163.80971538677659 27.361828926252201 9.637103247081539 2.7235640634316942 13.397493246942757
leaf_count=8078 121 3358 152 7367 550 768 68 279
internal_value=-0.000293948 -0.00213072 -0.000613289 -0.00184846 0.00908912 -0.0141638 -0.00599974 0.000188515
internal_weight=316.464 266.617 239.181 221.952 49.8463 27.4367 17.7996 22.4845
internal_count=20741 19791 15597 15445 950 4194 3426 400
is_linear=0
shrinkage=0.025


Tree=162
num_leaves=9
num_cat=0
split_feature=2 49 47 22 61 19 66 39
split_gain=10.306 7.36459 8.27236 7.80595 7.16171 6.8886 6.65394 6.29991
threshold=0.64415809512138378 1.0000000180025095e-35 0.98096600000000012 0.41066550000000007 0.26781650000000007 0.76898500000000014 0.85052500000000009 1.0000000180025095e-35
decision_type=2 2 2 2 2 2 2 2
left_child=1 4 3 -3 6 7 -1 -2
right_child=5 2 -4 -5 -6 -7 -8 -9
leaf_value=0.0015557457514061086 -0.011159058766943382 -0.017852960651532853 0.0087190985975937 -0.0025515351082620943 0.014398604790230427 0.017028749158956448 -0.019239872547926747 0.004582523146731095
leaf_weight=41.820468709580382 16.649767246577539 49.130091327295304 12.939524004759731 38.622527891333448 18.3911507477751 21.943816632847302 10.218256035535886 101.25634616366006
leaf_count=5360 507 8917 138 1977 378 575 538 2165
internal_value=-0.000229159 -0.00434384 -0.00862981 -0.0114088 0.00174928 0.004743 -0.00294981 0.00214802
internal_weight=310.972 171.122 100.692 87.7526 70.4299 139.85 52.0387 117.906
internal_count=20555 17308 11032 10894 6276 3247 5898 2672
is_linear=0
shrinkage=0.025


Tree=163
num_leaves=9
num_cat=0
split_feature=1 29 2 6 0 37 17 61
split_gain=9.1818 6.22049 5.98258 6.49963 5.32723 3.26115 2.62509 1.45485
threshold=0.45805792510509497 0.9893010000000001 0.71571186184883129 0.53018700000000007 0.77803350000000016 1.0000000180025095e-35 0.68798900000000007 0.70270150000000009
decision_type=2 2 2 2 2 2 2 2
left_child=5 2 3 -2 -4 7 -3 -1
right_child=1 6 4 -5 -6 -7 -8 -9
leaf_value=-0.020338419022231508 0.0077305086907473626 0.018985432542565902 -0.0013609668569182856 -0.0036854311764645238 0.014696096651208301 0.0045990105495537746 0 0.0050314490237775298
leaf_weight=18.059015381521029 34.956931589571468 14.016198875833654 21.303096536546946 190.7390724075085 26.999440364539623 2.9942802769764958 5.7800390776246777 0.26963219791650672
leaf_count=8546 2187 109 401 8278 519 626 37 3
internal_value=-0.000255845 0.000912617 -8.21268e-05 -0.00183196 0.00769273 -0.0153746 0.0137691 -0.019138
internal_weight=315.118 293.795 273.999 225.696 48.3025 21.3229 19.7962 18.3286
internal_count=20706 11531 11385 10465 920 9175 146 8549
is_linear=0
shrinkage=0.025


Tree=164
num_leaves=9
num_cat=0
split_feature=1 29 69 62 0 22 88 47
split_gain=10.0224 7.73955 5.87861 7.30569 6.52386 2.61093 1.62619 1.50034
threshold=0.45146444439888006 0.9893010000000001 0.93233600000000016 0.41666666666666669 0.71253350000000015 0.40300300000000006 1.0000000180025095e-35 0.79627800000000015
decision_type=2 2 2 2 2 2 2 2
left_child=6 2 4 -4 -2 -3 7 -1
right_child=1 5 3 -5 -6 -7 -8 -9
leaf_value=-0.020342699117078616 -0.0016622478839465418 0 0.011476144369544526 -0.00065109429494990658 -0.02358343538120828 0.019681616487134922 0.0042799813149865217 0.00097409498468421394
leaf_weight=17.327693453120453 26.972012033147621 4.8262815896305282 34.541874536284013 200.00942929558005 11.237799649316001 15.16407927405089 0.86014045041701948 1.3727958141826082
leaf_count=8600 1299 52 1032 9059 361 96 144 81
internal_value=-0.000351619 0.000829962 -0.000291231 0.00118508 -0.0091483 0.0151044 -0.01682 -0.0184726
internal_weight=312.312 292.751 272.761 234.551 38.2098 19.9904 19.5606 18.7005
internal_count=20724 11899 11751 10091 1660 148 8825 8681
is_linear=0
shrinkage=0.025


Tree=165
num_leaves=9
num_cat=0
split_feature=71 61 64 0 20 0 44 48
split_gain=7.75435 7.079 9.33071 8.47856 7.9338 5.82785 7.57205 1.69652
threshold=1.0000000180025095e-35 0.72100950000000008 0.24502500000000002 0.48566650000000006 0.73533500000000018 0.71008700000000013 0.15442000000000003 0.11336700000000001
decision_type=2 2 2 2 2 2 2 2
left_child=1 2 4 -4 -1 -3 -7 -2
right_child=7 5 3 -5 -6 6 -8 -9
leaf_value=-0.014440026942757454 0 -0.015684458111685298 0.008813829084951921 -0.0020769029820261594 0.0049791337464659448 0.019108176464557126 -0.0052249299902022974 -0.024530214256686379
leaf_weight=46.984986805637163 1.867377909606146 3.1049805509392163 64.803547925510429 131.48643275405993 16.137687300972175 27.954307614825666 9.3157882168889028 7.820505298441276
leaf_count=10220 281 70 2402 4614 372 646 596 1348
internal_value=-0.0003784 0.000373445 -0.00113988 0.00153339 -0.00935979 0.00986852 0.0128787 -0.0203684
internal_weight=309.476 299.788 259.413 196.29 63.1227 40.3751 37.2701 9.68788
internal_count=20549 18920 17608 7016 10592 1312 1242 1629
is_linear=0
shrinkage=0.025


Tree=166
num_leaves=9
num_cat=0
split_feature=1 17 23 26 48 54 66 32
split_gain=10.1428 8.20962 6.63481 5.23739 5.89168 4.47055 4.38123 3.31431
threshold=0.61249238252639782 0.60420750000000012 1.0000000180025095e-35 0.30100000000000005 0.25536650000000005 1.0000000180025095e-35 0.79750000000000021 0.59948000000000012
decision_type=2 2 2 2 2 2 2 2
left_child=1 -1 5 6 -5 -2 -3 -4
right_child=2 3 7 4 -6 -7 -8 -9
leaf_value=-0.015403355873616088 0.0071649038357854819 -0.016415409233607608 -0.024333701052821202 0.015347305366920715 -0.00052568107895960465 -0.018291585960310049 0 0.0043038293402918506
leaf_weight=27.769549644648578 154.52992480444664 17.973516030580868 4.9426679038442662 16.457077915365517 65.846103474394113 2.4122887303819871 21.088801000725653 2.5395983777707443
leaf_count=6592 3485 4642 212 1032 3510 73 1043 52
internal_value=0.00104091 -0.00362551 0.00531118 -0.000663807 0.00284807 0.00650119 -0.00802419 -0.0149651
internal_weight=313.56 149.135 164.424 121.365 82.3032 156.942 39.0623 7.48227
internal_count=20641 16819 3822 10227 4542 3558 5685 264
is_linear=0
shrinkage=0.025


Tree=167
num_leaves=9
num_cat=0
split_feature=2 17 19 39 62 70 22 33
split_gain=9.76785 10.8301 8.48032 7.24449 7.2017 5.77552 5.31069 4.40399
threshold=0.68431133031845104 0.61923800000000007 0.77163700000000002 1.0000000180025095e-35 0.91666666666666685 0.79583350000000019 0.42210200000000003 0.50000000000000011
decision_type=2 2 2 2 2 2 2 2
left_child=1 5 -2 -3 -5 6 -1 -7
right_child=2 3 -4 4 -6 7 -8 -9
leaf_value=-0.0094217248264913678 0.0038876648347416494 -0.010141106409275824 0.024657176236725364 0.0053732501722624556 -0.01199728313120059 -0.021729860474523077 0.013909414212951002 0.0029721628640885043
leaf_weight=16.243002458060804 71.819371524616145 27.819965414479157 13.516266908962278 127.30091588909272 14.744818125625896 27.266667551162758 7.0813449135748661 4.1958335766685186
leaf_count=1039 1448 2900 287 4925 1433 7914 126 495
internal_value=0.000634411 -0.00208091 0.00775253 0.00102677 0.00337652 -0.0115451 -0.00150307 -0.0182307
internal_weight=309.988 224.653 85.3356 169.866 142.046 54.7868 23.3243 31.4625
internal_count=20567 18832 1735 9258 6358 9574 1165 8409
is_linear=0
shrinkage=0.025


Tree=168
num_leaves=9
num_cat=0
split_feature=29 2 60 17 47 0 19 19
split_gain=10.4654 7.48401 8.66278 6.32083 5.33143 5.00504 6.26423 2.63538
threshold=0.91839300000000013 0.71571186184883129 0.82000000000000017 0.62110100000000013 0.95024300000000006 0.77323350000000013 0.72079800000000016 0.70210850000000014
decision_type=2 2 2 2 2 2 2 2
left_child=1 2 3 -1 -4 6 -3 -7
right_child=-2 5 4 -5 -6 7 -8 -9
leaf_value=-0.0072674089746541581 0.01599001532941597 0.013700835138270787 -0.017867159110803086 0.0024809413079105312 0.0029603654430494309 -0.0077376599925400268 -0.011874266919475658 0.017010249844314727
leaf_weight=55.634289603796788 24.113124544677703 8.3882921241456661 29.263588252986665 146.71425693869242 8.7349333135643956 1.4056058272253746 12.025666113011537 25.572017807979137
leaf_count=8152 267 108 4311 6933 101 38 271 497
internal_value=0.000826109 -0.000520378 -0.00234875 -0.000207492 -0.0129833 0.00832003 -0.000745795 0.0150169
internal_weight=311.852 287.739 240.347 202.349 37.9985 47.3916 20.414 26.9776
internal_count=20678 20411 19497 15085 4412 914 379 535
is_linear=0
shrinkage=0.025


Tree=169
num_leaves=9
num_cat=0
split_feature=19 29 62 19 9 16 0 67
split_gain=9.1921 6.53021 5.15817 5.77913 4.5434 4.90086 4.37652 3.3631
threshold=0.68314600000000014 0.60023650000000017 0.58333333333333337 0.75497250000000016 0.29000000000000009 0.69556800000000008 0.48566650000000006 0.70833350000000006
decision_type=2 2 2 2 2 2 2 2
left_child=4 2 3 -2 -1 -6 -4 -3
right_child=1 7 6 -5 5 -7 -8 -9
leaf_value=-0.019897689520749304 0.0017714496495714232 -0.0035669946850713898 0.0068447658969106127 0.016020531196093975 -0.0005125881485299864 -0.020352257711310981 -0.0052894193953674914 0.016559330763318982
leaf_weight=12.988302164325431 84.045104646211257 4.889750767353692 21.283495255207526 21.384709882317111 48.823252964430139 7.4902629024109038 85.738822607760085 25.975135383720044
leaf_count=8407 1928 108 972 613 3855 464 4068 215
internal_value=0.000408699 0.00272511 0.00107177 0.0049759 -0.0074673 -0.0038876 -0.00272621 0.0131196
internal_weight=312.619 243.317 212.452 105.43 69.3018 56.3135 107.022 30.8649
internal_count=20630 7904 7581 2541 12726 4319 5040 323
is_linear=0
shrinkage=0.025


Tree=170
num_leaves=9
num_cat=0
split_feature=2 68 48 47 19 19 19 19
split_gain=8.93288 8.8961 4.27832 5.20978 3.69782 5.12234 3.47315 3.99355
threshold=0.68431133031845104 0.45270850000000007 0.33583350000000006 0.89628950000000007 0.76898500000000014 0.7359595000000001 0.7199040000000001 0.73184850000000012
decision_type=2 2 2 2 2 2 2 2
left_child=1 6 -3 -4 5 -2 -1 -8
right_child=4 2 3 -5 -6 -7 7 -9
leaf_value=-0.014234088078802025 0.0097386788655250342 0.01173145160616771 -0.0035063277347942728 0.0070751792963977145 0.018909728330547604 -0.0034084926878000447 0.010714724782192424 -0.01091735887955992
leaf_weight=40.865629635920413 45.044960362836719 17.788863312598551 106.29469910186162 37.607750514463987 12.773298141895792 28.13243928423617 8.0175994312448911 9.3258109375165059
leaf_count=12140 728 936 4573 381 313 681 298 475
internal_value=0.000458048 -0.00219151 0.000810473 -0.000630454 0.00721778 0.00462838 -0.0104048 -0.000455562
internal_weight=305.851 219.9 161.691 143.902 85.9507 73.1774 58.209 17.3434
internal_count=20525 18803 5890 4954 1722 1409 12913 773
is_linear=0
shrinkage=0.025


Tree=171
num_leaves=9
num_cat=0
split_feature=60 20 31 22 2 69 0 2
split_gain=7.9972 9.01266 7.68506 6.52465 6.4911 5.66738 4.46283 4.85899
threshold=0.82000000000000017 0.69720050000000011 0.31505900000000003 0.38669450000000005 0.69222271442413341 0.95931250000000012 0.8430335000000001 0.73102048039436351
decision_type=2 2 2 2 2 2 2 2
left_child=2 -2 3 4 -1 -5 -3 -8
right_child=1 6 -4 5 -6 -7 7 -9
leaf_value=-0.008022355626936371 -0.021903328611623196 0.0059426859467595315 0.0091873477498769975 -0.0093303956423731044 0.0073109552692179119 0.0068772957409454372 -0.023234851017625659 0.0099890159844362933
leaf_weight=81.490831996290581 18.026504958070291 21.262815904046878 66.58750604306988 14.046675274672451 19.578397515229881 78.457080562220654 6.4674150609644112 2.3434592536650598
leaf_count=10675 3289 775 2450 520 313 1854 570 214
internal_value=0.000219017 -0.00890727 0.00199003 -0.000516069 -0.0048951 0.00419142 -3.38702e-06 -0.0134913
internal_weight=308.261 48.1002 260.16 193.573 101.069 92.5038 30.0737 8.81087
internal_count=20660 4848 15812 13362 10988 2374 1559 784
is_linear=0
shrinkage=0.025


Tree=172
num_leaves=9
num_cat=0
split_feature=1 29 62 19 22 65 47 19
split_gain=7.5785 5.74883 6.08218 5.78269 4.55918 2.35374 1.6406 1.18885
threshold=0.43643447756767279 0.9893010000000001 0.41666666666666669 0.70111250000000014 0.48337100000000005 -0.22451999999999997 0.93492100000000011 0.68063400000000007
decision_type=2 2 2 2 2 2 2 2
left_child=5 2 4 -4 -2 -1 -7 -3
right_child=1 7 3 -5 -6 6 -8 -9
leaf_value=0.0061576945638206204 0.011451081054589266 0 -0.0081696217543504104 0.00052259042687329504 -0.01019982169996205 -0.020961772343182281 0.004640622423478835 0.015855429014867788
leaf_weight=1.2226969696348522 36.306773367759888 3.19921145832632 65.00832735248332 161.68480661416834 5.2546476589050135 13.882572323427663 0.50786682972102504 15.570476936642079
leaf_count=36 1091 50 6066 5153 132 7977 21 96
internal_value=-0.000328052 0.000619351 -0.000332038 -0.00198691 0.00819895 -0.0162631 -0.0191446 0.0133003
internal_weight=302.637 287.024 268.255 226.693 41.5614 15.6131 14.3904 18.7697
internal_count=20622 12588 12442 11219 1223 8034 7998 146
is_linear=0
shrinkage=0.025


Tree=173
num_leaves=9
num_cat=0
split_feature=39 60 68 67 9 22 19 64
split_gain=9.44465 5.83084 7.07795 7.50517 5.7367 5.52058 5.428 3.31789
threshold=1.0000000180025095e-35 0.68000000000000005 0.33700000000000008 0.58333350000000006 0.95350000000000013 0.49192400000000008 0.74607200000000018 0.61618250000000008
decision_type=2 2 2 2 2 2 2 2
left_child=6 4 -3 -4 5 -2 -1 -8
right_child=1 2 3 -5 -6 -7 7 -9
leaf_value=-0.016935233568467288 -0.0015358656981039936 -0.022522807804006121 0.015307922468408878 -0.0061146516786607296 0.010826611175851892 0.010586077706257423 0.010047048078760718 -0.012147646204355173
leaf_weight=29.675433488961062 117.82002347029629 10.144026685642528 11.174606278582358 42.938423097686609 46.250805921852589 27.090121554560028 8.8985456376103667 4.7669221023825221
leaf_count=5026 8388 2788 382 2666 662 435 175 205
internal_value=-0.000696384 0.00113508 -0.00523151 -0.00116919 0.00334599 0.000792476 -0.011229 0.00126367
internal_weight=298.759 255.418 64.2571 54.113 191.161 144.91 43.3409 13.6655
internal_count=20727 15321 5836 3048 9485 8823 5406 380
is_linear=0
shrinkage=0.025


Tree=174
num_leaves=9
num_cat=0
split_feature=1 15 17 34 0 61 6 31
split_gain=8.51641 5.39211 5.58271 4.2972 4.91115 4.12492 3.85235 3.62424
threshold=0.61030724644660961 0.67111250000000011 0.62151550000000011 0.33962600000000004 0.68070000000000019 0.50029400000000013 0.52221150000000016 0.66279750000000004
decision_type=2 2 2 2 2 2 2 2
left_child=1 2 -1 6 -5 -4 -3 -2
right_child=7 3 5 4 -6 -7 -8 -9
leaf_value=-0.017687741296970368 0.0033452513758085011 0.0088177085490384315 -0.0076162590238383985 0.014693468796947232 -0.0016352637567058606 0.0070049624407907615 -0.012767831623134336 0.019443298984433983
leaf_weight=24.743938910685756 157.12999872160435 5.1022621436713989 38.360304285177335 19.338919414702104 22.680498275323771 14.935929790284716 16.755652746422129 7.6907935087219803
leaf_count=8388 3714 380 4980 479 777 534 1282 221
internal_value=0.00050299 -0.00392905 -0.00826833 0.00134857 0.0060356 -0.00327796 -0.00709799 0.00436547
internal_weight=306.738 141.918 78.0402 63.8773 42.0194 53.2962 21.8579 164.821
internal_count=20755 16820 13902 2918 1256 5514 1662 3935
is_linear=0
shrinkage=0.025


Tree=175
num_leaves=9
num_cat=0
split_feature=15 0 48 43 0 1 1 9
split_gain=9.72368 8.72686 8.68642 5.59294 4.6018 4.56195 4.0852 3.91574
threshold=0.66389800000000021 0.8430335000000001 0.66350000000000009 1.0000000180025095e-35 0.73383300000000007 0.67529168725013744 0.61249238252639782 0.97000000000000008
decision_type=2 2 2 2 2 2 2 2
left_child=2 3 5 -2 -4 7 -6 -1
right_child=1 -3 4 -5 6 -7 -8 -9
leaf_value=-0.011316702008422157 0.0082119124720955745 -0.012134353553860028 -0.0061458321392074446 -0.0070693360911947625 -0.0015489439699394 0.0022334447533468816 0.020431549686900266 0.0084398087889624735
leaf_weight=88.488467976942047 124.63815276703099 15.67476836192145 9.2842354052409082 14.900336020771645 6.6592119817214579 21.592331828200258 13.700832715141585 4.883843538533255
leaf_count=13843 3151 1159 183 1015 318 529 230 163
internal_value=5.22942e-05 0.00439527 -0.00455437 0.00645031 0.00704799 -0.00767959 0.0134114 -0.0100494
internal_weight=299.822 155.213 144.609 139.538 29.6443 114.965 20.36 93.3723
internal_count=20591 5325 15266 4166 731 14535 548 14006
is_linear=0
shrinkage=0.025


Tree=176
num_leaves=9
num_cat=0
split_feature=2 17 19 0 19 19 17 60
split_gain=9.25528 8.42899 7.7059 6.43286 5.93795 6.33904 4.85374 6.26957
threshold=0.68431133031845104 0.61923800000000007 0.70712000000000008 0.43580000000000002 0.76898500000000014 0.73701700000000014 0.62837050000000005 0.68000000000000005
decision_type=2 2 2 2 2 2 2 2
left_child=1 2 -1 -4 5 -2 -3 -8
right_child=4 6 3 -5 -6 -7 7 -9
leaf_value=-0.020107324863625979 0.0096569279303607147 0.0096457295270131731 0.016044844054144313 -0.0082119446966538445 0.020924158455569393 -0.0050074778121345625 0.0010672093865477844 -0.012347647863093822
leaf_weight=25.805402419686288 44.088784409221262 27.79565339110377 7.338927712073203 23.034707416358287 14.364539048401637 28.331739478744566 111.24858536620013 24.80561306776508
leaf_count=8389 760 1686 167 1090 316 680 5003 2630
internal_value=0.000317489 -0.00238735 -0.010568 -0.00149016 0.00715892 0.00383887 0.00046593 -0.00146773
internal_weight=306.814 220.029 56.179 30.3736 86.7851 72.4205 163.85 136.054
internal_count=20721 18965 9646 1257 1756 1440 9319 7633
is_linear=0
shrinkage=0.025


Tree=177
num_leaves=9
num_cat=0
split_feature=1 68 22 29 14 16 22 17
split_gain=8.14067 5.65194 4.40263 4.25431 7.44927 4.36147 4.07956 3.09724
threshold=0.43643447756767279 0.45270850000000007 0.24695100000000003 1.0000000180025095e-35 1.0000000180025095e-35 0.60695300000000019 0.40501500000000007 0.60420750000000012
decision_type=2 2 2 2 2 2 2 2
left_child=-1 2 7 4 -3 -5 -4 -2
right_child=1 3 6 5 -6 -7 -8 -9
leaf_value=-0.01805408196157594 -0.012728756743425121 0.0038011890751919707 -0.016068295480244698 -0.01732009928608216 -0.0082986891519102497 0.0075642706700310694 -0.0017738921721330574 0.01144433190484339
leaf_weight=14.268126202221536 2.3684044777037334 82.281839036179008 26.331983035383018 2.614695364405633 48.894940579411923 83.3358438215364 25.648784204531694 11.085699931925772
leaf_count=8076 577 1900 4083 84 2603 1557 1088 619
internal_value=-0.000854196 0.000108751 -0.00619323 0.00208138 -0.000709509 0.00634534 -0.00948102 0.0056071
internal_weight=296.83 282.562 65.4349 217.127 131.177 85.9505 51.9808 13.4541
internal_count=20587 12511 6367 6144 4503 1641 5171 1196
is_linear=0
shrinkage=0.025


Tree=178
num_leaves=9
num_cat=0
split_feature=29 2 17 70 17 19 19 26
split_gain=9.93971 7.51773 5.45068 6.38886 6.30971 4.35477 5.06013 1.57406
threshold=0.9893010000000001 0.70264387130737316 0.62110100000000013 0.68427750000000009 0.69344850000000013 0.76898500000000014 0.7359595000000001 0.30100000000000005
decision_type=2 2 2 2 2 2 2 2
left_child=1 2 3 -1 -4 6 -3 -2
right_child=7 5 4 -5 -6 -7 -8 -9
leaf_value=0.002323021629839936 0.0018173811197912037 0.0096984873224460894 0.0018397592519979562 -0.015426052400735213 -0.0087560398538626735 0.020502673502076539 -0.0061380782560875036 0.020930267180208267
leaf_weight=16.264107642084127 4.9146611225442056 25.958026200183667 110.41148272107603 41.42070555493774 48.760872908133024 8.9987290923017991 20.63653264567256 12.55874354546904
leaf_count=860 93 492 7061 9295 2094 182 553 93
internal_value=-0.000548233 -0.00179387 -0.00391825 -0.0103859 -0.001428 0.00621095 0.00256625 0.0166784
internal_weight=289.924 272.45 216.857 57.6848 159.172 55.5933 46.5946 17.4734
internal_count=20723 20537 19310 10155 9155 1227 1045 186
is_linear=0
shrinkage=0.025


Tree=179
num_leaves=9
num_cat=0
split_feature=39 64 22 2 46 43 47 18
split_gain=8.06967 7.51488 7.93152 5.91958 8.79456 5.45283 5.1224 3.78596
threshold=1.0000000180025095e-35 0.37513750000000007 0.5245105000000001 0.75259438157081615 0.58423250000000004 1.0000000180025095e-35 0.2511560000000001 0.7238635000000001
decision_type=2 2 2 2 2 2 2 2
left_child=5 2 6 4 -3 7 -2 -1
right_child=1 3 -4 -5 -6 -7 -8 -9
leaf_value=-0.0090410819927018767 0.0061447444382518278 0.0061318101922412174 0.017944986029081043 0.019283874683326568 -0.0082395704483334015 -0.024705036015686077 -0.01053958719926712 0.0077960944214072545
leaf_weight=25.333200384988231 12.362243732181012 131.59383050336328 6.701175731024704 14.380669627338646 31.024924468714744 9.2338553021218086 55.403419412519725 9.8122498948359844
leaf_count=3319 4308 3797 124 327 1803 1889 4869 207
internal_value=0.000234232 0.00201143 -0.00451978 0.00482093 0.00327764 -0.00932668 -0.00729952 -0.00397175
internal_weight=295.846 251.466 74.4668 176.999 162.619 44.3793 67.7657 35.1455
internal_count=20643 15228 9301 5927 5600 5415 9177 3526
is_linear=0
shrinkage=0.025


Tree=180
num_leaves=9
num_cat=0
split_feature=1 29 39 69 43 37 19 61
split_gain=7.78944 5.52998 4.37969 5.9801 4.91326 2.74942 1.87852 1.23484
threshold=0.45146444439888006 0.9893010000000001 1.0000000180025095e-35 0.93233600000000016 1.0000000180025095e-35 1.0000000180025095e-35 0.68236450000000015 0.70270150000000009
decision_type=2 2 2 2 2 2 2 2
left_child=5 2 4 -4 -2 7 -3 -1
right_child=1 6 3 -5 -6 -7 -8 -9
leaf_value=-0.020544191174207419 -0.0022837814346622753 -0.0021024910515906785 -0.017652173082237262 0.0023353241080280819 -0.023295283721674449 0.0042315374776740562 0.016610486808418746 0.004032437025118905
leaf_weight=14.446755869825211 31.727645645312805 2.7809989442466785 7.7368813172506625 211.20502374273929 7.5325759880724936 2.4319303398006005 15.798796324990688 0.20755086094141084
leaf_count=8173 1792 45 237 8737 960 588 98 3
internal_value=0 0.00104035 1.70448e-05 0.00144167 -0.00743066 -0.0154682 0.013513 -0.0193033
internal_weight=293.868 276.782 258.202 218.942 39.2602 17.0862 18.5798 14.6543
internal_count=20633 11869 11726 8974 2752 8764 143 8176
is_linear=0
shrinkage=0.025


Tree=181
num_leaves=9
num_cat=0
split_feature=29 62 19 61 22 64 28 30
split_gain=8.25296 8.20559 7.90096 5.43683 3.80975 3.9897 3.63236 2.27906
threshold=0.96721250000000014 0.41666666666666669 0.64445900000000012 0.068750000000000019 0.48337100000000005 0.37810950000000004 0.75473800000000013 0.33500000000000008
decision_type=2 2 2 2 2 2 2 2
left_child=1 4 6 -4 5 -1 -3 -6
right_child=-2 2 3 -5 7 -7 -8 -9
leaf_value=-0.00036786185839857047 0.015117877098429756 -0.024014417617862382 0.017013562303672274 -0.0030310128958449872 0.0098837142240743876 0.016351760687641007 0.0059070394371183704 -0.015626863355667101
leaf_weight=11.853934095424846 17.540196126472438 13.609993751753789 6.748646536609157 208.10406519288699 1.2794558671303082 25.248946099607565 1.7529810116539 4.5937805025605485
leaf_count=958 196 6984 507 11022 44 653 184 127
internal_value=-0.000548034 -0.00168367 -0.00358795 -0.00221571 0.00805639 0.0110726 -0.0198811 -0.00801791
internal_weight=290.732 273.192 230.216 214.853 42.9761 37.1029 15.363 5.87324
internal_count=20675 20479 18697 11529 1782 1611 7168 171
is_linear=0
shrinkage=0.025


Tree=182
num_leaves=9
num_cat=0
split_feature=22 62 61 0 39 68 46 0
split_gain=6.41161 9.49804 7.85544 7.57877 6.46129 5.18594 6.46124 3.87689
threshold=0.46480350000000009 0.41666666666666669 0.72100950000000008 0.44220000000000009 1.0000000180025095e-35 0.98238650000000016 0.6739130000000001 0.71008700000000013
decision_type=2 2 2 2 2 2 2 2
left_child=1 -1 3 -3 -2 6 -6 -4
right_child=4 2 7 -5 5 -7 -8 -9
leaf_value=0.0078984738908843954 -0.011394415873460999 -0.00052967619948577347 -0.014882151539846301 -0.012542617814728908 0.013266422825835851 -0.016817175624214583 -0.0038196766515475574 0.010897845084954862
leaf_weight=35.847086394891448 11.182929562964999 53.741627290610268 2.3264125715359141 88.953895222117353 53.749248595471727 3.1514802679303093 16.570603129715892 20.671100166393444
leaf_count=1565 666 7257 62 8490 737 149 1235 449
internal_value=-0.000943449 -0.00338366 -0.00593433 -0.00814002 0.00472353 0.00751313 0.00914216 0.00700789
internal_weight=286.194 201.54 165.693 142.696 84.6543 73.4713 70.3199 22.9975
internal_count=20610 17823 16258 15747 2787 2121 1972 511
is_linear=0
shrinkage=0.025


Tree=183
num_leaves=9
num_cat=0
split_feature=60 9 0 24 62 46 61 17
split_gain=7.4167 7.88707 8.1074 9.18723 6.6061 6.24829 4.18133 5.26802
threshold=0.82000000000000017 0.95350000000000013 0.80456700000000014 0.25000000000000006 0.91666666666666685 0.86497000000000013 0.49346600000000007 0.65940750000000004
decision_type=2 2 2 2 2 2 2 2
left_child=1 2 3 -1 -4 -2 7 -3
right_child=5 6 4 -5 -6 -7 -8 -9
leaf_value=-0.010924506959081468 -0.022443605391655224 0.015315498166451016 0.011907875933825161 0.0017337556909931802 -0.013289519610025525 -0.0022472249060085264 0.01510432997358226 -0.0098264445774074779
leaf_weight=56.731608956119089 12.506887954486954 6.7125241777393994 42.552609006481362 88.799917369062314 5.6433575816627117 32.749379519831564 35.806769696238916 10.933688149176303
leaf_count=7595 2858 149 850 6137 351 1967 464 325
internal_value=0.000351435 0.00209548 -0.000243903 -0.0032311 0.0083961 -0.00870099 0.0104123 0
internal_weight=292.437 247.18 193.727 145.532 48.196 45.2563 53.453 17.6462
internal_count=20696 15871 14933 13732 1201 4825 938 474
is_linear=0
shrinkage=0.025


Tree=184
num_leaves=9
num_cat=0
split_feature=66 61 0 61 60 16 9 0
split_gain=7.05448 6.03433 11.9532 7.78233 5.39216 3.88696 5.61323 3.74507
threshold=0.13454350000000004 0.48281650000000004 0.48566650000000006 0.28370650000000003 0.49000000000000005 0.7148580000000001 0.81800000000000006 0.77566650000000015
decision_type=2 2 2 2 2 2 2 2
left_child=4 2 3 -2 -1 6 -3 -7
right_child=1 5 -4 -5 -6 7 -8 -9
leaf_value=0.004005949551338703 -0.0014703765038239138 -0.00055011019269167005 -0.013390526392914654 0.01783138679137633 -0.016107731753174401 -0.017935121936476808 0.010878151187480718 0.001349997204140794
leaf_weight=10.173501554419998 48.907588483025393 40.046588261175202 41.494718611575081 15.423174074268898 25.760378962575487 5.8750820356071918 71.791831496811938 27.692551108280895
leaf_count=1248 4460 1191 3866 469 6768 147 1516 955
internal_value=-0.000230141 0.00125119 -0.00321437 0.00344223 -0.0103045 0.0045516 0.00678232 -0.00263317
internal_weight=287.165 251.232 105.825 64.3308 35.9339 145.406 111.838 33.5676
internal_count=20620 12604 8795 4929 8016 3809 2707 1102
is_linear=0
shrinkage=0.025


Tree=185
num_leaves=9
num_cat=0
split_feature=4 60 20 39 22 69 17 29
split_gain=7.36094 5.45254 7.30595 5.3372 7.50173 4.74301 4.0493 3.46691
threshold=1.0000000180025095e-35 0.82000000000000017 0.67350250000000011 1.0000000180025095e-35 0.49192400000000008 0.81216650000000012 0.63418550000000007 0.96721250000000014
decision_type=2 2 2 2 2 2 2 2
left_child=1 3 -3 5 -5 -1 -4 -2
right_child=7 2 6 4 -6 -7 -8 -9
leaf_value=-0.0007261373275973354 -0.021171037308553804 -0.024230138466779155 0.0078377662104461201 0.0011046471315803448 0.012552312864079349 -0.022026988939825836 -0.0085260074444822326 0.0069295296187545643
leaf_weight=25.67870740905164 12.346236264087562 9.6371895624688459 15.21687049535103 148.39711031049046 46.127549641008954 7.2252263260943428 18.71227982029086 1.9181455722864491
leaf_count=2385 2567 2573 619 9308 708 1258 1224 18
internal_value=-0.000185374 0.000763103 -0.00710222 0.00235126 0.00395751 -0.00661251 -0.000950516 -0.0165437
internal_weight=285.259 270.995 43.5663 227.429 194.525 32.9039 33.9292 14.2644
internal_count=20660 18075 4416 13659 10016 3643 1843 2585
is_linear=0
shrinkage=0.025


Tree=186
num_leaves=9
num_cat=0
split_feature=4 9 62 61 17 0 61 65
split_gain=9.13137 7.38412 4.74941 5.65264 4.15372 3.91483 7.22633 4.01778
threshold=1.0000000180025095e-35 0.75000000000000011 0.75000000000000011 0.49446450000000003 0.71436200000000005 0.43580000000000002 0.70270150000000009 0.024163
decision_type=2 2 2 2 2 2 2 2
left_child=1 5 3 -3 -4 7 -7 -1
right_child=-2 2 4 -5 -6 6 -8 -9
leaf_value=-0.0074148219066074109 -0.018406083660490895 -2.145078461673725e-05 -0.0094008032264085439 0.0094664479636620124 0.0079738795369169724 -0.017744887909835801 0.0015184441660206346 0.0093094356970785924
leaf_weight=15.050072454610929 14.018235581037514 64.631758371506294 26.26531719705963 92.072649671550607 10.171274775653727 27.081552125731832 19.278897166834213 16.712925684045331
leaf_count=4261 2574 2046 1665 1921 362 6018 559 1195
internal_value=-3.60181e-05 0.00101362 0.00365346 0.00555501 -0.00419299 -0.00534743 -0.00984768 0.00119313
internal_weight=285.283 271.264 193.141 156.704 36.4366 78.1234 46.3604 31.763
internal_count=20601 18027 5994 3967 2027 12033 6577 5456
is_linear=0
shrinkage=0.025


Tree=187
num_leaves=9
num_cat=0
split_feature=1 49 22 3 0 30 66 68
split_gain=5.81754 6.90782 5.18727 4.93513 4.67023 7.73716 4.88738 4.34221
threshold=0.61249238252639782 1.0000000180025095e-35 0.41066550000000007 0.93179589509964 0.30946700000000005 0.75000000000000011 0.95066400000000006 0.86733350000000009
decision_type=2 2 2 2 2 2 2 2
left_child=1 4 -3 -4 5 -1 -6 -2
right_child=7 2 3 -5 6 -7 -8 -9
leaf_value=0.0028193791312264706 0.00053104370290630437 -0.013920897746638584 -0.019667715629004198 0.0030542175907796675 0.011442422619654958 -0.026887337739965451 -0.01518524159041945 0.0094287935125580806
leaf_weight=18.348944196262895 99.382598025928019 42.045780355774696 5.2510493237932669 31.16564753370767 33.574646204917372 5.4482470903312779 2.9266038779096553 52.19897537320503
leaf_count=4412 2101 8824 338 1429 1259 336 221 1754
internal_value=0.000341218 -0.0033043 -0.00813389 -0.000880255 0.00291912 -0.00524833 0.00843475 0.00372681
internal_weight=290.342 138.761 78.4625 36.4167 60.2984 23.7972 36.5013 151.582
internal_count=20674 16819 10591 1767 6228 4748 1480 3855
is_linear=0
shrinkage=0.025


Tree=188
num_leaves=9
num_cat=0
split_feature=68 22 19 17 0 60 17 0
split_gain=6.58983 4.65621 6.09986 5.57107 4.36518 4.2155 5.71089 6.05538
threshold=0.45270850000000007 0.25748900000000002 0.70445500000000016 0.64677850000000014 0.83443300000000009 0.68000000000000005 0.63418550000000007 0.80480000000000007
decision_type=2 2 2 2 2 2 2 2
left_child=1 3 -3 -1 -4 -2 7 -7
right_child=5 2 4 -5 -6 6 -8 -9
leaf_value=-0.0078633715505895142 0.0049582733951047935 -0.020850832986931779 0.00152095985123333 0.015200506695800595 -0.019859130017495868 -0.0048324215389637798 -0.011343197400616581 0.016227694488212895
leaf_weight=11.207784532856751 161.02652682921325 17.765527788402323 27.353462607279653 10.77195804315488 5.4018584474979425 17.972500264120757 25.10280868263726 12.707385130212058
leaf_count=5640 4060 5380 1317 912 226 752 1881 532
internal_value=0.000699787 -0.00569384 -0.00979567 0.00345219 -0.00272905 0.00290458 -0.00286039 0.00412031
internal_weight=289.31 72.5006 50.5208 21.9797 32.7553 216.809 55.7827 30.6799
internal_count=20700 13475 6923 6552 1543 7225 3165 1284
is_linear=0
shrinkage=0.025


Tree=189
num_leaves=9
num_cat=0
split_feature=39 60 9 55 2 43 14 2
split_gain=7.41412 7.55423 5.54634 6.23984 5.25418 5.21757 4.7354 4.62244
threshold=1.0000000180025095e-35 0.68000000000000005 0.97000000000000008 1.0000000180025095e-35 0.68759378790855419 1.0000000180025095e-35 1.0000000180025095e-35 0.60071480274200451
decision_type=2 2 2 2 2 2 2 2
left_child=5 2 3 -2 6 7 -3 -1
right_child=1 4 -4 -5 -6 -7 -8 -9
leaf_value=-0.015044131134407061 -0.0023017931292827194 0.00029468077673140946 0.012628523652917046 0.0080416855177051459 0.0050798102161211675 -0.024086689176163273 -0.016392655443557683 0.0027146420735428443
leaf_weight=12.131781949632567 80.850353362799069 15.624861865064302 40.542700660531409 62.395799781437745 18.429694367689081 8.9116029183805932 25.994721834744269 23.334109203853586
leaf_count=2948 5811 1491 593 2990 763 1911 3576 606
internal_value=0.000371486 0.0021232 0.00465258 0.00220072 -0.00539789 -0.0087683 -0.0102297 -0.00363871
internal_weight=288.216 243.838 183.789 143.246 60.0493 44.3775 41.6196 35.4659
internal_count=20689 15224 9394 8801 5830 5465 5067 3554
is_linear=0
shrinkage=0.025


Tree=190
num_leaves=9
num_cat=0
split_feature=39 29 47 4 60 64 73 81
split_gain=6.36586 5.48105 5.17838 4.15947 3.76772 3.35917 2.86654 2.52549
threshold=1.0000000180025095e-35 0.52868100000000007 0.93492100000000011 1.0000000180025095e-35 0.82000000000000017 0.77668750000000009 -1.0000000180025095e-35 1.0000000180025095e-35
decision_type=2 2 2 2 2 2 2 2
left_child=2 3 7 4 -2 -4 -5 -1
right_child=1 -3 5 6 -6 -7 -8 -9
leaf_value=-0.016020970672974297 0.0019965439248271167 0.010387258169217543 0.011517892103172426 0.0054315568561581953 -0.0072425369224679119 -0.01275206451231002 -0.021145769814388427 0.0081081947136556354
leaf_weight=29.596785022404223 166.22095814511704 32.414896516331282 9.0613934842986037 1.9687191858247386 30.887634623109989 3.1555890641175202 7.5274005876599386 1.3444432870892331
leaf_count=5218 9488 708 67 49 3054 60 1816 91
internal_value=-0.00044759 0.00114198 -0.00907773 -0.000358272 0.000452872 0.0038095 -0.0149971 -0.0143162
internal_weight=282.178 239.02 43.1582 206.605 197.109 12.217 9.49612 30.9412
internal_count=20551 15115 5436 14407 12542 127 1865 5309
is_linear=0
shrinkage=0.025


Tree=191
num_leaves=9
num_cat=0
split_feature=29 19 17 31 22 0 20 70
split_gain=7.7343 6.57139 8.62502 4.38112 3.44628 7.03768 4.10901 1.53959
threshold=0.9893010000000001 0.70111250000000014 0.62110100000000013 0.22932700000000003 0.29499550000000008 0.77323350000000013 0.69953950000000009 0.66479400000000011
decision_type=2 2 2 2 2 2 2 2
left_child=1 2 7 -4 6 -6 -3 -1
right_child=-2 4 3 -5 5 -7 -8 -9
leaf_value=0 0.015670868757543574 0.019746583484645294 -0.0068794856166616404 0.0054370765711839611 -0.0060703080138039016 0.0047870711414045664 -0.00098118161530288375 -0.021141375215524439
leaf_weight=2.7609580122116339 16.723468455227703 11.602081131219167 40.159482922656025 29.183728955686092 59.368906593015708 92.803449805327546 9.1777019561268371 20.133863267384186
leaf_count=434 187 295 4327 1867 1979 3222 244 8150
internal_value=0.000115669 -0.000947164 -0.006282 -0.00158371 0.0018944 0.000478703 0.0109802 -0.0189403
internal_weight=281.914 265.19 92.238 69.3432 172.952 152.172 20.7798 22.8948
internal_count=20705 20518 14778 6194 5740 5201 539 8584
is_linear=0
shrinkage=0.025


Tree=192
num_leaves=9
num_cat=0
split_feature=62 39 61 22 21 16 19 22
split_gain=7.77571 6.33411 6.01025 7.15344 5.2416 7.03711 5.46524 5.75586
threshold=0.58333333333333337 1.0000000180025095e-35 0.91961550000000014 0.49192400000000008 0.70400000000000007 0.62843950000000015 0.71904200000000007 0.19813650000000002
decision_type=2 2 2 2 2 2 2 2
left_child=4 -2 3 -3 6 -6 7 -1
right_child=1 2 -4 -5 5 -7 -8 -9
leaf_value=0.012739918001059525 -0.01557382621693618 -0.0061881173620713329 0.021972458875321135 0.0081575807700300044 -0.0092280886562655842 0.01120095160989156 0.011375085433295786 -0.0089149618408956091
leaf_weight=7.2512176101499781 22.041517015479258 87.6212581613363 4.4788688896223894 26.455914564226987 10.320720920353777 72.523991392867174 14.548903176444581 41.200515029919188
leaf_count=1056 3966 9229 50 826 271 1562 238 3397
internal_value=0.000303352 -0.00383609 -0.00136948 -0.00271333 0.00434249 0.00840999 -0.000985006 -0.00514891
internal_weight=286.443 140.598 118.556 114.077 145.845 82.8447 63.0006 48.4517
internal_count=20595 14071 10105 10055 6524 1833 4691 4453
is_linear=0
shrinkage=0.025


Tree=193
num_leaves=9
num_cat=0
split_feature=62 61 22 9 25 72 6 6
split_gain=9.94755 7.21031 5.69481 4.38247 5.60661 4.66561 4.61946 4.17871
threshold=0.75000000000000011 0.91961550000000014 0.49192400000000008 0.71000000000000008 0.75000000000000011 0.54686350000000006 0.53018700000000007 0.77638050000000003
decision_type=2 2 2 2 2 2 2 2
left_child=3 2 -2 4 5 -1 -6 -4
right_child=1 -3 7 -5 6 -7 -8 -9
leaf_value=-0.0094766301365789354 -0.016502404858007021 0.017943147599432416 0.0089175839557810305 0.0040440154141563071 0 0.011014229331355164 -0.023495599400839017 -0.01675120524478366
leaf_weight=9.3039583288446028 39.423301583045031 3.6714336993172756 11.220638082624644 177.78080537365167 7.8059080295661287 15.585104658086491 10.901147954815313 3.6169652596581718
leaf_count=3800 7484 44 464 4758 1881 751 1117 290
internal_value=-0.00011746 -0.00918562 -0.0117271 0.00228301 -0.00459608 0.00294034 -0.0143008 0.000968381
internal_weight=279.309 57.9323 54.2609 221.377 43.5961 24.8891 18.7071 14.8376
internal_count=20589 8282 8238 12307 7549 4551 2998 754
is_linear=0
shrinkage=0.025


Tree=194
num_leaves=9
num_cat=0
split_feature=68 2 60 60 0 0 32 2
split_gain=7.506 4.59891 4.39623 3.67204 5.12961 3.78174 3.21035 4.04192
threshold=0.33700000000000008 0.72590318322181713 0.68000000000000005 0.82000000000000017 0.8454330000000001 0.81016700000000008 0.097470000000000015 0.74419146776199352
decision_type=2 2 2 2 2 2 2 2
left_child=2 3 -1 5 -5 -2 7 -3
right_child=1 6 -4 4 -6 -7 -8 -9
leaf_value=-0.0045477114096710769 -0.00024478194756654293 0.012962240706709281 -0.022734124732011599 -0.0010626033699238156 -0.023320034011845146 0.009452608860333972 0.01500011597519408 -0.014173718209561863
leaf_weight=37.887769807388395 132.13386826938586 4.3699347935616988 9.9652314540862772 24.27222363478359 7.3591402154088419 28.633835888220347 21.773825956275687 5.3282706812024117
leaf_count=8421 5180 60 3333 1616 898 613 468 99
internal_value=-0.00044769 0.00146488 -0.00924552 0 -0.00754273 0.00153124 0.0100176 -0.00117969
internal_weight=271.724 223.871 47.853 192.399 31.6314 160.768 31.472 9.69821
internal_count=20688 8934 11754 8307 2514 5793 627 159
is_linear=0
shrinkage=0.025


Tree=195
num_leaves=9
num_cat=0
split_feature=18 47 0 61 0 61 67 20
split_gain=7.07492 4.4611 5.40481 9.92601 6.21987 5.0823 3.54632 2.77601
threshold=0.63366850000000008 0.92356600000000011 0.48566650000000006 0.48281650000000004 0.29846700000000009 0.47019250000000007 0.87500000000000011 0.57195950000000007
decision_type=2 2 2 2 2 2 2 2
left_child=7 2 4 -4 -2 -3 -7 -1
right_child=1 5 3 -5 -6 6 -8 -9
leaf_value=0.0011576152591649285 -0.0074821173215037576 -0.012145603045456343 -0.014734020733809909 0.00052865443245163595 0.0094464628372540743 0.0024647068135176531 0.015623849115105207 -0.018543864917974121
leaf_weight=4.8549629262306579 16.12891831882007 5.6163926329463711 33.889984861722041 99.453221020667115 50.567718849579251 26.859310150612146 27.638337200740352 14.694983853151824
leaf_count=2566 849 117 3618 3992 2149 266 190 6977
internal_value=9.15894e-05 0.0012491 -0.000528281 -0.00345544 0.00514489 0.00711094 0.00958792 -0.0136499
internal_weight=279.704 260.154 200.04 133.343 66.6966 60.114 54.4976 19.5499
internal_count=20724 11181 10608 7610 2998 573 456 9543
is_linear=0
shrinkage=0.025


Tree=196
num_leaves=9
num_cat=0
split_feature=19 17 47 29 58 62 0 6
split_gain=6.53504 5.62965 5.39381 5.35726 4.06564 3.87191 3.91771 3.31504
threshold=0.68314600000000014 0.62110100000000013 0.3235995000000001 0.60023650000000017 0.33916700000000005 0.91666666666666685 0.80083350000000009 0.53018700000000007
decision_type=2 2 2 2 2 2 2 2
left_child=1 -1 -3 5 -4 7 -7 -2
right_child=3 2 4 -5 -6 6 -8 -9
leaf_value=-0.018490209772010904 0.013054738829520627 0.0067639454993749931 -0.017811721712021809 0.012663110572232945 0.0023455943158773806 7.2911103318152915e-07 -0.022606878064765815 0.00090217282710662421
leaf_weight=16.25172442141502 13.623759080001035 21.561459046131858 13.43949247634737 25.914615864952793 8.8183860402714327 9.6368689632872719 6.3993492090230566 164.41966038974351
leaf_count=7826 480 3173 900 308 789 829 611 5699
internal_value=0.000372171 -0.00677028 -0.00164254 0.00239968 -0.00998143 0.000875812 -0.0101116 0.00200842
internal_weight=280.065 60.0711 43.8193 219.994 22.2579 194.08 16.0362 178.043
internal_count=20615 12688 4862 7927 1689 7619 1440 6179
is_linear=0
shrinkage=0.025


Tree=197
num_leaves=9
num_cat=0
split_feature=1 29 2 17 68 61 88 37
split_gain=5.222 4.59285 3.82278 4.13716 2.30044 1.55462 1.23679 1.29873
threshold=0.44463366270065313 0.96721250000000014 0.73102048039436351 0.62224500000000005 0.80729150000000016 0.70270150000000009 1.0000000180025095e-35 1.0000000180025095e-35
decision_type=2 2 2 2 2 2 2 2
left_child=5 2 3 -2 -4 6 7 -1
right_child=1 -3 4 -5 -6 -7 -8 -9
leaf_value=-0.019535103910973906 -0.0068786550683219844 0.012320012493672504 0.0008567574005218173 0.00095999940768204969 0.014539577041794522 0.0077320025170988021 0.0038761929177842077 0
leaf_weight=11.915284665042229 54.584670228661707 19.150723988932441 16.851186714367945 158.84321427784016 14.926504209957782 0.41692437976598817 0.64118155639516849 1.8184367633584777
leaf_count=7776 4957 171 259 6407 417 4 134 531
internal_value=0.000261053 0.00113763 0.000141332 -0.00105519 0.00798619 -0.0132279 -0.015164 -0.0169093
internal_weight=279.148 264.356 245.206 213.428 31.7777 14.7918 14.3749 13.7337
internal_count=20656 12211 12040 11364 676 8445 8441 8307
is_linear=0
shrinkage=0.025


Tree=198
num_leaves=9
num_cat=0
split_feature=60 69 1 69 18 22 9 3
split_gain=7.70614 6.31924 5.62925 5.395 5.6046 5.34643 6.34242 4.76811
threshold=0.82000000000000017 0.93233600000000016 0.72047656774520885 0.89411000000000007 0.72242750000000011 0.49192400000000008 0.95350000000000013 0.96600428223609935
decision_type=2 2 2 2 2 2 2 2
left_child=1 3 7 4 -1 6 -3 -2
right_child=2 5 -4 -5 -6 -7 -8 -9
leaf_value=-0.0097351555081793134 -0.018620176875480263 -0.0011494360868163889 0.011020082184427427 -0.029871450143855088 0.011033487712144715 0.01108241344758025 0.011293265697130437 1.584943823329294e-05
leaf_weight=22.785828425987347 25.544967414572056 122.4333976689195 5.3125121607445172 3.7458364416088434 9.941081974830011 45.438234284985811 30.063890015808283 11.299042304557586
leaf_count=2968 3374 10995 247 244 138 857 600 1214
internal_value=0.000113196 0.00192941 -0.00944587 -0.00730851 -0.00293842 0.00372524 0.00136946 -0.0130054
internal_weight=276.565 234.408 42.1565 36.4727 32.7269 197.936 152.497 36.844
internal_count=20637 15802 4835 3350 3106 12452 11595 4588
is_linear=0
shrinkage=0.025


Tree=199
num_leaves=9
num_cat=0
split_feature=21 6 1 68 20 64 49 2
split_gain=6.05498 8.69641 6.85606 6.38968 8.0729 7.0146 4.53016 5.86964
threshold=0.70400000000000007 0.53018700000000007 0.48178182542324072 0.74916650000000018 0.74987000000000015 0.9083500000000001 1.0000000180025095e-35 0.64665615558624279
decision_type=2 2 2 2 2 2 2 2
left_child=1 2 -1 4 5 -2 -5 -8
right_child=3 -3 -4 6 -6 -7 7 -9
leaf_value=-0.010493002235977962 0.0055640428712119619 -0.010050836727330779 0.010245527830231131 0.023135209019587058 -0.019658001139291365 -0.014984093132859078 -0.003671670214390934 0.0099618201642830903
leaf_weight=12.25548849719962 47.467118635526276 71.285774356372713 30.38038115168456 8.2640650767134485 12.279963656619655 11.083623673468535 29.317073201411404 50.380027507897466
leaf_count=7334 1769 6275 1636 110 329 509 1329 1316
internal_value=-0.000406463 -0.00478265 0.00391325 0.00270692 -0.00276703 0.00118398 0.00716171 0.00488774
internal_weight=272.714 113.922 42.6359 158.792 70.8307 58.5507 87.9612 79.6971
internal_count=20607 15245 8970 5362 2607 2278 2755 2645
is_linear=0
shrinkage=0.025


Tree=200
num_leaves=9
num_cat=0
split_feature=2 22 31 49 64 46 67 25
split_gain=6.34855 5.81391 8.30267 5.37655 5.21281 5.39815 4.75301 7.18262
threshold=0.68431133031845104 0.40872900000000006 0.43963300000000005 1.0000000180025095e-35 0.9494100000000002 0.83257000000000014 0.87500000000000011 1.0000000180025095e-35
decision_type=2 2 2 2 2 2 2 2
left_child=1 2 3 -1 5 -3 7 -2
right_child=6 4 -4 -5 -6 -7 -8 -9
leaf_value=-0.0022439671609703828 0.0079678946533673599 0.011108389610793924 0.0088216957545734533 -0.013989199778901519 -0.0048983368073523929 -0.014718903318102428 0.011583265129110797 -0.013395456343132318
leaf_weight=46.910426404194368 22.126579936943017 39.919749909509846 17.7629527349618 55.376507092638349 30.313700365564728 3.7698772365984032 39.337667664833134 14.551006872672586
leaf_count=5582 390 1176 1267 8878 1501 396 965 375
internal_value=-0.000243526 -0.00266821 -0.00604722 -0.0088209 0.0027295 0.00816891 0.00575983 -0.000568036
internal_weight=270.068 194.053 120.05 102.287 74.0033 43.6896 76.0153 36.6776
internal_count=20530 18800 15727 14460 3073 1572 1730 765
is_linear=0
shrinkage=0.025


Tree=201
num_leaves=9
num_cat=0
split_feature=29 18 39 69 55 2 65 19
split_gain=6.46377 5.60434 5.07065 4.37265 4.15712 2.83092 2.61032 1.39108
threshold=0.9893010000000001 0.6348585000000001 1.0000000180025095e-35 0.94375000000000009 1.0000000180025095e-35 0.68431133031845104 0.21720300000000001 0.68063400000000007
decision_type=2 2 2 2 2 2 2 2
left_child=1 5 4 -4 -3 6 -1 -2
right_child=7 2 3 -5 -6 -7 -8 -9
leaf_value=-0.021407644138126247 0 -0.0026858639690725259 -0.012247677900565038 0.0029687354133155256 -0.02248345164775839 0.0068691743036469483 0 0.016786206672767062
leaf_weight=12.794576381873418 3.2357726074951669 28.78241432854702 10.472602579575321 188.82559188961386 7.4257243838947025 2.3342781371902666 4.7922804323734445 15.123929891735314
leaf_count=8886 86 1625 318 7802 1046 38 775 100
internal_value=0.000363138 -0.000684237 0.000406937 0.00201815 -0.0079067 -0.0127864 -0.0162131 0.0139388
internal_weight=273.787 255.427 235.506 199.298 36.2081 19.9211 17.5869 18.3597
internal_count=20676 20490 10791 8120 2671 9699 9661 186
is_linear=0
shrinkage=0.025


Tree=202
num_leaves=9
num_cat=0
split_feature=60 20 31 61 0 0 1 55
split_gain=5.15224 5.82229 4.6774 5.11211 5.17408 4.39143 3.72105 4.30645
threshold=0.82000000000000017 0.69720050000000011 0.31505900000000003 0.71629350000000003 0.71008700000000013 0.48566650000000006 0.72047656774520885 1.0000000180025095e-35
decision_type=2 2 2 2 2 2 2 2
left_child=2 -2 3 5 -5 -1 7 -3
right_child=1 6 -4 4 -6 -7 -8 -9
leaf_value=0.0033350179971931449 -0.018083984081765193 0.010153612362946365 0.0077228574331588921 -0.013951990047136185 0.012822717490801414 -0.0055740022746897863 0.016107302886007813 -0.011449302944484208
leaf_weight=51.890626616513146 16.851024743642483 6.3829966924386143 58.580769883825269 3.4146880968473878 26.040056527359411 92.180988578649703 4.9584425855427972 15.908780939800636
leaf_count=7482 3283 64 2402 88 468 5272 230 1282
internal_value=0.000208033 -0.00740208 0.00173691 -0.000306135 0.00879054 -0.00231215 0 -0.00462812
internal_weight=276.208 44.1012 232.107 173.526 29.4547 144.072 27.2502 22.2918
internal_count=20571 4859 15712 13310 556 12754 1576 1346
is_linear=0
shrinkage=0.025


Tree=203
num_leaves=9
num_cat=0
split_feature=2 60 48 49 67 16 41 69
split_gain=5.19381 6.73239 4.75629 4.95936 4.48469 3.70526 3.70219 3.1251
threshold=0.68278563022613536 0.82000000000000017 0.67393350000000007 1.0000000180025095e-35 0.87500000000000011 0.70402550000000008 1.0000000180025095e-35 0.96122150000000006
decision_type=2 2 2 2 2 2 2 2
left_child=1 2 3 -1 5 6 -2 -4
right_child=4 -3 7 -5 -6 -7 -8 -9
leaf_value=0.0036814895516957061 0.0090539351122845852 -0.012514645237890303 -0.006851513226464644 -0.0054930570747518991 0.011199996706022888 -0.015498619113618498 -0.0074585328766805211 0.014794488103661105
leaf_weight=63.775937231744138 21.643349925754592 28.402423590514445 3.4701473123859641 80.616895354681219 42.258811742009129 6.2060013783629975 10.993935739272272 18.075434881146066
leaf_count=5569 390 4141 115 8682 1046 144 267 314
internal_value=0.000497587 -0.00169407 0.000240333 -0.00139464 0.00575396 -0.000245623 0.00316565 0.0107038
internal_weight=275.443 194.341 165.938 144.393 81.1021 38.8433 32.6373 21.5456
internal_count=20668 18821 14680 14251 1847 801 657 429
is_linear=0
shrinkage=0.025


Tree=204
num_leaves=9
num_cat=0
split_feature=60 20 31 61 62 0 34 17
split_gain=5.50336 4.90254 4.51769 6.02776 4.50418 3.65624 3.05328 4.34758
threshold=0.68000000000000005 0.67350250000000011 0.31505900000000003 0.71629350000000003 0.58333333333333337 0.71008700000000013 0.29067950000000004 0.63510400000000011
decision_type=2 2 2 2 2 2 2 2
left_child=2 -2 3 4 -1 -5 -3 -8
right_child=1 6 -4 5 -6 -7 7 -9
leaf_value=0.0024644215003740209 -0.018160977608201068 -0.010545172069620037 0.0082213183772292912 -0.0097488845640989006 -0.0068270882346822825 0.013907224581787525 0.010373175866487137 -0.0059329170364331102
leaf_weight=60.738944425069349 13.816615408914002 15.777011696369298 56.001501282618847 3.0096338004223098 64.702597126117325 23.342482770327479 17.733129654312506 18.849648454357521
leaf_count=3052 4165 1169 2269 76 7722 389 568 1179
internal_value=0.000257178 -0.00588489 0.00228644 0 -0.00230121 0.0104439 -0.00195854 0.00190489
internal_weight=273.972 66.1764 207.795 151.794 125.442 26.3521 52.3598 36.5828
internal_count=20589 7081 13508 11239 10774 465 2916 1747
is_linear=0
shrinkage=0.025


Tree=205
num_leaves=9
num_cat=0
split_feature=4 60 17 9 31 68 43 39
split_gain=6.38353 4.74202 4.55225 7.18003 5.19387 3.84441 3.99152 3.19274
threshold=1.0000000180025095e-35 0.82000000000000017 0.63418550000000007 0.65000000000000013 1.0000000180025095e-35 0.48877350000000003 1.0000000180025095e-35 1.0000000180025095e-35
decision_type=2 2 2 2 2 2 2 2
left_child=1 5 3 -3 -4 7 -7 -1
right_child=-2 2 4 -5 -6 6 -8 -9
leaf_value=-0.01412802833311071 -0.015441339606496693 -0.019366481990330465 0.0069957171831322527 0.0098312987525561724 -0.020416789707863526 0.0061189368156438096 -0.0073126091631536723 0.00023350129845681238
leaf_weight=9.8236601346416119 12.837894860117556 5.2726446709175461 4.1320747488498482 16.77148676377692 15.635214151006947 147.21925982425455 13.06899522920139 47.757609743927787
leaf_count=2895 2621 1652 217 719 1772 3505 663 6520
internal_value=0.000473091 0.00140052 -0.00607042 0.00150567 -0.0142258 0.00291056 0.00490097 -0.00248277
internal_weight=272.519 259.681 41.8114 22.0441 19.7673 217.87 160.288 57.5813
internal_count=20564 17943 4360 2371 1989 13583 4168 9415
is_linear=0
shrinkage=0.025


Tree=206
num_leaves=9
num_cat=0
split_feature=62 4 61 22 0 18 48 61
split_gain=6.51514 6.09811 5.03287 5.80149 5.87597 4.10381 3.34341 5.04238
threshold=0.75000000000000011 1.0000000180025095e-35 0.91961550000000014 0.49717600000000006 0.83220000000000016 0.72799350000000007 0.25536650000000005 0.22660250000000001
decision_type=2 2 2 2 2 2 2 2
left_child=1 6 3 5 -5 -2 -1 -8
right_child=2 -3 -4 4 -6 -7 7 -9
leaf_value=0.013280040773660632 -0.018508689802851783 -0.016965646642488657 0.014740412879256407 0.013323177766045753 -0.01705231871613638 0.001424928272037629 -0.018052350337066436 0.0023909016562014699
leaf_weight=14.911110800646382 31.5625705443681 8.4546585061916613 3.6571429846808305 9.8361713148187828 3.9297524793655603 6.8116457753640125 5.810870062842695 184.25192447925383
leaf_count=1906 7259 1294 45 344 346 279 847 8280
internal_value=-0.000376659 0.00159689 -0.00784942 -0.0100584 0.003113 -0.0148893 0.00255533 0.00154536
internal_weight=269.226 213.429 55.7973 52.1401 13.7659 38.3742 204.974 190.063
internal_count=20600 12327 8273 8228 690 7538 11033 9127
is_linear=0
shrinkage=0.025


Tree=207
num_leaves=9
num_cat=0
split_feature=71 60 22 3 31 20 17 58
split_gain=5.84634 5.47434 5.51062 5.42032 4.6495 3.86807 3.53439 1.71275
threshold=1.0000000180025095e-35 0.82000000000000017 0.38669450000000005 0.93345066905021679 0.6286845000000002 0.69720050000000011 0.62604550000000014 0.13250000000000003
decision_type=2 2 2 2 2 2 2 2
left_child=1 2 4 -4 -1 7 -7 -3
right_child=-2 5 3 -5 -6 6 -8 -9
leaf_value=-0.0038743150904228573 -0.018789922543742881 0 -0.0062166739925758122 0.008191723940507269 0.013535263618274208 0.0094984239552866612 -0.008458701751789692 -0.021429648662434918
leaf_weight=99.08901907397194 8.6139053025035519 2.2375810555640774 17.681196671073849 90.179864019810339 8.4978087865274556 8.762234137393536 16.380944042128249 11.472722500659982
leaf_count=11242 1666 204 625 2094 521 453 1090 2729
internal_value=-0.000605887 0.000122613 0.00172777 0.00569137 -0.00220884 -0.00824347 -0.00168568 -0.0180467
internal_weight=262.915 254.301 215.448 107.861 107.587 38.8535 25.1432 13.7103
internal_count=20624 18958 14482 2719 11763 4476 1543 2933
is_linear=0
shrinkage=0.025


Tree=208
num_leaves=9
num_cat=0
split_feature=61 0 64 66 48 48 1 25
split_gain=5.82251 10.0585 5.85295 5.80236 5.50776 5.1916 2.95076 2.93905
threshold=0.48281650000000004 0.48566650000000006 0.36222550000000003 0.53310800000000003 0.72936650000000014 0.15416700000000003 0.45146444439888006 1.0000000180025095e-35
decision_type=2 2 2 2 2 2 2 2
left_child=1 2 5 7 -3 -1 -4 -2
right_child=3 4 6 -5 -6 -7 -8 -9
leaf_value=0.011287045528279249 0.0010354157995714852 -0.016402669737078709 -0.010112220292016791 0.0050468321428437787 0.0088242084178627844 -0.013212434762569817 0.0086213132397255591 -0.016083732308947399
leaf_weight=5.0665467124581509 9.8589608526381216 40.471085329372727 3.9030345059818492 127.29421895017731 4.5145569210581007 21.046219262979321 42.967657405737555 11.48762612674909
leaf_count=1148 597 6100 943 3376 83 6455 1238 710
internal_value=-0.000271875 -0.00440449 0.00127696 0.00297312 -0.0134435 -0.00772732 0.00655787 -0.00844459
internal_weight=266.61 117.969 72.9835 148.641 44.9856 26.1128 46.8707 21.3466
internal_count=20650 15967 9784 4683 6183 7603 2181 1307
is_linear=0
shrinkage=0.025


Tree=209
num_leaves=9
num_cat=0
split_feature=29 19 15 0 61 28 19 0
split_gain=5.02744 4.63352 4.36486 3.97408 7.18102 4.5009 1.51434 1.34761
threshold=0.94364700000000012 0.64445900000000012 0.69381650000000017 0.48566650000000006 0.50715900000000003 0.31620650000000006 0.68646300000000016 0.33866650000000004
decision_type=2 2 2 2 2 2 2 2
left_child=1 2 -1 5 -5 -3 7 -2
right_child=6 3 -4 4 -6 -7 -8 -9
leaf_value=-0.019344476045075873 0.0099292764553682421 -0.0012886320100345666 0.0066700010526426004 -0.0090981068257552158 0.0013895342981657033 0.011675985430458573 0.014601608217632456 -0.011791440414829241
leaf_weight=13.905350768211976 1.0961067222888261 34.509048181713297 3.7703061200372749 64.023328587787546 103.24233741879289 28.366434375981044 14.517637075623496 1.9653779549189492
leaf_count=7645 24 2535 277 5090 3595 1236 109 80
internal_value=-0.000658059 -0.00163572 -0.0133003 -0.000600661 -0.00264052 0.00462442 0.0115004 -0.0016824
internal_weight=265.396 247.817 17.6757 230.141 167.266 62.8755 17.5791 3.06148
internal_count=20591 20378 7922 12456 8685 3771 213 104
is_linear=0
shrinkage=0.025


Tree=210
num_leaves=9
num_cat=0
split_feature=68 4 22 6 66 29 2 9
split_gain=5.72292 4.26745 4.07888 3.80346 4.37659 3.31585 3.46415 2.98725
threshold=0.39988350000000006 0.62500000000000011 0.25748900000000002 0.63463150000000013 0.22908250000000002 0.94364700000000012 0.72590318322181713 0.75000000000000011
decision_type=2 2 2 2 2 2 2 2
left_child=2 5 7 -4 -5 6 -2 -1
right_child=1 -3 3 4 -6 -7 -8 -9
leaf_value=-0.0031852127052493643 0.00053706821345389977 -0.020334320387507401 -0.02049933553406949 0.0025400864707681992 -0.020259615906141695 0.013985387321149033 0.0097273735259695952 0.017282902645975869
leaf_weight=12.161409954998819 170.94183328814506 3.0000176162575363 14.284442996565302 17.171082307537294 5.1505237012679563 13.963506530155426 28.698218601115514 4.3648457083618259
leaf_count=6118 6934 334 5002 1182 311 116 595 116
internal_value=0.000544586 0.00238138 -0.00662216 -0.0111379 -0.00364576 0.00292087 0.00197875 0.00309808
internal_weight=269.736 216.604 53.1323 36.606 22.3216 213.604 199.64 16.5263
internal_count=20708 7979 12729 6495 1493 7645 7529 6234
is_linear=0
shrinkage=0.025


Tree=211
num_leaves=9
num_cat=0
split_feature=4 9 16 29 9 22 59 1
split_gain=4.48927 4.01322 3.91108 3.65737 3.39956 2.47058 2.40682 1.72068
threshold=1.0000000180025095e-35 0.57000000000000017 0.70802300000000018 1.0000000180025095e-35 0.82350000000000001 0.25748900000000002 0.50000000000000011 0.53763535618782055
decision_type=2 2 2 2 2 2 2 2
left_child=1 5 4 -4 -3 7 -2 -1
right_child=6 2 3 -5 -6 -7 -8 -9
leaf_value=-0.0091783245352152418 -0.019599479821081938 -0.00069699196784376845 -0.010997212129487986 0.00088601784955834534 0.0063711678902613261 -0.016896011762381508 0.0028077797334076938 0.008706330110022276
leaf_weight=4.6746394446845461 9.6987204770166482 80.078712040385653 26.705815875859116 34.118047107942402 83.990230518225871 11.589735162137911 2.6836929842975215 4.7696508484950755
leaf_count=4372 2421 3706 1697 864 2584 4592 186 249
internal_value=-0.00092623 -0.000100708 0.000879126 -0.00439614 0.00290933 -0.0100693 -0.0145065 0
internal_weight=258.309 245.927 224.893 60.8239 164.069 21.034 12.3824 9.44429
internal_count=20671 18064 8851 2561 6290 9213 2607 4621
is_linear=0
shrinkage=0.025


Tree=212
num_leaves=9
num_cat=0
split_feature=29 4 47 3 39 73 68 25
split_gain=5.68229 5.29915 4.32828 4.43981 3.72481 2.8388 1.0866 1.03379
threshold=0.9893010000000001 1.0000000180025095e-35 0.77480250000000017 0.93483158946037304 1.0000000180025095e-35 -1.0000000180025095e-35 0.54959050000000009 1.0000000180025095e-35
decision_type=2 2 2 2 2 2 2 2
left_child=1 2 4 -4 -1 7 -2 -3
right_child=6 5 3 -5 -6 -7 -8 -9
leaf_value=-0.011639653339180845 0.001365453448013026 0.01224354797240374 -0.0084183539985893587 0.0070603000090833454 -0.00023345538681285121 -0.021448088631132099 0.017740116142464315 -0.0073668836912968915
leaf_weight=19.180116360451393 4.7974334857644889 1.6561751875269686 11.331758369517045 80.435178889223607 125.71702800266576 8.6714273112302163 12.031194709241388 0.86753662847331714
leaf_count=4347 103 28 265 1261 11957 2560 83 51
internal_value=0.000867662 -0.000107268 0.000716238 0.00493016 -0.00193227 -0.0155544 0.0141113 0.00356781
internal_weight=264.688 247.859 236.664 91.7669 144.897 11.1951 16.8286 2.52371
internal_count=20655 20469 17830 1526 16304 2639 186 79
is_linear=0
shrinkage=0.025


Tree=213
num_leaves=9
num_cat=0
split_feature=39 60 19 20 43 68 62 3
split_gain=6.22747 5.1904 4.64543 5.09062 4.07199 3.75901 4.96357 4.22906
threshold=1.0000000180025095e-35 0.82000000000000017 0.63979400000000008 0.67597450000000014 1.0000000180025095e-35 0.90154150000000011 0.58333333333333337 0.96086353063583385
decision_type=2 2 2 2 2 2 2 2
left_child=4 2 -2 -4 -1 7 -7 -3
right_child=1 5 3 -5 -6 6 -8 -9
leaf_value=-0.004321625205729495 -0.011911475056148996 -0.023424474253181039 0.011598572824220169 0.0014389678076209955 -0.023572525042645384 0.01889051639045515 -0.0094307318058749895 -0.00044602202174657841
leaf_weight=30.602331856706769 10.483432886526314 10.6957601690192 38.715019002727786 139.96086768578971 8.0676261800754201 4.7810073439031822 6.8261991961771855 9.5266642096239575
leaf_count=3528 4309 1661 3495 3749 1886 565 542 855
internal_value=-0.000470348 0.0011442 0.00276114 0.00378586 -0.00948401 -0.0078385 0.00274555 -0.0139513
internal_weight=259.659 220.989 189.159 178.676 38.67 31.8296 11.6072 20.2224
internal_count=20590 15176 11553 7244 5414 3623 1107 2516
is_linear=0
shrinkage=0.025


Tree=214
num_leaves=9
num_cat=0
split_feature=1 71 6 61 42 48 20 19
split_gain=5.52378 4.75894 4.43849 5.51551 1.99107 1.96098 1.71188 1.33814
threshold=0.46788555383682257 1.0000000180025095e-35 0.53018700000000007 0.48281650000000004 0.75000000000000011 0.25536650000000005 0.64533900000000011 0.72231300000000009
decision_type=2 2 2 2 2 2 2 2
left_child=4 2 5 -4 7 -2 -3 -1
right_child=1 6 3 -5 -6 -7 -8 -9
leaf_value=-0.018854123941028856 0.019333391658702091 0 -0.0056654898892567725 0.0028944627891716187 0.0015977910918486505 0.0045437854128654587 -0.023031449241377261 0.0020738874373366491
leaf_weight=13.174902668021788 8.7942584578268015 1.9829208318988083 67.540025019688983 143.23845779527619 3.4191031298396402 19.476030926849489 4.964012785392697 1.0452525041182514
leaf_count=8897 431 273 4209 4153 673 1336 613 67
internal_value=-0.000260429 0.000723627 0.00141125 8.88671e-05 -0.013042 0.0103657 -0.0171259 -0.0167874
internal_weight=263.635 245.996 239.049 210.778 17.6393 28.2703 6.94693 14.2202
internal_count=20652 11015 10129 8362 9637 1767 886 8964
is_linear=0
shrinkage=0.025


Tree=215
num_leaves=9
num_cat=0
split_feature=29 62 9 19 22 58 48 19
split_gain=5.73285 4.89517 5.52257 5.4193 4.32686 4.57295 3.1084 2.03112
threshold=0.9893010000000001 0.41666666666666669 0.75000000000000011 0.69950450000000008 0.48337100000000005 0.58083350000000011 0.30766650000000006 0.75760650000000018
decision_type=2 2 2 2 2 2 2 2
left_child=1 4 3 -3 5 -1 -4 -6
right_child=-2 2 6 -5 7 -7 -8 -9
leaf_value=0.013846471383769061 0.014032368838948718 -0.016747440952966246 0.01249943727894421 -0.0017353138056910051 -0.018068839571824598 -0.012508231108884868 -0.00090395902489918847 0.0065233077120732093
leaf_weight=29.051020564620561 14.929994840640573 26.796277787672807 9.716842550209547 35.193707334856299 3.9099280796726807 2.8627856211096505 136.7605707743096 1.4296577665954826
leaf_count=1436 175 10909 529 1988 161 139 5244 11
internal_value=-1.33612e-05 -0.00100346 -0.00253382 -0.0086624 0.00706205 0.010663 9.10581e-05 -0.0104792
internal_weight=260.651 245.721 208.467 61.99 37.2534 31.9138 146.477 5.33959
internal_count=20592 20417 18670 12897 1747 1575 5773 172
is_linear=0
shrinkage=0.025


Tree=216
num_leaves=9
num_cat=0
split_feature=39 19 61 46 69 47 71 18
split_gain=5.48892 4.46708 5.98852 5.31 5.24011 4.16184 3.92942 3.43144
threshold=1.0000000180025095e-35 0.67852800000000013 0.21476350000000002 0.38435150000000001 0.93565150000000008 0.95024300000000006 1.0000000180025095e-35 0.7149350000000001
decision_type=2 2 2 2 2 2 2 2
left_child=5 2 -2 -4 7 -1 -6 -3
right_child=1 4 3 -5 6 -7 -8 -9
leaf_value=-0.012979365980099503 0.011005628070839898 0.0046830316077777203 -0.017168760984582285 0.00098810380795864633 0.0052341858394276625 0.0045816511676197262 -0.014849425692838085 -0.021815276936712022
leaf_weight=28.982310139837864 9.2438459194836451 3.2668335560592805 21.560676453417727 15.923549993101913 164.19419049279531 9.6693468438170367 4.2482380206929511 6.2497744811698794
leaf_count=5324 2657 107 5160 1081 5700 116 407 107
internal_value=3.80065e-05 0.00158258 -0.00509053 -0.0096063 0.00341357 -0.00839242 0.00451536 -0.0128342
internal_weight=263.339 224.687 46.7281 37.4842 177.959 38.6517 168.442 9.51661
internal_count=20659 15219 8898 6241 6321 5440 6107 214
is_linear=0
shrinkage=0.025


Tree=217
num_leaves=9
num_cat=0
split_feature=29 19 39 1 43 33 69 0
split_gain=4.89667 4.66648 4.52475 4.19611 3.76293 2.74605 1.33369 1.30979
threshold=0.9893010000000001 0.64445900000000012 1.0000000180025095e-35 0.72047656774520885 1.0000000180025095e-35 0.50000000000000011 0.86538450000000011 0.77323350000000013
decision_type=2 2 2 2 2 2 2 2
left_child=1 5 4 -4 -3 6 -1 -2
right_child=7 2 3 -5 -6 -7 -8 -9
leaf_value=0 0.016998157636467944 -0.0032643553881761753 -4.1803728309502576e-07 0.011584717135218353 -0.023011620548157766 0.0016344184061743922 -0.021425430104147217 0.0012260555323549338
leaf_weight=1.793021810543906 10.115947641024833 27.613499176668483 169.75170585325031 19.895923257688992 6.6089621452447309 4.5885655980455331 10.690993214065202 6.4768002083874299
leaf_count=1252 124 2033 8805 508 1134 627 6071 63
internal_value=-0.000290824 -0.00126294 -0.000215561 0.00128406 -0.00834496 -0.013141 -0.0185653 0.0120392
internal_weight=257.535 240.943 223.87 189.648 34.2225 17.0726 12.484 16.5927
internal_count=20617 20430 12480 9313 3167 7950 7323 187
is_linear=0
shrinkage=0.025


Tree=218
num_leaves=9
num_cat=0
split_feature=4 9 0 48 0 61 1 70
split_gain=4.9639 3.69992 3.71958 4.11997 3.53464 5.24837 3.57229 2.65687
threshold=1.0000000180025095e-35 0.75000000000000011 0.85073300000000007 0.67393350000000007 0.43580000000000002 0.70270150000000009 0.45805792510509497 0.91751700000000014
decision_type=2 2 2 2 2 2 2 2
left_child=1 4 3 -3 6 -6 -1 -2
right_child=7 2 -4 -5 5 -7 -8 -9
leaf_value=-0.014676882099714459 0 0.0019270414814900169 -0.008726484860365832 0.01169849468036702 -0.01563694214586266 0.0016305222647163249 0.0060728624552132049 -0.023067205291078707
leaf_weight=4.2051225460654704 5.4814889093431702 130.90200856435695 13.314042156074718 33.379025523463497 23.437291855464537 17.513145001459634 27.552737981606697 6.4716630577449887
leaf_count=3737 369 4194 1113 707 6035 537 1662 2276
internal_value=0.00019673 0.00102577 0.00298645 0.00407436 -0.00361469 -0.00834555 0.00239642 -0.0142847
internal_weight=262.257 250.303 177.595 164.281 72.7083 40.9504 31.7579 11.9532
internal_count=20630 17985 6014 4901 11971 6572 5399 2645
is_linear=0
shrinkage=0.025


Tree=219
num_leaves=9
num_cat=0
split_feature=71 60 20 39 43 69 17 20
split_gain=5.46838 4.41467 8.32855 4.06051 4.79875 4.03783 3.10011 0.836864
threshold=1.0000000180025095e-35 0.68000000000000005 0.67350250000000011 1.0000000180025095e-35 1.0000000180025095e-35 0.93233600000000016 0.63418550000000007 0.64533900000000011
decision_type=2 2 2 2 2 2 2 2
left_child=1 3 -3 4 -1 -5 -4 -2
right_child=7 2 6 5 -6 -7 -8 -9
leaf_value=0 -0.0012226865256443416 -0.024201534299066269 0.0046344054909903355 -0.011387827117667559 -0.021556848500597005 0.0050071231902793847 -0.0075645047137909123 -0.023209508064612923
leaf_weight=24.974483844812315 2.4467991367855566 9.7080382668800649 27.944306450663134 7.8602910698718906 6.5832197681156677 157.08192451799914 20.866552401028457 5.1142423949495424
leaf_count=2191 915 3693 1196 361 1675 8342 1554 762
internal_value=-3.23708e-05 0.000630267 -0.00524716 0.00245362 -0.00542983 0.00405383 -0.00052548 -0.018623
internal_weight=262.58 255.019 58.5189 196.5 31.5577 164.942 48.8109 7.56104
internal_count=20689 19012 6443 12569 3866 8703 2750 1677
is_linear=0
shrinkage=0.025


Tree=220
num_leaves=9
num_cat=0
split_feature=29 71 19 39 15 72 19 44
split_gain=5.23637 4.60865 3.78974 3.85712 3.41751 2.59144 1.37381 0.859529
threshold=0.9893010000000001 1.0000000180025095e-35 0.64445900000000012 1.0000000180025095e-35 0.6850750000000001 0.28206150000000008 0.68236450000000015 0.21221050000000002
decision_type=2 2 2 2 2 2 2 2
left_child=1 2 4 -4 -1 -3 -2 -8
right_child=6 5 3 -5 -6 -7 7 -9
leaf_value=-0.017597312118144068 -0.00024375336785327002 0.0037987570476905592 -0.0069283535483526618 0.0020784167630166711 0.0053046963929531147 -0.024040727119762819 0.0011399412171970858 0.019626133109937952
leaf_weight=11.759987544634894 2.7992165491850747 1.584151636561727 33.172493075066086 185.1808382527779 4.0794126463842977 6.0730725682115008 3.1597104411339378 9.5016300771385414
leaf_count=7066 87 392 2876 8528 298 1242 35 59
internal_value=0 -0.000973977 -0.000241485 0.000625597 -0.0113451 -0.0179107 0.013198 0.0163092
internal_weight=257.311 241.85 234.193 218.353 15.8394 7.65722 15.4606 12.6613
internal_count=20583 20402 18768 11404 7364 1634 181 94
is_linear=0
shrinkage=0.025


Tree=221
num_leaves=9
num_cat=0
split_feature=62 66 6 22 19 48 21 34
split_gain=4.3326 4.97507 4.22539 4.78935 4.11192 3.27407 3.71349 2.73383
threshold=0.58333333333333337 0.13454350000000004 0.77045950000000019 0.40872900000000006 0.75497250000000016 0.25536650000000005 0.70400000000000007 0.33326200000000006
decision_type=2 2 2 2 2 2 2 2
left_child=4 -2 3 -3 5 -1 -7 -6
right_child=1 2 -4 -5 7 6 -8 -9
leaf_value=0.013074746217808448 -0.017524123053584039 -0.0043071767315571233 -0.015587851923761803 0.0064682138140553349 0.019517164166892781 -0.0058071189079046794 0.0036996953054019561 0.0010588528684845411
leaf_weight=10.356516996585922 12.011375036670868 61.363583355810079 10.020028503146021 41.449732753164426 12.199353699776113 44.525163065653032 54.898640217070351 9.5313993783493043
leaf_count=1292 5554 6474 506 1578 343 3283 1199 310
internal_value=-7.17983e-05 -0.00340794 -0.00156089 5.95354e-06 0.00304267 0.000911509 -0.000514372 0.0125087
internal_weight=256.356 124.845 112.833 102.813 131.511 109.78 99.4238 21.7308
internal_count=20539 14112 8558 8052 6427 5774 4482 653
is_linear=0
shrinkage=0.025


Tree=222
num_leaves=9
num_cat=0
split_feature=39 60 65 0 2 32 43 21
split_gain=4.81095 3.84586 4.10038 4.98153 3.513 3.66916 3.22067 2.83975
threshold=1.0000000180025095e-35 0.82000000000000017 0.011923000000000001 0.48566650000000006 0.72590318322181713 0.16292500000000001 1.0000000180025095e-35 0.70400000000000007
decision_type=2 2 2 2 2 2 2 2
left_child=6 2 7 -4 5 -3 -1 -2
right_child=1 4 3 -5 -6 -7 -8 -9
leaf_value=-0.0038411914845430696 -0.0085614661104838202 -0.019367023543647107 0.012559121831348467 0.0016965011544219047 0.0083792791390081382 -0.00072072425356512826 -0.021828033569688831 0.0022655700760209002
leaf_weight=30.067661199253052 26.452987066171772 12.276693641134445 37.408354344952386 88.595228109537857 5.9192253127694121 14.198395401397645 6.9492762998706885 29.341643217310775
leaf_count=3513 6287 2488 1542 2837 317 803 1908 941
internal_value=-0.000253943 0.00117591 0.0026308 0.00512587 -0.00644915 -0.0103835 -0.00835594 -0.00285654
internal_weight=251.209 214.193 181.798 126.004 32.3943 26.4751 37.0169 55.7946
internal_count=20636 15215 11607 4379 3608 3291 5421 7228
is_linear=0
shrinkage=0.025


Tree=223
num_leaves=9
num_cat=0
split_feature=29 4 9 22 61 68 17 58
split_gain=4.95852 5.45745 3.63077 3.85281 2.71122 1.21858 2.52051 1.14542
threshold=0.96721250000000014 1.0000000180025095e-35 0.63000000000000012 0.25133350000000004 0.71538450000000009 0.54959050000000009 0.62547600000000003 0.66083300000000011
decision_type=2 2 2 2 2 2 2 2
left_child=1 2 3 -1 -4 6 -2 -3
right_child=5 7 4 -5 -6 -7 -8 -9
leaf_value=0.0023689630273532412 0.013167739271906197 -0.019279283316118646 0 -0.01714993399725696 0.0073705921494718737 0.017713332487835836 -0.013584958750813059 0
leaf_weight=9.4318064260860428 2.973394835862563 9.2435349433744687 175.64875325347384 12.416585074433895 36.439715627871919 10.148504662094636 1.8848258527432333 1.748370615809107
leaf_count=4108 60 2495 7239 5109 1398 79 53 102
internal_value=0.000328182 -0.000544453 0.000297439 -0.00891725 0.00135616 0.0134008 0.000760134 -0.0163269
internal_weight=259.935 244.929 233.937 21.8484 212.088 15.0067 4.85822 10.9919
internal_count=20643 20451 17854 9217 8637 192 113 2597
is_linear=0
shrinkage=0.025


Tree=224
num_leaves=9
num_cat=0
split_feature=60 2 39 43 22 31 55 55
split_gain=4.39878 6.31365 4.2603 4.04372 3.97678 5.21231 4.48806 3.13509
threshold=0.82000000000000017 0.73102048039436351 1.0000000180025095e-35 1.0000000180025095e-35 0.50574450000000015 0.43579550000000006 1.0000000180025095e-35 1.0000000180025095e-35
decision_type=2 2 2 2 2 2 2 2
left_child=2 7 3 -1 5 -4 -6 -2
right_child=1 -3 4 -5 6 -7 -8 -9
leaf_value=-0.0012211462017030536 -0.00060086583492811906 0.012070262873600211 -0.00095005414988834293 -0.022042217324083617 -0.0039999667245288707 0.01093963416159841 0.015743922084733821 -0.017509625677132094
leaf_weight=23.337750932732892 11.367919773765605 6.390467658173292 129.56317941407724 6.3271510536851556 8.2150680773775075 25.791262219085183 24.203238680609502 20.763293133321895
leaf_count=2429 857 285 10004 1762 207 1032 355 3690
internal_value=3.458e-06 -0.00753508 0.00142968 -0.0070106 0.00286245 0.00109011 0.010581 -0.0121329
internal_weight=255.959 38.5217 217.438 29.6649 187.773 155.354 32.4183 32.1312
internal_count=20621 4832 15789 4191 11598 11036 562 4547
is_linear=0
shrinkage=0.025


Tree=225
num_leaves=9
num_cat=0
split_feature=2 22 0 47 61 34 0 31
split_gain=4.22072 4.68591 7.04478 6.74059 4.62968 3.96869 3.96361 3.87012
threshold=0.64415809512138378 0.40872900000000006 0.48220000000000002 0.9999920000000001 0.26781650000000007 0.34666650000000004 0.82500000000000007 0.31505900000000003
decision_type=2 2 2 2 2 2 2 2
left_child=1 2 4 -4 -1 7 -3 -2
right_child=5 6 3 -5 -6 -7 -8 -9
leaf_value=-0.0055377064689322332 0.0019129096493456213 0.0066834451590031029 -0.019303536171362316 0.0096091015430528094 0.010320774054256091 -0.0015501076532823876 -0.0087055691249507804 0.016264832405623098
leaf_weight=39.910516408863259 32.405788917065365 35.141557441515033 32.018008056989856 4.2960289674811056 13.748411568260051 61.301001834872295 12.363526441517022 18.457135164091596
leaf_count=8008 1156 1439 6149 38 775 1682 874 464
internal_value=-0.000902498 -0.00383594 -0.00715668 -0.0153643 -0.00111487 0.00263151 0.00233695 0.00768113
internal_weight=249.642 137.478 89.973 36.314 53.6589 112.164 47.5051 50.8629
internal_count=20585 17283 14970 6187 8783 3302 2313 1620
is_linear=0
shrinkage=0.025


Tree=226
num_leaves=9
num_cat=0
split_feature=29 4 62 21 15 3 16 17
split_gain=4.27162 4.09809 3.29625 3.26738 2.8724 2.74211 2.71353 1.98294
threshold=0.43853150000000002 1.0000000180025095e-35 0.91666666666666685 0.70400000000000007 0.73964900000000011 0.9723494052886964 0.62236400000000003 0.73210200000000014
decision_type=2 2 2 2 2 2 2 2
left_child=1 2 3 -1 6 -4 -2 -8
right_child=4 -3 5 -5 -6 -7 7 -9
leaf_value=-0.0040496816962433714 -0.010140085275074429 -0.01713767622290456 -0.015968095628541575 0.0025853247779166685 -0.0099637055297913321 0.0060684299974624106 0.012713803007897692 -0.0050290625027446887
leaf_weight=76.577168573070594 2.3336816093378721 8.6492004044694095 13.100070760198831 110.998464172284 3.7113974306266746 2.8753193656448266 32.068495906631142 2.7348029245331409
leaf_count=9665 686 2439 2850 3725 83 348 801 53
internal_value=-0.000496506 -0.0019613 -0.00111947 -9.79809e-05 0.00667418 -0.0113507 0.00895278 0.0109183
internal_weight=253.049 212.2 203.551 187.576 40.8484 15.9754 37.137 34.8033
internal_count=20650 19027 16588 13390 1623 3198 1540 854
is_linear=0
shrinkage=0.025


Tree=227
num_leaves=9
num_cat=0
split_feature=29 15 48 62 15 0 69 66
split_gain=4.29918 4.42694 7.85345 6.91321 4.9206 4.05642 3.44339 1.85245
threshold=0.94364700000000012 0.66563950000000016 0.66350000000000009 0.41666666666666669 0.68284500000000015 0.73383300000000007 0.93233600000000016 0.2703465000000001
decision_type=2 2 2 2 2 2 2 2
left_child=1 2 3 -1 7 -4 -6 -3
right_child=-2 4 5 -5 6 -7 -8 -9
leaf_value=0.0066160124139606384 0.011878277258952446 -0.003161828051818031 -0.0054546485657760973 -0.010751872970874495 -0.011155252873973093 0.013791833381703667 0.0019645495391393203 0.015471229161957423
leaf_weight=15.536436791392587 16.027427022214397 2.4947689037871923 8.4649116664222692 76.370911643929503 12.565714256335921 17.69392035637793 86.005047898752309 18.803404204554681
leaf_count=1177 203 461 203 13302 492 545 3535 638
internal_value=7.85405e-05 -0.000777424 -0.00420252 -0.00765768 0.00254822 0.00735232 2.88956e-05 0.0128827
internal_weight=253.963 237.935 118.066 91.9073 119.869 26.1588 98.5708 21.2982
internal_count=20556 20353 15227 14479 5126 748 4027 1099
is_linear=0
shrinkage=0.025


Tree=228
num_leaves=9
num_cat=0
split_feature=66 20 61 61 0 22 60 17
split_gain=5.99954 3.36611 4.31381 3.07599 2.71221 2.83576 2.37644 1.63609
threshold=0.13454350000000004 0.61172500000000007 0.068750000000000019 0.22660250000000001 0.80115350000000018 0.23285400000000003 0.49000000000000005 0.64677850000000014
decision_type=2 2 2 2 2 2 2 2
left_child=4 -2 -3 -4 5 7 -7 -1
right_child=1 2 3 -5 -6 6 -8 -9
leaf_value=-0.011794909841488186 -0.015386155142854083 0.020227469358775698 -0.014124254243442498 0.0014923771941978427 0.0032377307645621366 -0.00012874746811600068 -0.024177602720618408 0.0081842218225621696
leaf_weight=2.4004706636897089 5.5074704635326261 5.5334606570759197 6.1395697348707463 207.0617879693491 5.3058903935188928 3.923135688561163 12.427675321814602 4.1265580395011057
leaf_count=2632 3148 369 598 8458 421 610 3858 499
internal_value=-0.000368639 0.00100072 0.00158297 0.000880727 -0.0108567 -0.0144245 -0.019459 0
internal_weight=252.426 224.242 218.735 213.201 28.1837 22.8778 16.3508 6.52703
internal_count=20593 12573 9425 9056 8020 7599 4468 3131
is_linear=0
shrinkage=0.025


Tree=229
num_leaves=9
num_cat=0
split_feature=68 62 48 48 34 22 22 3
split_gain=4.57955 3.93449 3.80736 3.78418 5.1442 3.69663 3.40807 2.42771
threshold=0.13454350000000004 0.75000000000000011 0.25536650000000005 0.55220000000000014 0.48396650000000002 0.47966350000000008 0.22371900000000003 0.9661691188812257
decision_type=2 2 2 2 2 2 2 2
left_child=-1 2 7 5 -5 -3 -4 -2
right_child=1 3 6 4 -6 -7 -8 -9
leaf_value=-0.015032524430727676 0.019058487033628967 -0.01914541902047558 -0.012612465769639147 0.008434452292166111 -0.0098807429941323924 0.0065473271032839286 0.0023222530852753422 -0.0075555250357265472
leaf_weight=10.007650499587724 10.487950506390915 14.063869831777085 8.0352651974208111 18.323518348517609 16.122777541400865 2.8969087087752987 166.23862798550817 1.0239835323009163
leaf_count=5277 971 4167 598 1059 1118 120 7084 250
internal_value=2.54806e-06 0.000788653 0.00251231 -0.00516105 -4.08166e-06 -0.0141338 0.00145582 0.0153682
internal_weight=247.201 237.193 185.786 51.4071 34.4463 16.9608 174.274 11.5119
internal_count=20644 15367 8903 6464 2177 4287 7682 1221
is_linear=0
shrinkage=0.025


Tree=230
num_leaves=9
num_cat=0
split_feature=60 1 29 28 62 64 55 3
split_gain=4.49542 4.561 3.77523 3.50943 5.16687 4.22454 2.93042 5.50447
threshold=0.82000000000000017 0.68317779898643505 0.9893010000000001 0.31620650000000006 0.41666666666666669 0.36222550000000003 1.0000000180025095e-35 0.96600428223609935
decision_type=2 2 2 2 2 2 2 2
left_child=2 6 3 4 -1 -5 -2 -8
right_child=1 -3 -4 5 -6 -7 7 -9
leaf_value=0.0092113225868297836 -0.00067656414474628543 0.0056086905953031587 0.013228107556688282 -0.0087473367968358643 -0.0040968017923489327 0.0073557666995713927 -0.024748365181885709 0.0040337745779182822
leaf_weight=19.898260647656571 10.654394610457532 10.674284284235908 14.756784593097107 9.8515733651365718 102.97043355910137 65.667865330608038 13.922754531320608 4.373288977016272
leaf_count=862 851 576 148 2341 10017 2439 2772 702
internal_value=0.000320209 -0.00716711 0.00180069 0.000789708 -0.00176851 0.00498687 -0.012178 -0.0177795
internal_weight=252.77 39.6247 213.145 198.388 122.869 75.5194 28.9504 18.296
internal_count=20708 4901 15807 15659 10879 4780 4325 3474
is_linear=0
shrinkage=0.025


Tree=231
num_leaves=9
num_cat=0
split_feature=39 19 15 6 19 62 34 64
split_gain=5.33812 5.29434 3.95137 4.43822 6.37716 3.86388 3.4709 3.04564
threshold=1.0000000180025095e-35 0.74607200000000018 0.66389800000000021 0.74374300000000015 0.76575150000000014 0.41666666666666669 0.85535050000000012 0.61618250000000008
decision_type=2 2 2 2 2 2 2 2
left_child=1 6 3 5 -5 -2 -1 -3
right_child=2 7 -4 4 -6 -7 -8 -9
leaf_value=-0.020707066040966848 0.0062804695347341627 0.010841850622884728 0.0045704513894913243 0.018034746004616953 -0.013858329224048808 -0.0068090749283588733 0 -0.011510964603526123
leaf_weight=17.447753165061844 15.09135120405517 9.2606544606678636 108.01537067824393 11.636185455834491 3.5545782865956417 73.468788681050682 6.5094174040168573 3.6314111152314572
leaf_count=4726 853 185 3900 312 275 9929 354 196
internal_value=-0.000280029 -0.00882686 0.00124078 -0.00217571 0.00939155 -0.00440625 -0.0154169 0.0033416
internal_weight=248.616 36.8492 211.766 103.751 15.1908 88.5601 23.9572 12.8921
internal_count=20730 5461 15269 11369 587 10782 5080 381
is_linear=0
shrinkage=0.025


Tree=232
num_leaves=9
num_cat=0
split_feature=19 47 48 46 68 69 0 17
split_gain=5.49763 5.22756 3.90039 3.82987 5.89092 7.11384 5.33358 5.04126
threshold=0.68314600000000014 0.2696920000000001 0.55220000000000014 0.59845300000000012 0.85152500000000009 0.93233600000000016 0.80776700000000012 0.62514650000000016
decision_type=2 2 2 2 2 2 2 2
left_child=1 -1 -3 4 5 -2 -5 -8
right_child=3 2 -4 6 -6 -7 7 -9
leaf_value=0.0027932695029289196 -0.015092559861768957 -0.019140604392554543 -0.00011099464547246656 -0.014984852976850579 0.010094031084434298 0.0030116157424864634 0.015948491081883977 -0.0058038855789093189
leaf_weight=19.211256773763125 14.150904595167956 20.089198782360658 10.870597385586732 15.852063381367769 57.851425127737457 82.603459230060253 8.9405411940533686 14.657621209280476
leaf_count=7426 846 4546 754 863 1446 3038 491 1254
internal_value=0.000184756 -0.00699584 -0.0130987 0.0021319 0.00392819 3.5792e-05 -0.00457668 0.00274653
internal_weight=244.227 50.1711 30.9598 194.056 154.606 96.7544 39.4502 23.5982
internal_count=20664 12726 5300 7938 5330 3884 2608 1745
is_linear=0
shrinkage=0.025


Tree=233
num_leaves=9
num_cat=0
split_feature=39 43 4 61 64 48 34 29
split_gain=4.52257 4.50141 3.74389 3.90899 4.49036 2.56487 2.43139 2.20818
threshold=1.0000000180025095e-35 1.0000000180025095e-35 1.0000000180025095e-35 0.21476350000000002 0.37513750000000007 0.26103350000000008 0.45345700000000005 0.60023650000000017
decision_type=2 2 2 2 2 2 2 2
left_child=1 6 3 5 -5 -2 -1 -4
right_child=2 -3 7 4 -6 -7 -8 -9
leaf_value=-0.0095676200900347581 0.02020854255758063 -0.023409516709831796 -0.018705111495022332 -0.0048824035108297331 0.0035436103350268986 -0.0077905750268935014 0.0037815778984385765 0.0038980777298862658
leaf_weight=14.450445508047778 9.038016003554727 7.1679827526440922 6.8897278819149488 52.116181861571022 141.70957919533976 0.96745293226194995 15.086763677973067 2.3254393496026751
leaf_count=2983 1137 1916 1935 6411 5260 453 572 50
internal_value=-4.70282e-05 -0.00794195 0.0013395 0.00212542 0.00121299 0.0160297 -0.002704 -0.0126545
internal_weight=249.752 36.7052 213.046 203.831 193.826 10.0055 29.5372 9.21517
internal_count=20717 5471 15246 13261 11671 1590 3555 1985
is_linear=0
shrinkage=0.025


Tree=234
num_leaves=9
num_cat=0
split_feature=68 72 59 22 6 20 20 66
split_gain=4.47291 5.26493 4.85599 4.48066 3.3351 3.09431 3.97229 3.01693
threshold=0.39988350000000006 0.66826300000000016 1.0000000180025095e-35 0.25748900000000002 0.63463150000000013 0.65905250000000015 0.67456900000000009 0.23452300000000001
decision_type=2 2 2 2 2 2 2 2
left_child=3 2 -2 -1 -5 -3 -7 -6
right_child=1 5 -4 4 7 6 -8 -9
leaf_value=0.0034517505115127835 -0.0040050982225090471 -0.010296420892377655 0.021117242735108205 -0.021478058861843084 0.00089148344352551069 0.015255046912247156 -0.00011395277028650463 -0.018963618239980551
leaf_weight=15.003436127420171 5.6849397385885849 15.090816688056291 12.529636160634253 12.740241481315932 15.51237455786759 9.1965326843856001 157.33771346887806 4.4510518462047903
leaf_count=6239 598 1015 608 4985 1174 575 5159 301
internal_value=-0.000448429 0.00117776 0.0132848 -0.00718456 -0.012198 -0.000127039 0.000861229 -0.00451766
internal_weight=247.547 199.84 18.2146 47.7071 32.7037 181.625 166.534 19.9634
internal_count=20654 7955 1206 12699 6460 6749 5734 1475
is_linear=0
shrinkage=0.025


Tree=235
num_leaves=9
num_cat=0
split_feature=66 62 1 48 22 20 9 19
split_gain=4.14755 4.63529 3.43797 5.23843 4.37327 3.69594 4.42708 2.86527
threshold=0.13454350000000004 0.58333333333333337 0.61030724644660961 0.33583350000000006 0.49192400000000008 0.67456900000000009 0.82350000000000001 0.64259250000000012
decision_type=2 2 2 2 2 2 2 2
left_child=1 -1 3 7 -5 -4 -7 -2
right_child=2 -3 5 4 -6 6 -8 -9
leaf_value=-0.00061528183030008928 -0.010630710196485062 -0.020734135805006847 0.014842570284381405 -0.0078557563451040271 0.006308637182343084 -0.0055727129332231538 0.0053665454377264952 0.013074569790821753
leaf_weight=19.537912123323625 1.9617381545413106 10.230969720571009 14.827673177132963 66.561090180150131 14.811611018303664 30.998675376613392 73.226279059919761 15.592742604596422
leaf_count=2475 1453 5561 478 6028 598 844 1916 1413
internal_value=-0.000167812 -0.00863582 0.00102255 -0.00234961 -0.00509808 0.00387913 0.00199871 0.00922558
internal_weight=247.749 29.7689 217.98 98.9272 81.3727 119.053 104.225 17.5545
internal_count=20766 8036 12730 9492 6626 3238 2760 2866
is_linear=0
shrinkage=0.025


Tree=236
num_leaves=9
num_cat=0
split_feature=21 66 67 0 46 15 25 16
split_gain=3.7974 5.48956 5.37292 4.29609 4.25491 4.40835 4.07095 7.18222
threshold=0.70400000000000007 0.88860400000000006 0.87500000000000011 0.48220000000000002 0.58423250000000004 0.66040250000000011 0.41666650000000005 0.71284100000000017
decision_type=2 2 2 2 2 2 2 2
left_child=1 3 6 -1 5 -4 7 -2
right_child=2 -3 4 -5 -6 -7 -8 -9
leaf_value=0.0032479022243672184 0.0071814386854569924 -0.014953036930415293 0.00057393514144457103 -0.0083114491321979022 -0.0021556454557519508 0.015679983614435008 -0.0094250392224129072 -0.021878064982531847
leaf_weight=52.72984011371409 31.905717116267624 20.665021837314271 20.061588096694322 29.523127135983486 21.984408434378565 33.779304515948752 30.077211903619173 4.2615102034469592
leaf_count=8527 1260 1283 650 5521 1572 491 1179 197
internal_value=-0.00039275 -0.00403321 0.00221179 -0.000910896 0.00670706 0.0104078 -0.00286949 0.0025939
internal_weight=244.988 102.918 142.07 82.253 75.8253 53.8409 66.2444 36.1672
internal_count=20680 15331 5349 14048 2713 1141 2636 1457
is_linear=0
shrinkage=0.025


Tree=237
num_leaves=9
num_cat=0
split_feature=9 1 46 0 0 1 48 48
split_gain=3.79832 3.17142 3.65739 3.55549 2.94721 2.83868 2.71456 3.12751
threshold=0.75000000000000011 0.48178182542324072 0.49631800000000009 0.77323350000000013 0.86900000000000011 0.72597524523735057 0.67393350000000007 0.31516650000000007
decision_type=2 2 2 2 2 2 2 2
left_child=1 -1 3 -3 6 -6 7 -2
right_child=4 2 -4 -5 5 -7 -8 -9
leaf_value=-0.01651201661994952 0.011226792933358178 -0.00067061024668717089 -0.0091775058940531118 0.018432223773477918 -0.017390307252815953 0.0093713801278429241 0.0092733053263789628 -8.3544336340531203e-05
leaf_weight=9.9873586180174225 15.297278383106457 29.623986655811677 24.533689661071548 5.4293725509505739 6.7359045515313465 1.6033218381926415 32.404525694189942 120.30783565086313
leaf_count=9307 801 3082 1674 199 705 179 801 3988
internal_value=0.000178081 -0.00465552 -0.0020748 0.00292099 0.00215794 -0.0107022 0.00295876 0.00128247
internal_weight=245.923 69.5744 59.587 35.0534 176.349 8.33923 168.01 135.605
internal_count=20736 14262 4955 3281 6474 884 5590 4789
is_linear=0
shrinkage=0.025


Tree=238
num_leaves=9
num_cat=0
split_feature=62 29 0 44 17 3 19 16
split_gain=7.81076 4.71494 3.34379 5.15284 4.36268 1.86517 2.10149 1.16784
threshold=0.91666666666666685 0.9893010000000001 0.80456700000000014 0.20678800000000003 0.61923800000000007 0.97958701848983776 0.80242750000000007 0.57635400000000014
decision_type=2 2 2 2 2 2 2 2
left_child=1 2 4 -4 -1 6 7 -2
right_child=5 -3 3 -5 -6 -7 -8 -9
leaf_value=-0.0096173311646426275 0.00087767600882072473 0.013968764794699369 0.010457905836915032 -0.0036009790107519738 0.00020216647837666948 0.0049192955535987872 0.0039369452429393222 -0.021324573968927653
leaf_weight=35.025978700466112 0.7529061824643638 13.972082431377201 36.865426469593331 25.659614283653355 113.50936992074367 1.2331640258380492 1.3988209427334357 15.228221687124458
leaf_count=7224 304 162 1355 1359 6297 122 78 3732
internal_value=-0.000441538 0.000868689 -8.63121e-05 0.00463927 -0.00216055 -0.0151934 -0.0173678 -0.0198802
internal_weight=243.646 225.032 211.06 62.525 148.535 18.6131 17.3799 15.9811
internal_count=20633 16397 16235 2714 13521 4236 4114 4036
is_linear=0
shrinkage=0.025


Tree=239
num_leaves=9
num_cat=0
split_feature=39 60 1 22 14 31 43 2
split_gain=4.74617 3.97561 4.90771 3.83352 5.04466 3.7973 2.43471 1.68894
threshold=1.0000000180025095e-35 0.82000000000000017 0.68589946627616893 0.49192400000000008 1.0000000180025095e-35 0.43579550000000006 1.0000000180025095e-35 0.58770674467086803
decision_type=2 2 2 2 2 2 2 2
left_child=6 3 -3 5 -5 -2 7 -1
right_child=1 2 -4 4 -6 -7 -8 -9
leaf_value=-0.012799829973268052 -0.0016630081160149864 -0.014376662680144715 0.0058045853708316685 -0.0026896553661789335 0.015133536185942717 0.0092133226991772798 -0.021774092704286881 0
leaf_weight=8.7856334738189634 121.87239704004969 19.703830142821065 9.5321537506533769 13.846515412093138 25.020113554201089 21.92711954238257 6.1233923295212653 18.764464044645138
leaf_count=2829 9923 3024 523 337 364 975 1915 698
internal_value=-0.000782513 0.000599089 -0.00760627 0.00202114 0.00877949 4.76509e-05 -0.00923312 -0.00490686
internal_weight=245.576 211.902 29.236 182.666 38.8666 143.8 33.6735 27.5501
internal_count=20588 15146 3547 11599 701 10898 5442 3527
is_linear=0
shrinkage=0.025


Tree=240
num_leaves=9
num_cat=0
split_feature=17 0 0 43 32 17 62 67
split_gain=3.67731 8.16234 3.98547 3.75122 3.97907 3.08763 3.88813 3.5768
threshold=0.60398250000000009 0.80776700000000012 0.8430335000000001 1.0000000180025095e-35 0.058352500000000009 0.68723950000000011 0.91666666666666685 0.87500000000000011
decision_type=2 2 2 2 2 2 2 2
left_child=1 -1 -3 5 -5 6 -2 -7
right_child=3 2 -4 4 -6 7 -8 -9
leaf_value=-0.012400647548247462 0.006843605517223514 0.016109278718638851 -0.012920067176189251 0.0013665418164275926 -0.019216462694552659 -0.0083936078285417846 -0.0088982588152120411 0.0025725388346158071
leaf_weight=35.691734006437855 91.470318802240399 10.297025954554554 1.9645453671037092 10.739365422299672 9.0055178414322636 26.871399938012473 8.8361164438747419 49.121140467876103
leaf_count=7161 6170 512 170 1847 933 1069 1626 1275
internal_value=-0.000334064 -0.00641655 0.0097727 0.00116565 -0.00858033 0.00238323 0.00523673 -0.00132479
internal_weight=243.997 47.9533 12.2616 196.044 19.7449 176.299 100.306 75.9925
internal_count=20763 7843 682 12920 2780 10140 7796 2344
is_linear=0
shrinkage=0.025


Tree=241
num_leaves=9
num_cat=0
split_feature=60 69 0 2 0 17 3 1
split_gain=3.45575 3.78501 5.90105 4.78796 3.76689 4.51502 3.2292 3.2218
threshold=0.82000000000000017 0.93565150000000008 0.71253350000000015 0.60274896025657665 0.80776700000000012 0.5768230000000002 0.93576097488403331 0.68317779898643505
decision_type=2 2 2 2 2 2 2 2
left_child=1 2 3 -1 5 -3 -6 -2
right_child=7 4 -4 -5 6 -7 -8 -9
leaf_value=-0.012708107677052622 -0.010892905299351989 -0.010294243376132731 -0.021105745295466202 0.0086350003275439714 -0.0057273658164513352 0.0027235183636230274 0.012783396955515867 0.0044660756292988516
leaf_weight=8.3501422262952492 27.815825188044982 17.273422009851856 9.1311579179091478 15.830293028120648 5.3115023390600973 116.79047594123494 31.766708993833163 9.8605677047744376
leaf_count=2600 4298 1795 391 444 176 9714 727 587
internal_value=6.38678e-05 0.00139209 -0.00601778 0.000570421 0.00293054 0.000864467 0.00978237 -0.00666166
internal_weight=242.13 204.454 33.3116 24.1804 171.142 134.064 37.0782 37.6764
internal_count=20732 15847 3435 3044 12412 11509 903 4885
is_linear=0
shrinkage=0.025


Tree=242
num_leaves=9
num_cat=0
split_feature=0 61 18 47 1 21 1 2
split_gain=4.66465 9.8044 4.60925 6.37456 3.14341 2.89981 2.87768 2.80879
threshold=0.48566650000000006 0.48281650000000004 0.67814800000000008 0.63379500000000011 0.61249238252639782 0.33000000000000007 0.49148617684841162 0.75259438157081615
decision_type=2 2 2 2 2 2 2 2
left_child=2 -2 6 5 -5 -4 -1 -3
right_child=1 7 3 4 -6 -7 -8 -9
leaf_value=-0.010895368662824645 -0.013600283861597805 -0.00086367293139825649 0.0041148621326004093 -0.022396399244907286 0.0061972370737075578 0.02166592096743445 0.0031849054726942137 0.0097963780964180069
leaf_weight=11.347999327219439 38.003693817958265 110.39207719191836 11.689160773472397 3.0616963591892263 2.7149187736213207 17.770080462592887 25.515951913606841 15.816590330563484
leaf_count=7195 6195 4071 420 112 26 349 1830 421
internal_value=-0.000456827 -0.00280721 0.00472641 0.0109578 -0.00985574 0.0156446 -0.00129415 0.000545736
internal_weight=236.312 164.212 72.0998 35.2359 5.77662 29.4592 36.864 126.209
internal_count=20619 10687 9932 907 138 769 9025 4492
is_linear=0
shrinkage=0.025


Tree=243
num_leaves=9
num_cat=0
split_feature=68 59 62 6 66 47 64 62
split_gain=3.78179 4.07336 4.18317 3.80299 6.38922 5.07406 3.549 2.65765
threshold=0.45270850000000007 1.0000000180025095e-35 0.41666666666666669 0.59822050000000015 0.9070815000000001 0.93492100000000011 0.97182000000000002 0.58333333333333337
decision_type=2 2 2 2 2 2 2 2
left_child=7 2 -2 4 -3 -5 -4 -1
right_child=1 3 6 5 -6 -7 -8 -9
leaf_value=0 0.0079425977816487466 0.016667072961792165 -0.014967021267423379 -0.0015835304550685944 -0.016117169037830833 0.0094899250262788157 0.0017810709058447836 -0.010838110563755235
leaf_weight=30.163321065828313 9.6634026652609446 23.01425252535228 20.743454692179512 82.492539484337613 2.5005759586201739 34.928321024315665 10.390349510977105 27.109419961795538
leaf_count=3807 291 665 1498 3733 189 318 450 9619
internal_value=2.05871e-05 0.00180545 -0.00492312 0.00381913 0.0122435 0.00175137 -0.00938116 -0.00544651
internal_weight=241.006 183.733 40.7972 142.936 25.5148 117.421 31.1338 57.2727
internal_count=20570 7144 2239 4905 854 4051 1948 13426
is_linear=0
shrinkage=0.025


Tree=244
num_leaves=9
num_cat=0
split_feature=19 68 61 22 68 33 19 15
split_gain=4.23125 3.28989 3.66081 2.89566 2.70319 2.58382 2.14689 0.995701
threshold=0.64445900000000012 0.33700000000000008 0.068750000000000019 0.22161250000000002 0.22833250000000002 0.50000000000000011 0.7199040000000001 0.74313550000000006
decision_type=2 2 2 2 2 2 2 2
left_child=5 4 -3 -4 6 7 -2 -1
right_child=1 2 3 -5 -6 -7 -8 -9
leaf_value=-0.019188448547671808 -0.0079094155629268834 0.021142785022402095 -0.012196766443809133 0.0022142654159313644 -0.019308317097995794 0.0026628540752881031 0.0057576828518769857 0.0012946001880122073
leaf_weight=10.508895032656707 14.167692276567328 4.2554737943573846 7.0340974012433426 188.72704446816351 5.8071273301484316 4.2272763987521094 10.567319989379028 0.65194559756491877
leaf_count=7388 3198 152 490 7027 1266 620 527 31
internal_value=7.30804e-05 0.00099171 0.00219978 0.00154041 -0.00633827 -0.0117903 -0.00179608 -0.0174072
internal_weight=245.947 230.559 200.017 195.761 30.5421 15.3881 24.735 11.1608
internal_count=20699 12660 7669 7517 4991 8039 3725 7419
is_linear=0
shrinkage=0.025


Tree=245
num_leaves=9
num_cat=0
split_feature=71 59 47 61 69 16 60 62
split_gain=3.01241 3.05512 4.25245 7.27409 3.1828 7.42521 3.43792 2.80155
threshold=1.0000000180025095e-35 1.0000000180025095e-35 0.27899850000000004 0.28370650000000003 0.93565150000000008 0.70402550000000008 0.68000000000000005 0.58333333333333337
decision_type=2 2 2 2 2 2 2 2
left_child=1 2 7 -4 5 -3 -6 -1
right_child=-2 4 3 -5 6 -7 -8 -9
leaf_value=0.012251503420809374 -0.01435795382146017 0.00077419074342994143 -0.023284227854385869 -0.0010646586630966525 0.0057064112694449861 -0.030735436659526907 -0.0023375723414553722 -0.0078591624630630057
leaf_weight=10.982356120360235 6.984408226231607 20.086972417740984 12.370631793808569 28.390153599164478 110.73488411404833 3.8989340852858723 44.21367135784476 4.3831681292426756
leaf_count=1733 1686 1395 1960 1094 4890 171 4331 3492
internal_value=-0.000127017 0.000381758 -0.00456897 -0.00875719 0.00200944 -0.00603045 0.00336278 0.00583841
internal_weight=242.045 235.061 56.1263 40.7608 178.934 23.9859 154.949 15.3655
internal_count=20752 19066 8279 3054 10787 1566 9221 5225
is_linear=0
shrinkage=0.025


Tree=246
num_leaves=9
num_cat=0
split_feature=39 19 34 60 0 17 6 2
split_gain=3.82604 3.83214 4.01423 3.79305 3.84538 4.60698 3.96293 3.04334
threshold=1.0000000180025095e-35 0.74607200000000018 0.99341650000000004 0.82000000000000017 0.80776700000000012 0.5768230000000002 0.77045950000000019 0.73102048039436351
decision_type=2 2 2 2 2 2 2 2
left_child=1 2 -1 4 5 -2 -6 -5
right_child=3 -3 -4 7 6 -7 -8 -9
leaf_value=-0.018863200799957167 -0.010007393409060213 0.0032056611515348431 0.0031135083247129276 -0.0098096464412722757 0.013484945287909042 0.0030455765182327201 -0.0097193554346485522 0.0084669915865770648
leaf_weight=16.167450819238642 17.40746734365166 12.733150753512744 5.8082604781702676 24.824430306421167 30.775307100273494 123.39032341028724 3.4982503764331332 5.1436602995963758
leaf_count=4781 1774 384 321 3309 635 9135 96 280
internal_value=0.000423552 -0.00697803 -0.0129667 0.00176801 0.00321171 0.0012617 0.0105045 -0.00610461
internal_weight=239.748 34.7089 21.9757 205.039 175.071 140.798 34.2736 29.9681
internal_count=20715 5486 5102 15229 11640 10909 731 3589
is_linear=0
shrinkage=0.025


Tree=247
num_leaves=9
num_cat=0
split_feature=19 39 22 14 9 43 15 18
split_gain=3.99637 3.2952 3.82794 4.30324 4.24907 3.26958 3.00058 2.37118
threshold=0.64445900000000012 1.0000000180025095e-35 0.49192400000000008 1.0000000180025095e-35 0.95350000000000013 1.0000000180025095e-35 0.6850750000000001 0.69391950000000013
decision_type=2 2 2 2 2 2 2 2
left_child=6 5 4 -4 -3 7 -1 -2
right_child=1 2 3 -5 -6 -7 -8 -9
leaf_value=-0.017277562865900747 -0.011555509020764014 -0.0019315806317256904 -0.0019690334215415693 0.013419635677211147 0.0082080366460201473 -0.020624912449841756 0.0041936275384859426 0.0029247958396675512
leaf_weight=11.463725540232188 8.2511019174726261 115.01183475667676 15.250395914830731 31.732056915352587 31.082983691390837 5.545548928432253 4.1660170936193017 19.839364001694776
leaf_count=7653 1470 7009 355 1311 743 1127 336 603
internal_value=0.000132045 0.00104509 0.0023413 0.00839495 0.000256785 -0.00589873 -0.0113026 -0.00156465
internal_weight=242.343 226.713 193.077 46.9825 146.095 33.636 15.6297 28.0905
internal_count=20607 12618 9418 1666 7752 3200 7989 2073
is_linear=0
shrinkage=0.025


Tree=248
num_leaves=9
num_cat=0
split_feature=60 9 69 6 1 48 18 24
split_gain=4.27576 4.04607 4.83327 4.49061 4.11717 4.11395 3.55559 3.65527
threshold=0.82000000000000017 0.95350000000000013 0.93565150000000008 0.67695000000000005 0.68589946627616893 0.67393350000000007 0.68877300000000019 0.25000000000000006
decision_type=2 2 2 2 2 2 2 2
left_child=1 2 3 -1 -3 -4 -2 -8
right_child=6 4 5 -5 -6 -7 7 -9
leaf_value=0 -0.018036587552123413 0.013008335740104078 0.00047450475987870027 -0.020738056576549427 -0.0031693142902848026 0.013102545055601692 0.011034007220073925 -0.0076346517545239747
leaf_weight=15.635597332868658 10.198776642788287 33.554163887223694 118.3214197965608 9.9272071659797785 11.729088852182029 16.984345796226989 7.8684271511301658 17.144355614396773
leaf_count=2889 3168 706 11344 398 233 317 439 1236
internal_value=0.000850569 0.00226659 0.000324219 -0.00918017 0.00870263 0.00228203 -0.00691442 -0.00110215
internal_weight=241.363 206.152 160.869 25.5628 45.2833 135.306 35.2116 25.0128
internal_count=20730 15887 14948 3287 939 11661 4843 1675
is_linear=0
shrinkage=0.025


Tree=249
num_leaves=9
num_cat=0
split_feature=19 60 20 68 0 1 47 3
split_gain=3.78588 3.11162 4.29939 9.18058 4.36696 3.06982 3.25975 2.41196
threshold=0.64445900000000012 0.82000000000000017 0.68001550000000011 0.50044150000000009 0.77790000000000015 0.72047656774520885 0.95024300000000006 0.94003245234489452
decision_type=2 2 2 2 2 2 2 2
left_child=7 2 3 -2 -4 6 -3 -1
right_child=1 5 4 -5 -6 -7 -8 -9
leaf_value=0 -0.0029178542475528564 -0.012960793388335543 -0.0026849039987055304 0.020089706723098927 0.0058881083795537074 0.010581394299000702 0.0045811642791884393 -0.018202480600172613
leaf_weight=7.0241897301298186 18.119218877685853 22.006800224060502 90.152346959010174 21.884823576969211 59.822199140719022 4.3461517463438204 7.2167649109323966 8.4399823222247488
leaf_count=3084 3566 3007 3156 916 1678 241 112 5000
internal_value=0.000596819 0.00148951 0.00276192 0.00984748 0.000717854 -0.00525089 -0.00837264 -0.0105712
internal_weight=239.012 223.548 189.979 40.004 149.975 33.5697 29.2236 15.4642
internal_count=20760 12676 9316 4482 4834 3360 3119 8084
is_linear=0
shrinkage=0.025


Tree=250
num_leaves=9
num_cat=0
split_feature=4 0 61 27 55 44 69 0
split_gain=4.65161 3.44595 7.10304 5.14512 5.47092 4.23384 3.38029 3.09808
threshold=1.0000000180025095e-35 0.48566650000000006 0.48363350000000005 1.0000000180025095e-35 1.0000000180025095e-35 0.31897500000000006 0.99437600000000004 0.77566650000000015
decision_type=2 2 2 2 2 2 2 2
left_child=1 3 7 4 -1 -5 -4 -3
right_child=-2 2 6 5 -6 -7 -8 -9
leaf_value=0.0030036836278372406 -0.01421455460465724 -0.017109176479716822 -0.0055938668117877779 -0.015179151536961963 0.021366269108904518 0.0047814504806949643 0.0042591547567211608 -0.0024754327097496749
leaf_weight=26.53594659087139 10.936623810204308 17.668635766227453 25.370573539636098 8.9406302891766263 16.633816147543712 14.462704414792823 98.793051884902525 20.832071381009428
leaf_count=3588 2633 4167 731 2309 1413 540 3560 1701
internal_value=0.000333472 0.00117691 -0.000755158 0.00589144 0.0108778 -0.00314344 0.00212966 -0.00988954
internal_weight=240.174 229.237 162.664 66.5731 43.1698 23.4033 124.164 38.5007
internal_count=20642 18009 10159 7850 5001 2849 4291 5868
is_linear=0
shrinkage=0.025


Tree=251
num_leaves=9
num_cat=0
split_feature=4 73 16 69 65 9 29 34
split_gain=2.97219 3.12923 2.66157 4.9553 5.58314 4.3545 3.99433 2.99195
threshold=1.0000000180025095e-35 -1.0000000180025095e-35 0.70802300000000018 0.93233600000000016 0.79200000000000015 0.95350000000000013 1.0000000180025095e-35 0.29669700000000004
decision_type=2 2 2 2 2 2 2 2
left_child=2 -2 5 4 -4 -1 -5 -7
right_child=1 -3 3 6 -6 7 -8 -9
leaf_value=-0.00045605065747965064 0.0064083087509086787 -0.019412367920011612 -0.033288761752024554 -0.0092585020878530357 0.0065287272113157937 0.018631971418730336 0.0042190449099952388 0.0021453397774454388
leaf_weight=138.3465237060791 2.4715287177095879 8.1025173756102031 4.8915903521410646 22.032558824976149 1.9922502993140367 11.824962592027079 29.548527671089687 17.297604000254069
leaf_count=14711 76 2529 221 1645 17 295 738 414
internal_value=-0.000881424 -0.0127214 -0.000187633 -0.00471759 -0.0220454 0.00138657 -0.00152854 0.00984772
internal_weight=236.508 10.574 225.934 58.4649 6.88384 167.469 51.5811 29.1226
internal_count=20646 2605 18041 2621 238 15420 2383 709
is_linear=0
shrinkage=0.025


Tree=252
num_leaves=9
num_cat=0
split_feature=60 9 0 3 0 16 58 2
split_gain=4.1457 5.16549 3.92504 5.3587 4.02511 3.79617 3.335 2.93682
threshold=0.82000000000000017 0.95350000000000013 0.80776700000000012 0.93800881505012523 0.48566650000000006 0.69599300000000008 0.31583350000000004 0.73102048039436351
decision_type=2 2 2 2 2 2 2 2
left_child=1 2 4 -4 -1 6 -3 -2
right_child=7 5 3 -5 -6 -7 -8 -9
leaf_value=0.0020140928829879313 -0.01080897549119926 -0.0012529376461177402 -0.013917102271242286 0.011814403998940813 -0.0067318186298704731 0.00060506257152436631 0.020208170408456998 0.0070767132615874827
leaf_weight=58.110167583545262 29.74033239255732 4.7743387571244993 4.2207634312108011 24.809408807508589 68.989202811102587 21.088095374259865 17.451884237132617 5.0163503115763879
leaf_count=8716 4589 205 200 619 5301 425 283 276
internal_value=-2.75853e-05 0.00134982 -0.000753539 0.00717567 -0.00270581 0.00879565 0.0155657 -0.00777893
internal_weight=234.201 199.444 156.13 29.0302 127.099 43.3143 22.2262 34.7567
internal_count=20614 15749 14836 819 14017 913 488 4865
is_linear=0
shrinkage=0.025


Tree=253
num_leaves=9
num_cat=0
split_feature=60 9 55 16 22 19 20 1
split_gain=3.72464 3.42289 4.52862 4.83435 3.82234 3.61002 4.36145 2.96723
threshold=0.82000000000000017 0.95350000000000013 1.0000000180025095e-35 0.69881000000000015 0.45059850000000007 0.76312300000000011 0.7386195000000001 0.72047656774520885
decision_type=2 2 2 2 2 2 2 2
left_child=1 2 3 -1 -4 6 -3 -2
right_child=7 5 4 -5 -6 -7 -8 -9
leaf_value=-0.0023266805786423153 -0.011244299855091245 0.0083795181944297838 -0.00085714769983344776 -0.018627928330392032 0.01073184726010748 0.020151940733233689 -0.0093008256287886032 0.0078837592355787498
leaf_weight=72.327470818966958 28.907890029130158 24.030855646116834 47.359049825510738 12.089064331637926 25.309352769720135 7.8217488068912635 10.933910623542031 4.1085213450714937
leaf_count=8253 4630 596 5476 504 679 69 242 247
internal_value=-0.00080139 0.000476257 -0.00120762 -0.00512502 0.00325803 0.00660371 0.00244368 -0.0083355
internal_weight=232.888 199.871 157.085 84.4165 72.6684 42.7865 34.9648 33.0164
internal_count=20696 15819 14912 8757 6155 907 838 4877
is_linear=0
shrinkage=0.025


Tree=254
num_leaves=9
num_cat=0
split_feature=68 72 21 49 59 22 17 6
split_gain=4.27429 3.82388 5.81297 6.00422 3.67867 3.24952 3.39208 3.14891
threshold=0.45270850000000007 0.6545335000000001 0.70400000000000007 1.0000000180025095e-35 1.0000000180025095e-35 0.25748900000000002 0.66092250000000019 0.63463150000000013
decision_type=2 2 2 2 2 2 2 2
left_child=5 4 -3 -4 -2 6 -1 -7
right_child=1 2 3 -5 -6 7 -8 -9
leaf_value=-0.0059623514656652887 -0.0034756166987870403 -0.0062843839927893474 0.021290299908782801 0.0017965859879587394 0.019845291963321288 -0.020099983708437852 0.014764034093538545 -0.004168358636223681
leaf_weight=9.3927365693002667 4.7285615338041653 50.321437961385527 9.0911998342489806 109.4352487382348 11.147012726665707 11.37679984919532 6.5163228448545842 26.038241811940679
leaf_count=5793 424 2518 154 3607 498 5172 653 1865
internal_value=8.79513e-06 0.00184792 0.00062939 0.00368249 0.0128679 -0.00606316 0.00280907 -0.00997708
internal_weight=238.048 184.723 168.848 118.526 15.8756 53.3241 15.9091 37.415
internal_count=20684 7201 6279 3761 922 13483 6446 7037
is_linear=0
shrinkage=0.025


Tree=255
num_leaves=9
num_cat=0
split_feature=4 39 60 2 61 43 34 51
split_gain=4.28191 3.70115 4.3006 3.98914 3.77208 2.58863 2.84418 1.97266
threshold=1.0000000180025095e-35 1.0000000180025095e-35 0.82000000000000017 0.68759378790855419 0.21476350000000002 1.0000000180025095e-35 0.30332600000000004 1.0000000180025095e-35
decision_type=2 2 2 2 2 2 2 2
left_child=1 5 4 -4 -3 6 -1 -2
right_child=7 2 3 -5 -6 -7 -8 -9
leaf_value=-0.011903367824577828 -0.018267223184069821 0.018052863453603664 -0.013638246488994053 0.0048863857228208796 0.0026067458775688702 -0.020124331825386872 0.0039254659472616792 0.004289999533590271
leaf_weight=9.9053747709672333 9.0498119783564981 8.9220518469646759 16.917336051689748 9.7092515359399822 157.36453026061372 5.441334090502095 14.952530630385807 1.6285351086226008
leaf_count=2432 2258 1413 2622 619 8581 1670 676 374
internal_value=2.5921e-06 0.000829858 0.00215128 -0.00675188 0.00368477 -0.00696361 -0.00251946 -0.0141014
internal_weight=233.891 223.212 192.913 26.6266 166.287 30.2992 24.8579 10.6783
internal_count=20645 18013 13235 3241 9994 4778 3108 2632
is_linear=0
shrinkage=0.025


Tree=256
num_leaves=9
num_cat=0
split_feature=29 62 49 22 61 17 19 28
split_gain=3.41104 2.35986 3.72515 6.65293 4.44196 2.88772 3.43332 1.37573
threshold=0.91839300000000013 0.58333333333333337 1.0000000180025095e-35 0.22161250000000002 0.91961550000000014 0.7470205000000002 0.76898500000000014 0.43853150000000002
decision_type=2 2 2 2 2 2 2 2
left_child=1 5 3 -3 -4 6 -1 -2
right_child=7 2 4 -5 -6 -7 -8 -9
leaf_value=0.0012606708979255319 0.014703489200689682 -0.014787411266839124 -0.0077665883797430422 0.010575952511619453 0.013132761586114625 -0.015450521729152768 0.017502835708755739 0
leaf_weight=97.221880922826131 11.232674741049779 6.6948533129020715 75.674665890442157 22.539283397009058 4.8760472275316706 3.6762815768597639 7.1070630786125539 5.2782202395246705
leaf_count=5852 185 3271 9497 1077 84 138 358 63
internal_value=6.23259e-05 -0.00077451 -0.00335031 0.00395247 -0.00612309 0.00178886 0.00274606 0.010397
internal_weight=234.301 217.79 109.785 29.2341 80.5507 108.005 104.329 16.5109
internal_count=20525 20277 13929 4348 9581 6348 6210 248
is_linear=0
shrinkage=0.025


Tree=257
num_leaves=9
num_cat=0
split_feature=29 16 21 45 66 69 44 16
split_gain=3.4044 3.14753 4.29106 4.77492 4.71664 2.98832 4.16459 3.94908
threshold=0.9893010000000001 0.70802300000000018 0.70400000000000007 1.0000000180025095e-35 0.8985415000000001 0.95931250000000012 0.79200000000000015 0.72054450000000014
decision_type=2 2 2 2 2 2 2 2
left_child=1 2 4 -4 -1 6 -3 -7
right_child=-2 5 3 -5 -6 7 -8 -9
leaf_value=0.00047558504140774962 0.011689219894400391 -0.027528715439346752 0.00024429242988644395 0.011957467791562829 -0.013822745856693781 -0.010995792156581927 0.005456025492543576 0.0030415144212940456
leaf_weight=62.508245112435361 14.12413617610582 5.4514127726797588 53.764640970268374 36.255586818435404 16.361091922357446 18.405701310734003 2.1885378013830632 29.610084687476046
leaf_count=13443 189 270 2110 1166 1054 1031 20 1446
internal_value=0.000585494 -0.000176866 0.00149477 0.00520063 -0.0026663 -0.00525549 -0.0181303 -0.00241392
internal_weight=238.669 224.545 168.89 90.0202 78.8693 55.6557 7.63995 48.0158
internal_count=20729 20540 17773 3276 14497 2767 290 2477
is_linear=0
shrinkage=0.025


Tree=258
num_leaves=9
num_cat=0
split_feature=2 60 9 20 17 47 68 41
split_gain=3.42545 3.32632 3.81929 3.64557 2.96243 2.51782 2.04247 2.53275
threshold=0.73102048039436351 0.82000000000000017 0.95350000000000013 0.74581800000000009 0.68798900000000007 0.92356600000000011 0.80729150000000016 1.0000000180025095e-35
decision_type=2 2 2 2 2 2 2 2
left_child=1 2 3 -1 -4 -3 7 -2
right_child=6 5 4 -5 -6 -7 -8 -9
leaf_value=0 0.0074674553804782067 -0.012954478436264802 0.015508783411069383 -0.01059368005832702 0.00093285409099811822 0.001919321305857382 0.014435671140351731 -0.01200992475919857
leaf_weight=119.35891194735632 10.291744066285903 21.70099591251574 13.458331891037231 22.743490168184508 23.410775322947302 8.3355905656353553 12.667149745859204 4.2576082134619346
leaf_count=13766 193 4435 289 797 528 157 413 87
internal_value=-0.000171591 -0.00131152 0 -0.00185972 0.00697069 -0.00873054 0.00781629 0.000551964
internal_weight=236.225 209.008 178.972 142.102 36.8691 30.0366 27.2165 14.5494
internal_count=20665 19972 15380 14563 817 4592 693 280
is_linear=0
shrinkage=0.025


Tree=259
num_leaves=9
num_cat=0
split_feature=29 61 61 4 61 3 68 85
split_gain=3.83789 2.5383 2.77002 2.51346 2.40448 1.83032 1.52239 1.22392
threshold=0.9893010000000001 0.21476350000000002 0.0092330000000000016 1.0000000180025095e-35 0.22660250000000001 0.96568527817726146 0.54959050000000009 1.0000000180025095e-35
decision_type=2 2 2 2 2 2 2 2
left_child=1 2 -1 4 -3 -4 -2 -5
right_child=6 3 5 7 -6 -7 -8 -9
leaf_value=-0.0076019314307669136 -0.00093153877329957334 -0.015952111176340551 0.018881330505297583 -0.019451858772785817 -0.0012048393564646695 -0.0060425427405581935 0.015107722015712758 0
leaf_weight=2.8911521078098295 3.7582534411321822 5.3237874639344218 7.8158393536796194 5.8616877593885857 194.13601311070033 0.75907749493308063 10.409208118915556 2.4458841806717828
leaf_count=3170 106 1489 749 952 13937 224 85 98
internal_value=-0.000904708 -0.00178581 0.00865004 -0.00247446 -0.00179015 0.0152402 0.0108001 -0.0146416
internal_weight=233.401 219.233 11.4661 207.767 199.46 8.57492 14.1675 8.30757
internal_count=20810 20619 4143 16476 15426 973 191 1050
is_linear=0
shrinkage=0.025


end of trees

feature_importances:
Column_1=125
Column_29=119
Column_2=118
Column_0=115
Column_62=114
Column_9=106
Column_19=104
Column_22=98
Column_60=96
Column_61=87
Column_68=87
Column_47=74
Column_17=73
Column_39=68
Column_43=47
Column_64=46
Column_15=41
Column_20=37
Column_31=37
Column_48=36
Column_18=35
Column_16=30
Column_66=30
Column_69=29
Column_6=27
Column_49=19
Column_21=18
Column_4=17
Column_34=17
Column_46=17
Column_65=17
Column_3=15
Column_44=15
Column_67=13
Column_71=13
Column_24=12
Column_55=11
Column_14=10
Column_72=10
Column_54=9
Column_32=8
Column_37=8
Column_58=8
Column_59=7
Column_70=7
Column_73=6
Column_25=5
Column_26=5
Column_27=5
Column_28=5
Column_30=5
Column_88=4
Column_33=3
Column_41=3
Column_42=2
Column_45=2
Column_23=1
Column_51=1
Column_74=1
Column_81=1
Column_85=1

parameters:
[boosting: gbdt]
[objective: lambdarank]
[metric: ndcg]
[tree_learner: serial]
[device_type: cpu]
[data_sample_strategy: bagging]
[data: ]
[valid: ]
[num_iterations: 260]
[learning_rate: 0.025]
[num_leaves: 9]
[num_threads: 6]
[seed: 20260903]
[deterministic: 0]
[force_col_wise: 0]
[force_row_wise: 0]
[histogram_pool_size: -1]
[max_depth: 4]
[min_data_in_leaf: 24]
[min_sum_hessian_in_leaf: 0.001]
[bagging_fraction: 0.8]
[pos_bagging_fraction: 1]
[neg_bagging_fraction: 1]
[bagging_freq: 1]
[bagging_seed: 1721]
[bagging_by_query: 0]
[feature_fraction: 0.85]
[feature_fraction_bynode: 1]
[feature_fraction_seed: 12732]
[extra_trees: 0]
[extra_seed: 6506]
[early_stopping_round: 0]
[early_stopping_min_delta: 0]
[first_metric_only: 0]
[max_delta_step: 0]
[lambda_l1: 0.3]
[lambda_l2: 2]
[linear_lambda: 0]
[min_gain_to_split: 0]
[drop_rate: 0.1]
[max_drop: 50]
[skip_drop: 0.5]
[xgboost_dart_mode: 0]
[uniform_drop: 0]
[drop_seed: 14009]
[top_rate: 0.2]
[other_rate: 0.1]
[min_data_per_group: 100]
[max_cat_threshold: 32]
[cat_l2: 10]
[cat_smooth: 10]
[max_cat_to_onehot: 4]
[top_k: 20]
[monotone_constraints: ]
[monotone_constraints_method: basic]
[monotone_penalty: 0]
[feature_contri: ]
[forcedsplits_filename: ]
[refit_decay_rate: 0.9]
[cegb_tradeoff: 1]
[cegb_penalty_split: 0]
[cegb_penalty_feature_lazy: ]
[cegb_penalty_feature_coupled: ]
[path_smooth: 0]
[interaction_constraints: ]
[verbosity: -1]
[saved_feature_importance_type: 0]
[use_quantized_grad: 0]
[num_grad_quant_bins: 4]
[quant_train_renew_leaf: 0]
[stochastic_rounding: 1]
[linear_tree: 0]
[max_bin: 255]
[max_bin_by_feature: ]
[min_data_in_bin: 3]
[bin_construct_sample_cnt: 200000]
[data_random_seed: 5030]
[is_enable_sparse: 1]
[enable_bundle: 1]
[use_missing: 1]
[zero_as_missing: 0]
[feature_pre_filter: 1]
[pre_partition: 0]
[two_round: 0]
[header: 0]
[label_column: ]
[weight_column: ]
[group_column: ]
[ignore_column: ]
[categorical_feature: ]
[forcedbins_filename: ]
[precise_float_parser: 0]
[parser_config_file: ]
[objective_seed: 27550]
[num_class: 1]
[is_unbalance: 0]
[scale_pos_weight: 1]
[sigmoid: 1]
[boost_from_average: 1]
[reg_sqrt: 0]
[alpha: 0.9]
[fair_c: 1]
[poisson_max_delta_step: 0.7]
[tweedie_variance_power: 1.5]
[lambdarank_truncation_level: 30]
[lambdarank_norm: 1]
[label_gain: ]
[lambdarank_position_bias_regularization: 0]
[eval_at: 1,2,3,4,5]
[multi_error_top_k: 1]
[auc_mu_weights: ]
[num_machines: 1]
[local_listen_port: 12400]
[time_out: 120]
[machine_list_filename: ]
[machines: ]
[gpu_platform_id: -1]
[gpu_device_id: -1]
[gpu_device_id_list: ]
[gpu_use_dp: 0]
[num_gpu: 1]

end of parameters

pandas_categorical:null
