tree
version=v4
num_class=1
num_tree_per_iteration=1
label_index=0
max_feature_idx=82
objective=lambdarank
feature_names=Column_0 Column_1 Column_2 Column_3 Column_4 Column_5 Column_6 Column_7 Column_8 Column_9 Column_10 Column_11 Column_12 Column_13 Column_14 Column_15 Column_16 Column_17 Column_18 Column_19 Column_20 Column_21 Column_22 Column_23 Column_24 Column_25 Column_26 Column_27 Column_28 Column_29 Column_30 Column_31 Column_32 Column_33 Column_34 Column_35 Column_36 Column_37 Column_38 Column_39 Column_40 Column_41 Column_42 Column_43 Column_44 Column_45 Column_46 Column_47 Column_48 Column_49 Column_50 Column_51 Column_52 Column_53 Column_54 Column_55 Column_56 Column_57 Column_58 Column_59 Column_60 Column_61 Column_62 Column_63 Column_64 Column_65 Column_66 Column_67 Column_68 Column_69 Column_70 Column_71 Column_72 Column_73 Column_74 Column_75 Column_76 Column_77 Column_78 Column_79 Column_80 Column_81 Column_82
feature_infos=[0:1] [-0.035627521574497223:0.83773982524871826] [-0.035817231982946396:0.86836433410644531] [0.63048857450485229:0.99203497171401978] [0:1] [0:1] [0.29658499999999999:0.83450299999999999] [0:1] [0:1] [0.080000000000000002:1] [0:1] none [0:1] none [0:1] [0:0.85160000000000002] [0.52320800000000001:0.79572299999999996] [0:0.79816399999999998] [0.53391100000000002:0.79447900000000005] [0.52735900000000002:0.82273300000000005] [0.476688:0.82313800000000004] [0:1] [0.088976:0.645644] [0:1] [0:1] [0:1] [0:1] [0:1] [0:1] [0:1] [0:1] [0:0.80000000000000004] [0:1] [0:1] [0:1] [0:1] [0:1] [0:1] none [0:1] [0:1] [0:1] [0:1] [0:1] [0:1] [0:1] [0:1] [0:1] [0:1] [0:1] [0:1] [0:1] [0:1] [0.55000000000000004:0.90000000000000002] [0:1] [0:1] none [0:1] [0:1] [0:1] [0.059999999999999998:1] [0:1] [0.16666666666666666:1] [0:1] [0:1] [0:1] [0:1] [0:1] [0:1] [0:1] [0:1] [0:1] [0:1] [0:1] [0:1] [0:1] [0:1] [0:1] [0:1] [0:1] [0:1] [0:1] [0:1]
tree_sizes=1120 1118 1108 1114 1109 1109 1106 1110 1117 1114 1118 1118 1119 1100 1111 1108 1092 1121 1121 1115 1121 1124 1114 1118 1121 1116 1110 1118 1118 1117 1115 1115 1114 1116 1116 1119 1123 1116 1119 1117 1110 1115 1107 1123 1113 1120 1110 1115 1118 1117 1116 1122 1116 1102 1116 1127 1127 1117 1113 1123 1104 1133 1120 1116 1122 1099 1116 1115 1122 1130 1108 1117 1117 1115 1117 1125 1111 1119 1123 1129 1119 1120 1112 1113 1122 1099 1112 1117 1126 1125 1124 1123 1118 1120 1115 1108 1091 1121 1121 1123 1101 1130 1097 1124 1123 1096 1120 1123 1118 1114 1123 1101 1128 1109 1133 1116 1118 1107 1121 1128 1130 1119 1104 1130 1113 1126 1127 1134 1125 1118 1115 1111 1124 1136 1123 1125 1129 1126 1128 1104 1124 1126 1128 1119 1123 1125 1132 1130 1096 1126 1121 1125 1127 1128 1116 1132 1127 1130 1129 1123 1122 1112 1124 1124 1133 1130 1128 1129 1133 1121 1126 1122 1096 1126 1125 1103 1122 1101 1104 1124 1118 1128 1131 1124 1116 1132 1127 1120 1132 1124 1113 1127 1122 1113 1124 1113 1119 1131 1134 1120 1129 1115 1117 1118 1119 1131 1133 1126 1115 1122 1111 1106 1127 1113 1121 1112 1025 1130 1115 1121 1118 1106 1140 1108 1134 1126 1126 1113 1123 1128 1106 1121 1129 1143 1104 1136 1121 1129 1122 1108 1125 1127 1118 1113 1095 1108 1130 1105 1118 1125 1127 1124 1120 1116 1120 1133 1118 1131 1091 1097

Tree=0
num_leaves=9
num_cat=0
split_feature=9 62 1 1 1 0 39 60
split_gain=452.153 107.587 40.1231 32.6818 23.6409 20.4498 11.7841 10.1114
threshold=0.57000000000000017 0.75000000000000011 0.56950846314430248 0.60710546374320995 0.48316617310047155 0.51233350000000011 1.0000000180025095e-35 0.68000000000000005
decision_type=2 2 2 2 2 2 2 2
left_child=3 2 5 -1 -3 -2 -6 -4
right_child=1 4 7 -5 6 -7 -8 -9
leaf_value=-0.045330260616477679 0.021127171225183827 -0.036947343449690577 0.039907354074503874 0.00080307647687889467 -0.024391587899401438 -0.010281081838534711 0.0058233195422333706 0.020914819933190942
leaf_weight=99.345974707044661 31.387532794033177 13.179041942348702 103.59249136940343 10.173368133051552 8.2628814295167086 19.246302031824598 35.514372689620359 32.474878629000159
leaf_count=10448 1153 1290 1869 609 688 1277 1806 1560
internal_value=0.000689638 0.0196583 0.0287725 -0.0410401 -0.0100531 0.00910914 -0.000532356 0.0357974
internal_weight=353.177 243.658 186.701 109.519 56.9563 50.6338 43.7773 136.067
internal_count=20700 9643 5859 11057 3784 2430 2494 3429
is_linear=0
shrinkage=0.025


Tree=1
num_leaves=9
num_cat=0
split_feature=9 47 1 29 39 62 32 39
split_gain=796.889 204.105 161.591 153.267 97.7527 78.3841 30.3996 18.7284
threshold=0.71000000000000008 0.92356600000000011 0.51807814836502086 0.60023650000000017 1.0000000180025095e-35 0.41666666666666669 0.097470000000000015 1.0000000180025095e-35
decision_type=2 2 2 2 2 2 2 2
left_child=2 3 -1 4 -2 -4 -7 -5
right_child=1 -3 5 7 -6 6 -8 -9
leaf_value=-0.045823044475718944 -0.027653741058137862 0.03853539305199441 0.024233215900379211 -0.0034688991813766543 0.0056416060699594692 -0.032982402404729577 -0.0073361222943870404 0.040172807531445746
leaf_weight=203.81116999633377 64.059406302520074 169.99758169869892 29.123183563351631 5.9886777780484399 330.48424074560171 58.037764383712783 60.308935477398336 77.970378961064853
leaf_count=9994 1528 464 359 84 5236 1797 988 258
internal_value=-0.00124988 0.0151604 -0.0314805 0.00671459 0.000104542 -0.0112603 -0.0203146 0.0369644
internal_weight=999.781 648.5 351.281 478.503 394.544 147.47 118.347 83.9591
internal_count=20708 7570 13138 7106 6764 3144 2785 342
is_linear=0
shrinkage=0.025


Tree=2
num_leaves=9
num_cat=0
split_feature=9 62 1 44 1 61 62 47
split_gain=801.227 256.053 117.07 65.4326 44.3132 38.277 36.8009 35.3853
threshold=0.57000000000000017 0.75000000000000011 0.60710546374320995 0.10004450000000001 0.60874295234680187 0.46085700000000007 0.58333333333333337 0.62759050000000005
decision_type=2 2 2 2 2 2 2 2
left_child=4 2 3 -2 -1 -6 -4 -3
right_child=1 7 6 -5 5 -7 -8 -9
leaf_value=-0.043629344362222856 -0.012158664166704129 -0.030001288413904079 0.032657389612762697 0.014825487705380426 0.017928735502533554 -0.037289141740807767 0.015078026803968442 -0.0038280488429155977
leaf_weight=210.19739923451561 83.379785174853168 74.13802951015532 277.06960040511331 161.88078077044338 14.428398572839798 13.042697529774157 111.56640950764995 58.457584227435291
leaf_count=10441 1535 2746 1900 1659 191 403 833 1021
internal_value=0.00016146 0.0126148 0.0192249 0.00559737 -0.03974 -0.0087845 0.0277331 -0.0187463
internal_weight=1004.16 766.492 633.897 245.261 237.668 27.4711 388.636 132.596
internal_count=20729 9694 5927 3194 11035 594 2733 3767
is_linear=0
shrinkage=0.025


Tree=3
num_leaves=9
num_cat=0
split_feature=1 9 9 29 0 24 47 47
split_gain=700.467 187.267 114.106 59.4829 57.6664 63.9259 54.5642 53.451
threshold=0.56389477849006664 0.65000000000000013 0.73000000000000009 0.31620650000000006 0.50913350000000013 1.0000000180025095e-35 0.80616900000000002 0.95024300000000006
decision_type=2 2 2 2 2 2 2 2
left_child=1 -1 -2 7 5 -3 -6 -4
right_child=2 4 3 -5 6 -7 -8 -9
leaf_value=-0.04169211204136062 -0.0051115933564558243 -0.015200417228383625 0.0082629491516648616 0.035355185061626805 -0.035307380196086202 0.023157665882579059 0.0073737151097672234 0.030705461472836443
leaf_weight=206.48108501394745 107.56435879191849 49.317944556474686 189.7100370042026 165.52666509896517 58.799091071356088 55.595681132283062 25.797016297001392 103.05132007435896
leaf_count=10622 2095 1032 3260 574 2205 483 308 215
internal_value=9.61242e-05 -0.0253272 0.0179274 0.0233499 -0.00720831 0.00510905 -0.0223358 0.0163428
internal_weight=961.843 395.991 565.852 458.288 189.51 104.914 84.5961 292.761
internal_count=20794 14650 6144 4049 4028 1515 2513 3475
is_linear=0
shrinkage=0.025


Tree=4
num_leaves=9
num_cat=0
split_feature=9 2 62 29 15 44 47 9
split_gain=664.504 185.581 79.7299 66.0947 42.8625 35.6229 27.2579 20.1945
threshold=0.57000000000000017 0.54343473911285411 0.58333333333333337 0.75473800000000013 0.67464100000000016 0.40703000000000006 0.87193500000000013 0.83150000000000002
decision_type=2 2 2 2 2 2 2 2
left_child=5 4 6 -4 -2 -1 -3 -6
right_child=1 2 3 -5 7 -7 -8 -9
leaf_value=-0.040035100509241396 -0.022684541026970814 0.018914563228262463 0.00078710175012585738 0.036554624652669197 0.017741074779434342 0.00086672628957827559 0.03379910890321873 -0.012584172637280164
leaf_weight=207.60185757756699 95.340248144348152 175.88211603579111 190.41867821046617 37.024177537066862 30.757442586589605 13.738657876849173 160.0979348202236 21.54290030291304
leaf_count=10544 2925 2237 3178 105 367 497 303 510
internal_value=0.000144767 0.0119387 0.0184708 0.00691007 -0.0128524 -0.0374777 0.0261874 0.00510833
internal_weight=932.404 711.063 563.423 227.443 147.641 221.341 335.98 52.3003
internal_count=20666 9625 5823 3283 3802 11041 2540 877
is_linear=0
shrinkage=0.025


Tree=5
num_leaves=9
num_cat=0
split_feature=1 9 62 18 0 61 60 34
split_gain=585.868 127.663 70.1535 70.0035 52.5085 65.3025 47.9883 24.7019
threshold=0.50965696573257457 0.71000000000000008 0.75000000000000011 0.66500550000000003 0.4233670000000001 0.71970600000000007 0.68000000000000005 0.12662800000000005
decision_type=2 2 2 2 2 2 2 2
left_child=3 4 6 -1 7 -6 -3 -2
right_child=1 2 -4 -5 5 -7 -8 -9
leaf_value=-0.039579218177090869 -0.011635224390177733 0.02555765529558331 -0.0053488780206223403 -0.0077066048688996316 -0.035236767020235822 0.012227525303118499 0.0053601582206647064 0.025601276032374914
leaf_weight=200.7505788638955 16.215349769219756 341.79563995543867 71.258979987818748 56.889452658127993 60.432371805654839 24.053954544942826 96.371270629577339 27.07524693896994
leaf_count=10312 486 2198 1700 1501 2271 310 1594 346
internal_value=-0.00100956 0.0118478 0.0174454 -0.0326839 -0.0103363 -0.0216663 0.021177 0.0115901
internal_weight=894.843 637.203 509.426 257.64 127.777 84.4863 438.167 43.2906
internal_count=20718 8905 5492 11813 3413 2581 3792 832
is_linear=0
shrinkage=0.025


Tree=6
num_leaves=9
num_cat=0
split_feature=9 62 47 29 1 48 29 22
split_gain=538.173 172.95 70.4751 77.3783 39.855 33.5803 25.4156 24.4961
threshold=0.57000000000000017 0.75000000000000011 0.74884650000000008 0.75473800000000013 0.60710546374320995 0.66350000000000009 0.52868100000000007 0.25133350000000004
decision_type=2 2 2 2 2 2 2 2
left_child=4 2 3 -2 -1 6 -3 -6
right_child=1 5 -4 -5 7 -7 -8 -9
leaf_value=-0.038892835329949763 0.001155927186109655 -0.029948717671186422 0.025043791782723895 0.03410943975231881 0.027289798857386673 0.0043014311739828972 0.0092458240988877293 -0.021366005248101061
leaf_weight=185.77108352363575 236.30516904965043 74.796429317444563 283.6888388725929 53.075991847552359 8.0271062785759586 33.06430158414878 10.68839669995941 16.121599648497067
leaf_count=10285 4715 2816 1106 133 50 806 163 550
internal_value=-0.000121196 0.0105238 0.0162133 0.00741837 -0.0349967 -0.0167302 -0.0248631 -0.00405559
internal_weight=901.539 691.619 573.07 289.381 209.92 118.549 85.4848 24.1487
internal_count=20624 9739 5954 4848 10885 3785 2979 600
is_linear=0
shrinkage=0.025


Tree=7
num_leaves=9
num_cat=0
split_feature=1 47 29 62 21 28 62 34
split_gain=569.101 107.945 125.678 101.257 52.5146 22.8445 18.9673 26.5139
threshold=0.50965696573257457 0.87193500000000013 0.60023650000000017 0.41666666666666669 0.87400000000000011 0.82953200000000005 0.58333333333333337 0.27674500000000007
decision_type=2 2 2 2 2 2 2 2
left_child=4 2 3 -2 5 -1 -3 -8
right_child=1 6 -4 -5 -6 -7 7 -9
leaf_value=-0.037237161040033141 0.023923616530551632 0.030094241506011567 0.029941507616468896 -0.010463554792527252 0.0096408133418097435 0.0036742801687312957 -0.013018737816243292 0.021663047744901482
leaf_weight=216.62876183452317 65.881702489452437 167.57888413174078 90.389680763706565 250.44336661882699 16.092818018514663 8.1750351479276997 15.879882025532423 61.114721834426746
leaf_count=11268 929 320 345 6836 341 193 162 354
internal_value=8.09003e-05 0.0122368 0.0042788 -0.00317279 -0.032583 -0.0356971 0.0252981 0.0142666
internal_weight=892.185 651.288 406.715 316.325 240.897 224.804 244.573 76.9946
internal_count=20748 8946 8110 7765 11802 11461 836 516
is_linear=0
shrinkage=0.025


Tree=8
num_leaves=9
num_cat=0
split_feature=9 1 39 44 1 60 20 61
split_gain=507.286 130.054 75.0391 50.2127 42.9847 35.4578 38.6554 24.935
threshold=0.57000000000000017 0.61030724644660961 1.0000000180025095e-35 0.10004450000000001 0.60710546374320995 0.68000000000000005 0.69720050000000011 0.46085700000000007
decision_type=2 2 2 2 2 2 2 2
left_child=4 2 -2 -4 -1 -3 -7 -6
right_child=1 5 3 -5 7 6 -8 -9
leaf_value=-0.037582776331475366 -0.027977014425022585 0.02521816592996165 -0.010900092582987124 0.012800209210753042 0.017617155291451383 -0.025288363874182054 0.014724127127346172 -0.030106481499991528
leaf_weight=181.33551497961162 51.795151170575991 286.13115471508354 83.255517206969671 159.70393048692495 14.743655990576373 16.578063942259178 78.315527096856385 9.5458812885917705
leaf_count=10330 1738 1668 2243 2311 203 350 1338 384
internal_value=0.000743195 0.0112233 -0.00122821 0.00462546 -0.0334395 0.0208313 0.00727878 -0.00171666
internal_weight=881.404 675.779 294.755 242.959 205.625 381.025 94.8936 24.2895
internal_count=20565 9648 6292 4554 10917 3356 1688 587
is_linear=0
shrinkage=0.025


Tree=9
num_leaves=9
num_cat=0
split_feature=9 62 2 2 22 39 61 19
split_gain=486.831 122.238 88.95 50.6039 46.1296 39.9582 24.9676 20.9226
threshold=0.71000000000000008 0.75000000000000011 0.56664305925369274 0.66155844926834118 0.25227950000000005 1.0000000180025095e-35 0.72100950000000008 0.72722150000000008
decision_type=2 2 2 2 2 2 2 2
left_child=2 3 7 5 -4 -2 -6 -1
right_child=1 -3 4 -5 6 -7 -8 -9
leaf_value=-0.037742707714232909 -0.014420357909688823 -0.013590310975943806 0.020662392815335343 0.026909795889442475 -0.026907513034217064 0.014293793393934141 0.0044836869982080585 0.0062553401986486712
leaf_weight=185.23088333080523 32.998532136902213 87.593993948539719 26.12366890674457 224.51854114653543 47.888446011696942 227.45315572409891 21.901101470459253 6.1606456027366212
leaf_count=10689 741 2704 308 1583 1760 2472 304 144
internal_value=-1.89987e-06 0.0133066 -0.0264588 0.018216 -0.00652728 0.010545 -0.0171015 -0.0362376
internal_weight=859.869 572.564 287.305 484.97 95.9132 260.452 69.7895 191.392
internal_count=20705 7500 13205 4796 2372 3213 2064 10833
is_linear=0
shrinkage=0.025


Tree=10
num_leaves=9
num_cat=0
split_feature=9 62 29 2 61 2 43 31
split_gain=440.881 133.942 62.85 43.7323 24.6912 23.083 22.0405 20.6132
threshold=0.57000000000000017 0.75000000000000011 0.31620650000000006 0.46873782575130468 0.47289900000000007 0.6687772572040559 1.0000000180025095e-35 0.58100750000000001
decision_type=2 2 2 2 2 2 2 2
left_child=5 2 3 -2 -3 7 -6 -1
right_child=1 4 -4 -5 6 -7 -8 -9
leaf_value=-0.036934011624722443 -0.020666003338869334 -0.025705778247537753 0.027322122003632807 0.011261079204398401 0.0053086698749950749 -0.00090298142303657308 -0.034750150649702688 0.0089429125797872832
leaf_weight=177.4572006186354 27.147294743102975 60.441785592120141 167.60419048904441 336.33775691309711 43.670367158018053 13.508689990034325 8.5494080502539855 5.3423377809813237
leaf_count=10380 800 2329 796 4277 1074 325 367 249
internal_value=-0.000551077 0.00945392 0.0147098 0.00875601 -0.0150814 -0.0331626 -0.00215133 -0.0354704
internal_weight=840.059 643.751 531.089 363.485 112.662 196.308 52.2198 182.8
internal_count=20597 9643 5873 5077 3770 10954 1441 10629
is_linear=0
shrinkage=0.025


Tree=11
num_leaves=9
num_cat=0
split_feature=1 62 18 44 19 43 48 0
split_gain=419.018 83.2875 75.2888 47.8508 52.7288 32.559 29.2527 21.6242
threshold=0.51807814836502086 0.75000000000000011 0.67814800000000008 0.047175500000000009 0.7199040000000001 1.0000000180025095e-35 0.66350000000000009 0.43580000000000002
decision_type=2 2 2 2 2 2 2 2
left_child=2 3 -1 4 -2 -5 7 -3
right_child=1 6 -4 5 -6 -7 -8 -9
leaf_value=-0.033706261231595466 -0.016635002766171796 0.0050626065659569904 0.0016108320530650558 0.022122310090972548 0.016642599800044844 -0.00049924405208637095 0.008759955596394987 -0.02979045865012497
leaf_weight=196.80468212024425 53.104151892708614 13.697965932544319 45.84868319198722 355.53973820398096 62.633274220861495 43.916354968561791 29.407372138113715 42.296164635568857
leaf_count=11012 1498 304 1077 3017 476 797 676 1709
internal_value=0.000540433 0.0117503 -0.0270439 0.0155419 0.00128683 0.0196265 -0.0108694 -0.0212544
internal_weight=843.248 600.595 242.653 515.194 115.737 399.456 85.4015 55.9941
internal_count=20566 8477 12089 5788 1974 3814 2689 2013
is_linear=0
shrinkage=0.025


Tree=12
num_leaves=9
num_cat=0
split_feature=1 9 60 34 2 44 43 20
split_gain=440.491 115.054 56.4687 40.2929 38.3258 36.358 33.6123 29.2536
threshold=0.50965696573257457 0.73000000000000009 0.68000000000000005 0.30332600000000004 0.68431133031845104 0.10082500000000001 1.0000000180025095e-35 0.67151150000000015
decision_type=2 2 2 2 2 2 2 2
left_child=7 4 6 -4 5 -2 -3 -1
right_child=1 2 3 -5 -6 -7 -8 -9
leaf_value=-0.035053219438775748 -0.033490885937342396 0.023357101061386363 -0.02394962602359926 0.0094948656498354527 0.011330341502728151 -0.0017852785175846092 -0.00027011811688029561 -0.012218144335535955
leaf_weight=170.68765982275363 47.431052158295643 343.21915975643788 28.747558756440412 81.993263428041246 34.869966604048386 43.058709567179903 41.481574478675611 49.009312792855781
leaf_count=10186 2140 2376 895 1507 434 1005 578 1570
internal_value=0.000104458 0.0108855 0.0162937 0.000475535 -0.0103501 -0.01885 0.0208018 -0.0301493
internal_weight=840.498 620.801 495.442 110.741 125.36 90.4898 384.701 219.697
internal_count=20691 8935 5356 2402 3579 3145 2954 11756
is_linear=0
shrinkage=0.025


Tree=13
num_leaves=9
num_cat=0
split_feature=1 44 19 18 62 43 58 3
split_gain=361.426 72.248 66.5862 51.6063 49.6831 42.2791 25.0181 17.7297
threshold=0.50965696573257457 0.047175500000000009 0.72174100000000008 0.68080900000000011 0.58333333333333337 1.0000000180025095e-35 1.0000000180025095e-35 0.94795417785644542
decision_type=2 2 2 2 2 2 2 2
left_child=3 2 6 -1 -3 -6 -2 -4
right_child=1 4 7 -5 5 -7 -8 -9
leaf_value=-0.032163495703895408 0.02318926783759364 0.021176213404042802 -0.020053077877003469 0 0.0095642828655818461 -0.022488392445375333 -0.027291063752929168 0.016454624434640932
leaf_weight=187.95920521387598 5.0933540025725952 284.34561387822032 7.7297801999375215 37.166656373941805 168.02240996988257 28.269293987716082 64.064799734158441 58.583809341769665
leaf_count=10903 35 2532 124 892 2411 849 2404 556
internal_value=6.75805e-05 0.00998599 -0.00603191 -0.0268923 0.0145226 0.00473008 -0.0229206 0.0116268
internal_weight=841.235 616.109 135.472 225.126 480.637 196.292 69.1582 66.3136
internal_count=20706 8911 3119 11795 5792 3260 2439 680
is_linear=0
shrinkage=0.025


Tree=14
num_leaves=9
num_cat=0
split_feature=9 47 29 39 15 15 31 1
split_gain=374.491 115.862 87.2731 63.913 24.1546 13.603 10.8069 8.59767
threshold=0.57000000000000017 0.93492100000000011 0.75473800000000013 1.0000000180025095e-35 0.70919750000000004 0.50111600000000012 0.6286845000000002 0.57105824351310741
decision_type=2 2 2 2 2 2 2 2
left_child=4 2 3 -2 6 -3 -1 -6
right_child=1 5 -4 -5 7 -7 -8 -9
leaf_value=-0.034054440993587426 -0.026320620284943554 0.0040723879272085654 0.028277267053469814 0.0015883119103836459 -0.020358299240810295 0.027194402053430034 0.0076607012593186436 0.021291403416356686
leaf_weight=175.31279503629776 59.200638777459972 19.205739165656269 63.75622805673629 313.19615062576486 2.8955062907189113 172.35564804181922 2.9901812055613837 6.3622965612448752
leaf_count=10583 2060 83 219 6796 173 443 145 100
internal_value=-0.000384969 0.0088803 0.0017099 -0.00294529 -0.0311994 0.024981 -0.0332361 0.00629615
internal_weight=815.275 627.714 436.153 372.397 187.561 191.561 178.303 9.2578
internal_count=20602 9601 9075 8856 11001 526 10728 273
is_linear=0
shrinkage=0.025


Tree=15
num_leaves=9
num_cat=0
split_feature=9 62 2 60 48 1 0 15
split_gain=360.423 112.966 47.3033 37.0195 29.8644 23.246 17.9559 17.8905
threshold=0.57000000000000017 0.75000000000000011 0.67779147624969494 0.68000000000000005 0.66350000000000009 0.60710546374320995 0.45466650000000003 0.52385550000000014
decision_type=2 2 2 2 2 2 2 2
left_child=5 2 3 -2 -3 -1 -7 -6
right_child=1 4 -4 -5 7 6 -8 -9
leaf_value=-0.033718652143766424 0.01220740251651967 -0.022535430630077732 0.023195735621488699 -0.0074842451413545388 0.026819261320205914 0.012990209624183581 -0.029686365672388183 -0.008773174900207804
leaf_weight=165.12012228387175 255.35912811354501 76.59453073493205 197.91127577028237 75.688539142836817 12.58359496842604 12.663689040578904 8.5864951716503111 20.243175323877949
leaf_count=10458 2837 2982 1465 1578 127 212 390 657
internal_value=-0.00016535 0.00876768 0.0135554 0.00766481 -0.0141372 -0.030572 -0.00500169 0.00541187
internal_weight=824.751 638.38 528.959 331.048 109.421 186.37 21.2502 32.8268
internal_count=20706 9646 5880 4415 3766 11060 602 784
is_linear=0
shrinkage=0.025


Tree=16
num_leaves=9
num_cat=0
split_feature=2 9 15 29 47 0 49 6
split_gain=357.024 91.6298 53.5152 45.8279 54.5681 38.1697 34.9979 34.0113
threshold=0.53145480155944835 0.71000000000000008 0.67609850000000005 0.31620650000000006 0.87193500000000013 0.45106650000000009 1.0000000180025095e-35 0.70657100000000017
decision_type=2 2 2 2 2 2 2 2
left_child=2 5 -1 4 -3 -2 -4 -7
right_child=1 3 6 -5 -6 7 -8 -9
leaf_value=-0.031294493975030986 0.0072981073690338467 0 0.016841151358471151 0.026696947523865242 0.02113161505184535 -0.035863409982919765 -0.024933528896791887 0.001325710561715098
leaf_weight=190.43428371180198 46.803746812802274 162.9564956529066 26.700708314077929 157.07816087210085 142.74841040489264 38.851311748556327 20.222326204180717 23.811401963001117
leaf_count=11068 1045 3852 398 670 508 1818 876 404
internal_value=0.00018722 0.0108878 -0.0254551 0.0157482 0.00996111 -0.00950666 -0.0012924 -0.0220119
internal_weight=809.607 572.25 237.357 462.783 305.705 109.466 46.923 62.6627
internal_count=20639 8297 12342 5030 4360 3267 1274 2222
is_linear=0
shrinkage=0.025


Tree=17
num_leaves=9
num_cat=0
split_feature=1 2 18 9 60 24 44 39
split_gain=312.846 76.9985 66.7486 52.5154 37.7831 22.7114 19.634 16.9205
threshold=0.51961117982864391 0.68278563022613536 0.66500550000000003 0.71000000000000008 0.68000000000000005 0.55000000000000016 0.10082500000000001 1.0000000180025095e-35
decision_type=2 2 2 2 2 2 2 2
left_child=2 3 -1 6 -5 -4 -2 -7
right_child=1 -3 5 4 -6 7 -8 -9
leaf_value=-0.032701529548514803 -0.027163532684741178 0.021562427747680496 -0.018263562519937559 0.012621884415553215 -0.0084339942734634032 -0.019016386242747041 -0.0013241113164909179 0.020014226508821495
leaf_weight=166.41186648620351 39.992545611516107 217.73900173098082 28.328058368439088 220.61132500536041 68.021970748784952 7.1980994422920039 34.200232205272187 27.105172330397181
leaf_count=10553 1815 1828 976 2292 1596 311 839 389
internal_value=0.000104848 0.00987652 -0.0245024 0.00276326 0.00760997 -0.00226354 -0.0156983 0.0110211
internal_weight=809.608 580.565 229.043 362.826 288.633 62.6313 74.1928 34.3033
internal_count=20599 8370 12229 6542 3888 1676 2654 700
is_linear=0
shrinkage=0.025


Tree=18
num_leaves=9
num_cat=0
split_feature=1 34 43 60 60 20 16 34
split_gain=316.017 114.58 40.8973 32.0875 31.5272 31.2712 27.0687 16.6798
threshold=0.61030724644660961 0.13174100000000002 1.0000000180025095e-35 0.68000000000000005 0.68000000000000005 0.70220650000000007 0.60695300000000019 0.29067950000000004
decision_type=2 2 2 2 2 2 2 2
left_child=1 -1 3 -3 6 -6 -2 -7
right_child=4 2 -4 -5 5 7 -8 -9
leaf_value=-0.030056769270604928 -0.0049021491619410003 0.0066535932428581166 -0.030259751715628138 -0.016529336896404293 -0.021639677619704548 -0.011873811668591201 0.022104506328620255 0.017928211507105014
leaf_weight=190.23727886128472 24.231883752858266 143.59865055442788 28.92234255670337 48.141168258560356 22.577753776742611 13.298667391762136 261.37190804549027 50.254645239503589
leaf_count=10942 401 2940 1254 1559 580 453 1671 838
internal_value=-0.000856886 -0.0159392 -0.00357379 0.000683669 0.0157904 0.0023638 0.0197689 0.0114057
internal_weight=782.634 410.899 220.662 191.74 371.735 86.1311 285.604 63.5533
internal_count=20638 16695 5753 4499 3943 1871 2072 1291
is_linear=0
shrinkage=0.025


Tree=19
num_leaves=9
num_cat=0
split_feature=1 62 9 29 9 0 0 58
split_gain=328.822 72.5441 45.2938 32.208 30.7434 29.0397 23.7723 18.3276
threshold=0.51961117982864391 0.75000000000000011 0.71000000000000008 1.0000000180025095e-35 0.73000000000000009 0.45106650000000009 0.66263350000000021 0.17833350000000001
decision_type=2 2 2 2 2 2 2 2
left_child=4 2 5 -4 -1 -2 7 -6
right_child=1 -3 3 -5 6 -7 -8 -9
leaf_value=-0.032550747877211926 0.011375899686536173 -0.012120681298463996 0.009343876741187673 0.023494371578023393 -0.016086320561284544 -0.017505056448517877 -0.029585133401352229 0.015765690528201232
leaf_weight=150.52870445384178 40.209880169306416 80.247600461007096 204.60475944110658 209.47955036052736 19.727009818016086 42.769204323296435 25.296463360020425 21.48148728068918
leaf_count=10042 772 2677 2553 1159 660 1314 1232 329
internal_value=-0.000192303 0.00966434 0.0132309 0.016599 -0.0262941 -0.00348335 -0.0114864 0.000305362
internal_weight=794.345 577.311 497.063 414.084 217.034 82.9791 66.505 41.2085
internal_count=20738 8475 5798 3712 12263 2086 2221 989
is_linear=0
shrinkage=0.025


Tree=20
num_leaves=9
num_cat=0
split_feature=9 62 39 19 21 0 20 16
split_gain=302.278 105.594 45.0466 38.5805 31.8119 23.558 21.3203 15.3782
threshold=0.57000000000000017 0.58333333333333337 1.0000000180025095e-35 0.64445900000000012 0.70400000000000007 0.51633350000000011 0.74023700000000014 0.60379550000000004
decision_type=2 2 2 2 2 2 2 2
left_child=-1 4 6 -4 5 -2 -3 -6
right_child=1 2 3 -5 7 -7 -8 -9
leaf_value=-0.029468165922708775 0.013795328253511747 -0.037283729368771661 -0.034728628019088152 0.0037578890312937189 -0.014957400810672745 -0.010117267384661876 -0.00084226535517622526 0.023608209838338553
leaf_weight=174.09591346752131 77.033908285899088 30.563521060917992 15.60998896230012 212.11358578162617 5.1402705889195195 36.124378947308287 15.257062658027278 216.92468861083034
leaf_count=11036 867 1401 770 3955 79 674 342 1579
internal_value=-0.000603417 0.00770854 -0.00378553 0.000807685 0.0170768 0.00605327 -0.0258492 0.0225565
internal_weight=782.863 608.767 273.544 227.724 335.223 113.158 45.8206 222.065
internal_count=20703 9667 6468 4725 3199 1541 1743 1658
is_linear=0
shrinkage=0.025


Tree=21
num_leaves=9
num_cat=0
split_feature=1 18 60 20 39 17 49 47
split_gain=273.467 91.8562 39.0495 43.1297 40.1994 25.8855 23.6384 25.5245
threshold=0.56389477849006664 0.68080900000000011 0.68000000000000005 0.67350250000000011 1.0000000180025095e-35 0.65034300000000012 1.0000000180025095e-35 0.88529300000000011
decision_type=2 2 2 2 2 2 2 2
left_child=1 5 4 -4 -2 -1 -3 -8
right_child=2 6 3 -5 -6 -7 7 -9
leaf_value=-0.031652520871128471 -0.0041332406769498493 0.016196281156902196 -0.037195092272411655 0.0054613365445402521 0.019269264711185896 -0.011064100712859657 -0.023809807017495813 0.01451151841857997
leaf_weight=165.99699310280266 52.385275320208166 43.596386892488226 15.45730513037415 95.55139438045444 312.07559354789555 54.790882759494707 26.549452533887234 15.595739697571842
leaf_count=10658 881 535 603 2030 2586 2106 1154 130
internal_value=8.14551e-05 -0.0182537 0.0119445 -0.000965103 0.0158809 -0.0267221 0.00357956 -0.0094442
internal_weight=781.999 306.529 475.47 111.009 364.461 220.788 85.7416 42.1452
internal_count=20683 14583 6100 2633 3467 12764 1819 1284
is_linear=0
shrinkage=0.025


Tree=22
num_leaves=9
num_cat=0
split_feature=9 62 61 0 1 22 62 29
split_gain=272.91 72.116 48.7926 46.6634 46.394 33.5286 18.0443 17.9551
threshold=0.73000000000000009 0.75000000000000011 0.49346600000000007 0.48933350000000003 0.48965796828269964 0.19813650000000002 0.41666666666666669 0.60023650000000017
decision_type=2 2 2 2 2 2 2 2
left_child=4 2 3 -2 -1 -6 -7 -3
right_child=1 7 -4 -5 5 6 -8 -9
leaf_value=-0.032276392926242452 0.014212024752685883 -0.016634327065495749 0.020490108155310566 -0.011685976384889326 0.024996244073811905 0.0082382048403708934 -0.019163598056008882 0.017762101652739271
leaf_weight=129.80535037265508 101.30507611297071 68.819784123916179 259.82870984543115 72.967452112934552 12.726470865134614 16.119233587873168 97.209671544376761 9.0769179570488614
leaf_count=9204 1161 2575 2120 1399 142 420 3568 109
internal_value=-0.000840835 0.00968042 0.0136597 0.00331649 -0.0218356 -0.0106894 -0.0151258 -0.0121881
internal_weight=767.859 511.998 434.101 174.273 255.861 126.055 113.329 77.8967
internal_count=20698 7364 4680 2560 13334 4130 3988 2684
is_linear=0
shrinkage=0.025


Tree=23
num_leaves=9
num_cat=0
split_feature=9 2 62 60 44 54 1 0
split_gain=263.914 80.6678 46.3207 32.5229 21.5208 20.0642 17.2811 17.9081
threshold=0.57000000000000017 0.6687772572040559 0.75000000000000011 0.68000000000000005 0.076556500000000013 1.0000000180025095e-35 0.48965796828269964 0.45466650000000003
decision_type=2 2 2 2 2 2 2 2
left_child=4 2 3 -2 -1 -3 -6 -8
right_child=1 5 -4 -5 6 -7 7 -9
leaf_value=-0.032041663309269545 0.0099852969462043643 0.020701150561612598 -0.015226566192425767 -0.010054555600178566 -0.028683605689063359 -0.028990851921535638 0.018798872036684792 -0.026248194802852204
leaf_weight=133.06740633046138 223.61701975914184 218.96506231126841 85.796857784647727 63.163373768911697 14.490590193658134 3.398917192593216 15.528391663916411 6.020543349615763
leaf_count=9168 2795 1932 3394 1505 1155 49 314 337
internal_value=-2.38541e-05 0.00781238 0.000656259 0.00550648 -0.0274057 0.0196565 -0.00930665 0.00473436
internal_weight=764.048 594.941 372.577 286.78 169.107 222.364 36.0395 21.5489
internal_count=20649 9675 7694 4300 10974 1981 1806 651
is_linear=0
shrinkage=0.025


Tree=24
num_leaves=9
num_cat=0
split_feature=2 9 29 47 15 0 6 16
split_gain=252.38 57.1987 42.9697 34.5397 32.3285 20.7584 34.6383 18.3771
threshold=0.53145480155944835 0.71000000000000008 1.0000000180025095e-35 0.95024300000000006 0.67870050000000015 0.45106650000000009 0.70657100000000017 0.60695300000000019
decision_type=2 2 2 2 2 2 2 2
left_child=4 5 3 -3 -1 -2 -7 -4
right_child=1 2 7 -5 -6 6 -8 -9
leaf_value=-0.027939758826295499 0.0048507549408010218 -0.0025389912426091936 -0.022199902198606909 0.018328951502309131 -0.0027925924202326551 -0.032229919076532935 0.0057876745837845038 0.021255439949400906
leaf_weight=174.64368122341693 43.193695185356773 145.61847547895741 4.5381513014435759 72.495301029877737 40.415545522002503 36.089687954750843 23.325839513912797 218.31781857396709
leaf_count=11176 1007 3336 91 204 1179 1823 396 1450
internal_value=-0.000509089 0.00855348 0.0124634 0.00446641 -0.0233177 -0.00809514 -0.0174801 0.0201476
internal_weight=758.638 543.579 440.97 218.114 215.059 102.609 59.4155 222.856
internal_count=20662 8307 5081 3540 12355 3226 2219 1541
is_linear=0
shrinkage=0.025


Tree=25
num_leaves=9
num_cat=0
split_feature=9 62 47 39 1 1 61 15
split_gain=254.525 85.8999 43.8769 47.5328 22.0267 17.8571 14.0087 10.7821
threshold=0.57000000000000017 0.75000000000000011 0.91020450000000019 1.0000000180025095e-35 0.58596280217170726 0.60874295234680187 0.46085700000000007 0.52310500000000004
decision_type=2 2 2 2 2 2 2 2
left_child=5 2 3 -2 -3 -1 -7 -6
right_child=1 4 -4 -5 7 6 -8 -9
leaf_value=-0.030085243365591836 -0.018787245967420277 -0.023545335454366739 0.022308680777213766 0.010121955796145487 0.016451665811123652 0.01304241522425998 -0.024990967357369585 -0.0086729738548047223
leaf_weight=144.70339937118115 38.442275573761435 54.86653138458496 170.61296144127846 290.71400638727937 14.490239342150742 11.341310925956352 9.0149186695925874 28.253115079482086
leaf_count=10420 1028 2665 445 4413 238 204 397 853
internal_value=0.000253643 0.0078686 0.0120649 0.00662992 -0.0133524 -0.0270255 -0.00419438 3.14556e-05
internal_weight=762.439 597.379 499.769 329.156 97.6099 165.06 20.3562 42.7434
internal_count=20663 9642 5886 5441 3756 11021 601 1091
is_linear=0
shrinkage=0.025


Tree=26
num_leaves=9
num_cat=0
split_feature=1 62 18 43 47 29 62 15
split_gain=223.182 57.5605 42.1106 41.0658 25.2356 22.3569 25.1439 16.533
threshold=0.51961117982864391 0.58333333333333337 0.67814800000000008 1.0000000180025095e-35 0.80616900000000002 0.31620650000000006 0.41666666666666669 0.67464100000000016
decision_type=2 2 2 2 2 2 2 2
left_child=2 5 -1 4 -3 6 -2 -4
right_child=1 3 7 -5 -6 -7 -8 -9
leaf_value=-0.028000126527498642 0.021372366271295438 -0.0044875171606803743 -0.021025605304430397 -0.026571721333184074 0.013487100480656947 0.024785261415934429 0.0036821292138629821 0.010556432958672375
leaf_weight=162.79867684532655 79.145375552703626 114.96432428056141 13.607360192720078 32.431923026248114 81.542123708117288 100.39322472899221 138.04496087506413 28.810773626901209
leaf_count=11124 892 3134 597 1215 573 434 2214 528
internal_value=-0.000169243 0.00817145 -0.0222824 -0.00135557 0.00299417 0.0150282 0.010299 0
internal_weight=751.739 546.522 205.217 228.938 196.506 317.584 217.19 42.4181
internal_count=20711 8462 12249 4922 3707 3540 3106 1125
is_linear=0
shrinkage=0.025


Tree=27
num_leaves=9
num_cat=0
split_feature=2 1 43 34 22 9 22 46
split_gain=239.008 56.8528 37.7326 31.6311 24.7161 23.9992 19.8825 13.1684
threshold=0.5186261534690858 0.61249238252639782 1.0000000180025095e-35 0.24100400000000002 0.42210200000000003 0.75000000000000011 0.25227950000000005 0.013477500000000002
decision_type=2 2 2 2 2 2 2 2
left_child=4 2 3 -2 -1 6 -3 -7
right_child=1 5 -4 -5 -6 7 -8 -9
leaf_value=-0.027369719165772907 -0.01197224749714796 0.023952633150744536 -0.027081765658651138 0.0097763706325798162 0.00082915740719134788 -0.01048961445363464 -0.0061767416284013409 0.018527544216428989
leaf_weight=169.2325858391705 61.769995895534521 16.05284538352862 30.217252818722045 118.8711144667177 21.20258561623632 8.5871691373176855 54.365413755993359 269.23838566645281
leaf_count=11168 2179 85 1213 1678 658 163 1134 2497
internal_value=-0.000163737 0.00807214 -0.00213423 0.00224873 -0.0242152 0.0142503 0.00105993 0.0175353
internal_weight=749.537 559.102 210.858 180.641 190.435 348.244 70.4183 277.826
internal_count=20775 8949 5070 3857 11826 3879 1219 2660
is_linear=0
shrinkage=0.025


Tree=28
num_leaves=9
num_cat=0
split_feature=9 2 39 60 31 16 15 61
split_gain=228.223 72.8485 39.5281 44.3841 18.9192 15.515 12.5387 8.22818
threshold=0.57000000000000017 0.6687772572040559 1.0000000180025095e-35 0.68000000000000005 0.58100750000000001 0.74689300000000014 0.70919750000000004 0.50715900000000003
decision_type=2 2 2 2 2 2 2 2
left_child=4 2 5 -4 6 -2 -1 -3
right_child=1 7 3 -5 -6 -7 -8 -9
leaf_value=-0.02949726252117171 -0.024914080583408816 0.0084796136339301345 0.0093005749291197384 -0.012684162447933148 0.014600097563854476 0.0070728242294888213 0.001925778743762924 0.020965323511202737
leaf_weight=146.58227338052529 44.981234115693951 48.006836639484391 231.00032760744216 74.049643566715531 5.4260417674668124 10.497931359335778 7.6630063634365788 176.47395948297344
leaf_count=10542 1778 456 3492 2201 272 212 224 1520
internal_value=6.07686e-05 0.00731438 0.000311182 0.00389158 -0.0262306 -0.0186954 -0.0278835 0.0184267
internal_weight=744.681 585.01 360.529 305.05 159.671 55.4792 154.245 224.481
internal_count=20697 9659 7683 5693 11038 1990 10766 1976
is_linear=0
shrinkage=0.025


Tree=29
num_leaves=9
num_cat=0
split_feature=9 1 39 44 54 60 32 17
split_gain=215.218 64.6045 32.3233 30.6863 20.4821 16.6647 16.3752 12.7291
threshold=0.57000000000000017 0.61249238252639782 1.0000000180025095e-35 0.10004450000000001 1.0000000180025095e-35 0.68000000000000005 0.078370000000000009 0.63550400000000007
decision_type=2 2 2 2 2 2 2 2
left_child=6 2 -2 -4 5 -3 -1 -8
right_child=1 4 3 -5 -6 -7 7 -9
leaf_value=-0.029503669255631332 -0.021694831024278272 0.018443397999097579 -0.01172639138560092 0.0081731144227802522 -0.030766482579122303 0.004752590743965307 -0.019790364704683719 0.013522947729628441
leaf_weight=129.83295796206221 42.46357449493371 242.87630759156309 69.734568135812879 146.63330341328401 4.2593597359955302 76.152849264792167 15.969950927654283 9.8974243358825316
leaf_count=9679 1771 1638 2249 2321 69 1619 978 329
internal_value=6.59788e-06 0.00701342 -0.00226591 0.00167657 0.014434 0.0152487 -0.0258991 -0.0067191
internal_weight=737.82 582.12 258.831 216.368 323.289 319.029 155.7 25.8674
internal_count=20653 9667 6341 4570 3326 3257 10986 1307
is_linear=0
shrinkage=0.025


Tree=30
num_leaves=9
num_cat=0
split_feature=9 47 29 62 31 39 2 16
split_gain=193.985 69.1259 48.8294 44.5206 17.3431 13.9034 13.7364 7.32464
threshold=0.57000000000000017 0.95024300000000006 0.43853150000000002 0.41666666666666669 0.58100750000000001 1.0000000180025095e-35 0.6687772572040559 0.6141350000000001
decision_type=2 2 2 2 2 2 2 2
left_child=4 2 3 -2 6 -4 -1 -3
right_child=1 7 5 -5 -6 -7 -8 -9
leaf_value=-0.029177758692596187 0.017079130610963129 -0.0004933562997310048 -0.0083704910373092016 -0.0075527065362865388 0.01355249743981226 0.02070697302240215 -0.00021280533640709757 0.022452545177221877
leaf_weight=136.79189427298843 52.889374196063727 8.514274890534578 10.275553595682139 275.13689979648916 5.4934174214140503 79.066478463239037 11.64359488035552 134.49947089061607
leaf_count=10458 718 52 233 7829 273 519 293 364
internal_value=-0.000657806 0.00617426 0.000984142 -0.00347903 -0.0253384 0.0171705 -0.0269886 0.0210468
internal_weight=714.311 560.382 417.368 328.026 153.929 89.342 148.435 143.014
internal_count=20739 9715 9299 8547 11024 752 10751 416
is_linear=0
shrinkage=0.025


Tree=31
num_leaves=9
num_cat=0
split_feature=1 9 29 0 6 47 22 43
split_gain=205.919 59.0306 35.1713 28.7162 34.292 28.1211 20.996 16.8548
threshold=0.50965696573257457 0.75000000000000011 1.0000000180025095e-35 0.43580000000000002 0.70364150000000014 0.9999920000000001 0.5006885000000002 1.0000000180025095e-35
decision_type=2 2 2 2 2 2 2 2
left_child=6 3 5 7 -5 -3 -1 -2
right_child=1 2 -4 4 -6 -7 -8 -9
leaf_value=-0.024706275806923583 0.012343251308323864 -7.699831586073142e-05 0.019954487168616683 -0.02725096159920708 0.0035699394095163837 0.021855141631604864 0.014769142662750832 -0.027362447539300668
leaf_weight=171.92705574212596 53.457876277650939 152.90141799696721 205.39681743830442 51.860624068765901 37.441835897625424 45.730719684739597 7.3451198427937916 5.5987273110076776
leaf_count=11641 922 3265 1538 2276 599 105 145 232
internal_value=0.000218525 0.00779128 0.0127324 -0.0056055 -0.0144514 0.00510254 -0.0229024 0.00768321
internal_weight=731.66 552.388 404.029 148.359 89.3025 198.632 179.272 59.0566
internal_count=20723 8937 4908 4029 2875 3370 11786 1154
is_linear=0
shrinkage=0.025


Tree=32
num_leaves=9
num_cat=0
split_feature=2 47 31 60 61 15 16 59
split_gain=210.531 52.4714 43.2616 34.2631 30.0368 21.606 11.2273 11.0452
threshold=0.51494944095611583 0.74884650000000008 0.31505900000000003 0.68000000000000005 0.71538450000000009 0.6795150000000002 0.59307200000000015 1.0000000180025095e-35
decision_type=2 2 2 2 2 2 2 2
left_child=5 2 4 -4 -2 -1 -3 -7
right_child=1 6 3 -5 -6 7 -8 -9
leaf_value=-0.027210003654516174 -0.011168106383304323 -0.01714426853551107 0.019525767221698104 -0.026794391092467132 0.013954054945772587 -0.023632974439711268 0.016855944875836897 0.0065080152365642576
leaf_weight=147.57226270770479 153.6536394173163 4.4691274566575876 83.292363677523099 9.4165958396624756 34.738183566136286 9.318899471836632 250.78424642712343 20.836471024085768
leaf_count=10698 4685 88 1171 450 1161 439 1452 536
internal_value=0.000111798 0.00794328 0.00044609 0.0142753 -0.00639844 -0.023306 0.0161028 -0.00346378
internal_weight=714.082 536.354 281.101 92.709 188.392 177.728 255.253 30.1554
internal_count=20680 9007 7467 1621 5846 11673 1540 975
is_linear=0
shrinkage=0.025


Tree=33
num_leaves=9
num_cat=0
split_feature=2 62 29 18 46 22 34 54
split_gain=183.96 49.5255 34.0032 28.964 27.0991 24.3802 21.8756 12.2743
threshold=0.53145480155944835 0.58333333333333337 0.91839300000000013 0.68484950000000011 0.013477500000000002 0.25133350000000004 0.28212300000000007 1.0000000180025095e-35
decision_type=2 2 2 2 2 2 2 2
left_child=3 4 6 -1 5 -2 -3 -6
right_child=1 2 -4 -5 7 -7 -8 -9
leaf_value=-0.026008434694815535 0.01800733004895019 -0.016934509823746037 0.025152541213557214 -0.00134839498328485 0.017110339595161315 -0.021455347900247557 0.00065664895511171727 -0.024389021838742836
leaf_weight=154.59564515009697 14.163374573690815 66.416159381566104 23.424311151728034 37.837666500068735 263.80147361638956 22.7162492768839 122.18950024494552 2.7069065831601611
leaf_count=11338 184 2327 90 1013 2373 968 2379 49
internal_value=-0.000521466 0.00725982 -0.0019743 -0.0212619 0.0137085 -0.00596036 -0.0056113 0.0164824
internal_weight=707.851 515.418 212.03 192.433 303.388 36.8796 188.606 266.508
internal_count=20721 8370 4796 12351 3574 1152 4706 2422
is_linear=0
shrinkage=0.025


Tree=34
num_leaves=9
num_cat=0
split_feature=2 29 47 62 15 27 42 60
split_gain=189.691 45.8875 50.8764 35.6254 21.1249 18.5344 10.008 8.01392
threshold=0.52475759387016307 0.91839300000000013 0.87193500000000013 0.41666666666666669 0.67609850000000005 1.0000000180025095e-35 0.75000000000000011 0.68000000000000005
decision_type=2 2 2 2 2 2 2 2
left_child=4 2 3 -2 -1 -4 -6 -8
right_child=1 -3 5 -5 6 -7 7 -9
leaf_value=-0.027307035969077631 0.015888089108023258 0.028067048659442491 0.0060939299154856054 -0.0065274408827130596 -0.017044152434944334 0.023084979869021294 0.017793945761179337 -0.017313800107239659
leaf_weight=143.98330508123036 52.440490396227688 54.085197361186147 81.297766894684173 234.85431810223963 17.946567477018107 84.468202951364219 12.656948861200364 3.642167998943477
leaf_count=10820 922 156 493 6826 865 279 162 164
internal_value=-0.00109322 0.00670098 0.00402173 -0.00232841 -0.0231413 0.0149686 -0.00487933 0.0085041
internal_weight=685.375 507.146 453.061 287.295 178.229 165.766 34.2457 16.2991
internal_count=20687 8676 8520 7748 12011 772 1191 326
is_linear=0
shrinkage=0.025


Tree=35
num_leaves=9
num_cat=0
split_feature=9 62 2 29 2 22 61 16
split_gain=170.484 51.7964 37.3085 27.6604 24.9348 14.8451 18.9085 14.6351
threshold=0.73000000000000009 0.75000000000000011 0.57827115058898937 1.0000000180025095e-35 0.67536270618438732 0.26363950000000008 0.71970600000000007 0.60695300000000019
decision_type=2 2 2 2 2 2 2 2
left_child=2 3 -1 4 -2 -4 -7 -5
right_child=1 -3 5 7 -6 6 -8 -9
leaf_value=-0.026416692716041381 -0.0022527622007217358 -0.011048262544342914 0.012519342404638185 -0.018499420290155621 0.016272299200176435 -0.021646329360833425 0.0055356588797410506 0.019410939654270994
leaf_weight=141.93358488842205 119.82004343083827 74.133704425068572 20.220199694740586 4.8759061216842374 70.204688565572724 38.671364059060579 24.645664419513196 186.02079647179926
leaf_count=11048 2278 2668 314 123 855 1566 354 1347
internal_value=-0.000989167 0.00780392 -0.0186813 0.011531 0.00465047 -0.00514048 -0.0111056 0.018222
internal_weight=680.526 455.055 225.471 380.921 190.025 83.5372 63.317 190.897
internal_count=20553 7271 13282 4603 3133 2234 1920 1470
is_linear=0
shrinkage=0.025


Tree=36
num_leaves=9
num_cat=0
split_feature=9 62 29 47 29 24 31 1
split_gain=176.798 64.2689 26.8879 29.2682 20.7742 16.9956 15.8063 7.25427
threshold=0.57000000000000017 0.58333333333333337 0.60023650000000017 0.89628950000000007 0.31620650000000006 1.0000000180025095e-35 0.6286845000000002 0.60710546374320995
decision_type=2 2 2 2 2 2 2 2
left_child=6 4 3 -3 5 -2 7 -1
right_child=1 2 -4 -5 -6 -7 -8 -9
leaf_value=-0.028463141370955566 -0.0016894275754733479 -0.011577154447036176 0.016746721692359225 0.0093740420802547065 0.023459180085429809 0.014050254467203259 0.016291805464862186 -0.0093256416727846899
leaf_weight=121.36650799588824 60.36789505276829 163.07806592783891 34.860030951211229 53.684735897928476 99.064758818829432 136.49116998177487 4.1899477339466094 17.905632978916401
leaf_count=10314 1114 5719 278 418 394 1749 203 573
internal_value=-0.000204439 0.00627246 -0.00298419 -0.00631571 0.0141357 0.00921743 -0.0247225 -0.0262227
internal_weight=691.009 547.547 251.623 216.763 295.924 196.859 143.462 139.272
internal_count=20762 9672 6415 6137 3257 2863 11090 10887
is_linear=0
shrinkage=0.025


Tree=37
num_leaves=9
num_cat=0
split_feature=9 62 2 0 43 61 0 31
split_gain=181.518 57.1082 31.5523 25.7588 29.9105 21.2496 19.4205 14.7443
threshold=0.71000000000000008 0.58333333333333337 0.6687772572040559 0.85073300000000007 1.0000000180025095e-35 0.49446450000000003 0.48933350000000003 0.52852950000000021
decision_type=2 2 2 2 2 2 2 2
left_child=2 5 7 4 -3 6 -2 -1
right_child=1 3 -4 -5 -6 -7 -8 -9
leaf_value=-0.025912037933386468 0.013831373674054785 0.0049077292806221917 0.0016583150527695199 -0.031364908113813393 -0.02221632481064121 0.020429743893139288 -0.0097298938530415366 0.0064588109804750542
leaf_weight=163.67588338690985 58.319516479736194 162.8380751372024 34.327886274841148 15.02044080905034 28.02165448339656 180.93528069765307 32.193957145209424 8.1481648447806929
leaf_count=12167 626 2894 592 776 1105 1523 644 400
internal_value=-0.000445129 0.00801033 -0.019948 -0.00188491 0.000697449 0.0155017 0.00534082 -0.0242772
internal_weight=683.481 477.329 206.152 205.88 190.86 271.449 90.5135 171.824
internal_count=20727 7568 13159 4775 3999 2793 1270 12567
is_linear=0
shrinkage=0.025


Tree=38
num_leaves=9
num_cat=0
split_feature=9 62 19 19 60 17 29 1
split_gain=161.261 51.949 33.7831 26.8874 22.8498 19.9748 14.7669 13.3993
threshold=0.71000000000000008 0.75000000000000011 0.70373000000000008 0.64445900000000012 0.68000000000000005 0.64677850000000014 0.52868100000000007 0.55557465553283703
decision_type=2 2 2 2 2 2 2 2
left_child=2 3 5 -2 -5 -1 -3 -7
right_child=1 6 -4 4 -6 7 -8 -9
leaf_value=-0.029313517478019198 -0.019691189686437925 -0.015714464681439059 -0.0015142843163692288 0.015728615039451301 0.00041998768564546264 -0.018160288218758071 0.012933400999667817 0.014407844001637152
leaf_weight=121.00087412827997 14.872724245884454 64.380937442823779 53.141959951171884 302.27448495384306 77.606891964096576 18.05403902777471 11.671089737676082 10.964775093190836
leaf_count=10060 474 2606 1432 2562 1759 1350 177 198
internal_value=-0.000363631 0.00765785 -0.0188826 0.0113093 0.0126394 -0.0248848 -0.0110033 -0.00547708
internal_weight=673.968 470.806 203.162 394.754 379.881 150.02 76.052 29.0188
internal_count=20618 7578 13040 4795 4321 11608 2783 1548
is_linear=0
shrinkage=0.025


Tree=39
num_leaves=9
num_cat=0
split_feature=9 2 39 60 2 16 44 22
split_gain=162.27 48.7927 39.7176 42.0238 14.1183 12.2388 10.7748 7.76894
threshold=0.57000000000000017 0.68278563022613536 1.0000000180025095e-35 0.68000000000000005 0.6687772572040559 0.74689300000000014 0.40703000000000006 0.25549950000000005
decision_type=2 2 2 2 2 2 2 2
left_child=4 2 5 -4 6 -2 -1 -6
right_child=1 -3 3 -5 7 -7 -8 -9
leaf_value=-0.028612750774196224 -0.023718812082213048 0.017449060290767145 0.0096175855203267865 -0.0114595685081351 0.021180511535394811 0.0048312426583378013 0.00031523531890406827 -0.013635179432207732
leaf_weight=113.51469238362915 43.60240096936468 169.68645660195034 250.65305914339842 75.082717624376528 4.9024479431100172 10.538664230378343 8.0532838443614292 7.493425085907802
leaf_count=10203 1780 1571 3677 2382 23 220 436 293
internal_value=0.000344285 0.00638419 0.00135651 0.00469609 -0.0241077 -0.0180538 -0.0266616 0.000642741
internal_weight=683.527 549.563 379.877 325.736 133.964 54.1411 121.568 12.3959
internal_count=20585 9630 8059 6059 10955 2000 10639 316
is_linear=0
shrinkage=0.025


Tree=40
num_leaves=9
num_cat=0
split_feature=1 9 2 22 0 0 22 19
split_gain=156.137 43.192 27.1183 26.1956 21.7497 20.2613 17.8329 11.0239
threshold=0.50965696573257457 0.71000000000000008 0.68278563022613536 0.26363950000000008 0.48566650000000006 0.80480000000000007 0.5006885000000002 0.70111250000000014
decision_type=2 2 2 2 2 2 2 2
left_child=6 3 4 -2 -3 -5 7 -1
right_child=1 2 -4 5 -6 -7 -8 -9
leaf_value=-0.025416626620031635 0.0097980352245575237 0.016611349486910343 0.018789629802517312 -0.023453886071326965 0.0010976560450432393 0.0090122978683918036 0.01513320854289347 -0.0056289797038379169
leaf_weight=130.07249615517503 34.44967105856631 78.940645612077788 160.15749916085042 52.217126473871758 191.93309080999461 13.88416481981403 6.6705500807147464 23.008023601199966
leaf_count=10795 734 768 1392 2373 3356 303 140 811
internal_value=0.000694582 0.00722564 0.0106673 -0.00737501 0.00573491 -0.01646 -0.0208122 -0.0226019
internal_weight=691.333 531.582 431.031 100.551 270.874 66.1013 159.751 153.081
internal_count=20672 8926 5516 3410 4124 2676 11746 11606
is_linear=0
shrinkage=0.025


Tree=41
num_leaves=9
num_cat=0
split_feature=2 62 18 29 0 47 47 34
split_gain=152.476 37.8819 24.6074 22.4229 17.7655 17.7047 17.1032 13.3461
threshold=0.53145480155944835 0.58333333333333337 0.68080900000000011 0.60023650000000017 0.63803350000000003 0.9999920000000001 0.74884650000000008 0.055688000000000008
decision_type=2 2 2 2 2 2 2 2
left_child=2 6 -1 5 -4 -3 7 -2
right_child=1 3 4 -5 -6 -7 -8 -9
leaf_value=-0.024764816878671422 -0.0093736430988337806 -0.0076240704954367716 0.010207005419396217 0.017249429171195627 -0.02149736958993834 0.016857893154679209 0.018766145212326613 0.010098066830695482
leaf_weight=134.82046048690972 25.078470410197042 151.38039295087219 25.35484031541273 32.97709812928224 16.457996286335401 18.931406766292639 153.57562810089439 114.29323528625537
leaf_count=11158 879 4424 448 216 736 88 552 2091
internal_value=0.000179232 0.00729449 -0.0196264 -0.000965413 -0.00251267 -0.00469511 0.0130195 0.00645824
internal_weight=672.87 496.236 176.633 203.289 41.8128 170.312 292.947 139.372
internal_count=20592 8250 12342 4728 1184 4512 3522 2970
is_linear=0
shrinkage=0.025


Tree=42
num_leaves=9
num_cat=0
split_feature=9 62 29 47 29 61 1 22
split_gain=151.654 47.8698 29.4228 36.5404 16.389 16.931 8.5097 11.8242
threshold=0.57000000000000017 0.75000000000000011 0.9893010000000001 0.92356600000000011 0.60023650000000017 0.91961550000000014 0.60710546374320995 0.25133350000000004
decision_type=2 2 2 2 2 2 2 2
left_child=6 2 3 -2 5 -3 -1 -8
right_child=1 4 -4 -5 -6 -7 7 -9
leaf_value=-0.027159133019748257 0.0012842235776100164 -0.016683237522936496 0.026939556681642291 0.017454534357752766 0.015806302013639348 0.027040313402191252 0.017784444969117602 -0.020718648693161715
leaf_weight=109.20095980506449 262.05013462033821 81.172832540905802 49.778755437582731 130.1429410232231 11.410665117378811 4.0352597245946518 5.903803265187892 11.439675690635339
leaf_count=10424 5422 3573 97 397 140 43 44 558
internal_value=-0.000149809 0.00564302 0.00913457 0.00673044 -0.0101139 -0.0139539 -0.0245674 -0.00674063
internal_weight=665.135 538.591 441.972 392.193 96.6188 85.2081 126.544 17.3435
internal_count=20698 9672 5916 5819 3756 3616 11026 602
is_linear=0
shrinkage=0.025


Tree=43
num_leaves=9
num_cat=0
split_feature=9 2 29 60 39 54 31 27
split_gain=136.759 44.6986 27.1272 21.8222 21.7073 14.115 11.8842 8.62942
threshold=0.57000000000000017 0.6687772572040559 0.31620650000000006 0.68000000000000005 1.0000000180025095e-35 1.0000000180025095e-35 0.58100750000000001 1.0000000180025095e-35
decision_type=2 2 2 2 2 2 2 2
left_child=6 2 3 -2 -4 7 -1 -3
right_child=1 5 4 -5 -6 -7 -8 -9
leaf_value=-0.025166999275537935 -0.0003190877797194134 0.010428834378672111 -0.019339872866214556 -0.017225436633950125 0.01602937843125565 -0.026532502546571631 0.010460141362888163 0.021601397640402493
leaf_weight=122.28136090280896 178.17652062984416 113.39834469521884 10.687035779817959 63.690441013022792 75.909591731848195 3.2795645212754598 4.7946836390619856 82.447260583750904
leaf_count=10793 4140 1333 393 2419 699 50 272 626
internal_value=-0.000540167 0.00507376 -0.000584216 -0.00490652 0.0112417 0.0143571 -0.0236234 0.015341
internal_weight=654.665 527.589 328.464 241.867 86.5966 199.125 127.076 195.846
internal_count=20725 9660 7651 6559 1092 2009 11065 1959
is_linear=0
shrinkage=0.025


Tree=44
num_leaves=9
num_cat=0
split_feature=19 2 62 43 0 32 18 54
split_gain=128.475 45.6624 36.7108 31.9747 28.4791 22.6604 12.1065 11.2728
threshold=0.68236450000000015 0.68278563022613536 0.58333333333333337 1.0000000180025095e-35 0.8430335000000001 0.43680000000000002 0.64432000000000011 1.0000000180025095e-35
decision_type=2 2 2 2 2 2 2 2
left_child=1 5 7 4 -4 -1 -7 -2
right_child=2 -3 3 -5 -6 6 -8 -9
leaf_value=-0.024530292130142524 0.014714950134387462 0.017465468760840652 0.0072295158513782411 -0.022905483985407323 -0.024636092409027813 0.013234495504942118 -0.018344460150674782 -0.024109265322891073
leaf_weight=151.07599646816379 234.79208663734607 20.129082304425538 161.92801845390932 31.045779226435116 17.593349158705678 16.346711853038872 10.935670074599328 2.8932302787434301
leaf_count=11828 2606 152 3156 1345 796 366 321 55
internal_value=-7.87587e-05 -0.0167367 0.00732233 -0.00025645 0.00382829 -0.0207891 0 0.0140138
internal_weight=646.74 198.487 448.252 210.567 179.521 178.358 27.2824 237.685
internal_count=20625 12667 7958 5297 3952 12515 687 2661
is_linear=0
shrinkage=0.025


Tree=45
num_leaves=9
num_cat=0
split_feature=9 1 0 61 19 9 29 15
split_gain=144.511 59.3045 27.4509 29.0897 20.1763 16.3765 11.9138 11.463
threshold=0.57000000000000017 0.61030724644660961 0.50913350000000013 0.50715900000000003 0.68889100000000003 0.75000000000000011 1.0000000180025095e-35 0.70919750000000004
decision_type=2 2 2 2 2 2 2 2
left_child=7 2 4 -4 -2 -3 -7 -1
right_child=1 5 3 -5 -6 6 -8 -9
leaf_value=-0.026294623998536368 -0.0059303945922497617 -0.00097444460785707759 -0.021150287381799804 0.0029462190439289346 0.015942756046513011 0.0093895783109966685 0.020742201035513271 0.0042850944538358315
leaf_weight=112.84811402339255 46.932412629830651 42.051135994319338 74.873282390850363 51.26064639701508 54.940922235371545 115.48734683380462 135.52527935558464 7.2084601104725143
leaf_count=10731 1347 652 3127 1080 763 1777 877 281
internal_value=0.000125965 0.00585282 -0.00366887 -0.0114058 0.00587356 0.0132609 0.0156642 -0.024357
internal_weight=641.128 521.071 228.007 126.134 101.873 293.064 251.013 120.057
internal_count=20635 9623 6317 4207 2110 3306 2654 11012
is_linear=0
shrinkage=0.025


Tree=46
num_leaves=9
num_cat=0
split_feature=9 61 0 19 18 2 31 2
split_gain=137.242 35.5658 43.14 28.6409 17.1508 15.1915 15.1866 13.434
threshold=0.71000000000000008 0.49284100000000003 0.51633350000000011 0.7199040000000001 0.63540000000000008 0.66155844926834118 0.5186845000000001 0.57553845643997203
decision_type=2 2 2 2 2 2 2 2
left_child=3 2 4 6 -2 -4 -1 -3
right_child=1 7 5 -5 -6 -7 -8 -9
leaf_value=-0.024045426536558015 -0.026352000602046212 -0.0045311552035329338 -0.017660435271666334 0.0018131009799465471 0.013234368602975844 0.0049437790446312272 0.0084204494202458988 0.015513241418307037
leaf_weight=143.29568822996225 5.3728076734114429 21.377953556366265 72.640236270846799 38.104454536689445 101.7019794229418 23.124339466914535 8.2922525853500684 241.50002712581772
leaf_count=11910 237 546 2489 865 1385 290 428 2617
internal_value=0.000488888 0.00780005 -4.06557e-05 -0.0173159 0.0107325 -0.012136 -0.0221341 0.013833
internal_weight=655.41 465.717 202.839 189.692 107.075 95.7646 151.588 262.878
internal_count=20767 7564 4401 13203 1622 2779 12338 3163
is_linear=0
shrinkage=0.025


Tree=47
num_leaves=9
num_cat=0
split_feature=1 62 43 9 18 15 47 1
split_gain=130.939 35.0071 29.9081 16.9803 16.9705 16.0572 12.8063 11.3406
threshold=0.50965696573257457 0.58333333333333337 1.0000000180025095e-35 0.57000000000000017 0.68317250000000007 0.48366800000000004 0.95024300000000006 0.7431432604789735
decision_type=2 2 2 2 2 2 2 2
left_child=4 5 3 -3 -1 7 -7 -2
right_child=1 2 -4 -5 -6 6 -8 -9
leaf_value=-0.024685863459823945 -0.014036936504162587 -0.021191136920466782 -0.024453785238007078 0.0047879531769440473 -0.0024089756977646705 0.01014662346162155 0.022718566499852027 0.017329086017876041
leaf_weight=116.67538727998908 21.923919397406284 15.25059060868807 27.972636982740369 171.19402336401981 27.564270011265762 174.42568580090301 76.849254822358489 8.2536725655663741
leaf_count=10916 498 1029 1287 2968 848 2936 154 37
internal_value=0.000215309 0.00633514 -0.00124417 0.00242079 -0.0205712 0.0121037 0.0141702 -0.00468126
internal_weight=640.109 495.87 214.417 186.445 144.24 281.453 251.275 30.1776
internal_count=20673 8909 5284 3997 11764 3625 3090 535
is_linear=0
shrinkage=0.025


Tree=48
num_leaves=9
num_cat=0
split_feature=9 62 43 19 31 29 62 19
split_gain=123.43 45.3188 25.6298 25.344 14.1499 13.2342 12.6559 12.1278
threshold=0.57000000000000017 0.58333333333333337 1.0000000180025095e-35 0.65058250000000017 0.6286845000000002 0.31620650000000006 0.41666666666666669 0.68569600000000008
decision_type=2 2 2 2 2 2 2 2
left_child=4 5 3 -3 -1 6 -2 -7
right_child=1 2 -4 -5 -6 7 -8 -9
leaf_value=-0.025214036567009698 0.016715021880199122 -0.02814585312927502 -0.022293060743401413 0.0030772589784758952 0.016112547575737345 -0.0042981114820658034 0.0030852370912595206 0.022861629457243703
leaf_weight=111.17735483615252 63.714930819580331 15.789885837060863 34.946216969547095 184.80627635713608 3.9033148642338338 10.590609691804273 129.65129311732017 79.185148635879159
leaf_count=10814 696 997 1545 3944 197 117 2146 286
internal_value=-0.000293401 0.00491086 -0.00315525 0.000328929 -0.023497 0.0116223 0.00773983 0.0195521
internal_weight=633.765 518.684 235.542 200.596 115.081 283.142 193.366 89.7758
internal_count=20742 9731 6486 4941 11011 3245 2842 403
is_linear=0
shrinkage=0.025


Tree=49
num_leaves=9
num_cat=0
split_feature=2 44 29 62 49 60 9 24
split_gain=115.539 35.9222 31.2498 26.9961 21.7593 16.2487 15.0453 14.384
threshold=0.57335239648818981 0.09763200000000001 0.31620650000000006 0.41666666666666669 1.0000000180025095e-35 0.68000000000000005 0.71000000000000008 0.25000000000000006
decision_type=2 2 2 2 2 2 2 2
left_child=1 -1 3 -2 7 -5 -4 -3
right_child=2 4 6 5 -6 -7 -8 -9
leaf_value=-0.024744336446622075 0.016427087506837041 -0.011567161173037107 -0.012608660474979067 0.002264680615219151 -0.016459502224803486 -0.013095652226281557 0.019902792595107334 0.014426413081053899
leaf_weight=118.39966247748816 62.059750212589279 17.805790606318624 8.0266953765531053 147.92750467348378 48.706647001046804 58.18513349420391 112.97538339800667 38.280444560499745
leaf_count=10557 737 734 263 2500 2283 2281 590 737
internal_value=-0.00113322 -0.015406 0.00706998 0.00223446 -0.00451903 -0.00211965 0.0175152 0.00593093
internal_weight=612.367 223.193 389.174 268.172 104.793 206.113 121.002 56.0862
internal_count=20682 14311 6371 5518 3754 4781 853 1471
is_linear=0
shrinkage=0.025


Tree=50
num_leaves=9
num_cat=0
split_feature=2 9 22 29 18 2 47 39
split_gain=122.028 29.6658 28.6008 23.3293 21.3104 20.312 18.3877 13.5974
threshold=0.53145480155944835 0.75000000000000011 0.26363950000000008 1.0000000180025095e-35 0.68484950000000011 0.67779147624969494 0.9999920000000001 1.0000000180025095e-35
decision_type=2 2 2 2 2 2 2 2
left_child=4 2 -2 5 -1 -3 -4 -5
right_child=1 3 6 7 -6 -7 -8 -9
leaf_value=-0.023676559685292069 0.012974155160927198 -0.0039860679065265841 -0.016005597771583377 -0.0014863809061903932 -0.0015060052850955142 0.013439325687034459 0.018202338968543046 0.01948873197801455
leaf_weight=120.66972044990689 41.490773456636816 92.813327568437671 75.770001084689284 21.02894417126663 36.090504635038087 72.490685073891655 9.351964536122976 151.84085837751627
leaf_count=11345 759 2168 3001 266 1014 964 45 1111
internal_value=0.000218872 0.00666951 -0.00356782 0.0105229 -0.0187028 0.00367996 -0.0118297 0.0169065
internal_weight=621.547 464.787 126.613 338.174 156.76 165.304 85.122 172.87
internal_count=20673 8314 3805 4509 12359 3132 3046 1377
is_linear=0
shrinkage=0.025


Tree=51
num_leaves=9
num_cat=0
split_feature=9 62 47 39 48 31 0 15
split_gain=113.821 38.8771 24.5933 35.7513 13.9933 12.5347 10.0247 9.90969
threshold=0.57000000000000017 0.75000000000000011 0.92356600000000011 1.0000000180025095e-35 0.66350000000000009 0.58100750000000001 0.43966650000000002 0.52385550000000014
decision_type=2 2 2 2 2 2 2 2
left_child=5 2 3 -2 6 -1 -3 -6
right_child=1 4 -4 -5 7 -7 -8 -9
leaf_value=-0.024634141535260008 -0.018392911209274328 7.9814819635140038e-05 0.017384845826482136 0.0075678238791546922 0.022374101385853197 0.011410493913684844 -0.021653843486984941 -0.0061947859336403434
leaf_weight=105.94738822313957 36.210824404974119 17.273109445086448 126.82167693553492 246.18803582910914 10.234677428263241 4.9797171669051741 46.669637329279794 17.762272418724024
leaf_count=10755 1062 631 411 4411 129 277 2335 656
internal_value=-8.23967e-05 0.00499632 0.0083045 0.00410668 -0.00951174 -0.0227762 -0.0158448 0.00479438
internal_weight=612.087 501.16 409.221 282.399 91.9397 110.927 63.9427 27.9969
internal_count=20667 9635 5884 5473 3751 11032 2966 785
is_linear=0
shrinkage=0.025


Tree=52
num_leaves=9
num_cat=0
split_feature=1 29 47 60 18 15 62 59
split_gain=99.6554 36.0627 35.3949 23.7742 11.9864 11.4022 5.9229 7.87247
threshold=0.48178182542324072 0.89118900000000012 0.96386200000000011 0.68000000000000005 0.68484950000000011 0.50324300000000011 0.75000000000000011 1.0000000180025095e-35
decision_type=2 2 2 2 2 2 2 2
left_child=4 2 3 -2 -1 -4 7 -6
right_child=1 -3 5 -5 6 -7 -8 -9
leaf_value=-0.024689848315880808 0.0023207683678045294 0.023450657697036359 -0.0085589885458706751 -0.012348155789872911 -0.019100553546202617 0.018484903464565324 -0.019138182849873814 0.020097255762622796
leaf_weight=95.624997146049282 260.68092666659504 54.011552635580301 9.4069389859214407 91.52526000457874 2.6302954680286357 84.678362504928373 5.4171641581051508 8.4897855096496642
leaf_count=9911 5916 195 52 3886 95 294 311 74
internal_value=-0.000255586 0.00452491 0.00212332 -0.00151816 -0.0213505 0.015581 -0.00105605 0.00875564
internal_weight=612.465 500.303 446.291 352.206 112.162 94.0853 16.5372 11.1201
internal_count=20734 10343 10148 9802 10391 346 480 169
is_linear=0
shrinkage=0.025


Tree=53
num_leaves=9
num_cat=0
split_feature=9 62 29 19 47 2 16 16
split_gain=102.671 36.4996 24.6229 22.1579 19.5962 13.6208 10.4208 8.12462
threshold=0.71000000000000008 0.75000000000000011 0.9893010000000001 0.71647950000000005 0.93492100000000011 0.68431133031845104 0.69449400000000006 0.62163800000000002
decision_type=2 2 2 2 2 2 2 2
left_child=3 2 4 5 -2 6 -1 -5
right_child=1 -3 -4 7 -6 -7 -8 -9
leaf_value=-0.025646918049712947 0.002156815839295472 -0.010328865938550582 0.026780683850603559 0.007539038563310241 0.015690475308920149 0.0048558262693634549 0.0051606020825356079 -0.016116186337216884
leaf_weight=117.40205716520722 208.85684640951513 70.326304469374008 41.922488979995251 26.304694774677046 98.090802426449955 10.017985332291572 6.2098680520721237 11.356609690701587
leaf_count=11852 4386 2761 77 527 298 155 206 468
internal_value=-0.000808388 0.0058452 0.00916728 -0.0170143 0.0065796 -0.0217251 -0.023982 0
internal_weight=590.488 419.196 348.87 171.291 306.948 133.63 123.612 37.6613
internal_count=20730 7522 4761 13208 4684 12213 12058 995
is_linear=0
shrinkage=0.025


Tree=54
num_leaves=9
num_cat=0
split_feature=1 2 44 0 18 19 62 18
split_gain=113.627 32.6457 27.2313 26.2393 21.654 8.7028 8.38739 7.06376
threshold=0.48013089597225195 0.68278563022613536 0.047175500000000009 0.48566650000000006 0.69391950000000013 0.76898500000000014 0.41666666666666669 0.67994900000000003
decision_type=2 2 2 2 2 2 2 2
left_child=7 2 4 -4 -2 6 -3 -1
right_child=1 5 3 -5 -6 -7 -8 -9
leaf_value=-0.026738055042294998 -0.023874192299704673 0.01929387940129049 0.014972676932449237 -0.001687030882832057 0.0018899306556597998 0.026194108497678309 0.0060014023129069932 -0.0068649420772441214
leaf_weight=86.913194254993869 43.639908812037902 46.027182658668607 88.693440339295194 166.73112705655512 35.447531140089268 28.392513720318675 92.424324507592246 15.917953906697219
leaf_count=9791 2846 318 1250 3795 643 348 1161 565
internal_value=-0.000233478 0.00468623 0.000139449 0.00414012 -0.0124722 0.0136482 0.0106856 -0.023923
internal_weight=604.187 501.356 334.512 255.425 79.0874 166.844 138.452 102.831
internal_count=20717 10361 8534 5045 3489 1827 1479 10356
is_linear=0
shrinkage=0.025


Tree=55
num_leaves=9
num_cat=0
split_feature=2 15 60 39 20 43 49 29
split_gain=100.983 35.5154 20.6348 28.0775 26.0408 23.5875 14.6303 11.1597
threshold=0.57335239648818981 0.67464100000000016 0.68000000000000005 1.0000000180025095e-35 0.67350250000000011 1.0000000180025095e-35 1.0000000180025095e-35 0.82953200000000005
decision_type=2 2 2 2 2 2 2 2
left_child=1 7 3 5 -4 -2 -3 -1
right_child=2 6 4 -5 -6 -7 -8 -9
leaf_value=-0.022067431363090112 0.0042570153267344106 0.012303387480887606 -0.031871774839005822 0.014222435849502996 0.003050578445066952 -0.033479911148443259 -0.010407444573323304 0.010562470245412113
leaf_weight=140.49484832549933 34.445683321799152 34.262154565774836 13.782117742346598 244.02828186115948 83.600596453296021 12.441368163621517 32.575633932603523 5.4231113069690755
leaf_count=12274 558 558 696 2651 1995 422 1346 163
internal_value=-5.95017e-05 -0.0138403 0.00750427 0.0108249 -0.00235829 -0.006563 0.00114477 -0.0206776
internal_weight=601.054 212.756 388.298 290.915 97.3827 46.8871 66.8378 145.918
internal_count=20663 14341 6322 3631 2691 980 1904 12437
is_linear=0
shrinkage=0.025


Tree=56
num_leaves=9
num_cat=0
split_feature=1 44 60 43 20 21 9 60
split_gain=88.1957 29.3918 23.9024 31.8781 22.6623 21.0459 12.8214 9.63317
threshold=0.4847982674837113 0.047175500000000009 0.68000000000000005 1.0000000180025095e-35 0.67350250000000011 0.87400000000000011 0.75000000000000011 0.49000000000000005
decision_type=2 2 2 2 2 2 2 2
left_child=6 5 3 -3 -4 7 -1 -2
right_child=1 2 4 -5 -6 -7 -8 -9
leaf_value=-0.026412088137659225 -0.00025925054251527705 0.013652770739303079 -0.029272026201785723 -0.014863997993588965 0.0020020042582724181 0.0089715118484024158 -0.0058175254390946535 -0.020080287242111229
leaf_weight=77.086231034016237 22.222861067159101 251.06310178746935 15.372039297537411 25.238664482021704 84.025331240030937 32.102756094071083 27.929187505593291 54.09005355235422
leaf_count=9347 539 2944 738 675 2087 573 1177 2630
internal_value=-0.000660991 0.00385138 0.00716535 0.0109329 -0.00324261 -0.00748654 -0.0212161 -0.0145581
internal_weight=589.13 484.115 375.699 276.302 99.3974 108.416 105.015 76.3129
internal_count=20710 10186 6444 3619 2825 3742 10524 3169
is_linear=0
shrinkage=0.025


Tree=57
num_leaves=9
num_cat=0
split_feature=18 1 62 6 32 9 61 0
split_gain=91.6516 37.2117 20.1745 16.6546 14.5333 13.7728 10.7457 7.00613
threshold=0.63912050000000009 0.61249238252639782 0.91666666666666685 0.52801350000000014 0.43680000000000002 0.82350000000000001 0.48513150000000005 0.46670000000000006
decision_type=2 2 2 2 2 2 2 2
left_child=4 2 3 -2 -1 7 -7 -3
right_child=1 5 -4 -5 -6 6 -8 -9
leaf_value=-0.02580782139934483 0.01229542906132272 0.015289305189999944 -0.023870032458375805 -0.0052938427678817079 0.0048565615347510452 0.0012698667442030596 0.016608784254761241 -0.0019512321202013868
leaf_weight=88.099497684423113 41.958341133198701 16.340222810744308 26.319967470451957 140.55763270182069 9.7248621557664574 37.088011912535876 146.8326492360211 71.359722867491655
leaf_count=9941 875 173 1641 4187 339 439 1713 1264
internal_value=-0.00083526 0.00366591 -0.00422219 -0.00112018 -0.0226481 0.00974464 0.0136029 0.00144668
internal_weight=578.281 480.457 208.836 182.516 97.8244 271.621 183.921 87.6999
internal_count=20572 10292 6703 5062 10280 3589 2152 1437
is_linear=0
shrinkage=0.025


Tree=58
num_leaves=9
num_cat=0
split_feature=9 47 29 0 43 18 61 17
split_gain=89.083 30.8181 35.1099 20.3774 8.3673 9.4998 7.03361 5.84864
threshold=0.57000000000000017 0.92356600000000011 0.75473800000000013 0.48566650000000006 1.0000000180025095e-35 0.71996400000000016 0.48964300000000005 0.63550400000000007
decision_type=2 2 2 2 2 2 2 2
left_child=7 2 3 -2 6 -6 -3 -1
right_child=1 4 -4 -5 5 -7 -8 -9
leaf_value=-0.024646729659095951 0.0057083333305033707 0.0014174919667941943 0.018967610202912655 -0.0078040031200688371 0.012012894180800125 -0.024665142389563306 0.019130155046007159 -0.0083505981170262211
leaf_weight=79.061507805963629 105.84843431354966 17.721745507908054 51.471783366054296 194.29613371999585 8.7132920734584314 5.4477127017453304 99.55459260661155 21.712877729762113
leaf_count=9107 2245 145 228 6623 55 50 317 1938
internal_value=-0.000285472 0.00418238 0.000277055 -0.0030077 0.0144128 -0.00293925 0.0165851 -0.0214394
internal_weight=583.828 483.054 351.616 300.145 131.437 14.161 117.276 100.774
internal_count=20708 9663 9096 8868 567 105 462 11045
is_linear=0
shrinkage=0.025


Tree=59
num_leaves=9
num_cat=0
split_feature=1 2 49 61 44 18 54 19
split_gain=91.7588 35.1581 23.8585 29.9888 14.6393 9.53889 8.8415 7.05963
threshold=0.48013089597225195 0.6687772572040559 1.0000000180025095e-35 0.48363350000000005 0.18109000000000003 0.68080900000000011 1.0000000180025095e-35 0.76898500000000014
decision_type=2 2 2 2 2 2 2 2
left_child=5 2 4 -4 -2 -1 7 -3
right_child=1 6 3 -5 -6 -7 -8 -9
leaf_value=-0.025338764730254388 -0.0021345096497923694 0.010831615021146414 -0.017660016791998478 0.0019745522136412155 0.017238337065161046 -0.0037373321323769006 -0.021951342205724672 0.023667212545564142
leaf_weight=80.476391019066796 40.333940746611916 157.39350643698708 78.700016679358669 119.97888248844538 55.91695390350651 17.023022415814921 2.6246343236416569 35.197251396719366
leaf_count=9707 1027 1826 3941 2440 664 558 51 401
internal_value=9.00576e-05 0.00452925 -0.000905198 -0.00586414 0.00916561 -0.0217935 0.0127035 0.0134351
internal_weight=587.645 490.145 294.93 198.679 96.2509 97.4994 195.215 192.591
internal_count=20615 10350 8072 6381 1691 10265 2278 2227
is_linear=0
shrinkage=0.025


Tree=60
num_leaves=9
num_cat=0
split_feature=2 29 47 62 15 16 60 44
split_gain=88.4827 25.5875 28.2437 28.5516 21.9672 14.0245 10.2415 8.97489
threshold=0.53701665997505199 0.82953200000000005 0.91020450000000019 0.41666666666666669 0.67609850000000005 0.6094655000000001 0.68000000000000005 0.054404500000000001
decision_type=2 2 2 2 2 2 2 2
left_child=4 2 3 -2 -1 -4 7 -6
right_child=1 -3 5 -5 6 -7 -8 -9
leaf_value=-0.022017319416964304 0.015585025311471238 0.021929940458898244 -0.017953208970377617 -0.0052916312084457066 -0.020071787313153913 0.015104429209645493 -0.022814187480169959 0.012258273171952471
leaf_weight=107.99605218326906 48.93847129875212 53.313653341494501 6.7228711033239952 205.79276042245328 4.5746778572793145 122.59284943155944 7.6748117160168468 26.787982083507814
leaf_count=11296 890 205 78 6393 344 512 436 529
internal_value=0.000334288 0.00599198 0.00365788 -0.00116147 -0.0162991 0.0130815 0 0.00639713
internal_weight=584.394 437.361 384.047 254.731 147.034 129.316 39.0375 31.3627
internal_count=20683 8078 7873 7283 12605 590 1309 873
is_linear=0
shrinkage=0.025


Tree=61
num_leaves=9
num_cat=0
split_feature=1 44 60 49 20 39 43 47
split_gain=79.7664 31.1869 26.4262 23.7396 15.2726 14.5764 22.2057 13.5063
threshold=0.56950846314430248 0.09763200000000001 0.68000000000000005 1.0000000180025095e-35 0.67350250000000011 1.0000000180025095e-35 1.0000000180025095e-35 0.81695950000000017
decision_type=2 2 2 2 2 2 2 2
left_child=1 -1 5 -3 -4 6 -2 -5
right_child=2 3 4 7 -6 -7 -8 -9
leaf_value=-0.022289040394121065 0.0074375626450045793 0.0077860028342257434 -0.030586837911108351 -0.025433709315480599 -0.00078220537618846797 0.013195470974349142 -0.031523137188710991 0.002564576004523764
leaf_weight=103.51442209431843 34.725956854526885 56.962522647052538 10.715601740812415 29.477330387890106 73.967891621519811 223.46684646676295 10.146423382917417 15.154806734179145
leaf_count=10866 470 1486 550 2132 1960 2487 366 242
internal_value=-0.000414682 -0.0127557 0.0067659 -0.00272705 -0.00525882 0.0105993 -0.00218128 -0.0160638
internal_weight=558.132 205.109 353.023 101.595 84.6835 268.339 44.8724 44.6321
internal_count=20559 14726 5833 3860 2510 3323 836 2374
is_linear=0
shrinkage=0.025


Tree=62
num_leaves=9
num_cat=0
split_feature=2 29 47 62 22 49 61 17
split_gain=79.8591 22.9917 27.5474 20.9369 20.4882 7.34484 16.7562 4.49126
threshold=0.53701665997505199 0.96721250000000014 0.9999920000000001 0.41666666666666669 0.49192400000000008 1.0000000180025095e-35 0.26781650000000007 0.65034300000000012
decision_type=2 2 2 2 2 2 2 2
left_child=4 2 3 -2 5 6 -1 -6
right_child=1 -3 -4 -5 7 -7 -8 -9
leaf_value=-0.017719432066576838 0.013027441646847588 0.022937463358846874 0.018144342747837834 -0.0032405077553915628 -0.0090116196073201215 -0.025852473604915178 0.017300214873021514 0.021005081252707881
leaf_weight=56.842582237892202 59.313280933129136 38.063149987719953 60.052136157872155 253.33811089326628 2.6655419314047313 64.234789779991843 8.1370193980401364 8.7647141473134962
leaf_count=5144 932 131 193 6796 151 7046 133 147
internal_value=-0.000658418 0.0049027 0.00292825 -6.72806e-05 -0.0167938 -0.0196596 -0.0128365 0.0131472
internal_weight=551.411 410.767 372.704 312.651 140.645 129.214 64.9796 11.4303
internal_count=20673 8052 7921 7728 12621 12323 5277 298
is_linear=0
shrinkage=0.025


Tree=63
num_leaves=9
num_cat=0
split_feature=9 1 0 47 24 9 31 60
split_gain=81.587 31.8665 18.7196 17.8166 14.6483 12.6292 12.0427 11.2442
threshold=0.57000000000000017 0.61030724644660961 0.48566650000000006 0.77480250000000017 1.0000000180025095e-35 0.75000000000000011 0.5186845000000001 0.68000000000000005
decision_type=2 2 2 2 2 2 2 2
left_child=6 2 4 -4 -2 -3 -1 -7
right_child=1 5 3 -5 -6 7 -8 -9
leaf_value=-0.023767814344815657 -0.0058157421590460754 -0.0027993209405395851 -0.018246685438766598 0.0011319532673373077 0.013932672707247365 0.014964652519155667 0.009889313277041966 0.0013864272407206029
leaf_weight=86.53964858908148 40.362253876461182 41.018288632738404 65.830542845651507 51.061151137342677 50.337134326691739 176.16810894315131 5.7886092415428712 50.639081459026784
leaf_count=10583 1315 660 3554 702 764 1302 383 1393
internal_value=-0.000155121 0.00403 -0.0032792 -0.0098419 0.00512763 0.00970547 -0.0214132 0.0120044
internal_weight=567.745 475.417 207.591 116.892 90.6994 267.825 92.3283 226.807
internal_count=20656 9690 6335 4256 2079 3355 10966 2695
is_linear=0
shrinkage=0.025


Tree=64
num_leaves=9
num_cat=0
split_feature=19 29 47 39 44 17 22 16
split_gain=77.9668 26.5359 31.6619 24.898 18.2105 13.8282 9.73566 7.86716
threshold=0.68314600000000014 0.60023650000000017 0.92356600000000011 1.0000000180025095e-35 0.40141200000000005 0.64677850000000014 0.45958250000000006 0.67523200000000017
decision_type=2 2 2 2 2 2 2 2
left_child=4 2 3 -2 5 6 -1 -6
right_child=1 -3 -4 -5 7 -7 -8 -9
leaf_value=-0.027510137951913406 -0.019887421931262743 0.020329612483906245 0.013970243173897083 0.0015155452980910979 0.0069305690732900174 -0.0069208030689137823 0.0020639684742042239 -0.020826700517366323
leaf_weight=75.216077522170963 39.117799690749962 64.7694545625709 109.51342230814043 191.7307364360895 29.077102759853005 43.632520379818743 6.8378559246193609 6.0003739286039481
leaf_count=9446 1745 309 500 5362 854 2103 202 205
internal_value=3.18905e-05 0.00589158 0.00301947 -0.00221869 -0.0145796 -0.0189668 -0.0249659 0.00111282
internal_weight=565.895 405.131 340.362 230.849 160.764 125.686 82.0539 35.0775
internal_count=20726 7916 7607 7107 12810 11751 9648 1059
is_linear=0
shrinkage=0.025


Tree=65
num_leaves=9
num_cat=0
split_feature=9 1 43 39 29 32 48 0
split_gain=75.8447 25.2275 20.8808 21.518 17.6815 10.4014 7.64821 5.48799
threshold=0.57000000000000017 0.45299632847309118 1.0000000180025095e-35 1.0000000180025095e-35 0.60023650000000017 0.17737500000000003 0.2061665 0.42830000000000007
decision_type=2 2 2 2 2 2 2 2
left_child=5 6 4 -4 -3 -1 -2 -7
right_child=1 2 3 -5 -6 7 -8 -9
leaf_value=-0.024257395403049303 0.00094829856552109846 0.0053102227905544412 -0.032447157414241208 0.000675335443882029 0.019737480125703696 0.010630685683011017 -0.027102899945278949 -0.018818210385338412
leaf_weight=75.68129437987227 7.8077239743433919 316.97205903709983 14.25059685151791 47.904049156233668 63.349639385007322 8.8397368598671147 18.022303900244879 4.226557927671819
leaf_count=10141 318 5826 575 1292 288 419 1335 397
internal_value=0.000125962 0.00417644 0.00561912 -0.00757675 0.00782365 -0.0207861 -0.0188955 0
internal_weight=557.054 468.306 442.476 62.1546 380.322 88.7476 25.83 13.0663
internal_count=20591 9634 7981 1867 6114 10957 1653 816
is_linear=0
shrinkage=0.025


Tree=66
num_leaves=9
num_cat=0
split_feature=19 62 17 29 47 29 18 2
split_gain=73.0543 30.6364 18.8232 13.1872 13.4417 12.3932 10.0819 9.76311
threshold=0.68314600000000014 0.58333333333333337 0.64070650000000007 0.60023650000000017 0.91020450000000019 0.91839300000000013 0.71401150000000013 0.60806512832641613
decision_type=2 2 2 2 2 2 2 2
left_child=2 5 -1 4 -3 -2 -5 -4
right_child=1 3 7 6 -6 -7 -8 -9
leaf_value=-0.022362941975063506 0.0092934866396993943 -0.0090043533332967596 -0.010886490790763136 0.021864723403201027 0.0072926770741858623 0.027775416396120092 -0.011729068809261913 0.0089444264022387233
leaf_weight=87.905865315769915 183.17899602325633 119.43065059909713 45.789676523010712 20.072697814321149 40.59456969704479 25.577277488075197 5.7324378364719442 20.825325075711589
leaf_count=9798 2644 4741 2699 143 341 52 70 321
internal_value=-0.000391194 0.00530419 -0.0148649 -0.00204097 -0.00478491 0.0118356 0.0138255 -0.00449759
internal_weight=549.107 394.587 154.521 185.83 160.025 208.756 25.8051 66.615
internal_count=20809 7991 12818 5295 5082 2696 213 3020
is_linear=0
shrinkage=0.025


Tree=67
num_leaves=9
num_cat=0
split_feature=1 62 43 3 9 0 61 42
split_gain=71.3445 26.9982 21.28 17.7822 17.5105 14.7247 11.0926 8.6036
threshold=0.48013089597225195 0.58333333333333337 1.0000000180025095e-35 0.93179589509964 0.87000000000000011 0.48566650000000006 0.49446450000000003 0.75000000000000011
decision_type=2 2 2 2 2 2 2 2
left_child=7 4 3 -3 5 -2 -6 -1
right_child=1 2 -4 -5 6 -7 -8 -9
leaf_value=-0.023464823414917752 0.010157487659654518 -0.019032836089436681 -0.022627674279166607 0.0037153732102932603 0.0013506943121394384 -0.007165108122146613 0.019185525327654745 -0.0008478235748757665
leaf_weight=73.628267951644375 67.139595685293898 22.753243996412493 26.249407694151159 159.25661519376445 28.628551084548235 52.851057954423595 109.60071395453997 13.193883157102389
leaf_count=9561 1260 905 1513 3942 446 1161 1172 769
internal_value=0.000320653 0.0042276 -0.00243135 0.000654878 0.00960441 0.00247372 0.0156172 -0.0202088
internal_weight=553.301 466.479 208.259 182.01 258.22 119.991 138.229 86.8222
internal_count=20729 10399 6360 4847 4039 2421 1618 10330
is_linear=0
shrinkage=0.025


Tree=68
num_leaves=9
num_cat=0
split_feature=34 19 1 60 43 62 55 60
split_gain=69.5008 33.646 26.257 14.3673 14.9479 12.888 10.4167 9.68062
threshold=0.047899500000000005 0.7199040000000001 0.61249238252639782 0.68000000000000005 1.0000000180025095e-35 0.41666666666666669 1.0000000180025095e-35 0.68000000000000005
decision_type=2 2 2 2 2 2 2 2
left_child=1 -1 3 4 -2 -4 -5 -7
right_child=2 -3 5 6 -6 7 -8 -9
leaf_value=-0.023311621061025151 0.0054853412582160531 0.0022671352646551068 0.022080211344312563 0.0033070298461806017 -0.020760867408788762 0.011224105467331578 -0.020797591120159154 -0.0020625820593110343
leaf_weight=94.568282077409094 120.83669226954225 46.918310941429809 51.116043201182038 15.16707598348148 13.198655209722345 122.56801410624757 32.361330563260708 45.296300383633934
leaf_count=10467 3315 772 485 339 867 1085 1893 1459
internal_value=6.17056e-05 -0.0148638 0.00540022 -0.00159126 0.00257848 0.011193 -0.0131311 0.00761262
internal_weight=542.031 141.487 400.544 181.564 134.035 218.98 47.5284 167.864
internal_count=20682 11239 9443 6414 4182 3029 2232 2544
is_linear=0
shrinkage=0.025


Tree=69
num_leaves=9
num_cat=0
split_feature=1 44 43 60 21 39 48 22
split_gain=66.8731 28.6016 20.5248 20.2855 20.0224 15.8168 11.4203 8.48948
threshold=0.45632193982601171 0.047175500000000009 1.0000000180025095e-35 0.68000000000000005 0.87400000000000011 1.0000000180025095e-35 0.66160000000000008 0.48472500000000002
decision_type=2 2 2 2 2 2 2 2
left_child=-1 4 3 -3 7 -4 -6 -2
right_child=1 2 5 -5 6 -7 -8 -9
leaf_value=-0.023101125255032724 -0.017601389061496147 0.012213067189458153 -0.030702050019971255 -0.0023605342525541738 -0.0031112288452295549 0.00067563932039486408 0.025724990458345982 0.0087911240382225215
leaf_weight=67.569136832578806 69.062972212166642 243.92686516337562 12.609174656390676 76.997517548938049 20.964518836000934 30.43047209829092 11.721132678911088 6.9225819327402851
leaf_count=9029 3905 3285 609 2125 489 1001 127 136
internal_value=-0.000198339 0.00314365 0.00651136 0.00870032 -0.00798165 -0.00930559 0.00790033 -0.014937
internal_weight=540.204 472.635 363.964 320.924 108.671 43.0396 32.6857 75.9856
internal_count=20706 11677 7020 5410 4657 1610 616 4041
is_linear=0
shrinkage=0.025


Tree=70
num_leaves=9
num_cat=0
split_feature=2 29 62 18 17 49 16 0
split_gain=63.8044 23.0665 18.6509 14.5 13.2101 12.9555 9.90173 8.84637
threshold=0.53145480155944835 0.31620650000000006 0.41666666666666669 0.63366850000000008 0.60398250000000009 1.0000000180025095e-35 0.60695300000000019 0.29846700000000009
decision_type=2 2 2 2 2 2 2 2
left_child=3 2 -2 -1 -4 7 -3 -5
right_child=1 6 4 5 -6 -7 -8 -9
leaf_value=-0.025884384790606049 0.013840765211666618 -0.013800159398442854 -0.012838030899376282 -0.015612900742574235 0.00099745033166772951 -0.018774923170545747 0.015429017323313421 0.0095176958096383386
leaf_weight=50.34993423744163 54.007198797160527 5.9425098530482492 53.828883723050239 10.414256362826562 185.33095716271782 33.925987031536351 115.77239265129901 27.301391584740486
leaf_count=8394 883 226 2085 578 4216 2567 937 731
internal_value=0 0.00468432 0.000831065 -0.015743 -0.00216611 -0.00800428 0.0137413 0.00195286
internal_weight=536.874 414.882 293.167 121.992 239.16 71.6416 121.715 37.7156
internal_count=20617 8347 7184 12270 6301 3876 1163 1309
is_linear=0
shrinkage=0.025


Tree=71
num_leaves=9
num_cat=0
split_feature=1 29 2 39 62 22 19 19
split_gain=71.3248 29.9394 27.437 17.4402 8.89587 7.67493 3.74097 3.12872
threshold=0.48178182542324072 0.9893010000000001 0.68278563022613536 1.0000000180025095e-35 0.41666666666666669 0.50574450000000015 0.72231300000000009 0.68646300000000016
decision_type=2 2 2 2 2 2 2 2
left_child=5 2 3 -2 -4 6 -1 -3
right_child=1 7 4 -5 -6 -7 -8 -9
leaf_value=-0.023960384064501211 -0.016619804994981131 0.0042144256565274704 0.020711456225379985 0.00020836979517349061 0.006509350068475573 0.011245861225944504 -7.1997604244004721e-05 0.026687919949578989
leaf_weight=74.065007597208023 43.756501474737888 6.1762795047834507 41.179818745644297 236.94818553970254 92.19168624386657 2.9643637855187981 5.0104781016707411 35.055267430376261
leaf_count=10146 2075 44 326 6345 1455 93 177 94
internal_value=0.000125953 0.00402936 0.00193298 -0.00248731 0.011191 -0.0210284 -0.0225784 0.0238457
internal_weight=537.348 455.308 414.076 280.705 133.372 82.0398 79.0755 41.2315
internal_count=20755 10339 10201 8420 1781 10416 10323 138
is_linear=0
shrinkage=0.025


Tree=72
num_leaves=9
num_cat=0
split_feature=9 62 29 21 15 47 9 2
split_gain=63.8087 28.7826 15.2265 13.5014 10.9546 10.7582 10.524 8.02943
threshold=0.57000000000000017 0.58333333333333337 0.60023650000000017 0.70400000000000007 0.48366800000000004 0.9999920000000001 0.78000000000000014 0.67536270618438732
decision_type=2 2 2 2 2 2 2 2
left_child=7 3 5 4 -2 -3 -5 -1
right_child=1 2 -4 6 -6 -7 -8 -9
leaf_value=-0.023388161575614585 -0.022081797548739995 -0.0081769249780245974 0.013656229297895487 -0.0032367175075162288 0.0045167311910374415 0.010542840195346858 0.016285087707954261 0.00048546272961360275
leaf_weight=71.978983727225568 9.0083297714591009 164.4550807257765 26.130196804646403 18.476327594486065 76.591460632102098 19.62306830752641 128.87152576586232 9.2082895162748155
leaf_count=10759 258 6100 282 244 1264 112 1448 275
internal_value=-0.000535563 0.00320764 -0.00345872 0.00923342 0.0011917 -0.00604919 0.0137764 -0.0206437
internal_weight=524.343 443.156 210.208 232.948 85.5998 184.078 147.348 81.1873
internal_count=20742 9708 6494 3214 1522 6212 1692 11034
is_linear=0
shrinkage=0.025


Tree=73
num_leaves=9
num_cat=0
split_feature=1 44 39 62 60 21 0 43
split_gain=63.0331 31.3812 16.7298 14.606 14.1756 9.76972 9.99105 6.6959
threshold=0.61249238252639782 0.09763200000000001 1.0000000180025095e-35 0.58333333333333337 0.68000000000000005 0.87400000000000011 0.66263350000000021 1.0000000180025095e-35
decision_type=2 2 2 2 2 2 2 2
left_child=1 5 -3 -2 -4 -1 -7 -5
right_child=3 2 4 7 -6 6 -8 -9
leaf_value=-0.021601254511280418 0.012930416037441377 -0.019237998484499835 0.0073005584022279128 0.0030723123974573654 -0.011447300334568939 0.02323169255531404 -0.013890154900920784 -0.016650881752489011
leaf_weight=95.165719187672948 169.46603699645493 24.69352260537562 96.083929357642774 80.493701946979854 31.797113233653363 5.193609920796006 10.242018001503309 10.34901143889874
leaf_count=11186 2126 1570 2192 1309 1313 69 444 376
internal_value=-4.03851e-05 -0.00864963 -0.00119262 0.00863468 0.00247674 -0.0186661 0 0.000434331
internal_weight=523.485 263.176 152.575 260.309 127.881 110.601 15.4356 90.8427
internal_count=20585 16774 5075 3811 3505 11699 513 1685
is_linear=0
shrinkage=0.025


Tree=74
num_leaves=9
num_cat=0
split_feature=1 2 29 39 19 58 78 2
split_gain=55.7451 27.5509 22.2991 16.521 7.22016 7.34402 5.05487 3.82338
threshold=0.46938608586788183 0.68278563022613536 0.9893010000000001 1.0000000180025095e-35 0.76898500000000014 0.58083350000000011 1.0000000180025095e-35 0.68759378790855419
decision_type=2 2 2 2 2 2 2 2
left_child=6 2 3 -2 5 -3 -1 -6
right_child=1 4 -4 -5 7 -7 -8 -9
leaf_value=-0.021887117199063291 -0.016954908781185322 0.012888917254585956 0.02082759936084724 -0.000559018294475794 -0.001185802348848833 -0.00027696639434264341 0.0080170395480728823 0.026901350340020821
leaf_weight=67.747632835555123 44.288982924976153 85.581572663213592 24.137271042913198 233.06461544899503 2.6869976837188032 36.258125983877108 2.3758179359865599 22.894861708628014
leaf_count=9576 2203 696 111 6833 49 802 156 283
internal_value=-0.000155392 0.0030949 -0.00122526 -0.00330667 0.0118784 0.00896914 -0.0205757 0.0238072
internal_weight=519.036 448.912 301.491 277.354 147.422 121.84 70.1235 25.5819
internal_count=20709 10977 9147 9036 1830 1498 9732 332
is_linear=0
shrinkage=0.025


Tree=75
num_leaves=9
num_cat=0
split_feature=9 1 39 62 2 60 17 2
split_gain=55.7421 23.8026 17.2186 12.1812 10.4699 10.5041 7.36452 9.38202
threshold=0.57000000000000017 0.61030724644660961 1.0000000180025095e-35 0.91666666666666685 0.73102048039436351 0.82000000000000017 0.63550400000000007 0.54343473911285411
decision_type=2 2 2 2 2 2 2 2
left_child=6 2 -2 -4 5 -3 -1 -8
right_child=1 4 3 -5 -6 -7 7 -9
leaf_value=-0.023617216344232347 -0.019545670656873307 0.0079088651925526936 0.0026977982903086048 -0.017343426336299612 0.01774592635978257 -0.0079257732818434519 -0.021282260445078412 0.010910929975910817
leaf_weight=59.910611824554508 31.731326243083458 160.46526605891995 143.00016768497881 19.802706295973621 56.015485988231376 29.084332506172359 8.7814067260260362 9.7907569029339339
leaf_count=9003 1768 1673 3420 1167 601 1097 1566 365
internal_value=-0.000271096 0.00319913 -0.00328825 3.36619e-05 0.00835371 0.00538267 -0.0194198 -0.00453548
internal_weight=518.582 440.099 194.534 162.803 245.565 189.55 78.4828 18.5722
internal_count=20660 9726 6355 4587 3371 2770 10934 1931
is_linear=0
shrinkage=0.025


Tree=76
num_leaves=9
num_cat=0
split_feature=2 2 43 17 21 3 0 16
split_gain=54.3463 20.2226 13.2252 12.8848 12.5058 10.21 8.65003 7.77152
threshold=0.53145480155944835 0.68278563022613536 1.0000000180025095e-35 0.60420750000000012 0.87400000000000011 0.9672057330608369 0.66263350000000021 0.60856150000000009
decision_type=2 2 2 2 2 2 2 2
left_child=4 2 3 -2 -1 -4 -6 -3
right_child=1 7 5 -5 6 -7 -8 -9
leaf_value=-0.01840332777537761 -0.010497014675382617 -0.0035589618498223369 -0.027313146163149827 0.0049867810826416149 0.025685688288446785 -0.00077408195039374063 -0.010165717853921882 0.013435428153670426
leaf_weight=100.03400220863114 39.123695259011583 17.658294758410193 16.335366175451782 178.55132531207346 5.7003226710949075 19.344656800851226 7.212936473544687 130.2217585486942
leaf_count=11927 1461 287 910 3491 71 608 378 1566
internal_value=-0.000253332 0.00405562 -0.000219793 0.00209944 -0.01543 -0.0139283 0.0064796 0.0113357
internal_weight=514.182 401.235 253.355 217.675 112.947 35.68 12.9133 147.88
internal_count=20699 8323 6470 4952 12376 1518 449 1853
is_linear=0
shrinkage=0.025


Tree=77
num_leaves=9
num_cat=0
split_feature=9 29 62 19 39 44 19 0
split_gain=55.6513 26.2798 21.0432 16.3908 10.1239 8.96093 7.21153 6.18572
threshold=0.57000000000000017 0.75473800000000013 0.41666666666666669 0.64259250000000012 1.0000000180025095e-35 0.076556500000000013 0.68063400000000007 0.45106650000000009
decision_type=2 2 2 2 2 2 2 2
left_child=5 2 4 -4 -2 -1 -3 -7
right_child=1 6 3 -5 -6 7 -8 -9
leaf_value=-0.024827512653129782 -0.011752898397781687 -0.0058015283328738702 -0.025566261350386428 -0.0002878970672659521 0.017466835549117734 0.0040638760379602228 0.022625012996762058 -0.021729849873999552
leaf_weight=54.868388023474836 6.7610731823369852 5.0246244035661212 14.980121914966729 300.95312302335515 56.171829955652356 14.803321880419391 47.070005769841373 6.7925433760683509
leaf_count=9200 84 74 1144 7512 692 1005 167 785
internal_value=-0.00017362 0.003323 0.000969559 -0.00166336 0.0139469 -0.0195589 0.0196314 -0.00488535
internal_weight=507.425 430.961 378.866 315.933 62.9329 76.4643 52.0946 21.5959
internal_count=20663 9673 9432 8656 776 10990 241 1790
is_linear=0
shrinkage=0.025


Tree=78
num_leaves=9
num_cat=0
split_feature=9 39 29 1 0 62 55 20
split_gain=53.415 24.3281 24.7311 16.5785 20.6386 16.5362 13.0851 11.1099
threshold=0.73000000000000009 1.0000000180025095e-35 1.0000000180025095e-35 0.49961856007575994 0.42830000000000007 0.41666666666666669 1.0000000180025095e-35 0.7156570000000001
decision_type=2 2 2 2 2 2 2 2
left_child=3 6 5 -1 -5 -3 7 -2
right_child=1 2 -4 4 -6 -7 -8 -9
leaf_value=-0.024500882196159104 -0.017586119215104123 0.016670208860409149 0.015036233159795223 0.0083302827185555116 -0.015575654112203971 -0.0031312965024774316 -0.028993243791903479 0.0083409242690377135
leaf_weight=50.575757552927826 15.360524815856477 30.841830924968235 143.1156233404763 34.47913472772052 57.040492881380487 130.83838920947164 14.700082920579005 23.29688045126386
leaf_count=9389 628 495 1632 1027 2792 3510 778 321
internal_value=-0.000336175 0.00479663 0.0075409 -0.0132125 -0.00650358 0.00075772 -0.0104502 -0.00213503
internal_weight=500.249 358.153 304.796 142.095 91.5196 161.68 53.3575 38.6574
internal_count=20572 7364 5637 13208 3819 4005 1727 949
is_linear=0
shrinkage=0.025


Tree=79
num_leaves=9
num_cat=0
split_feature=2 62 43 19 29 48 15 22
split_gain=60.3331 23.7684 16.4262 12.1253 11.7332 10.1177 10.0661 6.10077
threshold=0.5186261534690858 0.58333333333333337 1.0000000180025095e-35 0.75497250000000016 1.0000000180025095e-35 0.66350000000000009 0.67609850000000005 0.38429750000000001
decision_type=2 2 2 2 2 2 2 2
left_child=6 3 5 4 -2 -3 -1 -5
right_child=1 2 -4 7 -6 -7 -8 -9
leaf_value=-0.021664682113321405 0.00084199471008417179 -0.0041342496982144468 -0.021319338088605262 -0.0027312486259960401 0.013432669560005488 0.0087749231735368451 -0.0026277650594694005 0.023838967320637325
leaf_weight=72.51541315689974 101.03040832131228 97.871430494036758 22.301465331809595 5.1326864804141215 85.988240657112328 59.040667495806701 24.642458989575971 43.151593998074532
leaf_count=10704 2173 2868 1314 60 895 1024 1125 576
internal_value=0.000449378 0.00463414 -0.00218172 0.00983154 0.00675155 0.000725141 -0.0170623 0.0208691
internal_weight=511.674 414.516 179.214 235.303 187.019 156.912 97.1579 48.2843
internal_count=20739 8910 5206 3704 3068 3892 11829 636
is_linear=0
shrinkage=0.025


Tree=80
num_leaves=9
num_cat=0
split_feature=18 39 29 47 2 32 2 29
split_gain=53.129 26.1887 25.8155 25.6209 12.2035 9.91851 9.71646 7.185
threshold=0.63839800000000013 1.0000000180025095e-35 1.0000000180025095e-35 0.92356600000000011 0.6687772572040559 0.45310000000000006 0.68431133031845104 0.75473800000000013
decision_type=2 2 2 2 2 2 2 2
left_child=5 3 4 -2 -3 6 -1 -4
right_child=1 2 7 -5 -6 -7 -8 -9
leaf_value=-0.024943266992569886 -0.02098228580191483 -0.0037927700163074927 0.010061818354255736 0.0099372689917896703 0.0089679834344433516 0.0060093775447473685 0.0093060292045227307 0.02202080102178542
leaf_weight=59.139287427053205 44.433459341380512 132.25506786719779 110.82504531205632 24.321776719763875 69.80989222729113 7.4802438694459843 4.3123911285074419 49.96666043321602
leaf_count=9884 2367 4322 2074 155 1300 302 33 211
internal_value=0.000609165 0.00394166 0.00663785 -0.00996694 0.000623778 -0.0191178 -0.0222877 0.0140491
internal_weight=502.544 431.612 362.857 68.7552 202.065 70.9319 63.4517 160.792
internal_count=20648 10429 7907 2522 5622 10219 9917 2285
is_linear=0
shrinkage=0.025


Tree=81
num_leaves=9
num_cat=0
split_feature=2 29 47 62 27 15 49 9
split_gain=46.8274 23.0715 15.4199 16.1499 12.143 10.9286 4.30257 4.28877
threshold=0.51494944095611583 0.9893010000000001 0.87193500000000013 0.41666666666666669 1.0000000180025095e-35 0.67870050000000015 1.0000000180025095e-35 0.83150000000000002
decision_type=2 2 2 2 2 2 2 2
left_child=5 2 3 -2 -4 -1 7 -7
right_child=1 -3 4 -5 -6 6 -8 -9
leaf_value=-0.020368641989011973 0.01127038683904725 0.022702938736898753 0.0015442745381105318 -0.0049241799680906371 0.017122310134723557 0.016859695534448264 -0.011346037726708891 -0.010081722939444909
leaf_weight=71.367455532425083 45.463141989108408 34.530626822728664 69.140855327481404 199.30713399604429 57.647496392019093 9.2274367552017775 10.572120239201467 3.5400406229309747
leaf_count=10625 1004 124 513 7162 286 192 706 130
internal_value=1.13518e-06 0.00372265 0.00182654 -0.00181888 0.00884136 -0.0156256 -0.000363295 0.00852807
internal_weight=500.796 406.089 371.559 244.77 126.788 94.7071 23.3396 12.7675
internal_count=20742 9089 8965 8166 799 11653 1028 322
is_linear=0
shrinkage=0.025


Tree=82
num_leaves=9
num_cat=0
split_feature=9 29 47 62 16 44 19 15
split_gain=48.1829 22.6 21.4149 18.8591 11.9746 9.5127 7.62013 5.6549
threshold=0.57000000000000017 0.31620650000000006 0.91020450000000019 0.41666666666666669 0.60856150000000009 0.076556500000000013 0.66727300000000012 0.48619900000000005
decision_type=2 2 2 2 2 2 2 2
left_child=5 2 3 -2 -3 -1 -6 -4
right_child=1 4 7 -5 6 -7 -8 -9
leaf_value=-0.023620017225884235 0.012452261152334696 -0.019024062367102509 -0.0051993341747577013 -0.007291807376866322 -0.0066813701413216409 -0.0033134951865419595 0.016658991748337054 0.012651347834938671
leaf_weight=51.251596155838342 34.090243982966058 5.0545921677257857 11.083142591640351 181.71814251734759 7.9909998259972772 22.028871424627141 104.66330496285809 79.220139935379848
leaf_count=9204 641 184 75 7138 197 1818 959 463
internal_value=0.000556616 0.00382845 0.000200539 -0.00405279 0.0130395 -0.0178655 0.0148503 0.010314
internal_weight=497.101 423.821 306.112 215.808 117.709 73.2805 112.654 90.3033
internal_count=20679 9657 8317 7779 1340 11022 1156 538
is_linear=0
shrinkage=0.025


Tree=83
num_leaves=9
num_cat=0
split_feature=9 62 29 24 61 22 16 31
split_gain=48.6862 30.999 13.3628 13.42 12.403 11.2671 11.0149 9.78258
threshold=0.57000000000000017 0.75000000000000011 0.31620650000000006 1.0000000180025095e-35 0.91961550000000014 0.49192400000000008 0.60856150000000009 0.36100750000000004
decision_type=2 2 2 2 2 2 2 2
left_child=7 2 3 -2 5 -3 -4 -1
right_child=1 4 6 -5 -6 -7 -8 -9
leaf_value=-0.022083151961055703 -0.0044219642301253966 -0.018661833461237318 -0.020232751887042797 0.0077435496036860315 0.02461626790335357 0.0026235981477895597 0.015995076971407642 0.0032225213720042875
leaf_weight=60.93664434152015 83.735552609374281 54.274532242241548 3.6881229227874419 163.54186431856942 3.9814248522743574 20.047430978855118 100.88775520958006 10.109221215578144
leaf_count=10102 2134 2988 98 2943 46 738 719 952
internal_value=0.000471886 0.00367522 0.00685559 0.00359143 -0.0103371 -0.0129038 0.0142913 -0.0183901
internal_weight=501.203 430.157 351.853 247.277 78.3034 74.322 104.576 71.0459
internal_count=20720 9666 5894 5077 3772 3726 817 11054
is_linear=0
shrinkage=0.025


Tree=84
num_leaves=9
num_cat=0
split_feature=62 19 48 60 17 34 39 16
split_gain=38.7059 26.9287 18.4062 14.6302 13.9162 13.0169 11.624 9.89686
threshold=0.75000000000000011 0.68314600000000014 0.66350000000000009 0.68000000000000005 0.62110100000000013 0.30332600000000004 1.0000000180025095e-35 0.70802300000000018
decision_type=2 2 2 2 2 2 2 2
left_child=1 4 -2 6 -1 -5 -3 -4
right_child=2 3 7 5 -6 -7 -8 -9
leaf_value=-0.020846326124859121 -0.020583767100168876 -0.0026492206079440782 0.012612682935991482 -0.019146050076145716 -0.0010436052052703981 0.0040024767824611146 0.012920946793997905 -0.01838611848615546
leaf_weight=32.310428874465288 72.40838067320874 34.282890453992877 19.286052972398469 19.30307067243848 65.863780769825098 50.262862015049905 178.50469371268991 7.168515871744602
leaf_count=4510 7494 679 394 934 2912 1143 2106 423
internal_value=-0.000405683 0.00321261 -0.0141945 0.00713894 -0.00792189 -0.00267151 0.0103762 0.00324731
internal_weight=479.391 380.528 98.8629 282.354 98.1742 69.5659 212.788 26.4546
internal_count=20595 12284 8311 4862 7422 2077 2785 817
is_linear=0
shrinkage=0.025


Tree=85
num_leaves=9
num_cat=0
split_feature=1 29 62 47 22 22 22 22
split_gain=43.3215 17.7321 17.2799 17.671 7.21774 6.75596 4.48929 4.09787
threshold=0.48013089597225195 0.96721250000000014 0.41666666666666669 0.77480250000000017 0.47576850000000004 0.5006885000000002 0.40300300000000006 0.30807200000000007
decision_type=2 2 2 2 2 2 2 2
left_child=5 2 4 -4 -2 -1 7 -3
right_child=1 6 3 -5 -6 -7 -8 -9
leaf_value=-0.020206980475933629 0.015479651170471002 0.017455322683205168 -0.0063750974077851951 0.0055501420765992826 -0.0066024699826312122 0.011774769243580417 0.023836986975633939 -0.012114625802859338
leaf_weight=63.731406918872381 61.080868368066149 3.4041413390077642 175.96857234174968 135.46335996780545 9.1725449099903908 2.8423320460715322 27.831275054719299 4.307777198497206
leaf_count=10190 979 15 7706 1377 139 92 96 35
internal_value=0 0.00300571 0.0013646 -0.00116174 0.0123898 -0.0184286 0.0194177 0.00107236
internal_weight=483.802 417.229 381.685 311.432 70.2534 66.5737 35.5432 7.71192
internal_count=20629 10347 10201 9083 1118 10282 146 50
is_linear=0
shrinkage=0.025


Tree=86
num_leaves=9
num_cat=0
split_feature=1 29 2 44 19 19 16 22
split_gain=44.1085 20.3817 15.8547 12.7903 7.71107 6.93541 6.18517 3.92226
threshold=0.45632193982601171 0.52868100000000007 0.67779147624969494 0.047175500000000009 0.67448700000000017 0.76898500000000014 0.60856150000000009 0.42636100000000005
decision_type=2 2 2 2 2 2 2 2
left_child=-1 2 3 -2 7 -4 -6 -3
right_child=1 4 5 -5 6 -7 -8 -9
leaf_value=-0.020986131852223606 -0.012915687326916038 -0.019791933724074711 0.0049489161768336487 0.00016084470393917821 -0.011762031862738859 0.021093600928551004 0.019255785628615005 0.009338355764325677
leaf_weight=52.094426689087413 60.171075350765022 4.2461233184440053 92.584479800774716 183.89357861407916 2.6903823135071425 19.61035974835977 62.79707238584524 3.3284408829640597
leaf_count=9063 3952 186 1527 5096 53 327 380 26
internal_value=0.000277819 0.00296075 0.000441995 -0.0031113 0.0148036 0.00815651 0.0175596 -0.00693128
internal_weight=481.416 429.322 356.259 244.065 73.062 112.195 65.4875 7.57456
internal_count=20610 11547 10902 9048 645 1854 433 212
is_linear=0
shrinkage=0.025


Tree=87
num_leaves=9
num_cat=0
split_feature=2 9 49 19 47 29 0 22
split_gain=49.1383 15.4108 15.1387 13.4716 10.5342 10.2853 11.4359 9.1095
threshold=0.57827115058898937 0.75000000000000011 1.0000000180025095e-35 0.64445900000000012 0.9999920000000001 0.31620650000000006 0.86206650000000018 0.26363950000000008
decision_type=2 2 2 2 2 2 2 2
left_child=2 7 3 -1 -4 6 -3 -2
right_child=1 5 4 -5 -6 -7 -8 -9
leaf_value=-0.018303566105101126 0.010436664582852794 0.0068256384415099043 -0.020862666345730089 0.0039394486446268457 0.011374375007910498 0.016037546110533828 -0.018470198094468364 -0.0086746308956400422
leaf_weight=22.502669826368219 18.811094536533346 148.88233348459471 77.659126434315112 53.139637957559898 5.3349188850261262 81.258434790186584 10.017219102941452 58.907120655028848
leaf_count=3869 330 2561 8736 1866 43 526 605 2100
internal_value=4.65658e-05 0.00572728 -0.0112194 -0.00288202 -0.0184833 0.00885029 0.00497458 -0.00380902
internal_weight=476.513 317.876 158.636 75.6423 82.994 240.158 158.9 77.7182
internal_count=20636 6122 14514 5735 8779 3692 3166 2430
is_linear=0
shrinkage=0.025


Tree=88
num_leaves=9
num_cat=0
split_feature=9 39 60 22 43 19 18 17
split_gain=46.9004 20.7592 20.7313 16.6268 13.3316 11.8979 11.6454 7.86678
threshold=0.57000000000000017 1.0000000180025095e-35 0.68000000000000005 0.49192400000000008 1.0000000180025095e-35 0.70373000000000008 0.6933020000000002 0.63550400000000007
decision_type=2 2 2 2 2 2 2 2
left_child=7 4 3 -3 6 -4 -2 -1
right_child=1 2 5 -5 -6 -7 -8 -9
leaf_value=-0.024226673344895294 -0.019337003409120354 0.0053493045609921191 -0.019168214839413569 0.019948054916044441 -0.030377440819358725 0.00097412393963087129 0.0048992981198846194 -0.0030389542954955273
leaf_weight=48.733870043361094 16.56867570016766 194.3279264337616 23.805665918131126 65.41686434391886 13.004990104876923 60.52044433215633 34.822618882637471 15.851400010025825
leaf_count=9095 965 3771 1174 526 714 1932 604 1927
internal_value=5.99388e-05 0.0032325 0.00568903 0.00917899 -0.00955582 -0.00493762 -0.00320572 -0.0193866
internal_weight=473.052 408.467 344.071 259.745 64.3963 84.3261 51.3913 64.5853
internal_count=20708 9686 7403 4297 2283 3106 1569 11022
is_linear=0
shrinkage=0.025


Tree=89
num_leaves=9
num_cat=0
split_feature=1 44 22 43 60 20 62 3
split_gain=39.4623 16.8692 19.2661 18.132 15.6487 10.5866 5.71303 3.72096
threshold=0.45632193982601171 0.077879000000000018 0.48472500000000002 1.0000000180025095e-35 0.68000000000000005 0.69953950000000009 0.41666666666666669 0.96600428223609935
decision_type=2 2 2 2 2 2 2 2
left_child=-1 2 5 4 -3 -2 -5 -4
right_child=1 3 7 6 -6 -7 -8 -9
leaf_value=-0.021317893711122436 -0.019406537358474123 0.010916730433147641 -0.00081822232502086901 0.0085731639638450732 -0.0030333891637209132 -0.0029572477864836248 -0.016211911247753546 0.023091908306943756
leaf_weight=49.342648807840305 42.659701957963989 194.97704361600336 4.6131074549630311 5.4495189357548943 65.455340157597675 58.855628555524163 27.825665847223718 12.795606364030389
leaf_count=9110 3630 2978 146 72 1998 1297 1393 106
internal_value=-0.00063336 0.00191291 -0.00593685 0.00513535 0.00738562 -0.0101836 -0.0116843 0.0169382
internal_weight=461.974 412.632 118.924 293.708 260.432 101.515 33.2752 17.4087
internal_count=20730 11620 5179 6441 4976 4927 1465 252
is_linear=0
shrinkage=0.025


Tree=90
num_leaves=9
num_cat=0
split_feature=1 44 9 60 39 62 21 0
split_gain=45.5755 20.2016 14.1572 12.7687 13.369 8.3648 12.9877 12.0385
threshold=0.61249238252639782 0.012425500000000001 0.75000000000000011 0.68000000000000005 1.0000000180025095e-35 0.58333333333333337 0.77400000000000013 0.84440000000000015
decision_type=2 2 2 2 2 2 2 2
left_child=1 -1 -2 4 -3 6 -4 -7
right_child=2 3 5 -5 -6 7 -8 -9
leaf_value=-0.018247426132124444 -0.0038986110962582407 -0.016242600524621575 -0.0027781787169982434 -0.014162643670449591 0.0055132477449870206 0.0076968895194146555 0.018311073839049629 -0.022953250416145359
leaf_weight=70.804965726856608 46.550316538341576 19.221569320667186 20.60814409609884 40.031970148949767 101.48008306112024 55.867394530214369 107.36395663151052 7.2556884780060491
leaf_count=10337 1165 1367 339 2334 2890 661 1238 398
internal_value=0.000542176 -0.00730273 0.00821394 -0.00227037 0.00177926 0.0112132 0.0148667 0.00346192
internal_weight=469.184 231.539 237.646 160.734 120.702 191.095 127.972 63.1231
internal_count=20729 16928 3801 6591 4257 2636 1577 1059
is_linear=0
shrinkage=0.025


Tree=91
num_leaves=9
num_cat=0
split_feature=9 62 2 29 16 22 22 61
split_gain=41.7978 22.8927 15.8745 11.4165 10.7678 9.6489 14.3863 8.01165
threshold=0.73000000000000009 0.75000000000000011 0.55385971069335949 1.0000000180025095e-35 0.60695300000000019 0.26363950000000008 0.41777650000000005 0.51924350000000008
decision_type=2 2 2 2 2 2 2 2
left_child=2 3 -1 7 -5 -4 -7 -2
right_child=1 -3 5 4 -6 6 -8 -9
leaf_value=-0.022016497841709795 -0.0021033172305078454 -0.0094196702390853329 0.010196562955388302 -0.020911497297632208 0.014365417294818984 -0.018625743578113509 0.0064471316187532492 0.009523243466513542
leaf_weight=52.344928973048809 83.42497717824881 55.30869316670578 19.631623275461607 3.7584757418953805 132.67315202753525 35.773693539435044 21.146855462226085 62.789523317827843
leaf_count=10565 2038 2622 479 116 1357 1843 467 1128
internal_value=0.000355059 0.00499101 -0.0116332 0.00788364 0.0130513 -0.00405799 -0.00928084 0.00290006
internal_weight=466.852 337.955 128.897 282.646 136.432 76.5522 56.9205 146.215
internal_count=20615 7261 13354 4639 1473 2789 2310 3166
is_linear=0
shrinkage=0.025


Tree=92
num_leaves=9
num_cat=0
split_feature=1 29 62 47 18 32 62 59
split_gain=33.2481 22.7099 15.8611 17.7552 6.4192 5.30549 3.61087 5.01438
threshold=0.48178182542324072 0.9893010000000001 0.41666666666666669 0.77480250000000017 0.67994900000000003 0.17014000000000004 0.75000000000000011 1.0000000180025095e-35
decision_type=2 2 2 2 2 2 2 2
left_child=4 2 5 -4 -1 -2 7 -6
right_child=1 -3 3 -5 6 -7 -8 -9
leaf_value=-0.021434583920090327 0.0030813612558940155 0.021221522172987516 -0.0074037402819441094 0.0048583293717272789 -0.015685332947567174 0.018533826550177355 -0.01645386439710084 0.017007347531287669
leaf_weight=48.100724286166951 27.376634197717067 33.619324862957001 168.72469653215376 127.53563325072173 2.3264895007014257 31.930388356326148 4.4793175340164444 6.9938849131576717
leaf_count=9799 589 135 7706 1353 109 520 366 106
internal_value=-0.000529251 0.0021872 0.000257869 -0.00210278 -0.0172596 0.0118564 -0.00136143 0.00685487
internal_weight=451.087 389.187 355.567 296.26 61.9004 59.307 13.7997 9.32037
internal_count=20683 10303 10168 9059 10380 1109 581 215
is_linear=0
shrinkage=0.025


Tree=93
num_leaves=9
num_cat=0
split_feature=9 2 39 46 31 54 27 1
split_gain=38.2582 22.5791 14.1167 16.2952 10.0475 5.53364 5.34632 4.875
threshold=0.57000000000000017 0.6687772572040559 1.0000000180025095e-35 0.59845300000000012 0.36100750000000004 1.0000000180025095e-35 1.0000000180025095e-35 0.48965796828269964
decision_type=2 2 2 2 2 2 2 2
left_child=4 2 -2 -4 -1 6 -3 -6
right_child=1 5 3 -5 7 -7 -8 -9
leaf_value=-0.022010108699399573 -0.015823365133684961 0.0072317628209240649 0.0038690488374737726 -0.01452630121975667 -0.015030000171495944 -0.018293893329169624 0.017556725400926548 0.015835985045990316
leaf_weight=52.506664164189715 35.047035953175509 89.940515241585672 182.66676556723542 33.909232016652822 3.0623433391447161 2.1091797193512312 55.379342799074948 6.4754752820008434
leaf_count=10118 1964 1327 4301 1453 661 46 630 294
internal_value=0.000101907 0.0029828 -0.00155093 0.000848018 -0.0178246 0.0106881 0.0114023 0.00438822
internal_weight=461.097 399.052 251.623 216.576 62.0445 147.429 145.32 9.53782
internal_count=20794 9721 7718 5754 11073 2003 1957 955
is_linear=0
shrinkage=0.025


Tree=94
num_leaves=9
num_cat=0
split_feature=9 2 0 61 24 31 19 29
split_gain=36.6329 19.7093 15.7234 19.4142 11.8552 9.74723 5.94252 6.24976
threshold=0.57000000000000017 0.68278563022613536 0.48566650000000006 0.48281650000000004 1.0000000180025095e-35 0.5186845000000001 0.76898500000000014 0.31620650000000006
decision_type=2 2 2 2 2 2 2 2
left_child=5 2 4 -4 -2 -1 7 -3
right_child=1 6 3 -5 -6 -7 -8 -9
leaf_value=-0.020614955670617326 -0.002958570986432537 0.0035559466832091298 -0.016072988553716458 0.00085574059337077354 0.01448219728493918 0.011599667044735628 0.02257484570715396 0.016872738481441961
leaf_weight=56.109103034978034 39.978349308046745 70.14989396603778 63.622238476586062 116.67398325895192 55.951556217914913 4.9425121152889906 22.18478919682093 32.680409182561561
leaf_count=10634 1369 1101 3182 2700 874 385 325 172
internal_value=0.000101607 0.002888 -0.000828899 -0.00518766 0.00722527 -0.0176028 0.0110434 0.00810085
internal_weight=462.293 401.241 276.226 180.296 95.9299 61.0516 125.015 102.83
internal_count=20742 9723 8125 5882 2243 11019 1598 1273
is_linear=0
shrinkage=0.025


Tree=95
num_leaves=9
num_cat=0
split_feature=9 39 60 14 18 19 4 1
split_gain=34.3814 18.1439 21.6067 14.3939 11.9854 11.4643 10.9978 8.43364
threshold=0.57000000000000017 1.0000000180025095e-35 0.68000000000000005 1.0000000180025095e-35 0.69391950000000013 0.70373000000000008 0.62500000000000011 0.60710546374320995
decision_type=2 2 2 2 2 2 2 2
left_child=7 3 6 4 -2 -4 -3 -1
right_child=1 2 5 -5 -6 -7 -8 -9
leaf_value=-0.021962983950784901 -0.019512750900736328 0.0097486001872358393 -0.019960231028451882 -0.029385638087333722 0.0067420168001868759 0.00021555816710088017 -0.023934292741337432 0
leaf_weight=45.776686025958043 14.13443239009939 248.63326035795035 22.73909340359387 14.499427141709019 31.006327107315883 58.407238764455542 4.2326510647544628 14.666234911011996
leaf_count=10437 817 4032 1189 962 454 1957 262 618
internal_value=0.000351232 0.00308662 0.00537443 -0.00936311 -0.00179882 -0.00569209 0.00897197 -0.0168719
internal_weight=454.095 393.652 334.012 59.6402 45.1408 81.1463 252.866 60.4429
internal_count=20728 9673 7440 2233 1271 3146 4294 11055
is_linear=0
shrinkage=0.025


Tree=96
num_leaves=9
num_cat=0
split_feature=1 29 62 43 1 37 22 17
split_gain=37.0338 20.4089 14.5234 12.5833 6.78679 4.7414 5.49125 3.04027
threshold=0.48178182542324072 0.9893010000000001 0.58333333333333337 1.0000000180025095e-35 0.66326245665550243 1.0000000180025095e-35 0.42210200000000003 0.66092250000000019
decision_type=2 2 2 2 2 2 2 2
left_child=5 2 4 -4 -2 6 -1 -7
right_child=1 -3 3 -5 -6 7 -8 -9
leaf_value=-0.024163796162432596 0.0012429821794424506 0.020329398255381222 -0.0017000912721961987 -0.021822305740348737 0.010817957305633136 -0.013481652391064573 0 0.014319739262303134
leaf_weight=43.544082566899306 106.19752764489385 35.332043934846297 145.1422261538828 20.725496569473762 83.746748666948406 2.4769330688577602 6.1994549688242833 3.345467443956295
leaf_count=9209 2593 138 4691 1509 1321 621 426 76
internal_value=0 0.00273425 0.000862225 -0.00448912 0.00557241 -0.0187356 -0.0211567 0.00111082
internal_weight=446.71 391.144 355.812 165.868 189.944 55.5659 49.7435 5.8224
internal_count=20584 10252 10114 6200 3914 10332 9635 697
is_linear=0
shrinkage=0.025


Tree=97
num_leaves=9
num_cat=0
split_feature=1 2 49 61 44 62 0 39
split_gain=36.067 19.2695 12.6479 19.1699 13.2223 7.3808 5.61551 3.75921
threshold=0.46938608586788183 0.68278563022613536 1.0000000180025095e-35 0.47254750000000006 0.18109000000000003 0.58333333333333337 0.72783350000000013 1.0000000180025095e-35
decision_type=2 2 2 2 2 2 2 2
left_child=-1 2 4 -4 -2 7 -7 -3
right_child=1 5 3 -5 -6 6 -8 -9
leaf_value=-0.019276434989756834 -0.0050227347107561346 0.0012061045429076331 -0.016742203470747247 0.00057876954915532205 0.015009796740801721 -0.016676841981273432 0.0060305919484037358 0.016376060378723627
leaf_weight=49.955244876648067 32.039155000864412 13.277080234605817 54.136248429807893 135.29293699160917 50.045431571546942 6.90267115458846 26.640664053382352 80.178942999686114
leaf_count=9728 1131 109 3896 3372 751 161 426 1128
internal_value=0.00030362 0.00286079 -0.000887201 -0.00445535 0.00716804 0.0108213 0.000471304 0.0143699
internal_weight=448.468 398.513 271.514 189.429 82.0846 126.999 33.5433 93.456
internal_count=20702 10974 9150 7268 1882 1824 587 1237
is_linear=0
shrinkage=0.025


Tree=98
num_leaves=9
num_cat=0
split_feature=9 62 1 61 22 22 19 29
split_gain=34.0927 13.9815 12.3558 11.8224 10.7255 10.7941 9.83853 7.12468
threshold=0.73000000000000009 0.75000000000000011 0.51807814836502086 0.73258250000000003 0.26363950000000008 0.43536650000000005 0.68314600000000014 0.60023650000000017
decision_type=2 2 2 2 2 2 2 2
left_child=2 3 -1 6 -4 -6 -2 -3
right_child=1 7 4 -5 5 -7 -8 -9
leaf_value=-0.022757186997905219 -0.0059171451860797857 -0.010384588823330848 0.0082563691989352064 0.022498748409787446 -0.018919809430439916 0.0044688970304305005 0.0068756951212057497 0.014297899387735655
leaf_weight=40.343567284384335 44.027701495477231 51.025369839713676 22.60228932609607 23.764991976320744 36.358331609430024 16.536401557561476 197.74495329605998 6.4634999469853929
leaf_count=10026 1285 2573 647 466 2220 408 2880 98
internal_value=-0.000311462 0.00384915 -0.0118456 0.00628215 -0.00548111 -0.0115748 0.00448587 -0.00709606
internal_weight=438.867 323.027 115.841 265.538 75.497 52.8947 241.773 57.4889
internal_count=20603 7302 13301 4631 3275 2628 4165 2671
is_linear=0
shrinkage=0.025


Tree=99
num_leaves=9
num_cat=0
split_feature=1 34 49 61 47 39 62 24
split_gain=28.8878 20.1757 10.8206 13.1711 8.14626 9.50847 8.07576 7.59015
threshold=0.61030724644660961 0.047899500000000005 1.0000000180025095e-35 0.48477250000000005 0.96386200000000011 1.0000000180025095e-35 0.41666666666666669 1.0000000180025095e-35
decision_type=2 2 2 2 2 2 2 2
left_child=1 -1 7 -4 5 -2 -7 -3
right_child=4 2 3 -5 -6 6 -8 -9
leaf_value=-0.018379560935889192 -0.011534882571287857 -0.0052556805375088235 -0.017798807735372246 0.0017453797893670052 0.014123128666738212 0.016176634140423307 0.0022784008795500286 0.011625406805051645
leaf_weight=62.026088289574545 21.419626038405113 23.734911405539606 38.907327264416381 43.553564353263937 57.852344777435064 32.71526336853276 116.83947369409725 44.553387077947264
leaf_count=10335 527 1137 2935 1101 214 554 2605 1093
internal_value=0 -0.00660885 -0.00153942 -0.00759042 0.00613014 0.00325018 0.0055415 0.00566876
internal_weight=441.602 212.775 150.749 82.4609 228.827 170.974 149.555 68.2883
internal_count=20501 16601 6266 4036 3900 3686 3159 2230
is_linear=0
shrinkage=0.025


Tree=100
num_leaves=9
num_cat=0
split_feature=1 60 34 20 0 1 9 47
split_gain=31.3201 14.8275 14.4285 12.8812 9.95307 11.5132 9.78234 9.28848
threshold=0.56782948970794689 0.68000000000000005 0.047899500000000005 0.67350250000000011 0.50883350000000016 0.43643447756767279 0.95350000000000013 0.80616900000000002
decision_type=2 2 2 2 2 2 2 2
left_child=2 6 -1 -3 5 -4 -2 -6
right_child=1 3 4 -5 7 -7 -8 -9
leaf_value=-0.019848632763768498 0.0046970039055155158 -0.028591685097548222 -0.018606551875292272 0 -0.022542511310619417 0.009165869987427553 0.016042254119552291 0.0012303666546261767
leaf_weight=48.364456727314973 159.08851973243873 9.630287626758216 9.5728932695346867 65.868433535797521 21.817067989613861 45.16762954670412 69.486756240541581 16.715502978535369
leaf_count=9749 2792 596 1276 2017 2131 1293 615 290
internal_value=0.000588322 0.00512109 -0.00902643 -0.00433567 -0.00303726 0.00369226 0.00828771 -0.0124929
internal_weight=445.712 304.074 141.638 75.4987 93.2731 54.7405 228.575 38.5326
internal_count=20759 6020 14739 2613 4990 2569 3407 2421
is_linear=0
shrinkage=0.025


Tree=101
num_leaves=9
num_cat=0
split_feature=9 62 1 22 39 60 43 19
split_gain=28.3386 17.0476 10.6157 15.0488 10.5447 10.7128 9.69936 7.56554
threshold=0.73000000000000009 0.75000000000000011 0.48965796828269964 0.19813650000000002 1.0000000180025095e-35 0.68000000000000005 1.0000000180025095e-35 0.70445500000000016
decision_type=2 2 2 2 2 2 2 2
left_child=2 4 -1 -4 6 -6 -2 -5
right_child=1 -3 3 7 5 -7 -8 -9
leaf_value=-0.022498768142289086 0.0011195490397882641 -0.0089159796806973328 0.021323591366049284 -0.018068229504396051 0.011339908892504136 -0.0013020577361289847 -0.027821316729794838 -0.0017864764983267657
leaf_weight=32.18459936088766 28.399468745337799 52.829503199172905 9.3488700387242698 32.897073126019677 174.40292899380438 53.095514831133187 7.458847585017792 39.843295272439718
leaf_count=9106 628 2638 140 2680 2171 1593 265 1209
internal_value=-8.49099e-05 0.00375778 -0.0106636 -0.00550941 0.00637644 0.00837111 -0.00585403 -0.00953675
internal_weight=430.46 316.186 114.274 82.0892 263.357 227.498 35.8583 72.7404
internal_count=20430 7295 13135 4029 4657 3764 893 3889
is_linear=0
shrinkage=0.025


Tree=102
num_leaves=9
num_cat=0
split_feature=9 29 47 39 15 15 31 47
split_gain=30.595 18.8938 14.2319 12.4449 7.21908 5.3124 2.04991 2.28156
threshold=0.57000000000000017 0.9893010000000001 0.9999920000000001 1.0000000180025095e-35 0.70919750000000004 0.50885700000000011 0.45217000000000002 0.87193500000000013
decision_type=2 2 2 2 2 2 2 2
left_child=4 2 3 -2 6 -4 7 -1
right_child=1 -3 5 -5 -6 -7 -8 -9
leaf_value=-0.022682632210680644 -0.012898759088834056 0.020229969004789444 -0.0075710658661334715 0.00083219831066560417 0.0079690136783719095 0.016411261387953176 0 0.0014187258694619872
leaf_weight=44.203867585798434 47.226129373651929 31.775805233046412 5.0406419541686764 249.31334039420472 4.9123441428528158 40.132659287191927 3.638199590102885 1.7386020302074019
leaf_count=10154 2193 124 35 7129 276 172 521 61
internal_value=-0.000178746 0.0023852 0.000595938 -0.0014012 -0.0173468 0.0133687 -0.0202122 -0.021593
internal_weight=427.982 373.489 341.713 296.539 54.493 45.1733 49.5807 45.9425
internal_count=20665 9653 9529 9322 11012 207 10736 10215
is_linear=0
shrinkage=0.025


Tree=103
num_leaves=9
num_cat=0
split_feature=9 29 2 1 0 19 0 39
split_gain=33.5294 19.6128 13.9365 12.2086 16.8378 11.3136 8.62989 8.4333
threshold=0.75000000000000011 1.0000000180025095e-35 0.67536270618438732 0.48178182542324072 0.39513350000000008 0.72651150000000009 0.81750000000000012 1.0000000180025095e-35
decision_type=2 2 2 2 2 2 2 2
left_child=3 2 -2 -1 -5 -6 -4 -3
right_child=1 7 6 4 5 -7 -8 -9
leaf_value=-0.022423948042930051 -0.0064678003679906381 -0.0032428332348855278 0.013258677417425986 0.010038256855494915 -0.019162805598732697 0.00021182237458605244 -0.011525151549038229 0.01433358153640261
leaf_weight=33.442176272808865 99.718584039990674 18.277036993822549 46.573169058770873 30.224019655055599 44.787637696164893 30.192802081175614 8.7766366146970523 120.64111563819461
leaf_count=9223 3442 566 508 827 3440 713 494 1506
internal_value=0.000409554 0.00519973 -0.00087912 -0.00962372 -0.00514242 -0.0114609 0.00893314 0.0119547
internal_weight=432.633 293.987 155.068 138.647 105.204 74.9804 55.3498 138.918
internal_count=20719 6516 4444 14203 4980 4153 1002 2072
is_linear=0
shrinkage=0.025


Tree=104
num_leaves=9
num_cat=0
split_feature=1 49 20 1 9 61 6 0
split_gain=30.0954 13.6618 13.7697 12.8307 10.9684 8.39901 12.6014 7.47259
threshold=0.58852559328079235 1.0000000180025095e-35 0.70774300000000012 0.43643447756767279 0.81800000000000006 0.48363350000000005 0.60703900000000022 0.80115350000000018
decision_type=2 2 2 2 2 2 2 2
left_child=1 3 -3 -1 7 6 -6 -2
right_child=4 2 -4 -5 5 -7 -8 -9
leaf_value=-0.017851111092837612 -0.0079739074703394936 -0.023245573947689776 -0.0029271023201337255 0.0048483563154038574 0.013791065937469 0.011616596343221531 -0.012213784616954054 0.0067773679253377191
leaf_weight=19.029107099486282 55.193002056563273 53.862878377774905 35.752118361997418 57.491424980049487 18.38094604248181 124.78436996170785 25.071999036590569 32.065358036139514
leaf_count=4078 1564 8485 1332 1939 252 1990 474 617
internal_value=-0.000703391 -0.00894235 -0.0154622 -0.00101193 0.00465269 0.00836025 -0.000925718 -0.00243874
internal_weight=421.631 166.136 89.615 76.5205 255.496 168.237 43.4529 87.2584
internal_count=20731 15834 9817 6017 4897 2716 726 2181
is_linear=0
shrinkage=0.025


Tree=105
num_leaves=9
num_cat=0
split_feature=1 62 60 20 0 9 48 3
split_gain=24.4431 13.6437 10.1008 9.61671 9.54241 5.54106 4.14011 3.95693
threshold=0.46938608586788183 0.91666666666666685 0.68000000000000005 0.67456900000000009 0.80456700000000014 0.75000000000000011 0.25536650000000005 0.97866359353065502
decision_type=2 2 2 2 2 2 2 2
left_child=5 2 4 -4 -2 -1 -7 -3
right_child=1 7 3 -5 -6 6 -8 -9
leaf_value=-0.023657743950239486 0.0028648842136997053 -0.017909306015232714 -0.020277445929426832 0 0.014214323434292152 0.010411033264484547 -0.013032281169489283 0.0088232448000141826
leaf_weight=28.975710576371057 203.36192461913743 24.293327551044062 16.288002695218893 73.035091162892058 59.65194703679299 5.5186158099095328 10.239532549763679 2.3633150043897322
leaf_count=8751 5003 1806 1257 2197 708 190 785 57
internal_value=-0.000341776 0.00173505 0.00308588 -0.0040651 0.0055551 -0.0174188 -0.00415204 -0.0148272
internal_weight=423.727 378.994 352.337 89.3231 263.014 44.7339 15.7581 26.6566
internal_count=20754 11028 9165 3454 5711 9726 975 1863
is_linear=0
shrinkage=0.025


Tree=106
num_leaves=9
num_cat=0
split_feature=1 29 2 44 26 61 19 78
split_gain=30.6626 12.4186 9.7909 11.373 6.83463 3.95463 3.29757 2.40362
threshold=0.46938608586788183 0.82953200000000005 0.67536270618438732 0.047175500000000009 0.38380000000000009 0.53044100000000005 0.68063400000000007 1.0000000180025095e-35
decision_type=2 2 2 2 2 2 2 2
left_child=5 2 3 -2 -4 7 -3 -1
right_child=1 6 4 -5 -6 -7 -8 -9
leaf_value=-0.022696175781360402 -0.012863690155796963 -0.001051593133917617 0.0084770778683375039 0.00040339621041330406 -0.010368760867689085 0.008221966258785211 0.018122431346966793 0.0030266956136708193
leaf_weight=39.704090627536061 50.279523524630349 5.5865578036755315 101.07319466909394 172.68658337331726 11.561737548327072 1.6016581197036419 32.114491736982018 1.3989739310272842
leaf_count=9500 3670 79 1569 5033 431 65 155 173
internal_value=-0.000359473 0.00195539 0.000366117 -0.0026428 0.00633002 -0.0199447 0.0151825 -0.0215469
internal_weight=416.007 373.302 335.601 222.966 112.635 42.7047 37.701 41.1031
internal_count=20675 10937 10703 8703 2000 9738 234 9673
is_linear=0
shrinkage=0.025


Tree=107
num_leaves=9
num_cat=0
split_feature=9 0 44 1 0 6 29 59
split_gain=23.8539 13.6071 12.3082 11.4867 12.2728 12.2891 8.70438 8.65054
threshold=0.73000000000000009 0.85073300000000007 0.17055000000000001 0.49148617684841162 0.42830000000000007 0.70364150000000014 0.60023650000000017 1.0000000180025095e-35
decision_type=2 2 2 2 2 2 2 2
left_child=3 2 7 -1 -5 -6 -4 -2
right_child=1 -3 6 4 5 -7 -8 -9
leaf_value=-0.023085495275296297 -0.011779003678571143 -0.014591904867156153 0.0062603415006064166 0.0070532713798202072 -0.022763297605336515 0.0011273291074588088 0.020681769758562899 0.0029484026013097821
leaf_weight=28.817849460589059 31.579500612046104 21.993169120411039 125.50318000721745 31.358224825176876 28.174156878056237 22.933523078099824 33.395493208430707 93.9622902564588
leaf_count=9205 1195 1210 2567 1142 2417 523 149 2205
internal_value=-0.000124761 0.0034612 0.0049754 -0.00995214 -0.00483592 -0.0122629 0.00955729 -0.000824025
internal_weight=417.717 306.434 284.44 111.284 82.4659 51.1077 158.899 125.542
internal_count=20613 7326 6116 13287 4082 2940 2716 3400
is_linear=0
shrinkage=0.025


Tree=108
num_leaves=9
num_cat=0
split_feature=61 49 24 2 26 47 29 19
split_gain=26.4443 21.2002 14.8437 9.72275 8.5357 8.28876 9.07776 7.54625
threshold=0.48363350000000005 1.0000000180025095e-35 0.25000000000000006 0.73102048039436351 0.91000000000000003 0.95024300000000006 0.9893010000000001 0.70521800000000001
decision_type=2 2 2 2 2 2 2 2
left_child=1 2 4 5 -1 6 -2 -4
right_child=3 -3 7 -5 -6 -7 -8 -9
leaf_value=-0.013182079376147666 -0.0029831485521674265 -0.015493404713883 0.0017256921074912377 0.015930462814447845 0.015182174237373738 0.011130097687921935 0.016771445524269894 0.020524307371558248
leaf_weight=41.409708261024207 111.4078258954105 89.422352815599879 33.837433624241385 45.626427788287401 5.870763044593331 53.562362542143092 14.656086848117409 21.653200568747707
leaf_count=4543 3650 9569 1522 644 150 273 59 167
internal_value=2.69196e-05 -0.00672972 0.000974267 0.00583342 -0.00903471 0.00308022 -0.000401875 0.00965044
internal_weight=417.446 192.193 102.771 225.253 47.2805 179.626 126.064 55.4906
internal_count=20577 15951 6382 4626 4693 3982 3709 1689
is_linear=0
shrinkage=0.025


Tree=109
num_leaves=9
num_cat=0
split_feature=1 29 2 49 19 48 9 28
split_gain=25.0468 19.0067 12.7114 12.5377 7.80848 2.1743 2.85088 2.37571
threshold=0.46938608586788183 0.9893010000000001 0.68431133031845104 1.0000000180025095e-35 0.77163700000000002 0.15416700000000003 0.83150000000000002 0.7941180000000001
decision_type=2 2 2 2 2 2 2 2
left_child=5 2 3 -2 -4 6 -1 -7
right_child=1 -3 4 -5 -6 7 -8 -9
leaf_value=-0.01460783495722006 0.0058076717991520374 0.020754386575345504 0.0045892335174946338 -0.0063742257491892461 0.023515452040793011 -0.021562251140906 0.012633180546544651 0.0018135158131991624
leaf_weight=3.0350998454960054 74.188340793989482 29.819694191915914 91.116615802631713 168.23279186722357 14.844561475329099 33.618747005952173 2.5021769725717604 1.9886534995166574
leaf_count=1170 1886 136 1442 7264 258 8186 63 199
internal_value=0.000186906 0.002252 0.000537459 -0.00259849 0.00769667 -0.017846 -0.0012173 -0.0200303
internal_weight=419.347 378.202 348.382 242.421 105.961 41.1447 5.53728 35.6074
internal_count=20604 10986 10850 9150 1700 9618 1233 8385
is_linear=0
shrinkage=0.025


Tree=110
num_leaves=9
num_cat=0
split_feature=2 27 29 26 44 22 22 62
split_gain=25.9555 10.0862 12.4719 9.51904 8.98878 7.7583 7.0137 10.8174
threshold=0.57335239648818981 1.0000000180025095e-35 0.52868100000000007 0.30100000000000005 0.10339400000000001 0.29499550000000008 0.43001600000000006 0.41666666666666669
decision_type=2 2 2 2 2 2 2 2
left_child=4 2 5 -4 -1 -2 7 -3
right_child=1 6 3 -5 -6 -7 -8 -9
leaf_value=-0.01706077393359462 0.0086272254593098875 0.018719322105443359 -0.0063332154671471245 0.020929903721930185 -0.0034346866273197046 -0.0066706367967862114 0.01669277742832467 -0.0024186835494664992
leaf_weight=57.76972712794668 23.327573992952239 19.439341939025326 9.9524875116767344 23.864410066977143 67.332251341547817 108.35205484885955 46.023877739091404 48.707843320735265
leaf_count=10960 586 273 117 127 3322 3098 824 1283
internal_value=-0.000564169 0.00365099 -0.000265497 0.0127912 -0.00995541 -0.00381593 0.00929952 0.00386592
internal_weight=404.77 279.668 165.497 33.8169 125.102 131.68 114.171 68.1472
internal_count=20590 6308 3928 244 14282 3684 2380 1556
is_linear=0
shrinkage=0.025


Tree=111
num_leaves=9
num_cat=0
split_feature=1 29 61 49 47 19 61 37
split_gain=23.47 15.2173 12.8434 19.4545 8.91057 4.38889 2.72646 2.0469
threshold=0.45299632847309118 0.91839300000000013 0.50715900000000003 1.0000000180025095e-35 0.96386200000000011 0.68646300000000016 0.70270150000000009 1.0000000180025095e-35
decision_type=2 2 2 2 2 2 2 2
left_child=6 2 3 -2 -4 -3 7 -1
right_child=1 5 4 -5 -6 -7 -8 -9
leaf_value=-0.02308220358276852 0.0045830279617967446 -0.001924540188906155 0.00056491757699688469 -0.011896172265612482 0.013432127250251955 0.020982583380375057 0.0091687340660183605 0
leaf_weight=30.342235447620624 74.668553619703744 5.2951111461734426 107.10210458014626 105.10242028048378 48.076255327556282 26.595782023854554 0.5294300802052011 3.1129648126225211
leaf_count=8320 2095 74 3387 5912 216 119 4 592
internal_value=-0.000766741 0.00109805 -0.000492568 -0.0050351 0.00471925 0.0170687 -0.0200465 -0.0212115
internal_weight=400.825 366.84 334.949 179.771 155.178 31.8909 33.9846 33.4552
internal_count=20719 11803 11610 8007 3603 193 8916 8912
is_linear=0
shrinkage=0.025


Tree=112
num_leaves=9
num_cat=0
split_feature=1 19 49 9 47 61 62 0
split_gain=26.5825 14.2403 12.0127 9.84358 7.34056 6.96486 6.73311 8.44614
threshold=0.61030724644660961 0.68493100000000007 1.0000000180025095e-35 0.82350000000000001 0.74884650000000008 0.47689900000000002 0.58333333333333337 0.83940000000000003
decision_type=2 2 2 2 2 2 2 2
left_child=1 4 -3 -2 -1 -4 -5 -8
right_child=3 2 5 6 -6 -7 7 -9
leaf_value=-0.017799422932387867 -0.00072774057358178227 0.0095438531668742208 -0.018445339550576714 0.013706187743812562 0.0032812258952068479 -0.0016003930969990914 0.0067028454423704587 -0.021112846477892799
leaf_weight=67.389338597218739 81.846366707934067 40.942856075474992 21.242035881572519 94.621624718070962 10.784601107472552 49.865905599552207 32.823898903094232 6.4547625337727359
leaf_count=12097 1708 987 1867 1369 252 1491 428 380
internal_value=2.00922e-05 -0.00673698 -0.000893223 0.00601943 -0.0147884 -0.00710201 0.0101488 0.00114866
internal_weight=405.971 190.225 112.051 215.747 78.1739 71.1079 133.9 39.2787
internal_count=20579 16694 4345 3885 12349 3358 2177 808
is_linear=0
shrinkage=0.025


Tree=113
num_leaves=9
num_cat=0
split_feature=9 29 47 62 39 19 47 15
split_gain=21.6536 16.019 13.0537 10.5212 9.91011 9.42127 9.21031 8.89566
threshold=0.75000000000000011 1.0000000180025095e-35 0.9999920000000001 0.41666666666666669 1.0000000180025095e-35 0.72651150000000009 0.79627800000000015 0.6795150000000002
decision_type=2 2 2 2 2 2 2 2
left_child=5 2 3 -2 -3 6 7 -1
right_child=1 4 -4 -5 -6 -7 -8 -9
leaf_value=-0.019675658334120921 0.0099349445240160122 -0.0065242892125352576 0.014908582340008492 -0.0082174973966363928 0.01343690660710274 0.0026399866776791823 0.0054131134320088694 0
leaf_weight=61.869904019746173 22.760355505160987 16.241983525862452 23.716495499247685 98.748187889475957 111.63727662875317 36.577474874153268 14.468203015683683 18.528682795978966
leaf_count=11828 473 568 114 3797 1516 872 291 1101
internal_value=0.000371925 0.00439618 -0.00124645 -0.00465073 0.0107825 -0.00787372 -0.0119757 -0.0152514
internal_weight=404.549 273.104 145.225 121.509 127.879 131.444 94.8668 80.3986
internal_count=20560 6468 4384 4270 2084 14092 13220 12929
is_linear=0
shrinkage=0.025


Tree=114
num_leaves=9
num_cat=0
split_feature=19 39 60 55 44 62 48 0
split_gain=21.5731 12.5841 13.2772 12.2749 10.5161 8.83918 8.36599 7.39219
threshold=0.68314600000000014 1.0000000180025095e-35 0.68000000000000005 1.0000000180025095e-35 0.047175500000000009 0.41666666666666669 0.55220000000000014 0.80776700000000012
decision_type=2 2 2 2 2 2 2 2
left_child=5 3 4 6 -3 -1 -2 -4
right_child=1 2 7 -5 -6 -7 -8 -9
leaf_value=0.0039853181714423333 -0.021572774902667433 -0.0022696850830520219 -0.012870634968742689 -0.028996701575739858 0.011986251897565241 -0.013908857286002583 0.0048592281251689986 0.0031908474054811475
leaf_weight=20.151973728752637 7.5745748185436232 39.732995919242967 29.746972936438397 11.11693367124826 144.02981779875699 79.573325915633177 31.925902519142255 38.520178487757221
leaf_count=1218 514 1152 1215 759 2003 11498 659 1570
internal_value=-0.000227597 0.00308316 0.00538842 -0.008021 0.00887222 -0.0102119 -0.000824001 -0.00386824
internal_weight=402.373 302.647 252.03 50.6174 183.763 99.7253 39.5005 68.2672
internal_count=20588 7872 5940 1932 3155 12716 1173 2785
is_linear=0
shrinkage=0.025


Tree=115
num_leaves=9
num_cat=0
split_feature=9 62 29 61 19 31 62 22
split_gain=22.7549 16.1684 10.5889 11.0448 9.40876 9.09165 5.82655 3.83011
threshold=0.57000000000000017 0.58333333333333337 0.60023650000000017 0.72100950000000008 0.75497250000000016 0.36100750000000004 0.41666666666666669 0.38429750000000001
decision_type=2 2 2 2 2 2 2 2
left_child=5 4 3 -3 6 -1 -2 -6
right_child=1 2 -4 -5 7 -7 -8 -9
leaf_value=-0.020636341196498056 0.011442180272935545 -0.0085195111701635174 0.012048911945922156 0.010153549202879902 -0.001905691383640962 0.0067635909582321801 0.00095966840138677712 0.021550593837655136
leaf_weight=38.347762687582872 49.8563451487571 122.67360932745214 22.780980590730906 21.447424338199198 3.9706202326342455 7.8227953949026405 98.029782741883537 32.22652665770147
leaf_count=10053 769 5592 280 519 54 931 1831 566
internal_value=0.000347925 0.00256404 -0.00302246 -0.00558841 0.00764748 -0.0157501 0.00464916 0.0188162
internal_weight=397.156 350.985 166.902 144.121 184.083 46.1706 147.886 36.1971
internal_count=20595 9611 6391 6111 3220 10984 2600 620
is_linear=0
shrinkage=0.025


Tree=116
num_leaves=9
num_cat=0
split_feature=1 29 62 61 2 19 37 9
split_gain=19.0303 14.7325 12.5339 10.8795 5.40594 5.22531 2.80225 2.52353
threshold=0.44463366270065313 0.91839300000000013 0.41666666666666669 0.71538450000000009 0.6687772572040559 0.68646300000000016 1.0000000180025095e-35 0.9900000000000001
decision_type=2 2 2 2 2 2 2 2
left_child=6 2 4 -4 -2 -3 7 -1
right_child=1 5 3 -5 -6 -7 -8 -9
leaf_value=-0.023163028815499566 0.00021185998372744331 -0.0047386337828615255 -0.0049288421148752795 0.007844380078943225 0.016857613724291756 0.02052568312623038 0.00080419962823784794 0.002487622652666843
leaf_weight=25.382482114080638 20.812633849622216 4.8049341025762251 224.08545373015659 48.861474017146975 31.215498956153169 28.458726715762168 3.2021005482165483 1.6583349175925821
leaf_count=7884 800 84 9217 1483 390 120 558 89
internal_value=-0.000380639 0.00124874 -0.00039176 -0.00257454 0.010592 0.0166018 -0.0187941 -0.0212687
internal_weight=388.482 358.239 324.975 272.947 52.0281 33.2637 30.2429 27.0408
internal_count=20625 12094 11890 10700 1190 204 8531 7973
is_linear=0
shrinkage=0.025


Tree=117
num_leaves=9
num_cat=0
split_feature=34 21 60 43 24 14 3 0
split_gain=20.5824 14.4153 12.7328 16.3243 10.4031 9.04744 11.3644 8.60418
threshold=0.047899500000000005 0.77400000000000013 0.68000000000000005 1.0000000180025095e-35 0.25000000000000006 1.0000000180025095e-35 0.96130776405334484 0.77566650000000015
decision_type=2 2 2 2 2 2 2 2
left_child=1 -1 3 4 -2 7 -7 -4
right_child=2 -3 5 -5 -6 6 -8 -9
leaf_value=-0.019903489290487492 -0.0023530716188241065 0 -0.010146446370020497 -0.013743276733959132 0.01115386579420276 -0.02321036410961945 0.0002318566295920622 0.014541608863810673
leaf_weight=46.60519834572915 43.807838444496156 43.579499346029479 12.860471309220882 21.535406513990893 159.82732392265461 24.968008896925312 23.547668546016212 19.448969262419268
leaf_count=9995 1462 1341 575 1133 3116 1906 1022 220
internal_value=-0.000161908 -0.0105422 0.00292168 0.00598122 0.00821703 -0.00544995 -0.0121252 0.00447753
internal_weight=396.18 90.1847 305.996 225.171 203.635 80.8251 48.5157 32.3094
internal_count=20770 11336 9434 5711 4578 3723 2928 795
is_linear=0
shrinkage=0.025


Tree=118
num_leaves=9
num_cat=0
split_feature=19 62 43 0 2 17 9 17
split_gain=23.5929 13.2473 11.4991 10.4149 9.89658 7.50297 8.86864 4.75315
threshold=0.68236450000000015 0.58333333333333337 1.0000000180025095e-35 0.8430335000000001 0.68278563022613536 0.7470205000000002 0.78000000000000014 0.64949400000000013
decision_type=2 2 2 2 2 2 2 2
left_child=4 5 3 -3 7 6 -2 -1
right_child=1 2 -4 -5 -6 -7 -8 -9
leaf_value=-0.019457162121204505 -0.001255526163435878 0.0034391939318623426 -0.019694633308703163 -0.0174780476457259 0.0094791686818544111 -0.016283287356877563 0.013050602017776164 -0.0063601163830815204
leaf_weight=45.719063194388582 34.067628879944095 111.46409149479587 17.995766642474337 15.09448559116572 10.956382632837629 5.3511675430927417 109.9721701357048 34.903573781899468
leaf_count=10148 860 3163 1355 815 146 104 1709 2294
internal_value=-0.000158483 0.00328255 -0.00206314 0.000652985 -0.0111176 0.00846364 0.00964477 -0.0141691
internal_weight=385.524 293.945 144.554 126.559 91.579 149.391 144.04 80.6226
internal_count=20594 8006 5333 3978 12588 2673 2569 12442
is_linear=0
shrinkage=0.025


Tree=119
num_leaves=9
num_cat=0
split_feature=2 29 49 62 59 47 20 44
split_gain=19.5937 14.9881 10.1893 8.76325 8.54797 7.8348 7.7184 5.37515
threshold=0.57335239648818981 0.31620650000000006 1.0000000180025095e-35 0.41666666666666669 1.0000000180025095e-35 0.96386200000000011 0.71019250000000012 0.09763200000000001
decision_type=2 2 2 2 2 2 2 2
left_child=2 3 4 -2 -1 -4 -5 -6
right_child=1 -3 5 6 7 -7 -8 -9
leaf_value=-0.010513250561888027 0.0094510664527619886 0.012574029777080754 -0.019307855663956194 -0.010048655378752727 -0.0097501152278383768 0.0058394631829904991 0.0012291611024900738 0.013486289150009642
leaf_weight=29.383532317828212 41.380496279918589 74.533942169044167 52.788975002004008 60.607915742322803 6.3063291411817799 7.5803198250941923 92.828315933118574 22.936286685086088
leaf_count=4346 742 851 8426 2392 821 91 2327 529
internal_value=-0.000516927 0.00319611 -0.00889741 -0.000444953 -0.00123103 -0.015944 -0.00324935 0.0079318
internal_weight=388.346 269.351 118.995 194.817 58.6261 60.3693 153.436 29.2426
internal_count=20525 6312 14213 5461 5696 8517 4719 1350
is_linear=0
shrinkage=0.025


Tree=120
num_leaves=9
num_cat=0
split_feature=1 60 39 43 1 22 14 16
split_gain=17.8634 16.0736 13.647 10.3688 9.24104 8.73353 6.56597 4.02181
threshold=0.45299632847309118 0.68000000000000005 1.0000000180025095e-35 1.0000000180025095e-35 0.68317779898643505 0.46480350000000009 1.0000000180025095e-35 0.7148580000000001
decision_type=2 2 2 2 2 2 2 2
left_child=-1 2 3 -2 6 -4 -3 -6
right_child=1 4 5 -5 7 -7 -8 -9
leaf_value=-0.017845800899564983 -0.00044012550915709168 -0.0015324095138748825 0.0034252518119608543 -0.027126045799223453 0.012104174069445924 0.01411520971653895 -0.018413973977436326 -0.0091601148124233825
leaf_weight=31.13682006001909 33.547428409394342 23.751553522277391 157.16553547378862 10.839815452301989 15.661922555183994 69.769691844354384 41.072661539852561 6.0105399447493246
leaf_count=8879 1172 900 4504 892 372 761 2899 312
internal_value=-0.000266682 0.00133287 0.00434208 -0.00800735 -0.00790646 0.00683917 -0.0125718 0.00561435
internal_weight=388.956 357.819 271.322 44.3872 86.4967 226.935 64.8242 21.6725
internal_count=20691 11812 7329 2064 4483 5265 3799 684
is_linear=0
shrinkage=0.025


Tree=121
num_leaves=9
num_cat=0
split_feature=39 60 16 47 29 0 60 9
split_gain=15.9878 15.6613 11.7844 10.3012 10.1737 9.2091 8.24229 5.83592
threshold=1.0000000180025095e-35 0.68000000000000005 0.60695300000000019 0.96386200000000011 0.31620650000000006 0.80776700000000012 0.82000000000000017 0.81800000000000006
decision_type=2 2 2 2 2 2 2 2
left_child=3 2 -2 -1 -4 7 -7 -3
right_child=1 5 4 -5 -6 6 -8 -9
leaf_value=-0.017179143471665249 -0.009791934623304431 -0.022746535220688587 0.0032445152923864192 0.0067896065559611765 0.015434484487148105 0.017870878624505138 -0.006075240511348101 -0.0042776632292663725
leaf_weight=49.245789892403991 27.69848224841553 24.588716582649795 144.73910826076462 12.650521040544843 61.143280848307768 11.238974745210724 25.63007438625209 21.740723448805511
leaf_count=5339 3822 3555 4895 93 663 231 1466 576
internal_value=-0.000679411 0.00159123 0.00492347 -0.0121038 0.00701445 -0.007572 0.00157536 -0.0147706
internal_weight=378.676 316.779 233.581 61.8963 205.882 83.1985 36.869 46.3294
internal_count=20640 15208 9380 5432 5558 5828 1697 4131
is_linear=0
shrinkage=0.025


Tree=122
num_leaves=9
num_cat=0
split_feature=1 29 4 60 47 47 78 19
split_gain=17.6593 13.0977 9.62827 7.76025 2.7964 2.72281 2.41247 2.34109
threshold=0.44463366270065313 0.91839300000000013 1.0000000180025095e-35 0.82000000000000017 0.79627800000000015 0.95024300000000006 1.0000000180025095e-35 0.68063400000000007
decision_type=2 2 2 2 2 2 2 2
left_child=4 2 3 -2 6 -4 -1 -3
right_child=1 7 5 -5 -6 -7 -8 -9
leaf_value=-0.023029836072687996 0.0020411788309870798 0 -0.024077112966812017 -0.0084038602090104747 0.0038675592595374224 0.0022751795685930234 0.0039417334405719298 0.018576652169391899
leaf_weight=24.777038750398795 253.02441409944731 5.1246942295692888 11.574610249263058 51.801320765574928 1.8849381067557249 1.9827075665816654 1.163542001377208 26.04493220616132
leaf_count=8306 8165 77 730 3005 72 16 136 120
internal_value=-0.000775055 0.000775521 -0.000754923 0.000198522 -0.0192512 -0.0199441 -0.0213561 0.0157373
internal_weight=377.378 349.553 318.383 304.826 27.8255 13.5573 25.9406 31.1696
internal_count=20627 12113 11916 11170 8514 746 8442 197
is_linear=0
shrinkage=0.025


Tree=123
num_leaves=9
num_cat=0
split_feature=9 29 39 60 61 0 42 15
split_gain=17.8749 11.3312 10.2186 8.31021 6.53549 9.32403 6.1444 5.96784
threshold=0.71000000000000008 1.0000000180025095e-35 1.0000000180025095e-35 0.68000000000000005 0.72100950000000008 0.45106650000000009 0.75000000000000011 0.48619900000000005
decision_type=2 2 2 2 2 2 2 2
left_child=4 3 -3 7 5 6 -1 -2
right_child=1 2 -4 -5 -6 -7 -8 -9
leaf_value=-0.0097763905167504613 -0.010424700907708149 -0.0083694003815881265 0.010588077850737919 -0.011379739735207124 0.0038817269807704699 -0.023475838087546358 0.012714015592326336 0.0039297808243760049
leaf_weight=33.337291153453407 20.038699058815837 19.057053815398831 112.16497847263236 42.327117652806919 14.717958057997746 31.332762155383534 7.5896916903147931 96.938525117817335
leaf_count=7048 636 737 1683 2169 295 5545 214 2336
internal_value=-0.000669258 0.00229785 0.00769432 -0.00214112 -0.0104933 -0.0135479 -0.00503291 0.00127386
internal_weight=377.504 290.526 131.222 159.304 86.9777 72.2597 40.927 116.977
internal_count=20663 7561 2420 5141 13102 12807 7262 2972
is_linear=0
shrinkage=0.025


Tree=124
num_leaves=9
num_cat=0
split_feature=9 29 47 39 31 19 61 26
split_gain=17.3079 10.272 10.3992 9.3304 6.61179 5.89543 4.08714 1.85148
threshold=0.57000000000000017 0.9893010000000001 0.9999920000000001 1.0000000180025095e-35 0.6286845000000002 0.71904200000000007 0.50538450000000013 0.30100000000000005
decision_type=2 2 2 2 2 2 2 2
left_child=4 2 3 -2 5 -1 -4 -3
right_child=1 7 6 -5 -6 -7 -8 -9
leaf_value=-0.022591413039070262 -0.011833738116424984 0.0021237228586340473 -0.0026046279834896352 0.00061811165352043337 0.014876578701214222 0.0012417425101011333 0.016336066959419637 0.020540152364481864
leaf_weight=30.878905390811269 42.61712537099811 5.8723002942279008 7.6903270735638207 233.21133008725883 2.4538690756889983 7.1020576891023657 29.916477276477963 17.874220056924969
leaf_count=10284 2174 42 70 7209 193 388 129 73
internal_value=-0.000254817 0.00160972 0.000336201 -0.00135012 -0.0153228 -0.0181081 0.0123375 0.016796
internal_weight=377.617 337.182 313.435 275.828 40.4348 37.981 37.6068 23.7465
internal_count=20562 9697 9582 9383 10865 10672 199 115
is_linear=0
shrinkage=0.025


Tree=125
num_leaves=9
num_cat=0
split_feature=2 39 60 34 3 54 15 22
split_gain=17.4077 14.6018 16.3999 10.1848 5.9771 5.51015 4.96085 4.73678
threshold=0.6687772572040559 1.0000000180025095e-35 0.68000000000000005 0.055688000000000008 0.96587234735488903 1.0000000180025095e-35 0.4894245000000001 0.47576850000000004
decision_type=2 2 2 2 2 2 2 2
left_child=1 -1 3 -3 -4 6 -2 -8
right_child=5 2 4 -5 -6 -7 7 -9
leaf_value=-0.017549600168168544 -0.0029522142634007529 -0.0082799194288575625 -0.019290392894703867 0.0064387365600450178 -0.0012869156196207495 -0.020046988466957162 0.013975688491036668 0.002387018373080228
leaf_weight=37.692806966006174 18.460607479093596 36.189464359726117 32.147892745480931 123.11097646318376 19.265139163013373 2.3816434522159389 74.598698762361892 34.663474382134154
leaf_count=5096 315 5214 3527 3311 1256 54 963 997
internal_value=0.000227217 -0.00362744 -0.000960173 0.00298729 -0.0129855 0.00758713 0.00846137 0.0104756
internal_weight=378.511 248.406 210.713 159.3 51.413 130.104 127.723 109.262
internal_count=20733 18404 13308 8525 4783 2329 2275 1960
is_linear=0
shrinkage=0.025


Tree=126
num_leaves=9
num_cat=0
split_feature=1 49 61 59 9 0 0 61
split_gain=16.0752 11.5931 11.0458 10.3186 8.05088 8.36267 9.74818 7.01376
threshold=0.61249238252639782 1.0000000180025095e-35 0.47254750000000006 1.0000000180025095e-35 0.91800000000000015 0.48566650000000006 0.80153350000000012 0.28370650000000003
decision_type=2 2 2 2 2 2 2 2
left_child=1 3 -3 7 5 -2 -7 -1
right_child=4 2 -4 -5 -6 6 -8 -9
leaf_value=-0.01331546197639118 0.012735212855321729 -0.019909471313577579 -0.0033527140909191569 0.0097160427047527417 0.010643531765257834 -0.011501123680191577 0.0047386464807745131 0.012117455280710999
leaf_weight=28.755396852095146 24.776251918810885 44.610353514588496 59.87118371334509 44.155428272097197 84.342736919177696 42.890201005153358 45.155740539717954 6.704700595495523
leaf_count=4336 416 8314 2309 1683 1299 1057 1105 157
internal_value=-2.31166e-05 -0.00532528 -0.0107335 0.00176933 0.00489373 0.0004195 -0.00316875 -0.00791625
internal_weight=381.262 184.097 104.482 79.6155 197.165 112.822 88.0459 35.4601
internal_count=20676 16799 10623 6176 3877 2578 2162 4493
is_linear=0
shrinkage=0.025


Tree=127
num_leaves=9
num_cat=0
split_feature=9 29 60 28 19 46 62 46
split_gain=17.7632 10.9068 8.98102 8.00198 9.46696 9.25873 7.80309 6.93505
threshold=0.75000000000000011 1.0000000180025095e-35 0.68000000000000005 0.75473800000000013 0.70712000000000008 0.49631800000000009 0.41666666666666669 0.57665650000000002
decision_type=2 2 2 2 2 2 2 2
left_child=3 2 7 4 6 -6 -1 -2
right_child=1 -3 -4 -5 5 -7 -8 -9
leaf_value=0.0024002338798114432 -0.0048015628641645087 0.0092371915516139061 -0.011269879663963841 0.013222107377420318 0.010372762022485459 -0.011075034054996317 -0.019518269476802779 0.0083693375139795093
leaf_weight=11.204655655237728 40.347476485912921 121.33288562293455 36.581759708526079 8.4913707738742215 22.003750144212972 24.330190445471089 53.455439813216799 58.037053639825899
leaf_count=1035 1337 2114 1890 407 679 984 11059 1134
internal_value=0.000129623 0.00385628 -0.000990576 -0.0077343 -0.00960956 -0.000726665 -0.0156495 0.00290519
internal_weight=375.785 256.299 134.966 119.485 110.994 46.3339 64.6601 98.3845
internal_count=20639 6475 4361 14164 13757 1663 12094 2471
is_linear=0
shrinkage=0.025


Tree=128
num_leaves=9
num_cat=0
split_feature=62 48 9 61 0 16 0 31
split_gain=14.4607 15.2353 11.8403 9.1596 17.5409 7.55872 6.97265 8.96323
threshold=0.75000000000000011 0.66350000000000009 0.71000000000000008 0.50715900000000003 0.51233350000000011 0.70802300000000018 0.45106650000000009 0.079051500000000011
decision_type=2 2 2 2 2 2 2 2
left_child=2 -2 6 4 -4 -3 -1 -8
right_child=1 5 3 -5 -6 -7 7 -9
leaf_value=0.00038136106024025282 -0.017631597850015845 0.013675576423933994 0.0092945315301033501 0.0095284992771470216 -0.0095846920704286027 -0.014274207011287871 -0.0014936151853888321 -0.02905600748128985
leaf_weight=32.078177125833463 51.413630694842141 18.300804956590586 58.553548249648884 116.12439037748845 60.466881265412667 6.5553209516801862 15.211974540667144 14.027537496745934
leaf_count=4351 7539 417 1184 1971 1640 413 1420 1732
internal_value=-0.000467085 -0.0100456 0.0020228 0.00459483 -0.000234745 0.00551103 -0.00755568 -0.0159703
internal_weight=372.732 76.2698 296.463 235.145 119.02 24.8561 61.3177 29.2395
internal_count=20667 8369 12298 4795 2824 830 7503 3152
is_linear=0
shrinkage=0.025


Tree=129
num_leaves=9
num_cat=0
split_feature=62 29 2 39 17 3 0 47
split_gain=15.1144 12.5365 9.52734 9.21087 4.71715 4.75483 4.27762 2.56248
threshold=0.91666666666666685 0.9893010000000001 0.73102048039436351 1.0000000180025095e-35 0.71436200000000005 0.97958701848983776 0.80456700000000014 0.53914550000000017
decision_type=2 2 2 2 2 2 2 2
left_child=1 2 3 -1 5 -2 -4 -6
right_child=4 -3 6 -5 7 -7 -8 -9
leaf_value=-0.011999251650369644 -0.023682337170344733 0.017770047169442638 0.0029138647460367219 0.00019792040434239816 0.017943396649763955 0.0070153732595570062 0.019348957840711004 -0.008783798375200217
leaf_weight=44.249380920926342 23.875549797710853 24.610217272653244 23.808156482875347 229.80056411530677 2.1514015003485829 2.2832935023470773 18.031386678572744 2.6921323854476213
leaf_count=4083 3892 161 328 11501 96 128 334 114
internal_value=-0.000248717 0.00128926 -7.48435e-05 -0.00181699 -0.0164221 -0.0204286 0.0107275 0.0037664
internal_weight=371.502 340.5 315.889 274.05 31.0024 26.1588 41.8395 4.84353
internal_count=20637 16407 16246 15584 4230 4020 662 210
is_linear=0
shrinkage=0.025


Tree=130
num_leaves=9
num_cat=0
split_feature=1 60 29 19 48 17 3 19
split_gain=15.3647 13.891 11.0068 8.13174 6.59244 9.65343 4.47753 3.55764
threshold=0.44463366270065313 0.68000000000000005 0.52868100000000007 0.76898500000000014 0.66160000000000008 0.63418550000000007 0.965154528617859 0.67448700000000017
decision_type=2 2 2 2 2 2 2 2
left_child=-1 2 3 -2 6 -6 -3 -4
right_child=1 4 7 -5 5 -7 -8 -9
leaf_value=-0.017359808203691578 0.00070990985558984669 -0.022112410202914341 -0.0027190288054888454 0.015939268024325142 0.0095852365446004797 -0.01180419536183547 -0.0036662281264540327 0.018867812564288801
leaf_weight=25.921528549748473 196.51882357095747 19.661404993596079 4.2390383353194911 22.895701944711618 25.720067875692621 23.097194743371801 16.583916803880129 36.566799665277358
leaf_count=8494 6909 1803 153 275 784 1223 779 277
internal_value=0.0004584 0.00190994 0.0047897 0.00246257 -0.00672123 -0.000453562 -0.0145016 0.0164278
internal_weight=371.204 345.283 260.22 219.415 85.0626 48.8173 36.2453 40.8058
internal_count=20697 12203 7614 7184 4589 2007 2582 430
is_linear=0
shrinkage=0.025


Tree=131
num_leaves=9
num_cat=0
split_feature=2 19 49 17 61 19 44 21
split_gain=16.0018 12.6729 10.4361 9.75951 8.33866 6.0823 5.51508 5.49746
threshold=0.68278563022613536 0.68569600000000008 1.0000000180025095e-35 0.64335650000000011 0.46881950000000006 0.76898500000000014 0.18109000000000003 1.0000000180025095e-35
decision_type=2 2 2 2 2 2 2 2
left_child=1 3 6 -1 -4 -2 -3 -5
right_child=5 2 4 7 -6 -7 -8 -9
leaf_value=-0.019242752527867196 0.0056543816835998729 0 -0.015551396248334938 0.013837514780834295 0.00017887178469618817 0.021495035574401515 0.016267201184618565 -0.0066664969300978278
leaf_weight=40.074344231987197 92.011289224727079 20.742271186551079 23.781524428821285 8.5426550140400632 109.9767460769217 17.621235132217407 32.427252278837841 33.368926876086334
leaf_count=10012 1494 676 1859 754 2991 348 449 2106
internal_value=0.000628991 -0.00263543 0.000942446 -0.0107105 -0.00275054 0.00860712 0.0101317 -0.00187656
internal_weight=378.546 268.914 186.928 81.9859 133.758 109.633 53.1695 41.9116
internal_count=20689 18847 5975 12872 4850 1842 1125 2860
is_linear=0
shrinkage=0.025


Tree=132
num_leaves=9
num_cat=0
split_feature=1 29 15 48 43 22 22 37
split_gain=14.5193 8.67051 9.51934 16.0565 8.44226 3.33211 2.88151 2.42587
threshold=0.44463366270065313 0.9893010000000001 0.66563950000000016 0.66350000000000009 1.0000000180025095e-35 0.41262950000000004 0.30807200000000007 1.0000000180025095e-35
decision_type=2 2 2 2 2 2 2 2
left_child=7 2 3 -2 -4 6 -3 -1
right_child=1 5 4 -5 -6 -7 -8 -9
leaf_value=-0.02119422572679026 -0.009329887647081465 0.012227175465307931 0.0059253588828978724 0.0096799930362691522 -0.010580678288747706 0.019461771774323931 -0.016605180063407176 0.00071683551207127598
leaf_weight=21.531710258430397 116.51912984519004 2.1977382558397975 143.76225568898371 34.147065121942433 20.196809538960224 18.070967989508063 2.3565275868168101 2.7455389812967033
leaf_count=7942 6863 18 3419 701 1044 92 33 574
internal_value=-0.000654043 0.000715022 -0.000377514 -0.00490198 0.00374391 0.0150091 -0.00206193 -0.0185649
internal_weight=361.528 337.25 314.625 150.666 163.959 22.6252 4.55427 24.2772
internal_count=20686 12170 12027 7564 4463 143 51 8516
is_linear=0
shrinkage=0.025


Tree=133
num_leaves=9
num_cat=0
split_feature=29 61 49 62 24 40 15 21
split_gain=12.3686 11.1243 9.9197 8.18298 7.65603 6.60804 6.29865 4.10471
threshold=0.9893010000000001 0.50715900000000003 1.0000000180025095e-35 0.58333333333333337 1.0000000180025095e-35 1.0000000180025095e-35 0.7023195000000001 0.77400000000000013
decision_type=2 2 2 2 2 2 2 2
left_child=1 2 4 7 -1 -5 -4 -3
right_child=-2 3 6 5 -6 -7 -8 -9
leaf_value=-0.007779710949298602 0.015204558127692553 -0.0077951176305754563 -0.015286125647200378 -0.010135086783884396 0.0069952110724901513 0.0064977565538470233 -0.0015925945217846111 0.009891687108757579
leaf_weight=38.40733840365283 25.649369836362894 7.2141383579000822 71.832344849019137 37.39974499901291 45.847490054184163 21.773670590831898 31.836692823359044 74.995340095483698
leaf_count=4587 189 206 9295 1512 1823 545 1190 1424
internal_value=-0.000831509 -0.00218742 -0.00615853 0.00305088 0.000148929 -0.00387986 -0.0112616 0.00810228
internal_weight=354.956 329.307 187.924 141.383 84.2548 59.1734 103.669 82.2095
internal_count=20771 20582 16895 3687 6410 2057 10485 1630
is_linear=0
shrinkage=0.025


Tree=134
num_leaves=9
num_cat=0
split_feature=2 19 0 17 19 61 39 22
split_gain=14.224 9.68159 12.6419 9.03926 7.48365 6.26442 4.32728 9.36589
threshold=0.6687772572040559 0.69679450000000009 0.48566650000000006 0.64335650000000011 0.7350190000000002 0.03273800000000001 1.0000000180025095e-35 0.48337100000000005
decision_type=2 2 2 2 2 2 2 2
left_child=1 3 -3 -1 -4 -5 7 -2
right_child=6 2 4 5 -6 -7 -8 -9
leaf_value=-0.016469060831588167 0.0062454347185225585 0.013202746069744413 0.0017359016219840318 0.016094348978081024 -0.012090956650782726 -0.0053010737396642221 0.0094885780534727151 -0.028946456894182338
leaf_weight=47.489270721176581 16.792048703762706 38.380136233870871 64.9036654826632 8.2496355910916446 36.209978517057607 48.177277513808804 102.90550329891266 4.2787392337340853
leaf_count=10657 253 836 2174 737 1335 2603 1918 121
internal_value=0.000547446 -0.00293917 0.00132353 -0.00864905 -0.0032814 -0.00160084 0.00739045 -0.00246557
internal_weight=367.386 243.41 139.494 103.916 101.114 56.4269 123.976 21.0708
internal_count=20634 18342 4345 13997 3509 3340 2292 374
is_linear=0
shrinkage=0.025


Tree=135
num_leaves=9
num_cat=0
split_feature=21 34 0 29 61 49 39 47
split_gain=13.6034 13.1853 12.9715 6.78145 8.81139 9.57779 5.35661 4.59142
threshold=0.70400000000000007 0.067161000000000012 0.48933350000000003 0.60023650000000017 0.49446450000000003 1.0000000180025095e-35 1.0000000180025095e-35 0.92356600000000011
decision_type=2 2 2 2 2 2 2 2
left_child=1 -1 6 4 5 -2 -3 -6
right_child=3 2 -4 -5 7 -7 -8 -9
leaf_value=-0.01702172871129019 0.014587827803617627 -0.010844822672512416 -0.011017472717987538 0.015184802576649193 0.00176457297863616 -0.012869543261071368 0.0082166904598631844 0.01139554558454336
leaf_weight=39.636356088158209 8.1794876030180586 8.5857551974913786 44.732930171259795 31.364723972743377 75.835119223906077 33.856299481281894 65.84492905667139 54.187993046827614
leaf_count=10031 197 723 2400 238 2838 1703 2188 319
internal_value=0.000522691 -0.00490324 -0.000596042 0.00480138 0.00271277 -0.00693658 0.00569353 0.00594698
internal_weight=362.224 158.8 119.164 203.424 172.059 42.0358 74.4307 130.023
internal_count=20637 15342 5311 5295 5057 1900 2911 3157
is_linear=0
shrinkage=0.025


Tree=136
num_leaves=9
num_cat=0
split_feature=9 4 60 39 17 62 31 61
split_gain=13.6961 9.50928 7.73099 9.75933 7.72827 6.98765 6.33205 7.63574
threshold=0.73000000000000009 1.0000000180025095e-35 0.68000000000000005 1.0000000180025095e-35 0.63418550000000007 0.41666666666666669 0.53505900000000006 0.91961550000000014
decision_type=2 2 2 2 2 2 2 2
left_child=5 2 3 -2 -4 -1 7 -7
right_child=1 -3 4 -5 -6 6 -8 -9
leaf_value=0.0074900755698397315 -0.0060589424650935829 -0.016993156653887981 0.0057487958840748768 0.008906291258932917 -0.011362283303137339 -0.015899405235188839 0.012676868292968655 0.0084456059640604826
leaf_weight=12.937173978381905 30.56334725941997 12.182512370316543 28.242183060152456 162.20974966272479 33.836990163938026 64.632128204335459 4.6101832890271899 7.4717283677309743
leaf_count=1104 1135 569 919 2840 1845 11848 327 92
internal_value=1.98534e-05 0.00288387 0.00398815 0.00645726 -0.00352429 -0.00830583 -0.0111876 -0.0131156
internal_weight=356.686 267.035 254.852 192.773 62.0792 89.6512 76.714 72.1039
internal_count=20679 7308 6739 3975 2764 13371 12267 11940
is_linear=0
shrinkage=0.025


Tree=137
num_leaves=9
num_cat=0
split_feature=29 21 0 24 61 22 9 19
split_gain=13.9213 10.5791 10.1521 10.2255 6.76045 10.9554 6.65725 5.67446
threshold=0.60023650000000017 0.70400000000000007 0.46670000000000006 1.0000000180025095e-35 0.48281650000000004 0.32955950000000006 0.78000000000000014 0.68063400000000007
decision_type=2 2 2 2 2 2 2 2
left_child=1 2 3 -1 5 -3 -6 -2
right_child=7 4 -4 -5 6 -7 -8 -9
leaf_value=-0.01195240816093948 -0.0055361828088938215 0.013640862476137945 -0.014703620464881415 0.0056718839055091841 -0.0041674339411506695 -0.017420279850472179 0.0079781849127559187 0.016648754992141742
leaf_weight=31.029042499412753 7.162951859914755 8.3335125325684221 55.701775623612775 52.283209463974345 35.787310844214517 20.714302967651747 106.57266644848278 38.667316136532463
leaf_count=5284 467 254 6196 3275 1198 1302 2382 326
internal_value=0.00036294 -0.00154057 -0.00663277 -0.000930564 0.00257489 -0.00796293 0.00485756 0.0129381
internal_weight=356.252 310.422 139.014 83.3123 171.408 29.0478 142.36 45.8303
internal_count=20684 19891 14755 8559 5136 1556 3580 793
is_linear=0
shrinkage=0.025


Tree=138
num_leaves=9
num_cat=0
split_feature=2 60 20 16 15 22 33 0
split_gain=14.3639 9.53073 8.10646 6.81013 5.66201 6.35388 5.66172 5.57343
threshold=0.57553845643997203 0.68000000000000005 0.67350250000000011 0.60695300000000019 0.67464100000000016 0.49192400000000008 1.0000000180025095e-35 0.45856650000000004
decision_type=2 2 2 2 2 2 2 2
left_child=4 3 -3 6 5 -1 -2 -6
right_child=1 2 -4 -5 7 -7 -8 -9
leaf_value=-0.014625405681933934 0.0029466320679613148 -0.026424201283422939 -0.0012265403982087023 0.0076382195369902517 0.0079954372090441216 0.011790817864579889 -0.022020910425902082 -0.0092150039919532481
leaf_weight=59.442942812973342 12.332372001546902 7.7377118048898401 49.809265350340866 164.56255432426406 21.437162658694433 4.4739106514898586 7.3721659367147359 21.500483176903799
leaf_count=12287 534 672 1946 2757 694 203 308 1274
internal_value=-0.000183163 0.0031673 -0.00551426 0.00594893 -0.00775312 -0.012361 -0.00721745 -0.00048215
internal_weight=348.669 241.814 57.547 184.267 106.854 63.9169 19.7045 42.9376
internal_count=20675 6217 2618 3599 14458 12490 842 1968
is_linear=0
shrinkage=0.025


Tree=139
num_leaves=9
num_cat=0
split_feature=1 29 62 29 22 37 47 19
split_gain=14.2121 10.2604 9.89554 9.31934 4.31263 2.94327 1.81855 1.81488
threshold=0.44463366270065313 0.9893010000000001 0.41666666666666669 1.0000000180025095e-35 0.48337100000000005 1.0000000180025095e-35 0.79627800000000015 0.68063400000000007
decision_type=2 2 2 2 2 2 2 2
left_child=5 2 4 -4 -2 6 -1 -3
right_child=1 7 3 -5 -6 -7 -8 -9
leaf_value=-0.02283902503356721 0.013076907236270996 0 -0.0057494706817119391 0.0038583540099273585 -0.0056731891941120324 0.0022000304112590858 0.00050288010875819118 0.018718892388708819
leaf_weight=19.312690768078035 42.997738830963499 3.8899454047204953 153.4910841110468 103.54782348645676 7.4425489950808688 2.9653197590887421 1.5290172733948555 21.573153625242412
leaf_count=7979 1088 52 7415 3353 134 544 75 104
internal_value=6.66772e-05 0.00146438 0.000131225 -0.00185011 0.0100564 -0.0177883 -0.0209041 0.0161079
internal_weight=356.749 332.942 307.479 257.039 50.4403 23.807 20.8417 25.4631
internal_count=20744 12146 11990 10768 1222 8598 8054 156
is_linear=0
shrinkage=0.025


Tree=140
num_leaves=9
num_cat=0
split_feature=18 39 55 20 60 22 31 2
split_gain=13.5201 10.6797 10.3312 10.374 9.80602 9.87822 7.32088 4.75642
threshold=0.6348585000000001 1.0000000180025095e-35 1.0000000180025095e-35 0.71123300000000012 0.82000000000000017 0.49192400000000008 0.43963300000000005 0.73102048039436351
decision_type=2 2 2 2 2 2 2 2
left_child=6 2 3 -2 5 -3 -1 -6
right_child=1 4 -4 -5 7 -7 -8 -9
leaf_value=-0.019740957900648601 -0.017399747021397714 0.0025849171814816309 -0.027489693692958769 0.007589357201701466 -0.011108251229288419 0.014548535205748052 0.0095218708113987815 0.0093914377312564329
leaf_weight=27.580925110694807 14.731107814790446 174.6496451987623 11.536994907648475 25.130648024496622 34.391638799934299 56.88710713502951 4.8793384357268215 6.765379032585769
leaf_count=9187 1117 5397 1047 508 1900 698 527 284
internal_value=4.35795e-05 0.00163781 -0.00856463 -0.00185642 0.00363648 0.00565584 -0.0148273 -0.00728567
internal_weight=356.553 324.093 51.3988 39.8618 272.694 231.537 32.4603 41.157
internal_count=20665 10951 2672 1625 8279 6095 9714 2184
is_linear=0
shrinkage=0.025


Tree=141
num_leaves=9
num_cat=0
split_feature=29 62 61 9 19 29 48 2
split_gain=11.7398 9.94056 12.6355 7.27148 5.53741 5.49001 4.96121 4.45834
threshold=0.60023650000000017 0.75000000000000011 0.91961550000000014 0.75000000000000011 0.68063400000000007 1.0000000180025095e-35 0.55220000000000014 0.68431133031845104
decision_type=2 2 2 2 2 2 2 2
left_child=1 3 6 7 -2 -5 -3 -1
right_child=4 2 -4 5 -6 -7 -8 -9
leaf_value=-0.0095757602380648083 -0.0074468350960864267 -0.021147818579381663 0.024527237421154761 -0.0001983536513481214 0.015075681223425405 0.0087829274791999881 -0.0062117946995819337 0.0037222835841466658
leaf_weight=54.043135341584275 6.4360924418979257 27.229236221504834 4.0731074521318069 104.65601596451597 39.030025270069018 67.810202136693988 34.899247480614576 19.713263082434423
leaf_count=7363 455 6008 43 2870 324 1105 2089 381
internal_value=-1.80765e-05 -0.00178815 -0.0102401 0.000518283 0.01155 0.00335012 -0.0133302 -0.00591808
internal_weight=357.89 312.424 66.2016 246.223 45.4661 172.466 62.1285 73.7564
internal_count=20638 19859 8140 11719 779 3975 8097 7744
is_linear=0
shrinkage=0.025


Tree=142
num_leaves=9
num_cat=0
split_feature=9 19 60 39 2 22 19 61
split_gain=13.0383 8.29813 7.01797 8.29915 6.60262 8.44622 7.1528 6.75452
threshold=0.73000000000000009 0.64259250000000012 0.68000000000000005 1.0000000180025095e-35 0.57966452836990368 0.26363950000000008 0.72827200000000014 0.72100950000000008
decision_type=2 2 2 2 2 2 2 2
left_child=4 -2 3 -3 6 -6 -1 -7
right_child=1 2 -4 -5 5 7 -8 -9
leaf_value=-0.020815261781969671 -0.017470209955841722 -0.0051302946888125865 -0.0031443459738097752 0.0086092760393423895 0.013790720657329636 -0.016427316256405748 0.0089648230990152407 0.0035828109417786295
leaf_weight=29.418660921266564 9.7802945482253545 30.962429316568887 63.107894875647617 160.26168123423122 13.004253173727191 22.702560354257002 4.4502600082196286 16.451055978192016
leaf_count=10891 750 1120 2740 2773 301 1564 163 321
internal_value=0.000208411 0.00298679 0.0039329 0.00631572 -0.0081104 -0.00217458 -0.0164115 -0.00807195
internal_weight=350.139 264.112 254.332 191.224 86.0268 52.1579 33.8689 39.1536
internal_count=20623 7383 6633 3893 13240 2186 11054 1885
is_linear=0
shrinkage=0.025


Tree=143
num_leaves=9
num_cat=0
split_feature=1 26 62 47 20 47 61 20
split_gain=13.3301 8.24632 7.69428 7.77414 6.85954 7.60936 6.34414 6.06852
threshold=0.61462265253067028 0.30100000000000005 0.41666666666666669 0.91020450000000019 0.68878000000000006 0.5757040000000001 0.71538450000000009 0.69627800000000006
decision_type=2 2 2 2 2 2 2 2
left_child=1 4 -2 6 -1 -6 -4 -5
right_child=2 -3 3 7 5 -7 -8 -9
leaf_value=-0.021119383105086306 0.014406687636152252 -0.00063055480364872804 -0.0070334788162496878 -0.011772098641703381 0.0065916420516183615 -0.015466523698840232 0.0072852439213838514 0.012599541483204191
leaf_weight=26.81893023547309 39.231907271867385 111.84204742653674 60.035287428006995 5.4535050820559254 18.24560126576398 16.684359315375332 25.838512857444584 45.684337873477489
leaf_count=8068 614 7242 1725 63 957 654 1115 263
internal_value=6.42549e-05 -0.00480351 0.00490093 0.00195699 -0.0119872 -0.00400841 -0.00257202 0.00951407
internal_weight=349.834 173.591 176.244 137.012 61.7489 34.93 85.8738 51.1378
internal_count=20701 16921 3780 3166 9679 1611 2840 326
is_linear=0
shrinkage=0.025


Tree=144
num_leaves=9
num_cat=0
split_feature=2 18 60 20 49 0 31 29
split_gain=12.9767 8.2271 7.72697 6.55295 5.93422 5.5635 5.42727 5.22224
threshold=0.57679614424705516 0.63366850000000008 0.82000000000000017 0.67350250000000011 1.0000000180025095e-35 0.29846700000000009 0.25100750000000005 0.31620650000000006
decision_type=2 2 2 2 2 2 2 2
left_child=1 -1 7 -4 5 -3 -6 -2
right_child=2 4 3 -5 6 -7 -8 -9
leaf_value=-0.020416308326864533 0.0028330516324120078 -0.010620472566797136 -0.025884111542238044 -0.0010120801877560896 -0.016169234865431651 0.0084352594668505709 0.0012316282999909648 0.011914876916039333
leaf_weight=20.70997360155161 149.36723682706361 11.147888140330904 6.5959076391591216 32.800489886954892 26.929176658653887 32.246250800133566 16.614479552270495 54.683076460205484
leaf_count=8997 3672 717 526 1415 2706 1075 1018 587
internal_value=0.000204573 -0.00692446 0.0034182 -0.0064068 -0.00323931 0.00312241 -0.00960258 0.0053953
internal_weight=351.094 107.648 243.447 39.3964 86.9378 43.3941 43.5437 204.05
internal_count=20713 14513 6200 1941 5516 1792 3724 4259
is_linear=0
shrinkage=0.025


Tree=145
num_leaves=9
num_cat=0
split_feature=1 60 39 9 43 61 19 22
split_gain=13.7004 10.0509 11.2134 9.27882 9.08827 8.94303 5.49949 3.86171
threshold=0.46938608586788183 0.68000000000000005 1.0000000180025095e-35 0.97000000000000008 1.0000000180025095e-35 0.48691700000000004 0.75978150000000011 0.50574450000000015
decision_type=2 2 2 2 2 2 2 2
left_child=7 2 4 -4 -2 -3 -7 -1
right_child=1 5 3 -5 -6 6 -8 -9
leaf_value=-0.018558081669372308 -0.00015691944217568316 -0.018208187049880534 0.0034677432756951964 0.016291444484385516 -0.026922358431279172 0.0039870298629488743 -0.015078182089329368 0.010193111437813346
leaf_weight=26.36876363337797 29.093205347759067 23.731976814677182 150.27297102980083 45.822548873955384 9.2192588614852848 41.538575879720156 10.074221668997778 1.643918189627583
leaf_count=9564 1081 2062 4245 549 809 1337 764 80
internal_value=5.55872e-05 0.00163018 0.00419916 0.0066364 -0.00779977 -0.0061672 -1.805e-05 -0.0160541
internal_weight=337.765 309.753 234.408 196.096 38.3125 75.3448 51.6128 28.0127
internal_count=20491 10847 6684 4794 1890 4163 2101 9644
is_linear=0
shrinkage=0.025


Tree=146
num_leaves=9
num_cat=0
split_feature=1 60 39 43 31 20 58 17
split_gain=12.5664 9.43459 8.30618 9.77384 8.4492 6.24677 4.99866 4.25277
threshold=0.44463366270065313 0.82000000000000017 1.0000000180025095e-35 1.0000000180025095e-35 0.31505900000000003 0.69720050000000011 0.13250000000000003 0.63418550000000007
decision_type=2 2 2 2 2 2 2 2
left_child=-1 2 3 -2 -4 6 -3 -7
right_child=1 5 4 -5 -6 7 -8 -9
leaf_value=-0.017183246767089318 0.00063617362610238161 0.0052601542108970077 0.0023800955815745273 -0.026250687924949934 0.012918460060482445 0.0089655382310182205 -0.023787505065566723 -0.0081233134882112475
leaf_weight=21.318214365277527 29.761037613207009 3.3738211833988343 167.66930856406543 9.4819450271097576 66.544495845264464 13.873914160358252 15.817797169594995 19.153125284123234
leaf_count=8486 1211 124 5450 938 1396 529 1544 1002
internal_value=0.000522483 0.00180217 0.00368702 -0.00663636 0.00549002 -0.00770194 -0.0183126 -0.000628523
internal_weight=346.994 325.675 273.457 39.243 234.214 52.2187 19.1916 33.027
internal_count=20680 12194 8995 2149 6846 3199 1668 1531
is_linear=0
shrinkage=0.025


Tree=147
num_leaves=9
num_cat=0
split_feature=1 34 21 16 60 14 39 3
split_gain=11.8584 9.75615 8.79733 8.05804 7.79551 12.4223 9.05177 3.5108
threshold=0.68317779898643505 0.047899500000000005 0.77400000000000013 0.60379550000000004 0.68000000000000005 1.0000000180025095e-35 1.0000000180025095e-35 0.94870227575302135
decision_type=2 2 2 2 2 2 2 2
left_child=1 2 -1 -2 6 -6 -3 -4
right_child=3 4 7 -5 5 -7 -8 -9
leaf_value=-0.019564469435061748 -0.02277917290681692 -0.011295137773151749 -0.016317315539641785 0.01155874434915824 0.0059242001395994424 -0.017636533411513038 0.0055920101244693911 0.0032857909685130113
leaf_weight=31.726273822474468 2.6050011140760025 21.028933254350704 5.2015229733660844 63.176404364057817 22.403587384935236 30.787575266789645 136.30759983466123 24.960534324112814
leaf_count=9855 84 1568 351 1212 731 2428 3554 806
internal_value=7.14728e-05 -0.00221978 -0.0107807 0.00945627 0.000339321 -0.00772202 0.00317443 -0.000666091
internal_weight=338.197 272.416 61.8883 65.7814 210.528 53.1912 157.337 30.1621
internal_count=20589 19293 11012 1296 8281 3159 5122 1157
is_linear=0
shrinkage=0.025


Tree=148
num_leaves=9
num_cat=0
split_feature=62 61 9 24 22 47 17 60
split_gain=13.4993 9.88177 8.80661 6.07489 15.0516 6.73222 5.77262 4.72649
threshold=0.75000000000000011 0.91961550000000014 0.95350000000000013 1.0000000180025095e-35 0.51114950000000003 0.91020450000000019 0.7470205000000002 0.68000000000000005
decision_type=2 2 2 2 2 2 2 2
left_child=2 -2 3 4 -1 -5 7 -4
right_child=1 -3 6 5 -6 -7 -8 -9
leaf_value=-0.0098689695833270828 -0.012219999670574983 0.02179132742251497 0.015794774623789084 0 0.021121788733176966 0.012949330980751057 -0.011907794741460649 -0.0015927046106865449
leaf_weight=66.510179543001868 64.82526883087121 3.8430866757407776 49.871395457943436 98.360413125345076 9.3973396896908508 31.719970829435624 4.7320000987965605 10.67589700836106
leaf_count=5173 8247 42 578 5471 349 230 106 381
internal_value=6.99068e-05 -0.00964755 0.00260983 8.34177e-06 -0.00549232 0.00330956 0.010463 0.0126562
internal_weight=339.936 68.6684 271.267 205.988 75.9075 130.08 65.2793 60.5473
internal_count=20577 8289 12288 11223 5522 5701 1065 959
is_linear=0
shrinkage=0.025


Tree=149
num_leaves=9
num_cat=0
split_feature=60 39 31 19 47 43 20 0
split_gain=10.1087 11.8438 11.1512 12.3048 6.71098 6.04375 4.69926 5.15865
threshold=0.82000000000000017 1.0000000180025095e-35 0.31505900000000003 0.63979400000000008 0.9999920000000001 1.0000000180025095e-35 0.69832200000000011 0.83940000000000003
decision_type=2 2 2 2 2 2 2 2
left_child=1 5 3 -3 6 -1 -2 -8
right_child=4 2 -4 -5 -6 -7 7 -9
leaf_value=-0.0036981458891520293 -0.02248236346456603 -0.022575057009383215 0.01285049453848122 0.0025021719932796652 0.0081302364553160079 -0.025394264639141424 0.0024099669635397301 -0.019169349665935923
leaf_weight=28.777442970098491 19.630625207388221 11.157757468241469 62.479559263083502 168.33985275941814 8.9859729151939955 10.313331817560536 16.960813045385297 8.788586752380068
leaf_count=2438 3272 3837 1851 5964 64 1798 730 767
internal_value=-7.95268e-05 0.00182384 0.00392568 0.000670436 -0.00976838 -0.0105622 -0.0136645 -0.0055358
internal_weight=335.434 281.068 241.977 179.498 54.366 39.0908 45.38 25.7494
internal_count=20721 15888 11652 9801 4833 4236 4769 1497
is_linear=0
shrinkage=0.025


Tree=150
num_leaves=9
num_cat=0
split_feature=1 1 44 60 61 16 37 34
split_gain=10.9484 7.52631 7.29495 7.50025 5.824 4.28507 2.75833 2.19989
threshold=0.44463366270065313 0.67978107929229747 0.047175500000000009 0.82000000000000017 0.71629350000000003 0.59569700000000003 1.0000000180025095e-35 0.3265185000000001
decision_type=2 2 2 2 2 2 2 2
left_child=6 2 4 -4 -2 -3 -1 -7
right_child=1 5 3 -5 -6 7 -8 -9
leaf_value=-0.02063427025729879 -0.013216396927657113 -0.017675513642938599 0.0033376294106500018 -0.0090672169499500677 0.0066096592767574949 0.015150370216792797 0.0023125731417942418 0.0051341673967533691
leaf_weight=17.790193651802841 43.326280844088615 1.9116025480907399 158.0841379971389 35.496878296929935 9.7664650352671725 24.687681101815542 2.791474217636277 42.609655403532088
leaf_count=7991 4440 72 4246 1807 242 488 555 838
internal_value=-0.000428471 0.000746356 -0.00128469 0.00095515 -0.00932569 0.00792347 -0.0172607 0.009248
internal_weight=336.464 315.883 246.674 193.581 53.0927 69.2089 20.5817 67.2973
internal_count=20679 12133 10735 6053 4682 1398 8546 1326
is_linear=0
shrinkage=0.025


Tree=151
num_leaves=9
num_cat=0
split_feature=9 19 39 43 20 31 6 24
split_gain=12.6845 8.3347 6.02538 6.87114 6.62507 5.47012 5.89143 7.5952
threshold=0.73000000000000009 0.64259250000000012 1.0000000180025095e-35 1.0000000180025095e-35 0.68327950000000015 0.52852950000000021 0.74374300000000015 0.65000000000000002
decision_type=2 2 2 2 2 2 2 2
left_child=5 -2 3 -3 -4 6 -1 -8
right_child=1 2 4 -5 -6 -7 7 -9
leaf_value=-0.013131663233904099 -0.018647284246240053 4.0014040370935714e-05 0.01333989117688849 -0.024718738094877953 0.0026357274067520392 0.011709287229259964 0.020398752747229257 -0.022192467328500734
leaf_weight=66.348266390323261 9.0440074853104289 28.875261064909864 46.179022637254093 7.0037923678028156 162.42026247596368 5.5582029401120954 6.2486930624581856 1.8276331052184103
leaf_count=12736 751 1033 1235 532 3865 449 109 46
internal_value=-0.000184512 0.00253912 0.00349825 -0.00564499 0.00514517 -0.00876046 -0.0106537 0.00752441
internal_weight=333.505 253.522 244.478 35.8791 208.599 79.9828 74.4246 8.07633
internal_count=20756 7416 6665 1565 5100 13340 12891 155
is_linear=0
shrinkage=0.025


Tree=152
num_leaves=9
num_cat=0
split_feature=62 19 19 43 44 3 82 20
split_gain=11.0572 9.20689 8.13326 6.13386 5.70896 4.82053 4.32649 3.7945
threshold=0.58333333333333337 0.64445900000000012 0.75497250000000016 1.0000000180025095e-35 0.047175500000000009 0.93179589509964 1.0000000180025095e-35 0.77249050000000008
decision_type=2 2 2 2 2 2 2 2
left_child=2 -2 4 5 -1 -3 -5 -6
right_child=1 3 -4 6 7 -7 -8 -9
leaf_value=-0.007909314161459664 -0.02374187202914636 -0.012573017897410489 0.015644217988837351 -0.021860086470447283 0.0052774255150627213 0.00081841170812448722 0.0056917661984149416 -0.014223662263630896
leaf_weight=29.745117585061962 13.137870998540164 17.533722467851476 29.066986051853746 13.985031400152367 101.42757576160511 114.19903610394249 3.1624931035912587 4.5534187750890842
leaf_count=3215 5644 1167 648 1984 2540 5253 174 72
internal_value=-0.000433065 -0.00506012 0.00407723 -0.00306899 0.0013544 -0.00106929 -0.0163233 0.00412219
internal_weight=326.811 162.018 164.793 148.88 135.726 131.733 17.1475 105.981
internal_count=20697 14222 6475 8578 5827 6420 2158 2612
is_linear=0
shrinkage=0.025


Tree=153
num_leaves=9
num_cat=0
split_feature=62 19 0 48 21 22 9 39
split_gain=11.9436 9.913 8.67283 10.6672 6.57799 9.69001 6.49348 6.08128
threshold=0.58333333333333337 0.64730850000000018 0.43580000000000002 0.66350000000000009 0.70400000000000007 0.26973100000000005 0.78000000000000014 1.0000000180025095e-35
decision_type=2 2 2 2 2 2 2 2
left_child=4 -2 7 -4 5 -1 -6 -3
right_child=1 2 3 -5 6 -7 -8 -9
leaf_value=0.0080316701127933401 -0.023349231139309364 -0.014320375008666267 -0.012396228104013638 0.0028906109635067592 -0.0045587328253426825 -0.0097542753673231335 0.011735845778796786 0.012313813503798565
leaf_weight=35.711524817845202 14.178222956605167 4.4556635631161035 64.988148908123549 47.45118346100935 16.80678599581006 36.724748259919579 82.170103078358807 29.849223321551108
leaf_count=2599 5875 547 5054 1301 362 2070 1454 1393
internal_value=0.000139858 -0.00469835 -0.00255619 -0.00594163 0.00472702 -0.000904738 0.00885918 0.00804955
internal_weight=332.336 160.922 146.744 112.439 171.413 72.4363 98.9769 34.3049
internal_count=20655 14170 8295 6355 6485 4669 1816 1940
is_linear=0
shrinkage=0.025


Tree=154
num_leaves=9
num_cat=0
split_feature=29 2 17 20 6 62 22 0
split_gain=11.1298 9.28507 9.10862 7.24001 4.89317 4.21879 4.97927 4.45815
threshold=0.9893010000000001 0.6687772572040559 0.62110100000000013 0.7386195000000001 0.76297950000000014 0.41666666666666669 0.48337100000000005 0.73826650000000005
decision_type=2 2 2 2 2 2 2 2
left_child=1 2 3 -1 -4 6 -3 -7
right_child=-2 5 4 -5 -6 7 -8 -9
leaf_value=-0.01709867767149718 0.016035289326928399 0.016992772691595038 -0.00016635880302236293 0.0072232917302697463 -0.020628904768280248 -0.0061717165491775236 -0.008399831185701985 0.0058356642795324536
leaf_weight=44.63099324110226 22.823844261685736 23.582573758903894 143.97239793510744 7.5118024889379731 5.7453861329704514 28.444543363759294 4.2289677029475561 50.049845394911245
leaf_count=9298 174 363 8241 296 348 559 35 1292
internal_value=-4.91906e-05 -0.00136036 -0.00451379 -0.0133189 -0.00126262 0.00453112 0.0125756 0.00134606
internal_weight=330.99 308.167 201.861 52.1428 149.718 106.306 27.8115 78.4944
internal_count=20606 20432 18183 9594 8589 2249 398 1851
is_linear=0
shrinkage=0.025


Tree=155
num_leaves=9
num_cat=0
split_feature=1 44 20 43 60 9 19 78
split_gain=12.9374 8.50594 7.07422 6.76589 8.18796 4.48895 3.68631 4.94685
threshold=0.67529168725013744 0.076556500000000013 0.71123300000000012 1.0000000180025095e-35 0.82000000000000017 0.95350000000000013 0.76898500000000014 1.0000000180025095e-35
decision_type=2 2 2 2 2 2 2 2
left_child=1 2 -1 4 -3 -4 7 -2
right_child=6 3 5 -5 -6 -7 -8 -9
leaf_value=-0.016107188448061558 0.0076202141667469359 0.0048531596777347192 -0.0053716896075168916 -0.013424964249254427 -0.0088905008770983653 0.015472719487560386 0.020811661473471202 -0.020357556141478616
leaf_weight=42.848071890581195 60.675750833295751 127.86700229328562 27.606159317569109 18.012085135942471 32.049555265304662 6.2197812664671792 12.271914159413425 2.1880727773532263
leaf_count=11276 1105 3724 977 1512 1764 61 330 94
internal_value=-1.8017e-05 -0.00273903 -0.00958676 0.000243909 0.00197662 -0.000679751 0.00893705 0.0059331
internal_weight=329.738 254.603 76.674 177.929 159.917 33.8259 75.1357 62.8638
internal_count=20843 19314 12314 7000 5488 1038 1529 1199
is_linear=0
shrinkage=0.025


Tree=156
num_leaves=9
num_cat=0
split_feature=60 29 1 22 61 34 55 62
split_gain=12.6423 10.3385 9.64816 9.53174 8.00524 4.93121 4.50213 7.409
threshold=0.82000000000000017 0.9893010000000001 0.61462265253067028 0.41066550000000007 0.49446450000000003 0.32940600000000003 1.0000000180025095e-35 0.58333333333333337
decision_type=2 2 2 2 2 2 2 2
left_child=1 2 3 -1 -2 -4 -6 -8
right_child=4 -3 5 -5 6 -7 7 -9
leaf_value=-0.0085977863823408548 -0.023172234957331651 0.017991429318877088 0.010557920991783588 0.0061066267625025667 0.0097545414096742236 0.0007468019913897606 0.0042508884710572977 -0.022151413714133344
leaf_weight=87.895589228901372 18.839854091627785 21.967623358112178 61.378134323633276 37.461392968107248 9.849897107575087 68.980330055346712 11.801695301663132 10.919146438594906
leaf_count=11913 3292 162 1193 1403 85 1087 758 779
internal_value=0.000125677 0.00227556 0.000767213 -0.00411777 -0.0109964 0.00551268 -0.00280346 -0.00889969
internal_weight=329.094 277.683 255.715 125.357 51.4106 130.358 32.5707 22.7208
internal_count=20672 15758 15596 13316 4914 2280 1622 1537
is_linear=0
shrinkage=0.025


Tree=157
num_leaves=9
num_cat=0
split_feature=1 19 49 9 61 61 17 27
split_gain=10.8872 8.55296 8.42418 5.20871 5.29426 4.92791 4.531 4.47209
threshold=0.61249238252639782 0.67852800000000013 1.0000000180025095e-35 0.78000000000000014 0.44390600000000008 0.47254750000000006 0.64335650000000011 1.0000000180025095e-35
decision_type=2 2 2 2 2 2 2 2
left_child=1 6 -3 4 -2 -4 -1 -5
right_child=3 2 5 7 -6 -7 -8 -9
leaf_value=-0.020509981722032625 0.010587607456218145 0.0087601416632761952 -0.016481401754368297 0.0028448893438166251 -0.0079686578310343512 -0.0011866718610163444 -0.0048174498262516493 0.012620242595628037
leaf_weight=23.318723856180441 11.330072351644047 38.0012668199779 17.186507037891715 70.716681734542362 31.48859377449844 47.11432022608642 26.980774149382341 53.405613889743108
leaf_count=9266 282 1151 2135 1537 1020 1762 2528 962
internal_value=0.000256238 -0.00451474 -0.000230929 0.00466363 -0.00263786 -0.00576166 -0.012742 0.00724379
internal_weight=319.543 152.602 102.302 166.941 42.8187 64.3008 50.2995 124.122
internal_count=20643 16842 5048 3801 1302 3897 11794 2499
is_linear=0
shrinkage=0.025


Tree=158
num_leaves=9
num_cat=0
split_feature=1 29 19 22 23 54 21 31
split_gain=11.0377 7.48465 7.27116 5.31451 5.06136 5.15642 4.78346 3.66501
threshold=0.61249238252639782 0.91839300000000013 0.70111250000000014 0.28522450000000005 1.0000000180025095e-35 1.0000000180025095e-35 0.87400000000000011 0.66279750000000004
decision_type=2 2 2 2 2 2 2 2
left_child=1 2 6 -4 5 7 -1 -2
right_child=4 -3 3 -5 -6 -7 -8 -9
leaf_value=-0.013745866824721988 0.0053949911460900238 0.014114026514452841 0.010847980979841132 -0.0042771353150581224 -0.011363154950597787 -0.01994914876145058 0.0055403567509716934 0.021639713211485351
leaf_weight=64.13272925369165 154.86566108462284 10.444393401536216 17.693871784198564 53.035526503321307 9.4065896677202527 2.7138697719201437 7.4643412801669902 7.9520640936098053
leaf_count=13381 3341 173 465 2415 267 74 360 195
internal_value=0.000410256 -0.00444354 -0.00603404 -0.000196009 0.00469371 0.00577569 -0.0115374 0.00648685
internal_weight=327.709 152.771 142.326 70.7294 174.938 165.532 71.5971 162.818
internal_count=20671 16794 16621 2880 3877 3610 13741 3536
is_linear=0
shrinkage=0.025


Tree=159
num_leaves=9
num_cat=0
split_feature=60 4 17 0 20 26 0 2
split_gain=9.50775 7.77644 7.23825 7.30435 5.92405 4.02256 3.86286 6.12991
threshold=0.82000000000000017 1.0000000180025095e-35 0.60525000000000018 0.80776700000000012 0.69720050000000011 0.30100000000000005 0.8430335000000001 0.73102048039436351
decision_type=2 2 2 2 2 2 2 2
left_child=1 2 3 -1 -2 -4 -6 -8
right_child=4 -3 5 -5 6 -7 7 -9
leaf_value=-0.010008308215541925 -0.019045136024472671 -0.014609818711905304 0.00033411073584715067 0.010496016820331067 0.0036225518515502608 0.0078496935736223489 -0.024728901041663975 0.011722539751456077
leaf_weight=41.469220932118333 21.631431985428208 14.683672619721618 71.74611890741653 12.367329762957523 21.780984677432574 126.20485116171767 6.9027384266082645 2.5166046260856092
leaf_count=5293 3373 2169 4108 234 770 3936 568 209
internal_value=-4.08205e-05 0.00187361 0.00297199 -0.0049565 -0.00954966 0.00519381 -0.00198977 -0.0139858
internal_weight=319.303 266.471 251.788 53.8366 52.8318 197.951 31.2003 9.41934
internal_count=20660 15740 13571 5527 4920 8044 1547 777
is_linear=0
shrinkage=0.025


Tree=160
num_leaves=9
num_cat=0
split_feature=39 62 29 19 47 17 2 50
split_gain=10.4368 8.62566 10.5751 6.67278 6.65995 5.49907 3.96761 2.68479
threshold=1.0000000180025095e-35 0.41666666666666669 0.60023650000000017 0.69950450000000008 0.92356600000000011 0.73753100000000016 0.67942911386489879 1.0000000180025095e-35
decision_type=2 2 2 2 2 2 2 2
left_child=4 6 3 -3 7 -4 -2 -1
right_child=1 2 5 -5 -6 -7 -8 -9
leaf_value=-0.019258347356763975 0.0015833975610876829 -0.0095275391845748118 0.01535366344585401 6.2790649240768731e-05 0.0027083084749400608 -0.01593196064669215 0.016894764057006597 0.0041211430941196902
leaf_weight=30.91698268507389 19.882774649100611 66.807055150318774 28.444054287982002 128.4247750203067 13.052841907425316 2.105368322110734 25.375298213213682 2.1213402105058767
leaf_count=5224 1020 9434 498 3982 147 22 327 94
internal_value=-0.000922435 0.000949669 -0.00104421 -0.00324427 -0.011669 0.0121207 0.0106786 -0.0173936
internal_weight=317.13 271.039 225.781 195.232 46.0912 30.5494 45.2581 33.0383
internal_count=20748 15283 13936 13416 5465 520 1347 5318
is_linear=0
shrinkage=0.025


Tree=161
num_leaves=9
num_cat=0
split_feature=62 21 9 20 16 22 47 1
split_gain=8.42691 7.3801 6.78761 5.84789 6.65033 5.59091 4.68704 4.53731
threshold=0.75000000000000011 0.9840000000000001 0.75000000000000011 0.62684700000000004 0.65622700000000012 0.19813650000000002 0.9999920000000001 0.48965796828269964
decision_type=2 2 2 2 2 2 2 2
left_child=2 -2 5 -4 -5 7 -7 -1
right_child=1 -3 3 4 -6 6 -8 -9
leaf_value=-0.010619649152661127 -0.010220913900608601 0.018785252112832662 -0.017768191851445406 0.015189453419839223 0.0028691700903820515 -0.0096519950894002407 0.011234591176715339 0.019770586048917894
leaf_weight=2.6360012361292302 63.52861490023497 3.9905759163666508 5.0353123943932578 33.181851122688386 142.29372684948612 56.46551389968954 5.5781278620706862 7.6972904934518738
leaf_count=1966 8298 62 328 688 3203 6048 46 102
internal_value=-0.000172203 -0.00790757 0.0019095 0.00451147 0.00538607 -0.00442588 -0.00736485 0.010945
internal_weight=320.407 67.5192 252.888 180.511 175.476 72.3769 62.0436 10.3333
internal_count=20741 8360 12381 4219 3891 8162 6094 2068
is_linear=0
shrinkage=0.025


Tree=162
num_leaves=9
num_cat=0
split_feature=2 9 62 27 39 22 1 31
split_gain=11.8832 5.50674 5.11757 5.17856 4.44379 5.38377 4.38874 3.94492
threshold=0.6687772572040559 0.17000000000000001 0.58333333333333337 1.0000000180025095e-35 1.0000000180025095e-35 0.26973100000000005 0.65922337770462047 0.28143400000000002
decision_type=2 2 2 2 2 2 2 2
left_child=1 -1 -2 7 -3 -6 -5 -4
right_child=2 4 3 6 5 -7 -8 -9
leaf_value=-0.018893609295735751 0.0095151485652406782 -0.011830987035504181 -0.015631323465392689 0.020770952168912973 0.0059419458397364094 -0.0039496169721988609 -0.0043982648998778752 0.007603683444669729
leaf_weight=12.51088069130128 79.540789161925204 26.597867144690099 15.190377867897043 6.8899851326132175 46.238980158046616 116.10972048676194 6.5688111349591054 4.359557331306859
leaf_count=7452 1492 2932 502 79 2600 5275 156 67
internal_value=-0.000284401 -0.00393133 0.0061326 -0.00188201 -0.00271383 -0.00104871 0.00902176 -0.00987717
internal_weight=314.007 201.457 112.55 33.0087 188.947 162.349 13.4588 19.5499
internal_count=20555 18259 2296 804 10807 7875 235 569
is_linear=0
shrinkage=0.025


Tree=163
num_leaves=9
num_cat=0
split_feature=2 9 0 47 34 62 29 59
split_gain=8.64567 6.33369 5.70205 8.75893 4.53795 3.75403 5.46002 4.90618
threshold=0.6687772572040559 0.25000000000000006 0.48566650000000006 0.80616900000000002 0.39392650000000001 0.41666666666666669 1.0000000180025095e-35 1.0000000180025095e-35
decision_type=2 2 2 2 2 2 2 2
left_child=1 -1 4 -4 -3 -2 -7 -8
right_child=5 2 3 -5 -6 6 7 -9
leaf_value=-0.018340446799314118 0.012566691170447628 -0.0028726283230773638 -0.011329962306282765 0.0021260193616507695 0.0092097057442920762 -0.0040418123551262458 -0.018144669485758051 0.010909439950380363
leaf_weight=14.743343495625593 28.858991265762597 36.057855034658132 67.50682554042578 51.132922253134893 36.909527987823822 41.679518252727576 2.0121215179096898 38.479872369847726
leaf_count=8402 402 2462 5698 882 958 1270 43 589
internal_value=-0.000477624 -0.00351624 -0.00215916 -0.00552926 0.00322166 0.00506558 0.00210605 0.00850311
internal_weight=317.381 206.35 191.607 118.64 72.9674 111.031 82.1715 40.492
internal_count=20706 18402 10000 6580 3420 2304 1902 632
is_linear=0
shrinkage=0.025


Tree=164
num_leaves=9
num_cat=0
split_feature=1 39 22 62 0 14 18 78
split_gain=10.4684 8.17785 7.08352 6.98572 5.73588 5.37715 4.36676 1.51051
threshold=0.45299632847309118 1.0000000180025095e-35 0.49192400000000008 0.91666666666666685 0.84440000000000015 1.0000000180025095e-35 0.70559200000000011 1.0000000180025095e-35
decision_type=2 2 2 2 2 2 2 2
left_child=7 5 3 -3 -4 6 -2 -1
right_child=1 2 4 -5 -6 -7 -8 -9
leaf_value=-0.01873296037432241 -0.012110660462499834 0.0015095349228123737 0.013426474465738445 -0.016877911853845816 -0.0063833008827697164 -0.024175159255228802 0.0046183973322068686 0.0036564303787457136
leaf_weight=18.877205931574284 16.905464853603917 180.58367775251099 49.033921157824807 11.88689865067863 9.3102737309527566 9.1787057043329678 17.71890272886958 0.82463448782800597
leaf_count=8766 1348 6098 1107 1250 585 1135 290 145
internal_value=-0.000425694 0.000779145 0.00255817 0.000173469 0.0100343 -0.00891065 -0.00356014 -0.0171996
internal_weight=314.32 294.618 250.815 192.471 58.3442 43.8031 34.6244 19.7018
internal_count=20724 11813 9040 7348 1692 2773 1638 8911
is_linear=0
shrinkage=0.025


Tree=165
num_leaves=9
num_cat=0
split_feature=1 60 39 31 31 46 61 26
split_gain=9.11792 5.7713 6.41374 5.21651 4.62425 3.91243 3.59279 6.25087
threshold=0.61249238252639782 0.68000000000000005 1.0000000180025095e-35 0.31505900000000003 0.66279750000000004 0.97025000000000017 0.71538450000000009 1.0000000180025095e-35
decision_type=2 2 2 2 2 2 2 2
left_child=1 2 -1 -4 6 -3 -2 -8
right_child=4 5 3 -5 -6 -7 7 -9
leaf_value=-0.014620234852013608 0.00033213850202756356 -0.017744441779332036 -0.0028814784105388597 0.0094817211382155989 0.01999852620666441 0.0011605639394146865 0.017703982002231024 -0.001603776721279134
leaf_weight=18.306799065692758 115.57837388064945 26.376699797807305 69.068736245597393 28.336831524429726 8.5568463116651383 7.7533538628485976 20.923992294119671 17.541813821997494
leaf_count=3712 2369 4817 6647 1156 221 400 358 869
internal_value=-0.00021167 -0.00465112 -0.00181823 0.00075813 0.00384067 -0.0134157 0.00265026 0.00906952
internal_weight=312.443 149.842 115.712 97.4056 162.601 34.1301 154.044 38.4658
internal_count=20549 16732 11515 7803 3817 5217 3596 1227
is_linear=0
shrinkage=0.025


Tree=166
num_leaves=9
num_cat=0
split_feature=1 23 17 49 61 48 4 59
split_gain=11.2108 8.13455 7.43071 4.39527 9.5591 4.23255 3.30352 4.16957
threshold=0.61249238252639782 1.0000000180025095e-35 0.60420750000000012 1.0000000180025095e-35 0.50029400000000013 0.25536650000000005 1.0000000180025095e-35 0.50000000000000011
decision_type=2 2 2 2 2 2 2 2
left_child=2 6 -1 5 -5 -4 -2 -8
right_child=1 -3 3 4 -6 -7 7 -9
leaf_value=-0.015442849142887877 0.0072274159276663787 -0.016990057738954418 0.012637238854401881 -0.014134756448581122 0.0046571442141400852 -0.0011035961784820168 -0.022778369523695746 0.010642546512134405
leaf_weight=27.672012106306283 153.68418674975692 7.7427772844675919 18.711274776276696 35.985787771374817 28.325141717126826 39.922908964268572 3.4668630262021898 2.1411325479857624
leaf_count=6592 3447 264 2017 5491 952 1767 83 28
internal_value=0.000706286 0.00515698 -0.00418331 -0.0013824 -0.00585411 0.00342987 0.00647732 -0.00958913
internal_weight=317.652 167.035 150.617 122.945 64.3109 58.6342 159.292 5.608
internal_count=20641 3822 16819 10227 6443 3784 3558 111
is_linear=0
shrinkage=0.025


Tree=167
num_leaves=9
num_cat=0
split_feature=60 20 39 31 19 47 14 1
split_gain=10.9336 9.97122 9.93846 7.6234 9.65326 6.11724 5.25407 9.25426
threshold=0.68000000000000005 0.68878000000000006 1.0000000180025095e-35 0.31505900000000003 0.63979400000000008 0.93492100000000011 1.0000000180025095e-35 0.67177072167396557
decision_type=2 2 2 2 2 2 2 2
left_child=2 -2 5 4 -4 -1 -3 -8
right_child=1 6 3 -5 -6 -7 7 -9
leaf_value=-0.014475471690110292 -0.021526559570535307 0.0090399438649729959 -0.021732914943288596 0.012661821745820524 0.0037232644109505479 0.0065875092601153581 -0.016569462943827776 0.0073134653005013763
leaf_weight=27.159855929054174 21.281603387760697 16.839150258601876 7.9612000812558099 58.816051400877768 133.030712417225 10.296844006690661 22.700987663425622 15.157315349206327
leaf_count=4077 4539 323 3158 1689 4541 85 1454 701
internal_value=0.000318939 -0.00778633 0.00298922 0.00523424 0.00194954 -0.00845476 -0.00173725 -0.00693212
internal_weight=313.244 75.9791 237.265 199.808 140.992 37.4567 54.6975 37.8583
internal_count=20567 7017 13550 9388 7699 4162 2478 2155
is_linear=0
shrinkage=0.025


Tree=168
num_leaves=9
num_cat=0
split_feature=29 1 49 22 34 60 19 29
split_gain=11.5737 8.15258 5.83697 7.58311 4.41356 4.17758 4.93594 3.57018
threshold=0.91839300000000013 0.61249238252639782 1.0000000180025095e-35 0.41066550000000007 0.40511900000000006 0.82000000000000017 0.76898500000000014 1.0000000180025095e-35
decision_type=2 2 2 2 2 2 2 2
left_child=1 2 4 -4 -1 6 -3 -7
right_child=-2 5 3 -5 -6 7 -8 -9
leaf_value=-0.0056648494390393808 0.016340153723889073 0.0030547174853422557 -0.015823383617713255 -0.00012510346969004312 0.0073547315213755146 -0.014859552660204389 0.017221374151322862 0.0027438580758003261
leaf_weight=30.351918395143002 25.409466135359253 108.19170399167342 45.29545766821866 34.106802671347396 30.485055376768287 11.332979414495641 16.754627932270523 13.325224425236227
leaf_count=5128 267 2154 8889 1643 982 932 189 494
internal_value=0.000801085 -0.000638109 -0.00495462 -0.00934116 0.00076627 0.0033707 0.00525486 -0.00557321
internal_weight=315.253 289.844 140.239 79.4023 60.837 149.605 124.946 24.6582
internal_count=20678 20411 16642 10532 6110 3769 2343 1426
is_linear=0
shrinkage=0.025


Tree=169
num_leaves=9
num_cat=0
split_feature=1 62 17 17 20 19 29 17
split_gain=9.14525 6.97957 5.90078 5.56095 4.91663 4.71668 4.58054 6.45539
threshold=0.67978107929229747 0.91666666666666685 0.61923800000000007 0.62477350000000009 0.71123300000000012 0.76898500000000014 0.43853150000000002 0.70525100000000007
decision_type=2 2 2 2 2 2 2 2
left_child=1 2 4 -4 -1 6 7 -2
right_child=5 -3 3 -5 -6 -7 -8 -9
leaf_value=-0.013327349018240646 0.0054807130714045714 -0.014066194153295398 0.01442264453579028 0.00021473927926562235 0.0009995600384973811 0.022029749429455181 0.015940409295626731 -0.016770684862408351
leaf_weight=32.599296693575525 33.510763498023152 24.465633696994701 17.707448674736952 146.324030718617 24.322347293666098 11.233534282655453 14.593530562240629 8.5605487312423048
leaf_count=6949 825 4167 725 6643 728 270 98 225
internal_value=0.000309414 -0.00192383 -0.000431578 0.00194893 -0.00725211 0.00831287 0.00480738 0.000227283
internal_weight=313.317 245.419 220.953 164.031 56.9216 67.8984 56.6648 42.0713
internal_count=20630 19212 15045 7368 7677 1418 1148 1050
is_linear=0
shrinkage=0.025


Tree=170
num_leaves=9
num_cat=0
split_feature=2 19 39 60 32 16 45 0
split_gain=9.97113 7.27175 6.39577 6.11351 5.4775 3.4879 2.5932 2.97937
threshold=0.68431133031845104 0.64445900000000012 1.0000000180025095e-35 0.82000000000000017 0.43680000000000002 0.74689300000000014 1.0000000180025095e-35 0.85073300000000007
decision_type=2 2 2 2 2 2 2 2
left_child=1 4 5 -4 -1 -3 -2 -8
right_child=6 2 3 -5 -6 -7 7 -9
leaf_value=-0.022153086424987142 0.0033511579348466862 -0.015572464953856866 0.0027934841017261259 -0.010536314145522689 0.0039654765813198342 0.0047529705648155151 0.014363378640373235 -0.0096115774281469151
leaf_weight=16.675838003618995 52.495248462655582 23.087329458132448 147.65282382268924 23.024488687879057 5.5081782060369724 5.0270523355866308 33.183370755403303 1.8144925632514048
leaf_count=7617 1199 2700 6110 1873 293 210 460 63
internal_value=0.000207659 -0.00259822 -0.000973074 0.000850644 -0.0155662 -0.0116148 0.00727778 0.0124653
internal_weight=308.469 220.976 198.792 170.677 22.184 28.1144 87.4931 34.9979
internal_count=20525 18803 10893 7983 7910 2910 1722 523
is_linear=0
shrinkage=0.025


Tree=171
num_leaves=9
num_cat=0
split_feature=60 39 22 31 18 43 0 2
split_gain=8.78372 7.46627 7.33529 7.90073 6.78475 5.40792 5.15253 6.23825
threshold=0.82000000000000017 1.0000000180025095e-35 0.41777650000000005 0.43963300000000005 0.68877300000000019 1.0000000180025095e-35 0.8430335000000001 0.73102048039436351
decision_type=2 2 2 2 2 2 2 2
left_child=1 5 3 -3 -2 -1 -6 -8
right_child=4 2 -4 -5 6 -7 7 -9
leaf_value=-0.0020459785817598824 -0.022435415439112087 -0.0023010615612003679 0.0096754428367979879 0.012993511690705676 0.0038117318715929966 -0.024019822867725596 -0.02586254276534088 0.010918167055667999
leaf_weight=26.960095620619541 14.84869523324778 121.6718793973323 79.983095844043419 23.428426802551257 23.404958974482724 8.1561080941428354 7.6249699414474872 2.4642419414594769
leaf_count=2407 3136 9325 1390 910 825 1780 673 214
internal_value=0.000127183 0.00198647 0.0036949 0.000260557 -0.00941256 -0.008371 -0.00248908 -0.0159386
internal_weight=308.542 260.2 225.083 145.1 48.3429 35.1162 33.4942 10.0892
internal_count=20660 15812 11625 10235 4848 4187 1712 887
is_linear=0
shrinkage=0.025


Tree=172
num_leaves=9
num_cat=0
split_feature=1 29 62 3 19 2 6 61
split_gain=7.64947 5.99655 6.17812 6.328 3.46698 3.35838 2.46944 2.026
threshold=0.44463366270065313 0.60023650000000017 0.41666666666666669 0.9297064244747163 0.68063400000000007 0.68278563022613536 0.70490150000000018 0.70270150000000009
decision_type=2 2 2 2 2 2 2 2
left_child=7 2 5 -4 -3 -2 -6 -1
right_child=1 4 3 -5 6 -7 -8 -9
leaf_value=-0.017441031900852343 0 -0.0061059152753230508 -0.013291599889755252 -0.00067528000405916837 0.018471647083852273 0.013974907413583655 0.0031638141746211665 0.0086307065403885969
leaf_weight=16.863084010516108 18.499785628257087 5.409433849155902 27.168516897643713 180.67878729891891 18.703502810094509 22.550320634385571 13.055315936449913 0.47845925390720268
leaf_count=8440 840 214 1888 8618 143 309 166 4
internal_value=-0.000280543 0.000718312 -0.000679153 -0.00247111 0.00982476 0.00791306 0.0129614 -0.0155159
internal_weight=303.407 286.066 248.897 207.847 37.1683 41.0501 31.7588 17.3415
internal_count=20622 12178 11655 10506 523 1149 309 8444
is_linear=0
shrinkage=0.025


Tree=173
num_leaves=9
num_cat=0
split_feature=39 60 1 19 4 9 25 55
split_gain=9.43528 6.79595 6.85223 5.74417 5.59078 4.67355 3.18543 2.78697
threshold=1.0000000180025095e-35 0.82000000000000017 0.67177072167396557 0.74607200000000018 1.0000000180025095e-35 0.9900000000000001 0.41666650000000005 1.0000000180025095e-35
decision_type=2 2 2 2 2 2 2 2
left_child=3 4 7 -1 5 -2 -5 -3
right_child=1 2 -4 6 -6 -7 -8 -9
leaf_value=-0.017283340507749278 0.0021564040755558656 -0.00057460704370492692 0.005787442363797109 0.010595210701849456 -0.012485822442384151 0.011671179966481404 -0.011173349891156651 -0.020006477476191137
leaf_weight=28.213915264163006 169.3315466300628 7.1746921105950632 12.965959616936741 8.4511781521141511 11.441214749218487 39.326763233402744 4.9044497475842936 18.323638477861095
leaf_count=5026 9441 339 672 187 1646 615 193 2608
internal_value=-0.000429959 0.00134787 -0.00803824 -0.0112145 0.00307955 0.00407908 0.00169883 -0.015251
internal_weight=300.133 258.564 38.4643 41.5695 220.1 208.658 13.3556 25.4983
internal_count=20727 15321 3619 5406 11702 10056 380 2947
is_linear=0
shrinkage=0.025


Tree=174
num_leaves=9
num_cat=0
split_feature=9 2 39 60 0 17 19 14
split_gain=9.28372 6.82153 5.20289 5.99601 5.18717 4.8099 4.52527 3.84451
threshold=0.57000000000000017 0.72018489241600048 1.0000000180025095e-35 0.68000000000000005 0.77323350000000013 0.63550400000000007 0.74267150000000004 1.0000000180025095e-35
decision_type=2 2 2 2 2 2 2 2
left_child=5 2 7 -4 6 -1 -3 -2
right_child=1 4 3 -5 -6 -7 -8 -9
leaf_value=-0.01868453660968766 -0.0031552482421785331 0.0097375605400603395 0.0040789057733948671 -0.0056884885560989484 0.017444724777918547 0.0024106697332398758 -0.012749230510437623 -0.022641889586009326
leaf_weight=20.500699986178009 25.571702545930748 11.448452831245961 153.98331191937905 50.146704692568164 25.750395361159462 8.2154481523630221 7.5558453109988468 7.4530252189397279
leaf_count=9109 1245 182 4008 2776 473 1920 108 934
internal_value=0.000387076 0.00182029 6.72175e-05 0.00161114 0.0105492 -0.0126412 7.73865e-05 -0.00880892
internal_weight=310.626 281.909 237.155 204.13 44.7547 28.7161 19.0043 33.0247
internal_count=20755 9726 8963 6784 763 11029 290 2179
is_linear=0
shrinkage=0.025


Tree=175
num_leaves=9
num_cat=0
split_feature=1 29 62 15 22 61 37 9
split_gain=8.3864 6.65046 5.65476 6.06804 5.70322 2.0153 1.40476 1.25001
threshold=0.45632193982601171 0.9893010000000001 0.41666666666666669 0.66563950000000016 0.40300300000000006 0.70270150000000009 1.0000000180025095e-35 0.9900000000000001
decision_type=2 2 2 2 2 2 2 2
left_child=5 2 4 -4 -2 6 7 -1
right_child=1 -3 3 -5 -6 -7 -8 -9
leaf_value=-0.021211793493311693 0.012447907484428174 0.014383678530621211 -0.0059766151662174662 0.0022267513315893171 -0.0079193235590675395 0.0086822568355690091 0 7.6373078903228944e-05
leaf_weight=15.072266015156863 35.005673974927049 19.507446917006746 106.63166572629052 113.83720739123237 9.2105121062486415 0.48127388954162498 2.2311729116299821 1.1292768003404496
leaf_count=8345 988 145 6390 3835 191 4 600 93
internal_value=-7.97536e-05 0.00101299 -4.47924e-05 -0.00172523 0.00788389 -0.0153842 -0.0171679 -0.0194706
internal_weight=303.106 284.193 264.685 220.469 44.2162 18.914 18.4327 16.2015
internal_count=20591 11549 11404 10225 1179 9042 9038 8438
is_linear=0
shrinkage=0.025


Tree=176
num_leaves=9
num_cat=0
split_feature=1 49 61 19 17 47 54 17
split_gain=8.92508 7.2713 10.4276 6.62993 5.2748 5.19707 3.87853 3.66981
threshold=0.61030724644660961 1.0000000180025095e-35 0.50715900000000003 0.70521800000000001 0.65034300000000012 0.63379500000000011 1.0000000180025095e-35 0.62224500000000005
decision_type=2 2 2 2 2 2 2 2
left_child=1 3 -3 4 -1 -5 -2 -4
right_child=6 2 7 5 -6 -7 -8 -9
leaf_value=-0.015532462928311543 0.0052949233545709525 -0.016016339124856813 -0.011219399958514037 0.017487965542769587 0.0024747139589254411 -0.012319020333767231 -0.018247925154102423 0.006919801420364133
leaf_weight=12.948810526440864 161.9632097168942 47.274465936483466 7.3567698492115623 19.435954874468738 28.959766533254879 2.6167958171572527 2.4431010275147846 24.303476647211937
leaf_count=4208 3888 9328 391 350 1578 74 74 830
internal_value=0.000718901 -0.00379401 -0.00879918 0.00234867 -0.00337235 0.012909 0.00468489 0.00206586
internal_weight=307.302 142.896 78.9347 63.9613 41.9086 22.0528 164.406 31.6602
internal_count=20721 16759 10549 6210 5786 424 3962 1221
is_linear=0
shrinkage=0.025


Tree=177
num_leaves=9
num_cat=0
split_feature=2 29 4 0 0 19 34 37
split_gain=6.69938 4.31642 5.29515 4.32403 3.95889 1.78811 0.865466 0.578895
threshold=0.43705284595489508 0.9893010000000001 1.0000000180025095e-35 0.48566650000000006 0.054300000000000008 0.69809650000000012 0.25732900000000009 1.0000000180025095e-35
decision_type=2 2 2 2 2 2 2 2
left_child=7 2 3 -2 -4 -3 -7 -1
right_child=1 5 4 -5 -6 6 -8 -9
leaf_value=-0.017034436785086076 0.0055687324989244702 -0.001165134476708439 0.0082758855378592001 -0.0018322824281116366 -0.022668253949609838 0.0025082014769394192 0.018922801865328673 0
leaf_weight=14.328936784888356 64.566836111251177 4.2971930857602301 1.8330162436614035 188.34647468030016 9.0028533455442794 4.6418444374576202 9.6643115635961276 1.95975608347726
leaf_count=7452 3563 59 96 8103 687 25 60 542
internal_value=-0.000802075 0.000120533 -0.000708448 5.65855e-05 -0.0163755 0.0111653 0.0150177 -0.0154692
internal_weight=298.641 282.353 263.749 252.913 10.8359 18.6033 14.3062 16.2887
internal_count=20587 12593 12449 11666 783 144 85 7994
is_linear=0
shrinkage=0.025


Tree=178
num_leaves=9
num_cat=0
split_feature=29 2 0 21 34 26 17 61
split_gain=7.95596 6.9127 5.47297 9.57741 6.70479 2.43816 1.79378 1.46198
threshold=0.9893010000000001 0.46497869491577154 0.48566650000000006 0.77400000000000013 0.39392650000000001 0.30100000000000005 0.62547600000000003 0.70270150000000009
decision_type=2 2 2 2 2 2 2 2
left_child=1 7 4 -4 -3 6 -2 -1
right_child=5 2 3 -5 -6 -7 -8 -9
leaf_value=-0.015724427304945325 0.01011938168839673 -0.0018669931677649618 -0.012857454438057274 0.00051878081102381434 0.013217593208429759 0.019601791442061155 -0.011338314765448722 0.0063288106041308693
leaf_weight=21.24747696863415 3.3369067072053467 35.324355544966238 41.308777471254871 142.34551595575613 33.985752647058689 13.361337349575477 2.4696398081141524 0.49413145333528419
leaf_count=9291 41 2650 3391 4553 646 93 52 6
internal_value=-0.000359365 -0.00151158 -0.00026865 -0.00255559 0.00558772 0.0143821 0 -0.0144164
internal_weight=293.874 274.706 252.964 183.654 69.3101 19.1679 5.80655 21.7416
internal_count=20723 20537 11240 7944 3296 186 93 9297
is_linear=0
shrinkage=0.025


Tree=179
num_leaves=9
num_cat=0
split_feature=2 49 0 47 60 2 60 43
split_gain=7.86628 4.62249 5.27883 4.84642 4.51056 4.18861 5.24319 4.20624
threshold=0.57335239648818981 1.0000000180025095e-35 0.30946700000000005 0.96386200000000011 0.82000000000000017 0.73102048039436351 0.82000000000000017 1.0000000180025095e-35
decision_type=2 2 2 2 2 2 2 2
left_child=1 2 -1 -3 -4 6 7 -2
right_child=5 3 4 -5 -6 -7 -8 -9
leaf_value=-0.01035001099869496 0.004625097823461214 -0.015376652660304189 0.010613960736618451 0.0063096346781229447 -0.016105677947042783 0.010297566315810448 -0.0087044366730901004 -0.0070323066588889793
leaf_weight=17.364428223245341 130.60710602795007 35.636247553638896 23.184393254414321 6.0786945634172289 2.6581287078151936 36.032741759030614 26.608489882491995 20.379288342548534
leaf_count=4589 3028 8431 922 86 252 674 1665 996
internal_value=0.000158651 -0.00616512 -0.000180021 -0.0119009 0.00663675 0.00274115 0.00106864 0.00293126
internal_weight=298.55 84.9219 43.207 41.7149 25.8425 213.628 177.595 150.986
internal_count=20643 14280 5763 8517 1174 6363 5689 4024
is_linear=0
shrinkage=0.025


Tree=180
num_leaves=9
num_cat=0
split_feature=1 29 2 17 19 3 37 47
split_gain=7.74347 4.70246 3.62276 5.49845 3.40929 2.18124 1.91678 1.33761
threshold=0.45299632847309118 0.9893010000000001 0.6687772572040559 0.62198450000000005 0.76898500000000014 0.9545530676841737 1.0000000180025095e-35 0.93492100000000011
decision_type=2 2 2 2 2 2 2 2
left_child=6 2 3 -2 -4 -3 7 -1
right_child=1 5 4 -5 -6 -7 -8 -9
leaf_value=-0.020637827812147694 -0.010292296271403836 0.016738678260721212 0.0014488218113230696 0.00012252386842826496 0.014528909723820864 -0.00055275864781970628 0.0013761833399018502 0.0026552506577370103
leaf_weight=13.830312703968957 39.811553562689369 13.79725341522135 79.811436704010703 124.9768680438392 13.342853234469656 5.087698057293891 2.3873495682164494 0.62406002788338888
leaf_count=8224 3987 86 1861 5410 388 56 594 27
internal_value=-0.000326461 0.000698185 -0.000195559 -0.00244189 0.00366715 0.0121143 -0.015853 -0.0189759
internal_weight=293.669 276.828 257.943 164.788 93.1543 18.885 16.8417 14.4544
internal_count=20633 11788 11646 9397 2249 142 8845 8251
is_linear=0
shrinkage=0.025


Tree=181
num_leaves=9
num_cat=0
split_feature=60 2 20 29 62 17 61 15
split_gain=7.39316 6.98062 6.61075 4.64014 6.65679 3.96861 3.98981 3.34167
threshold=0.82000000000000017 0.57827115058898937 0.67350250000000011 0.52868100000000007 0.41666666666666669 0.60420750000000012 0.068750000000000019 0.71067050000000009
decision_type=2 2 2 2 2 2 2 2
left_child=1 5 -2 4 -3 7 -7 -1
right_child=2 3 -4 -5 -6 6 -8 -9
leaf_value=-0.021844887608510739 -0.025005383564916547 0.011668881833983893 -0.0033689067094791886 0.013186935632675496 -0.00074976279018844913 0.011947624253302536 -0.0047299855102826849 0.0045514132450323033
leaf_weight=10.87127365352171 10.692024633854087 33.086553844797891 35.350618164731713 27.516340532223694 111.96927060079179 8.6747860517352802 51.117893614173227 2.5536305347050066
leaf_count=4821 2928 731 1937 244 3265 1874 4777 98
internal_value=-0.000388498 0.00132793 -0.00938124 0.00408542 0.00215205 -0.00500753 -0.00188062 -0.0163986
internal_weight=291.832 245.79 46.0426 172.572 145.056 73.2176 59.7927 13.4249
internal_count=20675 15810 4865 4240 3996 11570 6651 4919
is_linear=0
shrinkage=0.025


Tree=182
num_leaves=9
num_cat=0
split_feature=22 62 61 49 39 60 47 6
split_gain=9.35436 10.4153 8.92305 7.01794 6.50095 7.51493 5.65159 5.50391
threshold=0.46480350000000009 0.41666666666666669 0.72100950000000008 1.0000000180025095e-35 1.0000000180025095e-35 0.82000000000000017 0.22815100000000002 0.75277800000000006
decision_type=2 2 2 2 2 2 2 2
left_child=1 -1 3 -3 -2 6 -6 -7
right_child=4 2 -4 -5 5 7 -8 -9
leaf_value=0.0076669192447320223 -0.011005418414943428 -0.0015718997609821973 0.0070963306835707153 -0.013274951196146613 -0.01556909463066904 -0.021647229869468168 0.013557379000370757 0.0072320168205681507
leaf_weight=36.587169508326042 10.548781823315947 52.640227100722768 22.995878906454891 89.328475560072548 2.5909698550822204 6.4626871467989968 61.076727388281142 6.0679336336906999
leaf_count=1565 666 5508 511 10239 142 315 863 801
internal_value=-0.0010483 -0.00401641 -0.00671335 -0.00906982 0.00569852 0.00832923 0.0118198 -0.00807579
internal_weight=288.299 201.552 164.965 141.969 86.7471 76.1983 63.6677 12.5306
internal_count=20610 17823 16258 15747 2787 2121 1005 1116
is_linear=0
shrinkage=0.025


Tree=183
num_leaves=9
num_cat=0
split_feature=21 34 60 0 62 9 31 61
split_gain=7.46897 8.30282 6.87159 4.88514 4.43827 8.05351 5.69887 5.06783
threshold=0.77400000000000013 0.055688000000000008 0.82000000000000017 0.51633350000000011 0.58333333333333337 0.78000000000000014 0.16463300000000003 0.91961550000000014
decision_type=2 2 2 2 2 2 2 2
left_child=1 -1 3 -3 5 6 -2 -6
right_child=4 2 -4 -5 7 -7 -8 -9
leaf_value=-0.016169347578698597 0.001580280323703478 0.0056678197776596235 -0.018172373631955032 -0.0064030668308398767 -0.0026882743719511999 0.01099084341332978 -0.028264507960835031 0.016463281959263634
leaf_weight=27.048402887683551 10.738756571110569 58.920389689799777 10.619829497045428 29.652795119036455 75.049353749789589 71.173886428034166 3.8495377886574706 7.7010604687966397
leaf_count=9965 244 2692 1220 1511 3394 1474 114 82
internal_value=0.000135484 -0.00439729 -0.00085699 0.00149173 0.00358695 0.00750938 -0.00830125 -0.000471013
internal_weight=294.754 126.241 99.193 88.5732 168.513 85.7622 14.5883 82.7504
internal_count=20696 15388 5423 4203 5308 1832 358 3476
is_linear=0
shrinkage=0.025


Tree=184
num_leaves=9
num_cat=0
split_feature=19 9 62 61 25 29 0 61
split_gain=6.36554 5.15938 5.10436 4.56501 4.77341 4.43757 4.7527 3.6748
threshold=0.64445900000000012 0.73000000000000009 0.41666666666666669 0.91961550000000014 0.29166650000000005 0.91839300000000013 0.86206650000000018 0.93504450000000017
decision_type=2 2 2 2 2 2 2 2
left_child=2 3 -1 4 -2 6 -3 -5
right_child=1 5 -4 7 -6 -7 -8 -9
leaf_value=0.0042523344413080404 -0.00034512895481057456 0.0024258409394874443 -0.019997247133738447 0.024377088712080112 -0.016362320409375179 0.013650733188641734 -0.014052458138250257 -0.0050604743012904099
leaf_weight=6.4095465274494954 23.667633288841898 184.68464718789619 15.006018196161675 3.3314119018614283 23.101164896368573 19.001049945596606 9.5473501430460583 3.507089126855135
leaf_count=849 2994 5485 7190 35 2961 126 925 55
internal_value=-0.000153351 0.000910586 -0.0126759 -0.00584413 -0.00875707 0.00268211 0.00144267 0.0107027
internal_weight=288.256 266.84 21.4156 53.6073 46.7688 213.233 194.232 6.8385
internal_count=20620 12581 8039 6045 5955 6536 6410 90
is_linear=0
shrinkage=0.025


Tree=185
num_leaves=9
num_cat=0
split_feature=19 17 39 22 6 43 19 46
split_gain=6.63543 7.90676 4.85707 5.37202 5.94588 4.94703 4.63652 4.55104
threshold=0.67852800000000013 0.64677850000000014 1.0000000180025095e-35 0.49192400000000008 0.54830200000000018 1.0000000180025095e-35 0.6698900000000001 0.7758750000000002
decision_type=2 2 2 2 2 2 2 2
left_child=1 -1 5 4 -4 -2 -3 -5
right_child=2 6 3 7 -6 -7 -8 -9
leaf_value=-0.017846381891284332 -0.0012238449258068136 0.0047771095991132181 0.012850675684032468 0.014104394389366559 -0.0014947468165148038 -0.023320922890315191 -0.017289273251574887 -0.0014510766186117778
leaf_weight=24.544218178443771 28.824543615490256 27.949253331755244 19.129534283303656 39.246582435909659 120.3563119219034 6.5383217107300871 5.4130792610085328 14.789114343933759
leaf_count=9802 1361 2119 711 469 4085 685 303 1125
internal_value=-0.000223786 -0.00765883 0.00167481 0.00326579 0.000573464 -0.00653981 0.000209379 0.00981331
internal_weight=286.791 57.9066 228.884 193.522 139.486 35.3629 33.3623 54.0357
internal_count=20660 12224 8436 6390 4796 2046 2422 1594
is_linear=0
shrinkage=0.025


Tree=186
num_leaves=9
num_cat=0
split_feature=4 9 39 14 75 29 31 19
split_gain=8.11188 7.5086 5.06947 5.03189 4.55825 4.11463 3.68347 1.64606
threshold=1.0000000180025095e-35 0.57000000000000017 1.0000000180025095e-35 1.0000000180025095e-35 1.0000000180025095e-35 1.0000000180025095e-35 0.63852950000000008 0.71904200000000007
decision_type=2 2 2 2 2 2 2 2
left_child=1 6 3 -3 -2 -4 7 -1
right_child=4 2 5 -5 -6 -7 -8 -9
leaf_value=-0.018425293716368012 -0.025193697399653658 -0.00049840501283971534 0.00076046571806798028 -0.021971552929835773 0.0026238214156905533 0.0078308750226295572 0.012167144941869823 -0.00070269977599458401
leaf_weight=16.696002424894694 9.9514695791985996 28.441062768622942 122.39950196385325 7.3520068772559162 4.155230232358007 90.862108012312092 1.782613450755888 5.2630228446505489
leaf_count=8650 2331 1148 4797 903 243 1968 170 391
internal_value=0 0.00102834 0.0023646 -0.00603682 -0.0172258 0.00385249 -0.0117925 -0.0149039
internal_weight=286.903 272.796 249.055 35.7931 14.1067 213.262 23.7416 21.959
internal_count=20601 18027 8816 2051 2574 6765 9211 9041
is_linear=0
shrinkage=0.025


Tree=187
num_leaves=9
num_cat=0
split_feature=60 2 48 0 61 1 3 17
split_gain=6.81264 6.30143 5.72593 5.22342 12.9509 6.03298 4.02635 3.29574
threshold=0.82000000000000017 0.73102048039436351 0.67393350000000007 0.48566650000000006 0.48281650000000004 0.43998135626316076 0.93800881505012523 0.63418550000000007
decision_type=2 2 2 2 2 2 2 2
left_child=2 7 3 5 -5 -1 -4 -2
right_child=1 -3 6 4 -6 -7 -8 -9
leaf_value=-0.011996298222942979 -0.0036335141161516517 0.010215888712882048 -0.0081571142264991146 -0.015424758789428825 0.002140329949058804 0.0080046872308131289 0.014835494424048693 -0.019255507585618215
leaf_weight=8.7142148857346893 18.228387079476306 7.5767499497160307 3.8604120436357325 33.385440433190524 98.267064791783923 72.743356884253444 28.951636164507363 19.251810082520024
leaf_count=5334 2648 299 107 4055 2389 3471 448 1923
internal_value=0.000512181 -0.00817902 0.00218794 0.000609265 -0.00242201 0.00553894 0.0116017 -0.0124167
internal_weight=290.979 45.0569 245.922 213.11 131.653 81.4576 32.812 37.4802
internal_count=20674 4870 15804 15249 6444 8805 555 4571
is_linear=0
shrinkage=0.025


Tree=188
num_leaves=9
num_cat=0
split_feature=60 20 39 22 43 14 62 16
split_gain=5.33207 6.9551 5.86867 5.31344 5.03675 4.83072 4.23356 4.11527
threshold=0.68000000000000005 0.67350250000000011 1.0000000180025095e-35 0.49192400000000008 1.0000000180025095e-35 1.0000000180025095e-35 0.91666666666666685 0.63245050000000014
decision_type=2 2 2 2 2 2 2 2
left_child=2 -2 4 6 -1 -5 -4 -3
right_child=1 7 3 5 -6 -7 -8 -9
leaf_value=-0.0006693696557812513 -0.019572442985205447 0.011258655769602229 0.0034195308800105948 0.00076699931327850273 -0.022477383715786059 0.019056027882153537 -0.011803852674332923 -0.0043343788564741666
leaf_weight=26.749087523277922 14.164209516409754 11.487653853706432 134.41120128867442 15.472568576224146 7.215907050358509 23.918748372117989 10.342201341180042 46.039090090591344
leaf_count=2429 4209 320 7139 291 1767 260 1716 2569
internal_value=0.000733218 -0.00505815 0.00269953 0.00448891 -0.00650336 0.0124376 0.00213472 -0.000820921
internal_weight=289.801 71.691 218.11 184.145 33.965 39.3913 144.753 57.5267
internal_count=20700 7098 13602 9406 4196 551 8855 2889
is_linear=0
shrinkage=0.025


Tree=189
num_leaves=9
num_cat=0
split_feature=1 60 39 22 16 17 19 19
split_gain=6.89761 7.5291 6.78462 5.1908 4.42828 6.49641 3.90766 3.18248
threshold=0.67529168725013744 0.68000000000000005 1.0000000180025095e-35 0.46480350000000009 0.63245050000000014 0.62224500000000005 0.74756050000000018 0.76898500000000014
decision_type=2 2 2 2 2 2 2 2
left_child=1 2 6 -4 5 -3 -1 -2
right_child=7 4 3 -5 -6 -7 -8 -9
leaf_value=-0.016799613602372906 0.0042646925551449227 -0.015285501929564307 -4.5073917617261351e-05 0.010202223930357239 -0.014601364711476071 0.015379795950000783 0.0028514994906456981 0.018384215095721603
leaf_weight=17.563882149079294 57.477268854039721 5.7514747140285163 109.04726981734711 40.326585410395637 35.786530093781039 7.6459849100210704 7.7090010647953013 11.497145220520904
leaf_count=3874 1214 1947 8175 641 3851 453 201 333
internal_value=0.000358743 -0.00175365 0.000669922 0.0027701 -0.0101959 0.00145271 -0.0107609 0.00717564
internal_weight=292.805 223.831 174.647 149.374 49.184 13.3975 25.2729 68.9744
internal_count=20689 19142 12891 8816 6251 2400 4075 1547
is_linear=0
shrinkage=0.025


Tree=190
num_leaves=9
num_cat=0
split_feature=9 17 62 61 47 58 0 22
split_gain=6.08665 6.34183 4.54215 4.90591 6.21521 4.52444 4.30078 3.34649
threshold=0.57000000000000017 0.63550400000000007 0.41666666666666669 0.71538450000000009 0.98096600000000012 0.58083350000000011 0.71008700000000013 0.48337100000000005
decision_type=2 2 2 2 2 2 2 2
left_child=1 -1 5 4 -4 7 -5 -2
right_child=2 -3 3 6 -6 -7 -8 -9
leaf_value=-0.019381357145198314 0.014150674844089248 0.0052548740200227817 -0.0041500614246854362 -0.013575685380677667 0.0091879665038558361 -0.01516340768940864 0.010018269048704176 -0.0036159428136500493
leaf_weight=17.35604033194068 31.701210548286326 8.164763829268848 155.63079274015763 3.5143024255521587 23.16460924281273 2.6739590680226675 36.215599131013732 6.5878991089994079
leaf_count=9014 595 1928 7249 55 188 72 1316 134
internal_value=-0.0002151 -0.011418 0.00093693 -0.000487346 -0.00229799 0.00837855 0.00720092 0.0108799
internal_weight=285.009 25.5208 259.488 218.525 178.795 40.9631 39.7299 38.2891
internal_count=20551 10942 9609 8808 7437 801 1371 729
is_linear=0
shrinkage=0.025


Tree=191
num_leaves=9
num_cat=0
split_feature=2 22 49 47 60 2 55 0
split_gain=8.21814 5.629 7.30707 8.72666 6.57807 5.47822 5.18872 2.92834
threshold=0.68278563022613536 0.40872900000000006 1.0000000180025095e-35 0.92356600000000011 0.82000000000000017 0.53308916091918956 1.0000000180025095e-35 0.80456700000000014
decision_type=2 2 2 2 2 2 2 2
left_child=1 2 5 -4 6 -1 -3 -6
right_child=-2 4 3 -5 7 -7 -8 -9
leaf_value=-0.008838037074359149 0.0066476729734168127 -0.0022581439669023986 -0.017086898163653448 0.0029878013653501399 0.0031444338366953617 0.0060551523152018311 0.011952626918936895 -0.019214819653305057
leaf_weight=22.868645498885598 84.906314382184064 24.971722820366267 46.236243881461633 17.252868156239856 4.0115512398187994 38.545898293959908 37.203398880374152 8.7597695238109718
leaf_count=5146 1848 849 9418 198 185 990 1070 1001
internal_value=0.000197365 -0.00254461 -0.00577968 -0.0115925 0.0027595 0.000287341 0.00623571 -0.0122091
internal_weight=284.756 199.85 124.904 63.4891 74.9464 61.4145 62.1751 12.7713
internal_count=20705 18857 15752 9616 3105 6136 1919 1186
is_linear=0
shrinkage=0.025


Tree=192
num_leaves=9
num_cat=0
split_feature=62 26 46 19 21 16 48 1
split_gain=7.9994 6.54778 4.91842 5.23728 4.38349 6.72065 6.12919 4.8989
threshold=0.58333333333333337 0.30100000000000005 0.79257000000000011 0.64659850000000019 0.70400000000000007 0.63276150000000009 0.25536650000000005 0.58984100818634044
decision_type=2 2 2 2 2 2 2 2
left_child=4 -2 3 -3 6 -6 -1 -8
right_child=1 2 -4 -5 5 -7 7 -9
leaf_value=0.013832516030246812 -0.010858386390993562 -0.01838643199034307 -0.014735548072381824 0.0044860339517732994 -0.0081968913858253677 0.010640141387748492 -0.013400941417495385 0.0015924047139815269
leaf_weight=11.974209728337881 54.117889715678757 4.7964180959206706 9.9919171056826581 69.863025207436294 12.087763219329643 72.433981450769352 21.270317880514995 30.172502647910733
leaf_count=1318 8044 2050 686 3291 285 1548 2472 901
internal_value=1.9255e-05 -0.00423487 6.59034e-05 0.00247743 0.00406298 0.0077323 -0.000799701 -0.00473614
internal_weight=286.708 138.769 84.6514 74.6594 147.939 84.5217 63.417 51.4428
internal_count=20595 14071 6027 5341 6524 1833 4691 3373
is_linear=0
shrinkage=0.025


Tree=193
num_leaves=9
num_cat=0
split_feature=62 21 22 0 9 34 0 0
split_gain=8.85796 6.89435 5.20631 6.33814 4.74517 5.13404 4.29542 9.47909
threshold=0.75000000000000011 0.9840000000000001 0.49192400000000008 0.84440000000000015 0.95350000000000013 0.25732900000000009 0.48566650000000006 0.80456700000000014
decision_type=2 2 2 2 2 2 2 2
left_child=4 2 -2 -4 6 -6 -1 -8
right_child=1 -3 3 -5 5 -7 7 -9
leaf_value=0.0052680576233453654 -0.01591560821424845 0.017414540179583139 0.01125160368954263 -0.020664274893265795 0.019521062540237118 0.0030297985212081264 -0.0090215605065365953 0.0057929554725349997
leaf_weight=62.630996282767228 37.961588053345622 3.8199829993536687 10.551653441041706 3.6023696588817975 16.312802913431369 39.99539125298179 62.850448331941152 43.888741986080277
leaf_count=6025 7465 57 435 325 264 786 3647 1585
internal_value=4.15305e-05 -0.00865967 -0.0112824 0.00111163 0.00228824 0.00844175 0.000124053 -0.00286668
internal_weight=281.614 55.9356 52.1156 14.154 225.678 56.3082 169.37 106.739
internal_count=20589 8282 8225 760 12307 1050 11257 5232
is_linear=0
shrinkage=0.025


Tree=194
num_leaves=9
num_cat=0
split_feature=19 6 61 0 9 17 61 62
split_gain=6.22181 4.25437 5.35928 5.09272 4.30618 3.86034 3.16577 3.77346
threshold=0.68314600000000014 0.53018700000000007 0.48363350000000005 0.51633350000000011 0.91800000000000015 0.62151550000000011 0.068750000000000019 0.41666666666666669
decision_type=2 2 2 2 2 2 2 2
left_child=5 -2 3 -3 -4 -1 -7 -8
right_child=1 2 4 -5 -6 6 7 -9
leaf_value=-0.016907080505533797 0.013732592454016632 0.0020887806575031454 -0.0003634607146869243 -0.012470979611864047 0.0083121555133685056 0.01073314777357709 0.0067653061425939458 -0.010541874272995806
leaf_weight=17.040932611325843 14.666676211039883 25.582651028249529 86.036833386824583 30.512757463344315 57.192836877075024 6.5609106684441931 8.6906136811085144 27.005700262623577
leaf_count=7923 594 962 2832 2222 1323 1300 359 3173
internal_value=-0.000390291 0.00157898 0.000519907 -0.0058585 0.00311591 -0.00743889 -0.00285973 -0.00599393
internal_weight=273.29 213.992 199.325 56.0954 143.23 59.2982 42.2572 35.6963
internal_count=20688 7933 7339 3184 4155 12755 4832 3532
is_linear=0
shrinkage=0.025


Tree=195
num_leaves=9
num_cat=0
split_feature=18 39 60 47 22 31 2 3
split_gain=6.63014 5.21349 5.89236 5.54752 5.36633 2.99623 2.89504 2.55855
threshold=0.63540000000000008 1.0000000180025095e-35 0.82000000000000017 0.93492100000000011 0.49192400000000008 0.52852950000000021 0.68431133031845104 0.96086353063583385
decision_type=2 2 2 2 2 2 2 2
left_child=5 3 4 -2 -3 6 -1 -4
right_child=1 2 7 -5 -6 -7 -8 -9
leaf_value=-0.019949246173632137 -0.013641340625098312 0.0019178682336017277 -0.013279855802835628 0.0052883400838976439 0.011870342886526202 0.0071344408888784619 0.0043641611515546725 9.9322686978623888e-06
leaf_weight=16.045355624297379 25.319125033154705 145.90208812034689 16.257854595613026 12.938092190132009 43.657200658577494 2.4059981890241025 2.3466068254783741 15.753367336656082
leaf_count=9440 2520 5428 1256 126 690 321 33 910
internal_value=0 0.00113497 0.00264274 -0.00710858 0.00434917 -0.0129217 -0.0163556 -0.00690317
internal_weight=280.626 259.828 221.571 38.2572 189.559 20.798 18.392 32.0112
internal_count=20724 10930 8284 2646 6118 9794 9473 2166
is_linear=0
shrinkage=0.025


Tree=196
num_leaves=9
num_cat=0
split_feature=18 62 39 18 14 60 22 47
split_gain=5.53497 4.70168 3.77073 5.37813 5.40307 4.61907 5.2667 3.66741
threshold=0.63540000000000008 0.58333333333333337 1.0000000180025095e-35 0.6933020000000002 1.0000000180025095e-35 0.82000000000000017 0.46480350000000009 0.25599850000000007
decision_type=2 2 2 2 2 2 2 2
left_child=1 7 3 -2 -5 6 -4 -1
right_child=2 -3 5 4 -6 -7 -8 -9
leaf_value=0.0098814819330026275 -0.018662100189913811 -0.022253873111325196 0.0011115309858690219 0.0056633881904506328 -0.019336675441980512 -0.005961495364407831 0.010132410114018707 -0.014210395904975163
leaf_weight=7.4228364180035005 11.423876658656807 10.137940501639603 128.86930347042653 23.915043025626805 4.8133485831058342 31.529535679823312 58.95995356462663 4.7944982378394343
leaf_count=1734 1685 6871 5081 495 497 2164 943 1145
internal_value=0.000138075 -0.0112319 0.00122462 -0.00558685 0.000244707 0.00254451 0.00405963 0
internal_weight=281.866 22.3553 259.511 40.1523 28.7284 219.359 187.829 12.2173
internal_count=20615 9750 10865 2677 992 8188 6024 2879
is_linear=0
shrinkage=0.025


Tree=197
num_leaves=9
num_cat=0
split_feature=60 39 31 19 61 43 17 55
split_gain=5.84754 5.39929 6.00152 9.585 4.44777 4.44519 3.87722 2.81517
threshold=0.82000000000000017 1.0000000180025095e-35 0.34591200000000005 0.64445900000000012 0.48691700000000004 1.0000000180025095e-35 0.64677850000000014 1.0000000180025095e-35
decision_type=2 2 2 2 2 2 2 2
left_child=1 5 3 -3 -2 6 -1 -6
right_child=4 2 -4 -5 7 -7 -8 -9
leaf_value=-0.015447540318084547 -0.018479253784205393 -0.020575546496370313 0.01133464802103081 0.0026681797866742775 0.0087103239604740968 -0.022796238129370382 0.004246096794518265 -0.0069026296548777471
leaf_weight=6.9232317481182717 14.446765269351998 9.9140670458964433 43.414952534767508 153.11631003662842 8.611908085295001 6.8219373185802388 18.286469292783295 19.788096313306596
leaf_count=1650 3214 4307 1445 5869 89 1776 743 1563
internal_value=0.000189909 0.0017598 0.00327905 0.000977031 -0.00806939 -0.00742869 -0.00162456 -0.00165993
internal_weight=281.324 238.477 206.445 163.03 42.8468 32.0316 25.2097 28.4
internal_count=20656 15790 11621 10176 4866 4169 2393 1652
is_linear=0
shrinkage=0.025


Tree=198
num_leaves=9
num_cat=0
split_feature=4 60 39 9 20 43 17 51
split_gain=7.67158 7.45126 6.01981 5.552 5.24687 4.54302 4.13118 1.87059
threshold=1.0000000180025095e-35 0.82000000000000017 1.0000000180025095e-35 0.9900000000000001 0.67350250000000011 1.0000000180025095e-35 0.63418550000000007 1.0000000180025095e-35
decision_type=2 2 2 2 2 2 2 2
left_child=1 2 5 -4 -3 -1 -6 -2
right_child=7 4 3 -5 6 -7 -8 -9
leaf_value=-0.00088911956126920566 -0.02071288945701192 -0.023966716280200539 0.0023768035695005407 0.013080849152221683 0.0062098699165642106 -0.022390225791205323 -0.010730583277204527 0.0011352520756389665
leaf_weight=23.479965145554164 11.149436741752648 8.5125204629357523 157.88734515246688 36.811735042952932 14.351950150739869 6.8279539499981174 17.544490898893855 1.9875260898625136
leaf_count=2046 2263 2575 9352 613 628 1584 1191 385
internal_value=8.70772e-05 0.00109293 0.00290694 0.00455117 -0.00849186 -0.00705136 -0.00297023 -0.0171987
internal_weight=278.553 265.416 225.007 194.699 40.409 30.3079 31.8964 13.137
internal_count=20637 17989 13595 9965 4394 3630 1819 2648
is_linear=0
shrinkage=0.025


Tree=199
num_leaves=9
num_cat=0
split_feature=60 20 9 31 0 58 0 19
split_gain=5.89823 6.34168 5.7035 5.94223 7.60221 4.33072 4.02271 3.90006
threshold=0.82000000000000017 0.69720050000000011 0.95350000000000013 0.43579550000000006 0.80456700000000014 0.28750000000000003 0.8430335000000001 0.76312300000000011
decision_type=2 2 2 2 2 2 2 2
left_child=2 -2 3 4 -1 -5 -3 -4
right_child=1 6 7 5 -6 -7 -8 -9
leaf_value=-0.0063065235839060915 -0.021301780253000578 0.0046423285062518254 0.004366438090964494 0.019151567428609306 0.0055376217538555478 -0.00024792435992989129 -0.014975026127938744 0.022332919498619517
leaf_weight=114.77039127609169 14.539168612784122 19.309290636418158 39.532953750123852 12.390499186454692 45.3318779135152 12.792366979520009 7.3372713860007925 8.4521946841268782
leaf_count=12607 3342 760 831 659 1154 404 780 70
internal_value=-0.000599776 -0.0091052 0.000934683 -0.00104053 -0.00287972 0.00972794 -0.00116597 0.00844809
internal_weight=274.456 41.1857 233.27 185.285 160.102 25.1829 26.6466 47.9851
internal_count=20607 4882 15725 14824 13761 1063 1540 901
is_linear=0
shrinkage=0.025


Tree=200
num_leaves=9
num_cat=0
split_feature=2 49 30 19 47 22 62 29
split_gain=5.44981 4.81146 4.86165 4.29232 4.23007 3.10197 2.97431 3.62413
threshold=0.57827115058898937 1.0000000180025095e-35 0.75000000000000011 0.64445900000000012 0.9999920000000001 0.40872900000000006 0.41666666666666669 1.0000000180025095e-35
decision_type=2 2 2 2 2 2 2 2
left_child=1 2 3 -1 5 -3 -2 -8
right_child=6 4 -4 -5 -6 -7 7 -9
leaf_value=-0.010360146264271605 0.0083542855059380913 -0.020456643638067672 -0.011342559193735885 0.01082601235965365 0.0079959505715130903 -0.0036407844343133624 -0.0028646365151691628 0.0047147589912299179
leaf_weight=5.7472973662061149 37.430498028348666 20.580330897983004 12.90518648199213 23.379602921595506 4.2378717791871159 13.069766355736645 83.369325553088856 70.770753836201038
leaf_count=3724 816 7560 648 1402 47 1077 3567 1689
internal_value=-4.94127e-05 -0.00548061 0.000236959 0.00600756 -0.0117054 -0.0147064 0.00221086 0.000583095
internal_weight=271.491 79.9201 42.0321 29.1269 37.888 33.6501 191.571 154.14
internal_count=20530 14458 5774 5126 8684 8637 6072 5256
is_linear=0
shrinkage=0.025


Tree=201
num_leaves=9
num_cat=0
split_feature=29 15 48 62 0 24 18 62
split_gain=7.13474 4.41157 6.38963 7.30868 6.12605 5.25268 3.77157 2.6007
threshold=0.9893010000000001 0.66389800000000021 0.66350000000000009 0.41666666666666669 0.8430335000000001 0.45000000000000007 0.76281300000000007 0.58333333333333337
decision_type=2 2 2 2 2 2 2 2
left_child=1 2 3 -1 6 -4 -3 -6
right_child=-2 4 5 -5 7 -7 -8 -9
leaf_value=0.0066497864165040305 0.014496611430867782 0.0031726615477577062 0.012740014578067447 -0.0099672134233165736 0.0010024436569334128 -0.011362470958414649 0.021741784845444201 -0.018892825955168422
leaf_weight=18.460073967089556 18.825464854933671 109.23892703297315 19.786534021244737 83.45980527593656 5.1878564106555123 5.5934977244723987 5.6333916559233321 8.9116853433915804
leaf_count=1186 186 4029 432 13326 385 282 64 786
internal_value=0.000405552 -0.000704766 -0.00399816 -0.00681526 0.00250008 0.00671219 0.00450395 -0.0118915
internal_weight=275.097 256.272 127.3 101.92 128.972 25.38 114.872 14.0995
internal_count=20676 20490 15226 14512 5264 714 4093 1171
is_linear=0
shrinkage=0.025


Tree=202
num_leaves=9
num_cat=0
split_feature=1 0 61 34 0 28 2 22
split_gain=4.43435 7.00771 10.3065 4.65975 4.38544 3.92021 3.25754 2.35783
threshold=0.44463366270065313 0.48566650000000006 0.4917160000000001 0.4022750000000001 0.77566650000000015 0.43853150000000002 0.72590318322181713 0.22371900000000003
decision_type=2 2 2 2 2 2 2 2
left_child=-1 3 4 5 -3 -2 -4 -5
right_child=1 2 6 7 -6 -7 -8 -9
leaf_value=-0.012550330322305374 -0.0054203116149007663 -0.018112797826047387 -0.00014611905868781145 0.00035720125407221072 -0.0030999722990048754 0.010025022631210136 0.0086185983378207608 0.016916485066127779
leaf_weight=14.125648735821413 22.21054215861659 24.932127204432618 105.27942607713339 7.8156622520764349 26.614064436651461 15.669737609488946 32.697917421435704 27.678880492647295
leaf_count=8472 2231 2888 3449 212 1491 625 686 517
internal_value=0.000146762 0.0009469 -0.00156977 0.007416 -0.0109068 0.000963154 0.00197083 0.0136838
internal_weight=277.024 262.898 189.524 73.3748 51.5462 37.8803 137.977 35.4945
internal_count=20571 12099 8514 3585 4379 2856 4135 729
is_linear=0
shrinkage=0.025


Tree=203
num_leaves=9
num_cat=0
split_feature=61 44 0 62 2 20 47 0
split_gain=5.03089 5.5416 5.62836 5.48551 4.53098 4.4672 4.22673 3.10736
threshold=0.71538450000000009 0.15442000000000003 0.85073300000000007 0.58333333333333337 0.75259438157081615 0.7386195000000001 0.95024300000000006 0.71008700000000013
decision_type=2 2 2 2 2 2 2 2
left_child=1 3 4 6 -3 -5 -1 -2
right_child=7 2 -4 5 -6 -7 -8 -9
leaf_value=-0.0036049373832068806 -0.0098209240759655637 0.0020335057720021177 -0.014971588386193786 -0.015064560581610787 0.018121115861344197 0.0018701386879482367 0.012934934259202994 0.010145556879987977
leaf_weight=35.398214783763251 3.5218543052906162 118.56895668228935 8.9224980706167099 38.436922826646878 10.407086977967991 11.294558893336214 10.963752650597597 40.685526950343046
leaf_count=3646 92 4466 754 9639 116 433 70 1452
internal_value=0.00047782 -0.000974414 0.00219074 -0.00554507 0.00364577 -0.0111499 0.000524525 0.00803635
internal_weight=278.199 233.992 137.899 96.0934 128.976 49.7315 46.362 44.2074
internal_count=20668 19124 5336 13788 4582 10072 3716 1544
is_linear=0
shrinkage=0.025


Tree=204
num_leaves=9
num_cat=0
split_feature=60 29 1 19 24 19 61 2
split_gain=6.23926 4.81618 4.72656 4.61772 4.84053 4.35662 3.92085 3.37514
threshold=0.68000000000000005 0.9893010000000001 0.61462265253067028 0.70111250000000014 0.25000000000000006 0.75497250000000016 0.21476350000000002 0.72590318322181713
decision_type=2 2 2 2 2 2 2 2
left_child=1 2 6 -2 -5 -4 -1 -6
right_child=3 -3 5 4 7 -7 -8 -9
leaf_value=0.0098258817823976899 -0.016296339800829639 0.01455450139291508 0.0015513718534345812 0.0055704213237461261 -0.014368992670957438 0.013248139211595445 -0.004768219090921756 0.0060491046109309088
leaf_weight=11.18143375423824 18.252775406443106 16.892260708715185 72.204271907277871 24.716136483184528 18.371741891936839 26.889085027418332 81.405270281631601 4.8866703724488607
leaf_count=3166 4421 148 1579 997 1373 337 8278 290
internal_value=0.000315564 0.00246774 0.00122454 -0.00622609 -0.00174575 0.0049988 -0.00275594 -0.00964286
internal_weight=274.8 208.572 191.68 66.2273 47.9745 99.0934 92.5867 23.2584
internal_count=20589 13508 13360 7081 2660 1916 11444 1663
is_linear=0
shrinkage=0.025


Tree=205
num_leaves=9
num_cat=0
split_feature=29 4 15 48 15 19 25 22
split_gain=5.29788 6.52489 3.65934 6.57355 3.20435 2.6388 1.35165 1.03592
threshold=0.91839300000000013 1.0000000180025095e-35 0.66389800000000021 0.67393350000000007 0.68284500000000015 0.68646300000000016 1.0000000180025095e-35 0.33255350000000006
decision_type=2 2 2 2 2 2 2 2
left_child=1 2 3 -1 -4 -2 7 -3
right_child=5 6 4 -5 -6 -7 -8 -9
leaf_value=-0.005795203829920016 -0.004260984175510526 -0.011362517775221367 0.011208692758303208 0.0090566888551576654 0.0010551364250097996 0.015924813038225787 -0.024795995314553797 0.0048938281741319452
leaf_weight=96.088593415443938 3.5618653207930064 3.3716750706980729 22.853416329380707 20.805750230239937 101.87874823015591 16.606671793560963 6.0118413736508955 2.165170246604248
leaf_count=12152 131 1295 1175 610 3769 125 1110 197
internal_value=0.000216372 -0.000776063 0.000138662 -0.00298079 0.00312218 0.0119588 -0.0176632 -0.00439867
internal_weight=273.344 253.175 241.627 116.894 124.732 20.1685 11.5487 5.53685
internal_count=20564 20308 17706 12762 4944 256 2602 1492
is_linear=0
shrinkage=0.025


Tree=206
num_leaves=9
num_cat=0
split_feature=60 48 15 22 6 1 27 32
split_gain=5.38251 4.55788 5.34551 5.35843 4.41946 4.21642 3.53747 2.5131
threshold=0.82000000000000017 0.67393350000000007 0.66920850000000021 0.40501500000000007 0.59822050000000015 0.66326245665550243 1.0000000180025095e-35 0.16292500000000001
decision_type=2 2 2 2 2 2 2 2
left_child=1 2 3 -1 -4 7 -3 -2
right_child=5 6 4 -5 -6 -7 -8 -9
leaf_value=-0.0077943047102522374 -0.022636306093554825 -0.00043737071974770379 0.011476394209096786 0.0046425042584914405 3.8778063250925426e-05 0.0016424979323212544 0.015992043762618573 -0.0057047304664389516
leaf_weight=73.467438673995275 11.092397779334535 11.901082056574525 30.157876129174838 28.013772051461274 65.421183371312509 14.941496259067206 18.843048057402484 15.392881525074698
leaf_count=11068 2835 275 1363 1052 1734 872 285 1116
internal_value=-0.000378725 0.00112068 -0.000274822 -0.00426529 0.00388578 -0.00846848 0.0097649 -0.0141507
internal_weight=269.231 227.804 197.06 101.481 95.5791 41.4268 30.7441 26.4853
internal_count=20600 15777 15217 12120 3097 4823 560 3951
is_linear=0
shrinkage=0.025


Tree=207
num_leaves=9
num_cat=0
split_feature=60 4 20 16 21 19 34 62
split_gain=5.03664 4.73594 4.5022 3.99974 3.76386 3.02551 2.3173 2.39714
threshold=0.82000000000000017 0.62500000000000011 0.69720050000000011 0.60695300000000019 0.77400000000000013 0.71904200000000007 0.85535050000000012 0.58333333333333337
decision_type=2 2 2 2 2 2 2 2
left_child=1 3 -2 5 -5 -1 7 -4
right_child=2 -3 6 4 -6 -7 -8 -9
leaf_value=-0.013756667657768343 -0.018975252918139424 -0.02161274199674619 0.0027524376428529132 -0.0015359469485405584 0.0054365894460314508 0.0020682865836025538 0.005049176139698899 -0.016578336202243776
leaf_weight=16.171622714714434 14.727569639447209 3.8348106322609956 5.1150543926050887 80.710492111900749 111.66396073625947 10.886155219122882 12.807042714441195 7.448541222831409
leaf_count=5594 3310 1067 483 6016 2709 372 533 540
internal_value=-0.000897757 0.000561424 -0.00884132 0.00117452 0.00248698 -0.00742757 -0.00172791 -0.00889597
internal_weight=263.365 223.267 40.0982 219.432 192.374 27.0578 25.3706 12.5636
internal_count=20624 15758 4866 14691 8725 5966 1556 1023
is_linear=0
shrinkage=0.025


Tree=208
num_leaves=9
num_cat=0
split_feature=29 9 27 22 22 28 22 1
split_gain=4.71898 5.32851 3.98593 5.67318 4.39602 3.64104 1.6645 1.61736
threshold=0.94364700000000012 0.57000000000000017 1.0000000180025095e-35 0.38821700000000009 0.26973100000000005 0.52868100000000007 0.40501500000000007 0.61666658520698558
decision_type=2 2 2 2 2 2 2 2
left_child=1 5 4 -4 -3 -1 7 -2
right_child=6 2 3 -5 -6 -7 -8 -9
leaf_value=-0.017108686101767544 0.0092784806843703924 0.0065191726723675169 -0.0021577718270346618 0.0096754907910650331 -0.0048108985636074915 0.0045536869649994106 0.015802903104388089 -0.01165346750246197
leaf_weight=17.447758682445059 3.0413482233489075 24.303325439304899 46.140753512943775 50.540144111491827 107.38204987770769 4.8473707886696493 13.029866008262614 2.2476012981496751
leaf_count=9592 87 1213 1753 1581 4960 1339 106 19
internal_value=-7.48261e-06 -0.000966986 0.000183295 0.00402281 -0.00259752 -0.012103 0.0115554 0
internal_weight=268.98 250.661 228.366 96.6809 131.685 22.2951 18.3188 5.28895
internal_count=20650 20438 9507 3334 6173 10931 212 106
is_linear=0
shrinkage=0.025


Tree=209
num_leaves=9
num_cat=0
split_feature=20 0 61 15 22 34 3 18
split_gain=3.83346 3.49645 8.8187 4.47763 6.34518 4.83921 3.43557 2.8655
threshold=0.61172500000000007 0.48566650000000006 0.48281650000000004 0.65606550000000008 0.22161250000000002 0.27211300000000005 0.91908583045005809 0.63973250000000015
decision_type=2 2 2 2 2 2 2 2
left_child=6 3 7 4 -2 -5 -1 -3
right_child=1 2 -4 5 -6 -7 -8 -9
leaf_value=0.0036385152204483971 -0.017290950136830255 0.0041561994251249077 0.0013711132354788558 -0.001260127305445947 0.005348520191292885 0.01603088811274404 -0.020317284722493091 -0.013735245306607038
leaf_weight=4.1570677954623525 9.5715729477960867 4.8846298849393852 141.07692178191792 14.037513827250221 20.941834838275099 26.637860937698861 8.9566603308649047 37.206877147429623
leaf_count=1585 1247 1059 4413 687 1806 516 5971 3307
internal_value=-0.000510007 0.000186361 -0.00161327 0.00483684 -0.00214922 0.0101084 -0.0127505 -0.0113945
internal_weight=267.471 254.357 183.168 71.1888 30.5134 40.6754 13.1137 42.0915
internal_count=20591 13035 8779 4256 3053 1203 7556 4366
is_linear=0
shrinkage=0.025


Tree=210
num_leaves=9
num_cat=0
split_feature=4 49 2 29 48 48 61 75
split_gain=5.17381 4.41154 10.7806 4.57379 4.46182 3.49443 3.15859 2.05495
threshold=1.0000000180025095e-35 1.0000000180025095e-35 0.57335239648818981 0.43853150000000002 0.54183350000000019 0.25536650000000005 0.51457900000000012 1.0000000180025095e-35
decision_type=2 2 2 2 2 2 2 2
left_child=1 3 6 5 -4 -1 -3 -2
right_child=7 2 4 -5 -6 -7 -8 -9
leaf_value=0.013250359931432455 -0.018610960133847863 -0.017519986230032099 -0.0062991693037218622 0.020639780705750087 0.0042708370205703089 -4.9756978825336677e-05 0 0.0011986438866024962
leaf_weight=14.720378390196855 9.7045440209712961 23.871992018953279 28.510444506842759 10.646761445414993 129.02072009170661 42.962818150428575 9.0472457370269677 3.2802303998396374
leaf_count=2070 2378 7619 1782 337 3649 2107 510 256
internal_value=0.000629134 0.0014715 -0.000462984 0.00682981 0.00225585 0.00354897 -0.0130724 -0.0136141
internal_weight=271.765 258.78 190.45 68.33 157.531 57.6832 32.9192 12.9848
internal_count=20708 18074 13560 4514 5431 4177 8129 2634
is_linear=0
shrinkage=0.025


Tree=211
num_leaves=9
num_cat=0
split_feature=29 4 49 61 47 17 58 0
split_gain=4.91155 5.00193 3.74373 9.40268 2.62804 1.95365 1.77835 1.47465
threshold=0.9893010000000001 1.0000000180025095e-35 1.0000000180025095e-35 0.50715900000000003 0.095287500000000011 0.62548300000000012 0.66083300000000011 0.042800000000000012
decision_type=2 2 2 2 2 2 2 2
left_child=1 2 4 -4 -1 -2 7 -3
right_child=5 6 3 -5 -6 -7 -8 -9
leaf_value=-0.01268695766154916 0.01931211845481566 0 -0.0098961888807508266 0.0018435906703662568 0.0056807923100628726 0.001004986936847338 0.00071792164580053441 -0.024096213990886267
leaf_weight=3.2035726000467539 7.7854848749957437 1.6714846293316421 69.02984896837097 103.47985562663234 57.713248782547453 7.6480740501647233 2.1345529148966298 7.9995191042780789
leaf_count=1704 95 1286 9828 3556 2802 94 108 1198
internal_value=-0.000951311 -0.00187496 -0.000967444 -0.00287069 0.00422305 0.0118263 -0.016536 -0.0204573
internal_weight=260.666 245.232 233.427 172.51 60.9168 15.4336 11.8056 9.671
internal_count=20671 20482 17890 13384 4506 189 2592 2484
is_linear=0
shrinkage=0.025


Tree=212
num_leaves=9
num_cat=0
split_feature=29 61 49 61 9 16 44 47
split_gain=5.40387 5.87656 5.16552 6.80532 3.93204 6.68536 5.78439 3.30771
threshold=0.89118900000000012 0.50715900000000003 1.0000000180025095e-35 0.26781650000000007 0.78000000000000014 0.7148580000000001 0.20070600000000002 0.58167750000000007
decision_type=2 2 2 2 2 2 2 2
left_child=1 2 3 -1 6 -6 -3 -4
right_child=-2 4 7 -5 5 -7 -8 -9
leaf_value=-0.004129158874831609 0.012164671838690213 0.0030226775423456572 -0.015228167006222827 0.013045551798594471 0.010754550091974733 -0.0048137939750462636 -0.019582844875036587 -0.0038424660802778457
leaf_weight=45.644288685186439 20.549603335966822 20.838643087685345 27.528689225852759 18.586050148136565 59.115564189007273 21.90097962965956 8.1349117752979492 44.256197961833095
leaf_count=5957 283 786 8486 456 1560 909 423 1795
internal_value=0.000433832 -0.000606038 -0.00407984 0.00097124 0.00361889 0.00644108 -0.0039368 -0.00860482
internal_weight=266.555 246.005 136.015 64.2303 109.99 81.0165 28.9736 71.7849
internal_count=20655 20372 16694 6413 3678 2469 1209 10281
is_linear=0
shrinkage=0.025


Tree=213
num_leaves=9
num_cat=0
split_feature=39 60 22 14 44 43 22 47
split_gain=5.83435 5.48659 5.36172 5.10084 4.42482 3.83787 2.89206 4.38299
threshold=1.0000000180025095e-35 0.82000000000000017 0.50574450000000015 1.0000000180025095e-35 0.40177200000000007 1.0000000180025095e-35 0.59978900000000013 0.80616900000000002
decision_type=2 2 2 2 2 2 2 2
left_child=5 2 4 -4 -2 -1 7 -3
right_child=1 6 3 -5 -6 -7 -8 -9
leaf_value=-0.0042872850572814062 -0.0019442295719396538 -0.018406631002446397 -0.00084979503201968061 0.018688382563677563 0.006935059631480541 -0.023549293388615885 0.010590085769337738 0
leaf_weight=29.655708720879375 111.3635011524093 16.495889800670742 11.851432563853448 20.620833173044957 48.516453001830087 7.4355376055555089 2.6431396608240894 12.938646605063694
leaf_count=3528 9635 2958 230 315 1373 1886 390 275
internal_value=-0.000411036 0.00110233 0.00274453 0.0117044 0.000756301 -0.0093478 -0.0081081 -0.0105927
internal_weight=261.521 224.43 192.352 32.4723 159.88 37.0912 32.0777 29.4345
internal_count=20590 15176 11553 545 11008 5414 3623 3233
is_linear=0
shrinkage=0.025


Tree=214
num_leaves=9
num_cat=0
split_feature=1 22 1 61 19 42 37 62
split_gain=5.47846 3.93405 4.64005 3.05 2.94989 2.38915 1.66843 1.0167
threshold=0.46788555383682257 0.18570600000000004 0.67529168725013744 0.91387400000000019 0.76575150000000014 0.75000000000000011 1.0000000180025095e-35 0.75000000000000011
decision_type=2 2 2 2 2 2 2 2
left_child=5 -2 3 -3 -4 6 -1 -7
right_child=1 2 4 -5 -6 7 -8 -9
leaf_value=-0.020651295245572993 0.018676925265149601 -0.0027513400839307275 0.0029516400669923428 0.010913889004373661 0.016886505759045541 0.010927311045052492 0.00077305463378996475 -0.0075873005768315382
leaf_weight=11.623569008136656 5.3919714272542469 168.89455033629929 52.74078483186895 8.7262948295101506 10.643439663690513 2.1744618420780166 1.7664811037502666 1.0898227606157886
leaf_count=8361 202 9137 1216 120 340 197 603 476
internal_value=-0.000249936 0.000704576 0.000121212 -0.00192418 0.00585124 -0.0133353 -0.0176044 0.00278713
internal_weight=263.051 246.397 241.005 177.621 63.3842 16.6543 13.3901 3.26428
internal_count=20652 11015 10813 9257 1556 9637 8964 673
is_linear=0
shrinkage=0.025


Tree=215
num_leaves=9
num_cat=0
split_feature=31 60 22 22 0 39 0 12
split_gain=5.64536 7.28769 5.67282 5.66138 6.27066 3.96047 3.92524 3.96909
threshold=0.31505900000000003 0.68000000000000005 0.3799105000000001 0.26721800000000001 0.28933350000000008 1.0000000180025095e-35 0.8430335000000001 1.0000000180025095e-35
decision_type=2 2 2 2 2 2 2 2
left_child=2 5 3 4 -1 -2 -4 -8
right_child=1 -3 6 -5 -6 -7 7 -9
leaf_value=-0.015480193978575791 -0.0082296618431396459 -0.011454467339335736 0.003312594102251828 -0.012983754606710736 0.0060649196648075738 0.012057450945776697 -0.018106021216797028 0.0073319959315737322
leaf_weight=9.6817436650489963 4.9236351833351355 9.9858321576284634 101.0554445488051 43.163282084844468 28.442898980529208 51.098073558467149 9.454494039713607 3.9205426436383268
leaf_count=3623 579 1169 3396 5246 3988 1674 845 72
internal_value=9.76808e-05 0.0063369 -0.00201143 -0.0069949 0 0.00992298 0.00152361 -0.0101779
internal_weight=261.726 66.0075 195.718 81.2879 38.1246 56.0217 114.43 13.375
internal_count=20592 3422 17170 12857 7611 2253 4313 917
is_linear=0
shrinkage=0.025


Tree=216
num_leaves=8
num_cat=0
split_feature=4 39 14 60 18 22 20
split_gain=4.1571 4.22934 4.93601 4.53629 3.96513 3.88778 2.73078
threshold=0.62500000000000011 1.0000000180025095e-35 1.0000000180025095e-35 0.82000000000000017 0.70559200000000011 0.49192400000000008 0.67456900000000009
decision_type=2 2 2 2 2 2 2
left_child=1 2 4 5 -1 -3 -5
right_child=-2 3 -4 6 -6 -7 -8
leaf_value=-0.010234341840352008 -0.020477212894019291 0.0016490455050125479 -0.022972274376588844 -0.0177159004948312 0.0068272101352919697 0.010249103903708688 -0.0013732204975315111
leaf_weight=14.700313446044676 3.8420181677120118 150.98968874450384 7.0792463994212076 7.4720895077898595 15.106354841671417 41.601857095141895 24.632145156996557
leaf_count=2956 1282 10095 1919 1903 268 719 1517
internal_value=0.0003364 0.000823614 -0.00675563 0.00214953 -0.00146598 0.00363154 -0.00621267
internal_weight=265.424 261.582 36.8859 224.696 29.8067 192.592 32.1042
internal_count=20659 19377 5143 14234 3224 10814 3420
is_linear=0
shrinkage=0.025


Tree=217
num_leaves=9
num_cat=0
split_feature=15 61 0 61 58 58 62 34
split_gain=4.62279 6.40404 4.14814 6.04292 4.13433 5.06972 3.53409 3.42555
threshold=0.66389800000000021 0.53044100000000005 0.48566650000000006 0.48363350000000005 0.36833350000000004 0.31583350000000004 0.91666666666666685 0.27211300000000005
decision_type=2 2 2 2 2 2 2 2
left_child=1 4 7 -4 5 -1 -3 -2
right_child=2 6 3 -5 -6 -7 -8 -9
leaf_value=-0.0095313436704077652 -0.00056692748075830063 0.0053466921615324021 -0.01125444005775883 0.0032445968333603362 -0.015720402684704631 0.0063434677980205578 -0.014928015389334848 0.014124350826714963
leaf_weight=30.951003547786968 13.561020360044493 44.121039793128148 21.746271642885404 71.504207233898342 28.531405216986968 18.041814084148427 3.997976014899904 26.367203843881725
leaf_count=8030 834 1414 1833 2040 4491 1018 354 603
internal_value=-0.000562662 -0.00399427 0.00263049 -0.000223195 -0.00838611 -0.00351878 0.00298404 0.00916677
internal_weight=258.822 125.643 133.179 93.2505 77.5242 48.9928 48.119 39.9282
internal_count=20617 15307 5310 3873 13539 9048 1768 1437
is_linear=0
shrinkage=0.025


Tree=218
num_leaves=9
num_cat=0
split_feature=62 21 17 3 9 0 19 16
split_gain=4.40758 5.61809 3.86648 6.1038 3.7187 4.83809 7.22974 4.77417
threshold=0.75000000000000011 0.9840000000000001 0.71436200000000005 0.96945887804031383 0.78000000000000014 0.48220000000000002 0.70521800000000001 0.67431750000000013
decision_type=2 2 2 2 2 2 2 2
left_child=4 2 3 -2 5 6 -1 -6
right_child=1 -3 -4 -5 7 -7 -8 -9
leaf_value=-0.0046031214490768425 -0.01745609633826271 0.016922825671903407 0.0048624423247676006 0.0024917812529916226 0.012117780849672896 -0.0095222664712232789 0.016349959494009508 0.001600387968250439
leaf_weight=25.368198734233374 29.061204299413475 4.1515151233179486 9.460259524996216 12.327913871760755 35.994781378314656 31.313688672460557 14.334905544084902 103.49744731333885
leaf_count=4856 6267 59 503 1490 1058 3344 275 2778
internal_value=0.000453979 -0.00568727 -0.00824571 -0.0115007 0.00213225 -0.00241213 0.0032035 0.00450024
internal_weight=265.51 55.0009 50.8494 41.3891 210.509 71.0168 39.7031 139.492
internal_count=20630 8319 8260 7757 12311 8475 5131 3836
is_linear=0
shrinkage=0.025


Tree=219
num_leaves=9
num_cat=0
split_feature=1 0 21 2 0 44 6 21
split_gain=4.0469 4.00521 6.16674 4.49486 3.27265 3.76503 3.51116 2.70006
threshold=0.44463366270065313 0.48566650000000006 0.77400000000000013 0.73102048039436351 0.41350000000000003 0.012425500000000001 0.53018700000000007 0.49000000000000005
decision_type=2 2 2 2 2 2 2 2
left_child=-1 4 7 -4 6 -6 -2 -3
right_child=1 2 3 -5 5 -7 -8 -9
leaf_value=-0.013040876338130067 0.007641648884289246 -0.0033306463289668083 -0.0012331013239407281 0.0093271064415472293 -0.0086589099039376619 0.017983577142960592 -0.0049140629236186653 -0.017125380355564851
leaf_weight=12.315949904147599 28.622960481832706 22.710105987731367 110.0825171875149 30.283417323371395 2.3508245504908727 17.004615586483851 23.062617708535981 16.497897054676287
leaf_count=8529 1700 1257 4164 609 673 466 819 2472
internal_value=-8.65384e-05 0.000618593 -0.00134206 0.00109157 0.00557835 0.0138886 0.00192511 -0.00986663
internal_weight=262.931 250.615 179.574 140.366 71.041 19.3554 51.6856 39.208
internal_count=20689 12160 8502 4773 3658 1139 2519 3729
is_linear=0
shrinkage=0.025


Tree=220
num_leaves=9
num_cat=0
split_feature=9 34 16 29 4 18 29 32
split_gain=4.98053 5.20839 3.54445 3.5276 3.46673 2.69598 2.21725 2.1077
threshold=0.95350000000000013 0.25732900000000009 0.68085450000000003 0.9893010000000001 1.0000000180025095e-35 0.7405695000000001 0.52868100000000007 0.33117500000000005
decision_type=2 2 2 2 2 2 2 2
left_child=3 -2 7 4 5 -1 -4 -3
right_child=1 2 6 -5 -6 -7 -8 -9
leaf_value=-0.0010546771006224233 0.018406228215323086 0.019295076218044434 -0.0065379086046230403 0.010457626158403937 -0.016774188611790457 -0.011909611299125815 0.0079044871205370699 -0.0030604713590496116
leaf_weight=169.41839641484967 14.063214277834048 6.8483604750363138 23.742489883821694 10.998169352602416 8.8620005503125849 13.989098928970632 6.7254487979225805 2.3106387103907764
leaf_count=15785 328 95 977 147 2551 548 80 72
internal_value=-0.000245668 0.00635424 0.00121809 -0.0020704 -0.00292592 -0.00204261 -0.00282839 0.0134454
internal_weight=256.958 53.6902 39.6269 203.268 192.269 183.407 30.4679 9.159
internal_count=20583 1552 1224 19031 18884 16333 1057 167
is_linear=0
shrinkage=0.025


Tree=221
num_leaves=9
num_cat=0
split_feature=60 31 2 48 58 58 41 17
split_gain=4.76096 4.48268 3.68392 3.62945 4.20076 3.62945 3.52617 2.29962
threshold=0.82000000000000017 0.34591200000000005 0.68759378790855419 0.55220000000000014 0.46583350000000007 0.31583350000000004 0.42500000000000004 0.68893000000000015
decision_type=2 2 2 2 2 2 2 2
left_child=1 3 -2 4 -1 -5 -3 -8
right_child=2 6 -4 5 -6 -7 7 -9
leaf_value=0 -0.01303454491466887 -0.0079346209290435312 0.0026325968475127775 -0.0080854530893429092 -0.011987858968557944 0.004737757063634559 0.017026102887394454 0.0037742035269324953
leaf_weight=50.969221233209282 26.405608350120019 5.2481940879006279 12.069225781364365 14.22893696353094 27.394985441113022 83.427514209834044 18.723763330021029 18.914133332582423
leaf_count=7587 4162 348 666 604 3368 2338 900 566
internal_value=-0.000140282 0.00127578 -0.00804736 -0.000477126 -0.00446038 0.00266934 0.00833816 0.0110823
internal_weight=257.382 218.907 38.4748 176.021 78.3642 97.6565 42.8861 37.6379
internal_count=20539 15711 4828 13897 10955 2942 1814 1466
is_linear=0
shrinkage=0.025


Tree=222
num_leaves=9
num_cat=0
split_feature=4 0 8 27 1 55 71 51
split_gain=4.37116 4.63252 6.29681 4.81422 4.74523 3.82223 2.58385 1.83119
threshold=1.0000000180025095e-35 0.48566650000000006 1.0000000180025095e-35 1.0000000180025095e-35 0.43998135626316076 1.0000000180025095e-35 1.0000000180025095e-35 1.0000000180025095e-35
decision_type=2 2 2 2 2 2 2 2
left_child=1 4 6 -4 -1 -6 -3 -2
right_child=7 2 3 -5 5 -7 -8 -9
leaf_value=-0.011838248064331336 -0.018464777427863337 -0.02091145085418732 -0.0042352503711032309 0.0043927973049479587 0.0032055070866700407 0.01649351941635677 0.0086108536975725066 0.0028473599707093556
leaf_weight=6.5318378270985695 9.3207582469185546 11.54971007705171 89.182822732876957 70.355543761812442 43.269089952722425 20.13420940190008 0.6527966903595378 1.8866605127459486
leaf_count=4382 2253 3467 4218 2465 2498 899 86 368
internal_value=-0.000402652 0.000329697 -0.00184954 -0.000376622 0.00568817 0.00791522 -0.0178138 -0.0144213
internal_weight=252.883 241.676 171.741 159.538 69.9351 63.4033 12.2025 11.2074
internal_count=20636 18015 10236 6683 7779 3397 3553 2621
is_linear=0
shrinkage=0.025


Tree=223
num_leaves=9
num_cat=0
split_feature=29 4 3 9 1 19 58 51
split_gain=5.13598 4.78013 3.26434 3.90703 2.87734 1.77527 1.36011 1.69663
threshold=0.91839300000000013 1.0000000180025095e-35 0.9297064244747163 0.63000000000000012 0.61249238252639782 0.68063400000000007 0.66083300000000011 1.0000000180025095e-35
decision_type=2 2 2 2 2 2 2 2
left_child=1 2 4 -4 -1 -2 7 -3
right_child=5 6 3 -5 -6 -7 -8 -9
leaf_value=-0.012859479132536872 -0.0017752122735271933 -0.023175887400921632 -0.0094166983393863223 0.0025049512823824525 0.00076064797249264244 0.0163478100470195 0 0.00010314856722188243
leaf_weight=18.940275032275167 2.9357656370229988 7.3681568472411509 16.835150094423625 179.34700696711297 15.844380782567894 13.637565753189845 2.1110665281885295 1.655583130484956
leaf_count=3466 123 2130 6767 7036 536 122 102 361
internal_value=0.000194066 -0.000742682 5.87756e-05 0.00135936 -0.00674759 0.0128883 -0.0154157 -0.0189807
internal_weight=258.675 242.102 230.967 196.182 34.7847 16.5733 11.1348 9.02374
internal_count=20643 20398 17805 13803 4002 245 2593 2491
is_linear=0
shrinkage=0.025


Tree=224
num_leaves=9
num_cat=0
split_feature=60 47 22 39 22 14 44 43
split_gain=4.35719 3.8067 4.55066 3.79763 4.62881 6.67502 5.06774 3.69224
threshold=0.82000000000000017 0.80616900000000002 0.59978900000000013 1.0000000180025095e-35 0.50574450000000015 1.0000000180025095e-35 0.40703000000000006 1.0000000180025095e-35
decision_type=2 2 2 2 2 2 2 2
left_child=3 2 -2 7 6 -6 -5 -1
right_child=1 -3 -4 4 5 -7 -8 -9
leaf_value=-0.0010049095677572091 -0.018782767157509251 0.00077783882163559625 0.010002262085092495 -0.0019662528646519242 -0.0045316020306560428 0.0186244500018924 0.0074822612093944129 -0.021407537035017351
leaf_weight=23.016612684468786 17.635273298004908 17.745970381918596 2.4769250333774826 106.80255418430443 9.8729073344729859 21.898377227596939 50.302959537388233 5.8037255077279033
leaf_count=2429 4030 438 364 9612 228 334 1424 1762
internal_value=0.000205151 -0.00736778 -0.0143145 0.00161133 0.00294013 0.0113644 0.00106791 -0.00647942
internal_weight=255.555 37.8582 20.1122 217.697 188.877 31.7713 157.106 28.8203
internal_count=20621 4832 4394 15789 11598 562 11036 4191
is_linear=0
shrinkage=0.025


Tree=225
num_leaves=9
num_cat=0
split_feature=2 17 0 17 60 19 31 29
split_gain=4.19058 5.88026 4.3386 4.12575 4.53959 3.78379 3.23705 2.95691
threshold=0.64415809512138378 0.62110100000000013 0.38213350000000007 0.68893000000000015 0.82000000000000017 0.69136200000000014 0.66279750000000004 0.52868100000000007
decision_type=2 2 2 2 2 2 2 2
left_child=1 2 5 4 -3 -1 7 -2
right_child=6 3 -4 -5 -6 -7 -8 -9
leaf_value=-0.013738427436769691 -0.00022552181629387875 0.0064258318918546751 -0.017686236128877337 -0.007416201542541162 -0.0082235086789562914 0.013658908242988599 0.018482539115313154 0.010340044115729483
leaf_weight=3.4577628486049417 89.204773558449233 53.601723050787768 23.872536911296265 34.123605468132155 15.130164224101462 5.3028090137231629 5.8602626337960819 17.968695246381685
leaf_count=2880 2897 4101 6248 1996 1921 137 202 203
internal_value=-0.000611191 -0.00357705 -0.0124973 -0.000490987 0.00295365 0.00160468 0.00287903 0.00163417
internal_weight=248.522 135.489 32.6331 102.855 68.7319 8.76057 113.034 107.173
internal_count=20585 17283 9265 8018 6022 3017 3302 3100
is_linear=0
shrinkage=0.025


Tree=226
num_leaves=9
num_cat=0
split_feature=29 3 47 1 21 62 34 19
split_gain=4.87252 4.09543 4.59146 5.4335 4.16399 4.14416 3.17979 3.08188
threshold=0.52868100000000007 0.9297064244747163 0.60220400000000007 0.60255634784698497 0.70400000000000007 0.91666666666666685 0.067161000000000012 0.67448700000000017
decision_type=2 2 2 2 2 2 2 2
left_child=1 2 3 -1 6 -6 -3 -2
right_child=7 4 -4 -5 5 -7 -8 -9
leaf_value=-0.012806810832766097 -0.0069337271456786261 -0.013435297554322843 -0.020855593132742243 0.0099872707444416571 0.0042145852349378763 -0.01362540664336484 -0.0015316616751348683 0.011481255764253658
leaf_weight=11.658684095145874 5.0288379133025947 17.56503582735786 11.759956356072506 10.384366217011118 104.62596330382075 6.7130017971248881 58.706624237442156 28.46589311119169
leaf_count=3347 581 7485 461 474 3379 865 3569 489
internal_value=-0.000301032 -0.00169367 -0.00944642 -0.00181916 -0.000172343 0.00285132 -0.00464209 0.00827026
internal_weight=254.908 221.414 33.803 22.0431 187.611 111.339 76.2717 33.4947
internal_count=20650 19580 4282 3821 15298 4244 11054 1070
is_linear=0
shrinkage=0.025


Tree=227
num_leaves=9
num_cat=0
split_feature=29 15 48 62 15 43 34 9
split_gain=4.37404 3.67934 8.20796 6.65931 3.79334 3.6357 3.4663 1.80933
threshold=0.91839300000000013 0.66563950000000016 0.66350000000000009 0.41666666666666669 0.6841710000000002 1.0000000180025095e-35 0.37119550000000007 0.95350000000000013
decision_type=2 2 2 2 2 2 2 2
left_child=1 2 3 -1 7 -6 -4 -3
right_child=-2 4 6 -5 5 -7 -8 -9
leaf_value=0.0063183238691657184 0.011452923053454229 0.0038312783908037353 0.014534890826710568 -0.010544457199867442 0.0017974131228241823 -0.012314469468799076 -0.0028279484943473793 0.019020806363480927
leaf_weight=15.998393699032929 17.570233511632978 14.623379265140104 16.076129858172866 76.267371333259689 84.570041174647486 11.140022951338322 9.9647825746651488 8.636771339166442
leaf_count=1167 243 1041 362 13286 3148 810 384 115
internal_value=6.3331e-05 -0.000837398 -0.00394964 -0.00746896 0.00220962 0 0.00789556 0.0108277
internal_weight=254.847 237.277 118.307 92.2658 118.97 95.7101 26.0409 23.2602
internal_count=20556 20313 15199 14453 5114 3958 746 1156
is_linear=0
shrinkage=0.025


Tree=228
num_leaves=9
num_cat=0
split_feature=20 45 2 9 6 31 58 58
split_gain=4.26101 3.50631 4.51417 4.41166 4.34428 3.12131 2.94066 2.8635
threshold=0.61172500000000007 1.0000000180025095e-35 0.71571186184883129 0.91800000000000015 0.56610500000000019 0.5186845000000001 0.31583350000000004 0.70666650000000009
decision_type=2 2 2 2 2 2 2 2
left_child=5 3 7 4 -2 -1 -5 -3
right_child=1 2 -4 6 -6 -7 -8 -9
leaf_value=-0.019622303627588385 0.0044842881985575683 0.00259872524886409 0.015495634396912676 -0.0070738933470486922 -0.0087747276652775878 0.0066589987398945061 0.0066233482465112448 -0.015385624725138061
leaf_weight=9.4079948722637692 17.935248669158682 89.92203363360386 15.488511040166484 10.547156371460003 64.348550822362995 2.152594228169618 39.741303837414307 3.8246662455130709
leaf_count=7267 2437 4501 224 371 3932 308 1173 380
internal_value=-0.000258547 0.000472399 0.00377812 -0.00221134 -0.00575787 -0.0139153 0.00344646 0.00148061
internal_weight=253.368 241.807 109.235 132.572 82.2838 11.5606 50.2885 93.7467
internal_count=20593 13018 5105 7913 6369 7575 1544 4881
is_linear=0
shrinkage=0.025


Tree=229
num_leaves=9
num_cat=0
split_feature=2 17 20 15 59 15 19 19
split_gain=4.03996 4.06654 4.95809 4.95503 5.72614 4.36792 2.60691 4.23088
threshold=0.68278563022613536 0.61923800000000007 0.71123300000000012 0.52310500000000004 1.0000000180025095e-35 0.66144650000000016 0.71010800000000007 0.76898500000000014
decision_type=2 2 2 2 2 2 2 2
left_child=1 2 -1 4 -3 -5 -2 -8
right_child=6 3 -4 5 -6 -7 7 -9
leaf_value=-0.015616197123405617 0.012770490237110932 -0.0063961243652482964 0.00091498343647582474 -0.010427784912840545 0.014911921637942464 0.00071174158322494859 -0.0015177370779061695 0.014317796317981045
leaf_weight=24.05136600626065 17.685487279784866 9.6196444076495009 18.271713771580835 29.158329532659991 22.765388372485177 70.512168319364719 45.632725669827778 11.402083441906141
leaf_count=8691 381 1090 832 3783 1248 3130 1135 354
internal_value=1.74795e-05 -0.00203595 -0.0085909 0.00010575 0.00836058 -0.00261435 0.00483559 0.00189878
internal_weight=249.099 174.379 42.3231 132.056 32.385 99.6705 74.7203 57.0348
internal_count=20644 18774 9523 9251 2338 6913 1870 1489
is_linear=0
shrinkage=0.025


Tree=230
num_leaves=9
num_cat=0
split_feature=29 62 3 47 58 2 28 60
split_gain=4.49544 3.72089 4.73572 4.94335 3.32018 3.44583 2.67758 1.34391
threshold=0.89118900000000012 0.41666666666666669 0.9297064244747163 0.77480250000000017 0.58083350000000011 0.6687772572040559 0.31620650000000006 0.49000000000000005
decision_type=2 2 2 2 2 2 2 2
left_child=1 4 6 -4 5 -1 -3 -6
right_child=-2 2 3 -5 7 -7 -8 -9
leaf_value=0 0.011349580996112271 -0.021718064797821346 -0.0041187379941501449 0.0043920064851375494 0.0047426086699232789 0.015465072570286002 -0.0045055047757988935 -0.018157383776527414
leaf_weight=15.347594344414572 18.908632005710388 8.8147905496125549 99.430316425907222 71.306846184132155 0.74083808949217145 18.816185733419843 18.058936169112712 2.7385409267444629
leaf_count=1266 275 1862 13585 1308 11 336 1929 136
internal_value=0.000216018 -0.000735365 -0.00214694 -0.000511186 0.0062201 0.00883827 -0.0115244 -0.0119614
internal_weight=254.163 235.254 197.611 170.737 37.6432 34.1638 26.8737 3.47938
internal_count=20708 20433 18684 14893 1749 1602 3791 147
is_linear=0
shrinkage=0.025


Tree=231
num_leaves=9
num_cat=0
split_feature=19 17 29 22 22 41 2 2
split_gain=4.52679 5.20667 3.24785 3.15495 4.1862 3.80244 3.00992 2.89012
threshold=0.70111250000000014 0.62284700000000004 0.52868100000000007 0.26363950000000008 0.37849650000000007 0.92500000000000016 0.5351318120956422 0.73102048039436351
decision_type=2 2 2 2 2 2 2 2
left_child=1 2 -1 6 5 -5 -2 -6
right_child=3 -3 -4 4 7 -7 -8 -9
leaf_value=-0.018303429063515442 -0.0057509265863874663 -0.00095914947315541704 0.0052956269412423379 -0.014559530854579098 0.00078284893054983429 0.0029298346441621859 0.017135665718815068 0.010273256091310032
leaf_weight=19.608120061046979 3.0899080485614823 61.687559447669628 2.9049676580179939 16.661736805384862 96.56292304422459 11.297202563946486 12.615077640977686 24.209791857050732
leaf_count=8510 259 6035 381 1020 3462 391 166 506
internal_value=-0.000322275 -0.00499548 -0.0147688 0.00205688 0.000803894 -0.00751854 0.0120682 0.00288272
internal_weight=248.637 84.2006 22.5131 164.437 148.732 27.9589 15.705 120.773
internal_count=20730 14926 8891 5804 5379 1411 425 3968
is_linear=0
shrinkage=0.025


Tree=232
num_leaves=9
num_cat=0
split_feature=47 23 6 0 16 61 27 59
split_gain=4.45604 4.32306 4.82363 4.74469 3.11515 3.03463 2.9585 1.92826
threshold=0.93492100000000011 1.0000000180025095e-35 0.73750950000000015 0.48566650000000006 0.60856150000000009 0.47019250000000007 1.0000000180025095e-35 1.0000000180025095e-35
decision_type=2 2 2 2 2 2 2 2
left_child=1 2 3 -1 -2 -6 -4 -7
right_child=4 -3 6 -5 5 7 -8 -9
leaf_value=0.0024049059376458921 -0.010987527974814389 -0.016221024981762044 -0.0012924548135057558 -0.0062095184966787544 -0.0094966897463370573 -0.0012890193633262011 0.014208999675739523 0.012551769565981514
leaf_weight=69.133491344149661 3.6457976926467373 9.8894461810350531 10.706620106182529 87.493127945917877 3.3498245144583043 5.9390655783936372 17.871687771752477 37.143218991928734
leaf_count=9566 73 1846 784 7127 91 50 811 316
internal_value=0.000107938 -0.00158079 -0.000594032 -0.00237753 0.00663898 0.00857442 0.00845155 0.0105049
internal_weight=245.172 195.094 185.205 156.627 50.0779 46.4321 28.5783 43.0823
internal_count=20664 20134 18288 16693 530 457 1595 366
is_linear=0
shrinkage=0.025


Tree=233
num_leaves=9
num_cat=0
split_feature=4 49 61 29 26 75 18 72
split_gain=5.53976 3.42979 5.41659 4.67368 3.39316 2.86092 2.72807 2.40702
threshold=1.0000000180025095e-35 1.0000000180025095e-35 0.48363350000000005 0.43853150000000002 0.30100000000000005 1.0000000180025095e-35 0.73306750000000009 1.0000000180025095e-35
decision_type=2 2 2 2 2 2 2 2
left_child=1 3 4 7 -3 -2 -4 -1
right_child=5 2 6 -5 -6 -7 -8 -9
leaf_value=0.0039578360498281956 -0.022555352777742694 -0.017709770848374603 0.0035173566089150166 0.019181345395372067 -0.0028931407631567429 0.0017631554188201352 -0.0049705244806313598 -0.012496144644241661
leaf_weight=49.780762957141633 7.9624823106487366 14.156284546988898 102.31859033014916 11.056617409277349 30.580560631555272 3.1731695776479683 28.175115167745389 4.1170147974780766
leaf_count=3904 2399 5148 3285 351 3978 247 1105 300
internal_value=-3.42471e-07 0.000827877 -0.000964533 0.00565974 -0.00829932 -0.0158413 0.00158075 0.00216468
internal_weight=251.321 240.185 175.231 64.9544 44.7368 11.1357 130.494 53.8978
internal_count=20717 18071 13516 4555 9126 2646 4390 4204
is_linear=0
shrinkage=0.025


Tree=234
num_leaves=9
num_cat=0
split_feature=18 0 61 0 16 0 19 62
split_gain=2.91323 2.72903 8.11221 4.80818 4.16921 3.73744 3.59843 2.55698
threshold=0.63540000000000008 0.48566650000000006 0.48281650000000004 0.77566650000000015 0.7148580000000001 0.41233350000000007 0.72231300000000009 0.58333333333333337
decision_type=2 2 2 2 2 2 2 2
left_child=7 5 3 -3 -4 6 -2 -1
right_child=1 2 4 -5 -6 -7 -8 -9
leaf_value=0 -0.0026560223728760396 -0.02109479152299585 0.0041848546400713128 -0.0023298975711609888 -0.0060344283616625095 0.014172552343564501 0.013398631061732303 -0.018116578655594469
leaf_weight=10.68410871246124 37.023452234443539 15.517324040367383 100.93999806813372 19.756151227044029 30.604351273490465 17.151731455342087 9.1651835635420849 8.2983689739967286
leaf_count=2905 1934 2248 3108 1423 1169 828 144 6895
internal_value=-0.00027736 0.000500548 -0.00114723 -0.011475 0.00169637 0.00485733 0.000797927 -0.00921543
internal_weight=249.141 230.158 166.818 35.2735 131.544 63.3404 46.1886 18.9825
internal_count=20654 10854 7948 3671 4277 2906 2078 9800
is_linear=0
shrinkage=0.025


Tree=235
num_leaves=9
num_cat=0
split_feature=60 9 55 29 16 20 43 29
split_gain=5.01332 3.92371 4.99767 5.95103 4.40891 3.59704 3.27824 2.33798
threshold=0.82000000000000017 0.95350000000000013 1.0000000180025095e-35 0.31620650000000006 0.7148580000000001 0.72144700000000006 1.0000000180025095e-35 1.0000000180025095e-35
decision_type=2 2 2 2 2 2 2 2
left_child=1 2 4 -4 -1 -2 -3 -7
right_child=5 6 3 -5 -6 7 -8 -9
leaf_value=-0.0025214139101091999 -0.014048978396478755 0.010582472344334003 -0.00013088298333660086 0.014550653486625188 -0.023288642453441269 -0.0088203345977423842 -0.0078993063246443583 0.0093456475810644486
leaf_weight=85.510404379505417 22.923221095696135 38.052279081806773 55.290442001063639 22.431622897405759 5.1563855526619582 5.6978477069060309 5.0802307401027056 8.1461339993693382
leaf_count=8519 3706 694 5350 849 251 793 230 374
internal_value=-3.84064e-05 0.00143362 -0.000274752 0.00427106 -0.00426056 -0.00833749 0.00798589 0.00122599
internal_weight=248.289 211.521 168.389 77.7221 90.6668 36.7672 43.1325 13.844
internal_count=20766 15893 14969 6199 8770 4873 924 1167
is_linear=0
shrinkage=0.025


Tree=236
num_leaves=9
num_cat=0
split_feature=61 0 16 9 31 2 61 3
split_gain=3.65041 9.42482 3.86322 7.38324 6.39096 4.76069 3.83261 4.63505
threshold=0.48281650000000004 0.48933350000000003 0.7148580000000001 0.81800000000000006 1.0000000180025095e-35 0.57140573859214794 0.26022750000000006 0.95475766062736522
decision_type=2 2 2 2 2 2 2 2
left_child=1 6 3 4 -2 -5 7 -1
right_child=2 -3 -4 5 -6 -7 -8 -9
leaf_value=0.0036323363571900331 0.0070185280744457694 -0.014240411088647315 -0.0050656558331072243 -0.0082387504765915106 -0.010904848275780697 0.012351236712703688 0.010018797440143407 -0.010981426060926832
leaf_weight=30.80982813547871 20.176028571462666 34.69906820416054 32.611744756053668 6.1342876682174383 25.874051239738037 55.8018269091408 20.127163963028579 20.799397118704292
leaf_count=4900 747 6018 1182 251 1203 1309 1115 3955
internal_value=-0.000437124 -0.00391584 0.00216172 0.004465 -0.00293068 0.0100007 0.00122726 -0.00230732
internal_weight=247.033 106.435 140.598 107.986 46.0501 61.9361 71.7364 51.6092
internal_count=20680 15988 4692 3510 1950 1560 9970 8855
is_linear=0
shrinkage=0.025


Tree=237
num_leaves=9
num_cat=0
split_feature=21 34 48 1 62 48 42 16
split_gain=4.35741 5.00389 3.83049 4.55173 2.91692 4.39151 4.68784 3.44191
threshold=0.70400000000000007 0.052103000000000003 0.25536650000000005 0.58984100818634044 0.58333333333333337 0.66350000000000009 0.75000000000000011 0.63276150000000009
decision_type=2 2 2 2 2 2 2 2
left_child=1 -1 -3 -4 7 6 -6 -2
right_child=4 2 3 -5 5 -7 -8 -9
leaf_value=-0.014364576467761639 -0.0056380032869901512 0.011066171683679266 -0.0091290371329929426 0.0032247351445539732 0.0066049619595788082 0.0066192293604223924 -0.010736049248594379 0.0087351135587922079
leaf_weight=19.842520579757547 10.351207456405971 12.084442770346866 36.302493925935778 33.636340417990141 11.784613688912939 28.924765826792282 30.424880861010024 61.76012048413395
leaf_count=9995 283 1123 3173 1098 696 916 1934 1518
internal_value=0.000171181 -0.0037081 -0.00076034 -0.00315889 0.00299455 -0.00051098 -0.00564513 0.00647426
internal_weight=245.111 101.866 82.0233 69.9388 143.246 71.1343 42.2095 72.1113
internal_count=20736 15389 5394 4271 5347 3546 2630 1801
is_linear=0
shrinkage=0.025


Tree=238
num_leaves=9
num_cat=0
split_feature=62 29 0 31 9 3 17 19
split_gain=7.77164 4.86468 3.77554 5.02014 4.78629 2.33735 2.58373 1.74181
threshold=0.91666666666666685 0.89118900000000012 0.80776700000000012 0.49463300000000004 0.95350000000000013 0.97958701848983776 0.71436200000000005 0.68063400000000007
decision_type=2 2 2 2 2 2 2 2
left_child=1 2 4 -4 -1 6 -2 -3
right_child=5 7 3 -5 -6 -7 -8 -9
leaf_value=-0.0041327623250928622 -0.021859281966367872 -0.0011643712676549752 0.0082686326456326443 -0.016411238542734456 0.0064995624754381146 0.0062548730755973897 0.0011905656000911469 0.016660748027523011
leaf_weight=128.32039856415395 13.849574003170352 3.0938371265292544 46.754080235120455 3.7179220031866853 30.900436532407184 1.3875226037562232 2.7707376689868388 13.703310821379999
leaf_count=13032 3906 130 2000 413 702 122 208 120
internal_value=-0.000261047 0.00101862 -3.75704e-05 0.00575147 -0.00196777 -0.0152236 -0.0178988 0.013204
internal_weight=244.498 226.49 209.693 50.472 159.221 18.0078 16.6203 16.7971
internal_count=20633 16397 16147 2413 13734 4236 4114 250
is_linear=0
shrinkage=0.025


Tree=239
num_leaves=9
num_cat=0
split_feature=39 22 62 2 0 47 60 55
split_gain=3.76769 4.97562 4.17452 5.0371 4.42371 3.34649 2.60752 3.92321
threshold=1.0000000180025095e-35 0.49192400000000008 0.41666666666666669 0.67942911386489879 0.45106650000000009 0.9999920000000001 0.68000000000000005 1.0000000180025095e-35
decision_type=2 2 2 2 2 2 2 2
left_child=5 2 3 -2 -4 -1 7 -3
right_child=1 6 4 -5 -6 -7 -8 -9
leaf_value=-0.011474904369190604 -0.0039566816011750569 0 0.0028637846550969058 0.015043912201506474 -0.0066402045514741955 0.0079343892693573542 -0.0016409100597322716 0.016773087447518674
leaf_weight=29.219341856060964 14.218461599327386 13.649635337060316 42.996711225354375 16.664437381317839 90.76018805620879 4.7927432976139235 12.854903003360958 22.116971148061566
leaf_count=5389 1014 295 5530 298 6602 53 1145 262
internal_value=-0.000750832 0.00047468 -0.00157808 0.00635938 -0.00353268 -0.00824286 0.00736152 0.0107112
internal_weight=247.273 213.261 164.64 30.8829 133.757 34.0121 48.6215 35.7666
internal_count=20588 15146 13444 1312 12132 5442 1702 557
is_linear=0
shrinkage=0.025


Tree=240
num_leaves=9
num_cat=0
split_feature=4 17 0 0 28 0 22 29
split_gain=3.99486 3.45775 5.69788 3.83026 3.0947 3.05717 5.05103 3.42578
threshold=1.0000000180025095e-35 0.60271500000000011 0.80776700000000012 0.8430335000000001 1.0000000180025095e-35 0.48566650000000006 0.35252900000000004 0.43853150000000002
decision_type=2 2 2 2 2 2 2 2
left_child=1 2 4 -4 -1 7 -7 -3
right_child=-2 5 3 -5 -6 6 -8 -9
leaf_value=-0.01691007074245247 -0.013910946289319395 0.0034826133246076913 0.014537281867377617 -0.013440318386379059 -0.0011759337711081111 -0.014661622013543266 0.0014446975251339693 0.01952018194221589
leaf_weight=19.130723307054723 10.72788863210735 49.044931773988537 10.036055985976416 2.1062542428335282 14.634059183131283 11.490389736432915 121.60050138422957 8.9707342079645951
leaf_count=3094 2611 4094 508 165 2690 2380 4900 321
internal_value=-0.000246105 0.000452252 -0.0055232 0.00793945 -0.0107475 0.00196883 -8.67983e-05 0.00665527
internal_weight=247.742 237.014 45.9071 12.1423 33.7648 191.107 133.091 58.0157
internal_count=20763 18152 6457 673 5784 11695 7280 4415
is_linear=0
shrinkage=0.025


Tree=241
num_leaves=9
num_cat=0
split_feature=20 0 61 0 34 0 34 18
split_gain=3.51324 2.96743 7.30301 4.90002 4.3111 4.12261 3.83865 3.08305
threshold=0.61172500000000007 0.48566650000000006 0.48281650000000004 0.41233350000000007 0.39392650000000001 0.77566650000000015 0.084853000000000026 0.73306750000000009
decision_type=2 2 2 2 2 2 2 2
left_child=-1 3 5 4 -2 -3 -5 -4
right_child=1 2 7 6 -6 -7 -8 -9
leaf_value=-0.012592904454851764 -0.0069853693445676452 -0.020000928926483419 0.003524250158257232 -0.0084462276229109109 0.0073734751456577237 -0.0023398281613611206 0.019177415085341404 -0.0054268498242749019
leaf_weight=11.391271976493952 22.918859788364898 15.440577565506826 103.40622856426853 2.1831020671925243 25.341287624498364 18.951729991931643 16.613971702936396 28.785716010010219
leaf_count=7662 2280 2895 3278 799 745 1488 479 1106
internal_value=-0.000112975 0.000565378 -0.00119194 0.00494763 0.000398584 -0.0111384 0.0151048 0.00146736
internal_weight=245.033 233.641 166.584 67.0572 48.2601 34.3923 18.7971 132.192
internal_count=20732 13070 8767 4303 3025 4383 1278 4384
is_linear=0
shrinkage=0.025


Tree=242
num_leaves=9
num_cat=0
split_feature=29 1 60 0 17 0 62 17
split_gain=4.33125 3.47135 3.82057 2.83194 2.78691 2.55331 1.64005 1.33211
threshold=0.91839300000000013 0.73076048493385326 0.82000000000000017 0.8430335000000001 0.62224500000000005 0.77803350000000016 0.41666666666666669 0.73132100000000011
decision_type=2 2 2 2 2 2 2 2
left_child=1 2 4 -4 -1 -3 -2 -8
right_child=6 5 3 -5 -6 -7 7 -9
leaf_value=-0.0055860883418562641 -0.0042035853947164697 -0.0038055773648123514 -0.004570204372342972 -0.022090063018550071 0.0013449230540784436 0.015477719355597511 0.017141654085452606 -0.001256465961137947
leaf_weight=48.363327067441787 1.955939497143844 4.6548284295131443 24.336187322782283 7.1952233559422885 125.28753239866637 10.75277035590261 12.211630162466461 1.7717640493065108
leaf_count=8492 33 136 3459 1129 6885 265 202 18
internal_value=-0.000227754 -0.00120881 -0.00212917 -0.00987089 -0.000584353 0.00945325 0.0115524 0.0144758
internal_weight=236.529 220.59 205.182 31.5314 173.651 15.4076 15.9393 13.9834
internal_count=20619 20366 19965 4588 15377 401 253 220
is_linear=0
shrinkage=0.025


Tree=243
num_leaves=9
num_cat=0
split_feature=43 22 7 19 62 17 22 17
split_gain=3.57303 3.71365 4.35706 3.6497 3.58945 6.00499 3.21782 3.13203
threshold=1.0000000180025095e-35 0.5245105000000001 1.0000000180025095e-35 0.68314600000000014 0.91666666666666685 0.71436200000000005 0.24194450000000003 0.64335650000000011
decision_type=2 2 2 2 2 2 2 2
left_child=3 6 -3 7 -5 -6 -2 -1
right_child=1 2 -4 4 5 -7 -8 -9
leaf_value=-0.012217018618628455 0.0045119743418490857 0.019745326108481925 -0.0126611130851483 0.0040804323766303139 -0.018315436386280356 0.013391398288638718 -0.015942504083813213 0.000359468896379736
leaf_weight=18.628516389063861 4.4890622260591106 4.2259760812157756 2.4103980539075565 152.79123752222222 9.563567854351275 3.5426771134953006 20.521057342399217 27.931864691507144
leaf_count=7872 1246 340 228 4844 955 79 2842 2164
internal_value=0 -0.00758386 0.00690028 0.00117873 0.00294256 -0.00861019 -0.0119312 -0.00481379
internal_weight=244.104 31.6465 6.63637 212.458 165.897 13.1062 25.0101 46.5604
internal_count=20570 4656 568 15914 5878 1034 4088 10036
is_linear=0
shrinkage=0.025


Tree=244
num_leaves=9
num_cat=0
split_feature=9 34 34 47 20 15 1 0
split_gain=3.68846 4.77799 3.66461 3.14569 3.69794 3.03845 2.64036 3.57827
threshold=0.95350000000000013 0.26262600000000008 0.20974950000000003 0.25599850000000007 0.73533500000000018 0.6841710000000002 0.45299632847309118 0.48566650000000006
decision_type=2 2 2 2 2 2 2 2
left_child=2 -2 3 -1 -5 -3 -4 -8
right_child=1 5 6 4 -6 -7 7 -9
leaf_value=0.0039014147188390033 0.016896126821653704 0.0099891154235176305 -0.014544317287737866 -0.014570448449259178 0 -0.0042436398193240812 0.0070310298283141536 -0.0014467578911818186
leaf_weight=11.558790320079423 14.770889645456917 12.315754254144847 4.7873485731561223 30.049746891776067 15.590103348775299 24.802707081053086 44.708507973484302 89.101875966727675
leaf_count=6539 350 292 1416 5606 430 940 1368 3758
internal_value=0 0.00580122 -0.00157666 -0.00679486 -0.0097113 0.000556277 0.000589549 0.00139243
internal_weight=247.686 51.8894 195.796 57.1986 45.6399 37.1185 138.598 133.81
internal_count=20699 1582 19117 12575 6036 1232 6542 5126
is_linear=0
shrinkage=0.025


Tree=245
num_leaves=9
num_cat=0
split_feature=47 61 0 62 0 61 19 48
split_gain=3.2283 4.06597 5.14256 5.24446 3.69407 3.44974 2.42613 2.40815
threshold=0.95024300000000006 0.71538450000000009 0.48566650000000006 0.41666666666666669 0.41350000000000003 0.47455900000000001 0.70373000000000008 0.73303350000000012
decision_type=2 2 2 2 2 2 2 2
left_child=1 2 4 -4 -1 -2 -3 -7
right_child=5 6 3 -5 -6 7 -8 -9
leaf_value=-0.001166893907976603 -0.013232703861377671 -0.010011601061460594 0.0056967280465979415 -0.0091836420318947842 0.011244342167790154 0.010921356609971599 0.0090811169538498916 -0.0060900261685155636
leaf_weight=54.213865039573648 3.0490826574823577 2.7735338790225823 15.93217458267827 81.052219228238755 18.16590873246605 33.406970515643479 28.429854917165358 4.178255971055477
leaf_count=7688 104 110 535 8363 2251 294 1345 62
internal_value=0 -0.00130013 -0.00287056 -0.00659768 0.00206584 0.00626851 0.00665734 0.00862863
internal_weight=241.202 200.568 169.364 96.9844 72.3798 40.6343 31.2034 37.5852
internal_count=20752 20292 18837 8898 9939 460 1455 356
is_linear=0
shrinkage=0.025


Tree=246
num_leaves=9
num_cat=0
split_feature=60 61 27 20 31 39 47 20
split_gain=4.0012 3.44163 5.50872 4.50241 4.25744 3.89263 3.75946 2.54851
threshold=0.82000000000000017 0.71629350000000003 1.0000000180025095e-35 0.70316150000000011 0.31505900000000003 1.0000000180025095e-35 0.74884650000000008 0.69720050000000011
decision_type=2 2 2 2 2 2 2 2
left_child=1 4 3 -3 6 -6 -1 -2
right_child=7 2 -4 -5 5 -7 -8 -9
leaf_value=-0.0056208664971238512 -0.015236755924883192 0.011285980205247848 0.015964669241105404 -0.018664572821810114 -0.012821239458650808 0.0087748468943242564 0.0029187542721305923 -0.0014422131499479086
leaf_weight=77.346074653113646 13.265189592687873 3.5238564989413153 20.429768862319179 5.1417642233427614 3.8481589433740728 43.785981454560897 51.354854280754807 22.694649905857659
leaf_count=11960 3293 70 398 137 548 1831 938 1540
internal_value=0.000166159 0.00156027 0.00923378 -0.00594957 0.000162729 0.00643276 -0.00216344 -0.00726312
internal_weight=241.39 205.43 29.0954 8.66562 176.335 47.6341 128.701 35.9598
internal_count=20715 15882 605 207 15277 2379 12898 4833
is_linear=0
shrinkage=0.025


Tree=247
num_leaves=9
num_cat=0
split_feature=29 20 3 22 59 31 42 15
split_gain=4.18327 3.10555 2.40022 3.57568 2.68616 1.52755 1.22597 0.675184
threshold=0.96721250000000014 0.60377550000000013 0.91697376966476452 0.22161250000000002 1.0000000180025095e-35 0.52852950000000021 0.75000000000000011 0.70076150000000015
decision_type=2 2 2 2 2 2 2 2
left_child=1 5 4 -4 -3 -1 -2 -8
right_child=6 2 3 -5 -6 -7 7 -9
leaf_value=-0.018772650712306528 0 0.0050727636476868973 -0.011256112778514548 0.0018886126524112333 -0.013350723516412911 0.0032140748221996425 0.020311934684882901 0.0034089165670358242
leaf_weight=6.2508657712396589 4.3765434776432786 5.2378230784597717 11.788009683078597 188.95433672517538 13.721629078705517 1.2094726945124419 7.0270059748436324 4.3476097024977207
leaf_count=6205 102 614 1500 10806 1009 272 65 34
internal_value=0.000420247 -0.000457384 0.000111682 0.00097631 -0.00790476 -0.0144895 0.0121254 0.0158879
internal_weight=242.913 227.162 219.702 200.742 18.9595 7.46034 15.7512 11.3746
internal_count=20607 20406 13929 12306 1623 6477 201 99
is_linear=0
shrinkage=0.025


Tree=248
num_leaves=9
num_cat=0
split_feature=60 20 9 34 22 15 0 1
split_gain=4.52224 5.26074 3.75057 3.48352 3.29891 4.84634 3.30952 2.54059
threshold=0.82000000000000017 0.67350250000000011 0.95350000000000013 0.26262600000000008 0.49192400000000008 0.75291950000000007 0.48566650000000006 0.69887065887451183
decision_type=2 2 2 2 2 2 2 2
left_child=2 -2 4 -4 6 -6 -1 -5
right_child=1 -3 3 7 5 -7 -8 -9
leaf_value=0.0030383116883778804 -0.02343164245166459 -0.0012454541387403751 0.018766447268761699 0.0071798338389775221 0.012482761956481561 -0.0094664484742273541 -0.0047924148018816184 -0.0085930341740382103
leaf_weight=60.368259076623872 7.2319374401495216 28.14824950770344 13.140383126497907 23.903438417881265 25.263798854066412 6.1731046938512 70.347618276709909 6.2737122706312212
leaf_count=8677 2950 1893 302 487 730 163 5378 150
internal_value=0.000971302 -0.00699215 0.00243287 0.00880492 0.000598416 0.00763998 -0.00112817 0.00333734
internal_weight=240.851 35.3802 205.47 43.3175 162.153 31.4369 130.716 30.1772
internal_count=20730 4843 15887 939 14948 893 14055 637
is_linear=0
shrinkage=0.025


Tree=249
num_leaves=9
num_cat=0
split_feature=29 4 60 62 15 3 2 15
split_gain=3.54526 3.62298 2.61276 2.33481 6.16813 2.68855 1.70782 1.61906
threshold=0.52868100000000007 1.0000000180025095e-35 0.68000000000000005 0.75000000000000011 0.5194255000000001 0.94724705815315258 0.59162637591362011 0.78214750000000011
decision_type=2 2 2 2 2 2 2 2
left_child=1 3 6 5 -5 -1 -2 -3
right_child=2 7 -4 4 -6 -7 -8 -9
leaf_value=-0.0033007658701217617 -0.00037944238314511792 -0.017931047793176256 -0.0062399418965012991 0.0076315162974757364 -0.011654213019641563 0.0035064163192466725 0.014133848039867223 0.007180099514299057
leaf_weight=51.502546630949837 5.1376086666277905 8.3585173336177796 4.7565277704588871 13.506516179113076 28.682481739243485 107.34689477821576 20.46393051405903 0.33361044409684915
leaf_count=4581 461 2534 376 1720 4927 5941 213 7
internal_value=0.000232246 -0.00091583 0.00796194 -0.000122763 -0.00524434 0.00123915 0.0111332 -0.015103
internal_weight=240.089 209.731 30.3581 201.038 42.189 158.849 25.6015 8.69213
internal_count=20760 19710 1050 17169 6647 10522 674 2541
is_linear=0
shrinkage=0.025


Tree=250
num_leaves=9
num_cat=0
split_feature=4 62 12 17 48 61 49 59
split_gain=4.13912 2.75012 4.6103 4.61345 3.50648 3.79401 3.11875 1.79119
threshold=1.0000000180025095e-35 0.75000000000000011 1.0000000180025095e-35 0.71436200000000005 0.25536650000000005 0.22660250000000001 1.0000000180025095e-35 0.50000000000000011
decision_type=2 2 2 2 2 2 2 2
left_child=1 4 3 -3 6 -6 -1 -2
right_child=7 2 -4 -5 5 -7 -8 -9
leaf_value=0.018090839652862022 -0.017737732870948857 -0.010588047588327638 0.017019847300611398 0.007495595564950267 -0.016551057704222594 0.0024218090813499481 -0.0093471511719316388 0.0023210927958311647
leaf_weight=12.696856010372354 8.5827430080198592 34.904094317870658 3.8594715770159373 9.5079402203555201 4.8010716668459272 164.03292335865899 1.4586456130564336 2.3673975159181273
leaf_count=1466 2445 6466 76 440 818 8245 498 188
internal_value=0.000576355 0.00136469 -0.00377463 -0.00639885 0.0027871 0.00165093 0.0139921 -0.0131332
internal_weight=242.211 231.261 48.2715 44.412 182.989 168.834 14.1555 10.9501
internal_count=20642 18009 6982 6906 11027 9063 1964 2633
is_linear=0
shrinkage=0.025


Tree=251
num_leaves=9
num_cat=0
split_feature=44 61 43 3 44 0 62 21
split_gain=2.82284 5.18133 3.44421 4.0047 3.35567 4.51055 3.24702 4.25951
threshold=0.076556500000000013 0.71186950000000004 1.0000000180025095e-35 0.96945887804031383 0.13243000000000002 0.85073300000000007 0.75000000000000011 0.87400000000000011
decision_type=2 2 2 2 2 2 2 2
left_child=1 -1 4 -4 -2 -6 7 -3
right_child=2 6 3 -5 5 -7 -8 -9
leaf_value=-0.0089534871441546635 0.0093732082964820343 -0.0047354133741153714 -0.01770491615139401 0.0041163958951560787 0.0018495188683328183 -0.013785424690420538 -0.01403772929807553 0.020463457551775154
leaf_weight=51.008451924990823 30.067641591984284 5.1589937390817768 10.469327041548242 7.2143535957438862 112.62027138164012 10.804054784441176 1.9241064055822779 8.8049634208437055
leaf_count=11998 1246 189 1226 556 4136 1055 71 169
internal_value=-0.000788382 -0.00507994 0.000884774 -0.00890781 0.00216127 0.000223107 0.00654741 0.011257
internal_weight=238.072 66.8965 171.176 17.6837 153.492 123.424 15.8881 13.964
internal_count=20646 12427 8219 1782 6437 5191 429 358
is_linear=0
shrinkage=0.025


Tree=252
num_leaves=9
num_cat=0
split_feature=60 9 0 48 46 43 2 0
split_gain=4.41614 5.10965 3.33361 6.06945 3.91028 2.81845 2.55015 2.17265
threshold=0.82000000000000017 0.95350000000000013 0.80776700000000012 0.55220000000000014 0.65022750000000007 1.0000000180025095e-35 0.73102048039436351 0.8430335000000001
decision_type=2 2 2 2 2 2 2 2
left_child=1 2 4 -4 -1 -3 7 -2
right_child=6 5 3 -5 -6 -7 -8 -9
leaf_value=-0.0011367865511165002 -0.0058477385360653136 0.011484102009164845 -0.013409283587609089 0.012023679305185074 -0.017651934512183078 -0.0056808114097816366 0.0056467637239632409 -0.022426262626774149
leaf_weight=121.2584224322045 22.851567678404084 36.136666757578496 5.5107850834247101 24.329649405812233 7.8664338419985134 5.2065758628814356 5.1469011753797522 6.4658991105038686
leaf_count=13390 3497 703 261 558 627 210 276 1092
internal_value=-4.73705e-05 0.0013648 -0.000658 0.00654404 -0.002454 0.00898701 -0.00808535 -0.0109423
internal_weight=234.773 200.309 158.965 29.8404 129.125 41.3432 34.4644 29.3175
internal_count=20614 15749 14836 819 14017 913 4865 4589
is_linear=0
shrinkage=0.025


Tree=253
num_leaves=9
num_cat=0
split_feature=60 9 34 14 16 2 20 17
split_gain=3.79593 3.67956 4.89687 4.37463 6.38419 3.13581 2.79642 2.31046
threshold=0.82000000000000017 0.95350000000000013 0.29669700000000004 1.0000000180025095e-35 0.68755800000000011 0.71571186184883129 0.69832200000000011 0.65661200000000008
decision_type=2 2 2 2 2 2 2 2
left_child=1 3 -3 4 -1 -5 -2 -4
right_child=6 2 7 5 -6 -7 -8 -9
leaf_value=-0.0012977533280493908 -0.017621463172512994 0.017365667308533072 0.012064969300167649 0.00043479118609255751 -0.017085250005959771 0.013893667549361952 -0.0022151941229019566 -0.0040931425440017561
leaf_weight=71.718366397734826 11.699854596800831 14.686463042169633 5.3767355748568688 55.396492787786883 19.257403203388094 11.901492552540729 20.338264409805561 20.09962182441086
leaf_count=8957 3332 360 107 4993 798 164 1545 440
internal_value=-0.00104673 0.000237265 0.00683813 -0.00145537 -0.00501589 0.00325548 -0.0087665 0
internal_weight=230.475 198.437 40.1628 158.274 90.9758 67.298 32.0381 25.4764
internal_count=20696 15819 907 14912 9755 5157 4877 547
is_linear=0
shrinkage=0.025


Tree=254
num_leaves=9
num_cat=0
split_feature=16 0 25 29 22 19 0 62
split_gain=3.59876 4.07654 3.90193 3.39294 4.41871 3.68197 2.18979 2.16008
threshold=0.60695300000000019 0.8430335000000001 0.41666650000000005 0.52868100000000007 0.50574450000000015 0.7797305000000001 0.82460000000000011 0.75000000000000011
decision_type=2 2 2 2 2 2 2 2
left_child=6 3 7 5 -5 -2 -1 -3
right_child=1 2 -4 4 -6 -7 -8 -9
leaf_value=-0.011985306131512804 -0.00045884851265314415 0.011383182624955978 -0.019214953656768521 0.00099215964203488776 0.021814864516191149 0.014807689089800253 0.0065612710630380119 -0.012235688127307749
leaf_weight=21.060361022665351 161.32803617418585 4.9331800175423295 9.8339662976541131 16.550808714775489 9.511639990960246 8.4786366046755557 2.9159595055971286 1.6021620286192044
leaf_count=6948 11135 215 1193 540 102 316 59 176
internal_value=-0.000301917 0.000733806 -0.0104817 0.0018055 0.00987192 0.000423276 -0.00910947 0.00320394
internal_weight=236.215 212.238 16.3693 195.869 26.0624 169.807 23.9763 6.53534
internal_count=20684 13677 1584 12093 642 11451 7007 391
is_linear=0
shrinkage=0.025


Tree=255
num_leaves=9
num_cat=0
split_feature=60 39 31 55 2 3 43 24
split_gain=3.67122 3.91276 3.87613 5.03818 3.80974 3.34271 2.86201 1.99761
threshold=0.82000000000000017 1.0000000180025095e-35 0.31505900000000003 1.0000000180025095e-35 0.68759378790855419 0.93724536895751964 1.0000000180025095e-35 0.55000000000000016
decision_type=2 2 2 2 2 2 2 2
left_child=1 6 3 -3 -2 -4 7 -1
right_child=4 2 5 -5 -6 -7 -8 -9
leaf_value=-0.0091115820931603111 -0.012950543716858774 -0.0046161380474607251 0.00075630117552931777 0.0051497999636771477 0.0034604963985831552 0.014706887959504514 -0.020714097236618045 0.0049916723054063954
leaf_weight=10.086992796812416 21.993393047785503 58.67648745376664 19.836557391419774 69.9715209160222 11.935485968831925 25.710420366933249 5.2600740149091498 10.614966107044891
leaf_count=1785 4149 5072 1030 4702 680 821 1762 644
internal_value=0.000231041 0.00156833 0.00296318 0.000635661 -0.00709746 0.00907627 -0.00706486 -0.00174707
internal_weight=234.086 200.157 174.195 128.648 33.9289 45.547 25.962 20.702
internal_count=20645 15816 11625 9774 4829 1851 4191 2429
is_linear=0
shrinkage=0.025


Tree=256
num_leaves=9
num_cat=0
split_feature=29 62 61 9 2 19 20 19
split_gain=3.31915 2.58862 3.88517 5.20635 3.3991 3.56786 3.12953 1.505
threshold=0.91839300000000013 0.58333333333333337 0.91961550000000014 0.73000000000000009 0.68278563022613536 0.7199040000000001 0.78178300000000012 0.68063400000000007
decision_type=2 2 2 2 2 2 2 2
left_child=1 4 3 -3 5 -1 -6 -2
right_child=7 2 -4 -5 6 -7 -8 -9
leaf_value=-0.0061667643122743027 -0.0025657062673752232 -0.014796130997300191 0.013546198706325566 -0.0015830273686488828 0.0092027319301981794 0.0058645027884907247 -0.0092564859149027682 0.01340786437599726
leaf_weight=41.455063465008607 3.1268693178881248 23.248627191628202 5.6027278276160351 80.07799586612964 40.895233299030224 21.512829472892918 4.5902306847274295 13.601486989500698
leaf_count=4541 127 9336 84 4509 1102 621 84 121
internal_value=-3.52458e-06 -0.00089734 -0.00361064 -0.00485171 0.001776 -0.00188687 0.00687054 0.0100665
internal_weight=234.111 217.383 108.929 103.327 108.453 62.9679 45.4855 16.7284
internal_count=20525 20277 13929 13845 6348 5162 1186 248
is_linear=0
shrinkage=0.025


Tree=257
num_leaves=9
num_cat=0
split_feature=21 6 34 46 3 30 30 16
split_gain=3.09116 3.38901 4.17377 4.28694 3.39534 2.99184 3.89771 3.63235
threshold=0.70400000000000007 0.60703900000000022 0.34666650000000004 0.7758750000000002 0.91223344206810009 1.0000000180025095e-35 0.25000000000000006 0.63945300000000016
decision_type=2 2 2 2 2 2 2 2
left_child=5 -2 3 -3 -4 -1 -7 -8
right_child=1 2 4 -5 -6 6 7 -9
leaf_value=-0.011518179447375092 0.016683413437967396 0.010206866161731089 -0.019269584761369866 -0.0050778725712980676 -0.00031886390587229261 0.016610385324549736 0.0063670301168517462 -0.0054198867543210879
leaf_weight=17.271971853707328 8.7452652943975391 46.155056006224186 4.6108910203693076 12.968746190108503 65.428749480550323 5.5468891199143391 20.247913742210585 57.236420543280474
leaf_count=10331 332 1469 166 945 2495 405 1775 2811
internal_value=0.000644672 0.00307973 0.00186114 0.00667502 -0.00217088 -0.00262477 -0.000459182 -0.00216271
internal_weight=238.212 137.909 129.163 59.1238 70.0396 100.303 83.0312 77.4843
internal_count=20729 5407 5075 2414 2661 15322 4991 4586
is_linear=0
shrinkage=0.025


Tree=258
num_leaves=9
num_cat=0
split_feature=39 31 18 18 20 17 3 61
split_gain=3.54055 3.62836 5.20903 5.15367 3.56217 3.24113 2.81414 2.26992
threshold=1.0000000180025095e-35 0.27463300000000007 0.73306750000000009 0.70659550000000004 0.7156570000000001 0.73132100000000011 0.94642251729965221 0.54226200000000013
decision_type=2 2 2 2 2 2 2 2
left_child=4 2 3 -2 -1 -4 7 -3
right_child=1 6 5 -5 -6 -7 -8 -9
leaf_value=-0.016364495504121983 -0.0030222507406951538 -0.0031442919857914381 -0.021290030422765151 0.0074543872452949083 0 0 0.011834244589177881 0.010550222954876388
leaf_weight=14.091371379762224 83.158441707357724 23.626736467085721 10.061149286106231 42.613411318685394 17.748486361395408 6.6996721369505385 26.170729543027846 8.6203161000157689
leaf_count=4593 10354 1480 653 1325 845 129 1006 280
internal_value=-0.000338728 0.000879316 -0.00123772 0.000529815 -0.00784541 -0.0135434 0.00603875 0.000699878
internal_weight=232.79 200.95 142.533 125.772 31.8399 16.7608 58.4178 32.2471
internal_count=20665 15227 12461 11679 5438 782 2766 1760
is_linear=0
shrinkage=0.025


Tree=259
num_leaves=9
num_cat=0
split_feature=29 4 22 61 61 3 24 44
split_gain=3.42381 2.59633 2.47776 3.80368 3.65384 1.35206 1.29541 1.41807
threshold=0.96721250000000014 1.0000000180025095e-35 0.26973100000000005 0.50715900000000003 0.26781650000000007 0.96351802349090587 0.55000000000000016 0.31310100000000002
decision_type=2 2 2 2 2 2 2 2
left_child=1 2 4 -4 -1 -2 -3 -8
right_child=5 6 3 -5 -6 -7 7 -9
leaf_value=0 0.013150637918264225 -0.019100549445204076 -0.0069332134034490707 0.00070663598354931431 0.015692319655146832 -0.0024338902231448535 0.008141580913081441 -0.013297339910172554
leaf_weight=34.856926841530367 12.417528157675404 5.8041150483727488 66.991226537499188 94.93480126097711 10.369234382294961 2.8660784381081603 2.6571193712261452 1.2665925657784098
leaf_count=6603 164 2180 7281 3659 420 45 328 130
internal_value=-0.000808954 -0.00167756 -0.000980627 -0.00245436 0.00401754 0.00985073 -0.0131809 0
internal_weight=232.164 216.88 207.152 161.926 45.2262 15.2836 9.72783 3.92371
internal_count=20810 20601 17963 10940 7023 209 2638 458
is_linear=0
shrinkage=0.025


end of trees

feature_importances:
Column_62=133
Column_29=130
Column_9=127
Column_0=124
Column_1=124
Column_2=113
Column_19=109
Column_60=102
Column_61=95
Column_22=93
Column_47=86
Column_39=84
Column_17=59
Column_43=51
Column_20=49
Column_15=46
Column_31=46
Column_16=42
Column_44=42
Column_18=40
Column_34=39
Column_49=36
Column_48=31
Column_3=29
Column_21=29
Column_4=22
Column_24=18
Column_6=17
Column_58=15
Column_14=14
Column_27=12
Column_55=12
Column_59=12
Column_26=10
Column_32=10
Column_37=10
Column_46=10
Column_54=10
Column_28=7
Column_42=6
Column_78=5
Column_25=4
Column_23=3
Column_30=3
Column_51=3
Column_75=3
Column_12=2
Column_41=2
Column_45=2
Column_7=1
Column_8=1
Column_33=1
Column_40=1
Column_50=1
Column_71=1
Column_72=1
Column_82=1

parameters:
[boosting: gbdt]
[objective: lambdarank]
[metric: ndcg]
[tree_learner: serial]
[device_type: cpu]
[data_sample_strategy: bagging]
[data: ]
[valid: ]
[num_iterations: 260]
[learning_rate: 0.025]
[num_leaves: 9]
[num_threads: 6]
[seed: 20260903]
[deterministic: 0]
[force_col_wise: 0]
[force_row_wise: 0]
[histogram_pool_size: -1]
[max_depth: 4]
[min_data_in_leaf: 24]
[min_sum_hessian_in_leaf: 0.001]
[bagging_fraction: 0.8]
[pos_bagging_fraction: 1]
[neg_bagging_fraction: 1]
[bagging_freq: 1]
[bagging_seed: 1721]
[bagging_by_query: 0]
[feature_fraction: 0.85]
[feature_fraction_bynode: 1]
[feature_fraction_seed: 12732]
[extra_trees: 0]
[extra_seed: 6506]
[early_stopping_round: 0]
[early_stopping_min_delta: 0]
[first_metric_only: 0]
[max_delta_step: 0]
[lambda_l1: 0.3]
[lambda_l2: 2]
[linear_lambda: 0]
[min_gain_to_split: 0]
[drop_rate: 0.1]
[max_drop: 50]
[skip_drop: 0.5]
[xgboost_dart_mode: 0]
[uniform_drop: 0]
[drop_seed: 14009]
[top_rate: 0.2]
[other_rate: 0.1]
[min_data_per_group: 100]
[max_cat_threshold: 32]
[cat_l2: 10]
[cat_smooth: 10]
[max_cat_to_onehot: 4]
[top_k: 20]
[monotone_constraints: ]
[monotone_constraints_method: basic]
[monotone_penalty: 0]
[feature_contri: ]
[forcedsplits_filename: ]
[refit_decay_rate: 0.9]
[cegb_tradeoff: 1]
[cegb_penalty_split: 0]
[cegb_penalty_feature_lazy: ]
[cegb_penalty_feature_coupled: ]
[path_smooth: 0]
[interaction_constraints: ]
[verbosity: -1]
[saved_feature_importance_type: 0]
[use_quantized_grad: 0]
[num_grad_quant_bins: 4]
[quant_train_renew_leaf: 0]
[stochastic_rounding: 1]
[linear_tree: 0]
[max_bin: 255]
[max_bin_by_feature: ]
[min_data_in_bin: 3]
[bin_construct_sample_cnt: 200000]
[data_random_seed: 5030]
[is_enable_sparse: 1]
[enable_bundle: 1]
[use_missing: 1]
[zero_as_missing: 0]
[feature_pre_filter: 1]
[pre_partition: 0]
[two_round: 0]
[header: 0]
[label_column: ]
[weight_column: ]
[group_column: ]
[ignore_column: ]
[categorical_feature: ]
[forcedbins_filename: ]
[precise_float_parser: 0]
[parser_config_file: ]
[objective_seed: 27550]
[num_class: 1]
[is_unbalance: 0]
[scale_pos_weight: 1]
[sigmoid: 1]
[boost_from_average: 1]
[reg_sqrt: 0]
[alpha: 0.9]
[fair_c: 1]
[poisson_max_delta_step: 0.7]
[tweedie_variance_power: 1.5]
[lambdarank_truncation_level: 30]
[lambdarank_norm: 1]
[label_gain: ]
[lambdarank_position_bias_regularization: 0]
[eval_at: 1,2,3,4,5]
[multi_error_top_k: 1]
[auc_mu_weights: ]
[num_machines: 1]
[local_listen_port: 12400]
[time_out: 120]
[machine_list_filename: ]
[machines: ]
[gpu_platform_id: -1]
[gpu_device_id: -1]
[gpu_device_id_list: ]
[gpu_use_dp: 0]
[num_gpu: 1]

end of parameters

pandas_categorical:null
