tree
version=v4
num_class=1
num_tree_per_iteration=1
label_index=0
max_feature_idx=85
objective=lambdarank
feature_names=Column_0 Column_1 Column_2 Column_3 Column_4 Column_5 Column_6 Column_7 Column_8 Column_9 Column_10 Column_11 Column_12 Column_13 Column_14 Column_15 Column_16 Column_17 Column_18 Column_19 Column_20 Column_21 Column_22 Column_23 Column_24 Column_25 Column_26 Column_27 Column_28 Column_29 Column_30 Column_31 Column_32 Column_33 Column_34 Column_35 Column_36 Column_37 Column_38 Column_39 Column_40 Column_41 Column_42 Column_43 Column_44 Column_45 Column_46 Column_47 Column_48 Column_49 Column_50 Column_51 Column_52 Column_53 Column_54 Column_55 Column_56 Column_57 Column_58 Column_59 Column_60 Column_61 Column_62 Column_63 Column_64 Column_65 Column_66 Column_67 Column_68 Column_69 Column_70 Column_71 Column_72 Column_73 Column_74 Column_75 Column_76 Column_77 Column_78 Column_79 Column_80 Column_81 Column_82 Column_83 Column_84 Column_85
feature_infos=[0:1] [-0.035627521574497223:0.83773982524871826] [-0.035817231982946396:0.86836433410644531] [0.63048857450485229:0.99203497171401978] [0:1] [0:1] [0.29658499999999999:0.83450299999999999] [0:1] [0:1] [0.080000000000000002:1] [0:1] none [0:1] none [0:1] [0:0.85160000000000002] [0.52320800000000001:0.79572299999999996] [0:0.79816399999999998] [0.53391100000000002:0.79447900000000005] [0.52735900000000002:0.82273300000000005] [0.476688:0.82313800000000004] [0:1] [0.088976:0.645644] [0:1] [0:1] [0:1] [0:1] [0:1] [0:1] [0:1] [0:1] [0:0.80000000000000004] [0:1] [0:1] [0:1] [0:1] [0:1] [0:1] none [0:1] [0:1] [0:1] [0:1] [0:1] [0:1] [0:1] [0:1] [0:1] [0:1] [0:1] [0:1] [0:1] [0:1] [0.55000000000000004:0.90000000000000002] [0:1] [0:1] none [0:1] [0:1] [0:1] [0.059999999999999998:1] [0:1] [0.16666666666666666:1] [0:1] [0:1] [-0.68000000000000005:1] [-0.68000000000000005:1] [0:1] [0:1] [0:1] [0:1] [0:1] [0:1] [0:1] [0:1] [0:1] [0:1] [0:1] [0:1] [0:1] [0:1] [0:1] [0:1] [0:1] [0:1] [0:1]
tree_sizes=1114 1117 1111 1113 1091 1105 1112 1115 1117 1112 1118 1108 1116 1115 1111 1111 1117 1117 1118 1095 1097 1117 1110 1126 1118 1120 1113 1115 1114 1127 1119 1114 1113 1122 1109 1127 1120 1112 1117 1116 1114 1119 1109 1118 1108 1117 1128 1116 1117 1119 1112 1113 1128 1098 1120 1122 1112 1124 1111 1112 1122 1115 1113 1127 1128 1126 1095 1117 1118 1124 1109 1117 1121 1124 1116 1125 1102 1118 1124 1115 1124 1097 1102 1123 1112 1118 1120 1109 1119 1118 1127 1103 1118 1103 1112 1122 1128 1112 1130 1126 1118 1129 1092 1120 1106 1110 1117 1132 1112 1118 1125 1102 1123 1128 1126 1122 1122 1126 1112 1116 1104 1123 1120 1129 1097 1128 1123 1126 1122 1112 1127 1128 1121 1124 1117 1100 1130 1120 1109 1114 1134 1120 1114 1123 1116 1107 1120 1108 1126 1128 1133 1126 1122 1127 1124 1129 1122 1123 1122 1106 1130 1110 1127 1129 1126 1120 1106 1126 1129 1120 1124 1109 1125 1124 1126 1115 1115 1102 1102 1122 1123 1131 1123 1128 1124 1123 1126 1122 1119 1126 1119 1129 1120 1099 1125 1112 1127 1124 1133 1124 1119 1131 1120 1126 1091 1125 1117 1125 1120 1120 1122 1134 1102 1135 1125 1112 1108 1109 1124 1133 1124 1117 1128 1128 1128 1136 1130 1121 1122 1119 1121 1134 1110 1139 1136 1134 1129 1122 1101 1127 1131 1118 1123 1125 1125 1124 1108 1125 1123 1121 1132 1119 1117 1125 1123 1124 1118 1119 1131 1114

Tree=0
num_leaves=9
num_cat=0
split_feature=9 62 1 1 48 39 22 60
split_gain=452.153 107.587 40.1231 32.6818 25.6721 20.0748 14.5825 10.1114
threshold=0.57000000000000017 0.75000000000000011 0.56950846314430248 0.60710546374320995 0.66350000000000009 1.0000000180025095e-35 0.49383500000000008 0.68000000000000005
decision_type=2 2 2 2 2 2 2 2
left_child=3 2 5 -1 6 -2 -3 -4
right_child=1 4 7 -5 -6 -7 -8 -9
leaf_value=-0.045330260616477679 -0.020540929071551747 -0.02836662268074322 0.039907354074503874 0.00080307647687889467 0.013997196037653712 0.016726845486627149 0.0067268923728669959 0.020914819933190942
leaf_weight=99.345974707044661 9.4550054669089132 31.38901878069737 103.59249136940343 10.173368133051552 17.331068014958873 41.17882935894886 8.2362092658295278 32.474878629000159
leaf_count=10448 682 2650 1869 609 791 1748 343 1560
internal_value=0.000689638 0.0196583 0.0287725 -0.0410401 -0.0100531 0.00910914 -0.0209194 0.0357974
internal_weight=353.177 243.658 186.701 109.519 56.9563 50.6338 39.6252 136.067
internal_count=20700 9643 5859 11057 3784 2430 2993 3429
is_linear=0
shrinkage=0.025


Tree=1
num_leaves=9
num_cat=0
split_feature=9 47 1 29 39 0 61 32
split_gain=804.355 193.088 159.273 147.118 102.477 82.8462 62.2405 33.3477
threshold=0.71000000000000008 0.92356600000000011 0.51807814836502086 0.75473800000000013 1.0000000180025095e-35 0.43580000000000002 0.71970600000000007 0.021165000000000003
decision_type=2 2 2 2 2 2 2 2
left_child=2 3 -1 4 -2 7 -7 -4
right_child=1 -3 5 -5 -6 6 -8 -9
leaf_value=-0.045727627036233197 -0.027399090034194908 0.037300479772190975 -0.0087994073341495088 0.040256900274859002 0.0064371412364554667 -0.040293129485738453 0.0036137054427699345 0.028143937164855349
leaf_weight=206.61209762305953 64.761151709128171 175.90179515967611 26.243794420966879 67.735199828748591 342.80657121702097 60.914496302022599 28.810542363440618 31.557082942104898
leaf_count=9994 1574 464 564 206 5326 1910 316 354
internal_value=-0.00140826 0.0150658 -0.0316369 0.00669951 0.000934824 -0.0115049 -0.0263416 0.0115115
internal_weight=1005.34 651.205 354.138 475.303 407.568 147.526 89.725 57.8009
internal_count=20708 7570 13138 7106 6900 3144 2226 918
is_linear=0
shrinkage=0.025


Tree=2
num_leaves=9
num_cat=0
split_feature=9 1 62 62 19 1 43 0
split_gain=807.975 244.986 100.046 66.925 63.9562 46.1555 44.5112 34.266
threshold=0.57000000000000017 0.60710546374320995 0.75000000000000011 0.58333333333333337 0.68569600000000008 0.60874295234680187 1.0000000180025095e-35 0.42443350000000007
decision_type=2 2 2 2 2 2 2 2
left_child=5 2 4 -3 -2 -1 -5 -7
right_child=1 3 -4 6 -6 7 -8 -9
leaf_value=-0.04366697817622367 -0.010728445095323457 0.032686504875150728 -0.024119121253059799 0.016703188431362263 0.015370144624175699 0.017378422260418483 -0.023473311357349268 -0.033808667338827231
leaf_weight=211.24466975405812 91.918390935054049 276.93418862920953 97.13747755496297 125.9193073194474 154.20930489047896 14.156681894324722 17.990084659773856 14.575498099904506
leaf_count=10441 1617 1900 2990 1244 1577 169 366 425
internal_value=0.000179602 0.0127652 -0.0028898 0.0255054 0.00558527 -0.0396375 0.0113764 -0.00885449
internal_weight=1004.09 764.109 343.265 420.844 246.128 239.977 143.909 28.7322
internal_count=20729 9694 6184 3510 3194 11035 1610 594
is_linear=0
shrinkage=0.025


Tree=3
num_leaves=9
num_cat=0
split_feature=1 64 49 47 29 1 47 62
split_gain=720.173 195.714 92.2388 85.4535 94.1271 69.4714 60.5724 57.554
threshold=0.56389477849006664 0.25505100000000008 1.0000000180025095e-35 0.95024300000000006 0.52868100000000007 0.43643447756767279 0.80616900000000002 0.41666666666666669
decision_type=2 2 2 2 2 2 2 2
left_child=1 -1 5 4 7 -3 -4 -2
right_child=3 2 6 -5 -6 -7 -8 -9
leaf_value=-0.040535703120761463 0.025657481153094155 -0.025654692065924686 -0.037900571230323345 0.032882210956562845 0.034135936550499672 0.02450742151142437 0.008477475333965534 -0.00063374617965876391
leaf_weight=230.32101151149254 64.024336142931134 20.982977209729142 56.718450437416323 170.18677129922435 87.870581052731723 67.985965671250597 23.888579255202785 242.87615681160241
leaf_count=10420 775 803 2408 355 343 748 271 4671
internal_value=-1.46942e-05 -0.0256228 -0.00508777 0.0181249 0.0116103 0.0122905 -0.0241928 0.00495735
internal_weight=964.855 399.897 169.576 564.958 394.771 88.9689 80.607 306.9
internal_count=20794 14650 4230 6144 5789 1551 2679 5446
is_linear=0
shrinkage=0.025


Tree=4
num_leaves=9
num_cat=0
split_feature=9 62 19 29 47 2 66 2
split_gain=690.137 190.439 83.221 69.4909 42.3277 37.7272 34.0245 21.3315
threshold=0.57000000000000017 0.58333333333333337 0.65489900000000012 0.60023650000000017 0.74884650000000008 0.53308916091918956 0.40703000000000006 0.66538262367248546
decision_type=2 2 2 2 2 2 2 2
left_child=6 4 -3 -4 5 -2 7 -1
right_child=1 2 3 -5 -6 -7 -8 -9
leaf_value=-0.042174271517907813 -0.014381036533632161 -0.03679595873841101 -0.0026187662853400084 0.0293983093669569 0.031988961432911751 0.019333850243631278 0 -0.0075870509243933029
leaf_weight=200.51036923588254 22.366154690040275 35.322934704599902 248.56499634799547 48.953697559423745 205.7477460228838 146.3073315077927 13.861230125767177 13.399417422246186
leaf_count=10259 532 1292 4916 223 572 2090 483 299
internal_value=-3.22701e-05 0.0121584 -0.00158747 0.00278541 0.0243413 0.0147032 -0.0376952 -0.0401328
internal_weight=935.034 707.263 332.842 297.519 374.421 168.673 227.771 213.91
internal_count=20666 9625 6431 5139 3194 2622 11041 10558
is_linear=0
shrinkage=0.025


Tree=5
num_leaves=9
num_cat=0
split_feature=9 1 64 0 1 29 47 0
split_gain=594.431 163.24 65.4273 65.8756 37.0529 33.9057 37.1578 25.6585
threshold=0.57000000000000017 0.60710546374320995 0.37513750000000007 0.51350000000000018 0.60710546374320995 0.31620650000000006 0.9999920000000001 0.46280000000000004
decision_type=2 2 2 2 2 2 2 2
left_child=4 2 -2 -4 -1 6 -3 -6
right_child=1 5 3 -5 7 -7 -8 -9
leaf_value=-0.040320772642273878 -0.02014902116395105 0.0097447048945318721 0.021098957299362071 -0.0086232819830221515 0.01449805284897583 0.031088363554860655 0.031954645655722695 -0.033667692681037857
leaf_weight=194.82946683140472 99.046725594904274 196.88058156461921 83.046611842000857 100.96893783682026 13.980985596310349 134.85413127660286 62.113410005345941 10.162914107553659
leaf_count=10460 2905 2858 909 2356 201 531 109 389
internal_value=-0.00109961 0.0104864 -0.00396239 0.00483274 -0.0367199 0.0208573 0.015304 -0.0065141
internal_weight=895.884 676.91 283.062 184.016 218.973 393.848 258.994 24.1439
internal_count=20718 9668 6170 3265 11050 3498 2967 590
is_linear=0
shrinkage=0.025


Tree=6
num_leaves=9
num_cat=0
split_feature=9 62 1 20 0 60 61 64
split_gain=567.816 160.43 101.552 67.0929 57.5996 49.9208 46.4388 46.1924
threshold=0.71000000000000008 0.75000000000000011 0.48965796828269964 0.62486400000000009 0.45106650000000009 0.68000000000000005 0.72100950000000008 0.38322500000000004
decision_type=2 2 2 2 2 2 2 2
left_child=2 3 -1 -2 7 -5 -6 -4
right_child=1 -3 4 5 6 -7 -8 -9
leaf_value=-0.04081907598554009 -0.038217877307302875 -0.014968355897793323 -0.016351078782830458 0.025550025236429793 -0.038659644544397402 0.0060141768886915713 0.0033839774986623087 0.024227030927206572
leaf_weight=165.16368628374767 10.274835612392051 96.922872570576146 31.147871002089232 379.82737990521127 53.450734271376859 107.26530939014629 22.448728868272156 35.155022976454347
leaf_count=9047 370 2778 943 2671 2332 1789 298 396
internal_value=-7.00237e-05 0.0141802 -0.0275605 0.0199126 -0.0117565 0.0213055 -0.0263605 0.00513379
internal_weight=901.656 594.29 307.366 497.368 142.202 487.093 75.8995 66.3029
internal_count=20624 7608 13016 4830 3969 4460 2630 1339
is_linear=0
shrinkage=0.025


Tree=7
num_leaves=9
num_cat=0
split_feature=2 9 18 29 47 62 61 46
split_gain=563.756 137.475 88.8156 63.4468 58.7391 45.7814 34.999 25.4095
threshold=0.53308916091918956 0.71000000000000008 0.66080950000000016 1.0000000180025095e-35 0.87193500000000013 0.41666666666666669 0.91961550000000014 0.58423250000000004
decision_type=2 2 2 2 2 2 2 2
left_child=2 5 -1 4 -3 -2 -7 -4
right_child=1 3 7 -5 -6 6 -8 -9
leaf_value=-0.038125603207198475 0.018193969894188096 -0.0010238062612508787 -0.00024282177684400039 0.028020576634655847 0.023376279658175167 -0.024119261343639686 0.020506836909860323 -0.036550548482310978
leaf_weight=198.93710197816836 25.308445348171517 135.21897622838151 68.209941126289777 251.97762960090768 110.26218917395454 82.879405956016853 10.882640797644852 12.751688055694101
leaf_count=10480 363 3098 1533 1531 415 2789 82 457
internal_value=9.13929e-05 0.013454 -0.0292023 0.0192216 0.010006 -0.0104996 -0.0185412 -0.00679508
internal_weight=896.428 616.529 279.899 497.459 245.481 119.07 93.762 80.9616
internal_count=20748 8278 12470 5044 3513 3234 2871 1990
is_linear=0
shrinkage=0.025


Tree=8
num_leaves=9
num_cat=0
split_feature=9 62 47 39 1 1 43 61
split_gain=517.232 143.616 75.3126 55.6147 46.7896 32.3508 29.528 26.8257
threshold=0.57000000000000017 0.75000000000000011 0.95024300000000006 1.0000000180025095e-35 0.60710546374320995 0.48316617310047155 1.0000000180025095e-35 0.46085700000000007
decision_type=2 2 2 2 2 2 2 2
left_child=4 2 3 -2 -1 -3 -7 -6
right_child=1 5 -4 -5 7 6 -8 -9
leaf_value=-0.037831484626847288 -0.012571797803825537 -0.03632355440099052 0.030612736469846198 0.014390555076206291 0.019080025986642466 0.0011126669358066201 -0.034069746327868376 -0.029263254402373807
leaf_weight=182.67827967589255 53.932271336321719 27.216413644957356 169.75167496502399 331.64151370152831 14.931899014511147 74.643031078157946 16.485226134886034 10.427429906092582
leaf_count=10330 1079 1277 308 4546 203 1780 658 384
internal_value=0.00080105 0.0114592 0.0167872 0.0105544 -0.0334571 -0.0133429 -0.00576634 -0.00121004
internal_weight=881.708 673.67 555.325 385.574 208.038 118.345 91.1283 25.3593
internal_count=20565 9648 5933 5625 10917 3715 2438 587
is_linear=0
shrinkage=0.025


Tree=9
num_leaves=9
num_cat=0
split_feature=1 62 18 43 29 47 49 15
split_gain=465.431 98.5666 70.9883 64.5978 41.7955 36.247 34.7607 34.1299
threshold=0.50965696573257457 0.58333333333333337 0.66227400000000014 1.0000000180025095e-35 0.86170750000000018 0.92356600000000011 1.0000000180025095e-35 0.67111250000000011
decision_type=2 2 2 2 2 2 2 2
left_child=2 5 -1 4 -3 7 -4 -2
right_child=1 3 6 -5 -6 -7 -8 -9
leaf_value=-0.036762788656350902 0.0023507333163470673 0.00067679204769693707 0.0093191349756851991 -0.030141979647120259 0.032303979153349392 0.030304934705343935 -0.027335145976312671 0.022224116854618677
leaf_weight=182.85219436418265 97.36323848948814 194.16452863509767 37.665470003266819 36.304031202802435 28.28927534725517 135.65526665560901 25.254898443236016 123.45942304958589
leaf_count=10195 1895 3870 613 1269 89 242 998 1534
internal_value=0 0.0116205 -0.0289421 -0.000108655 0.00498422 0.0201084 -0.00566646 0.0135951
internal_weight=861.008 615.236 245.773 258.758 222.454 356.478 62.9204 220.823
internal_count=20705 8899 11806 5228 3959 3671 1611 3429
is_linear=0
shrinkage=0.025


Tree=10
num_leaves=9
num_cat=0
split_feature=9 62 1 0 61 1 9 43
split_gain=454.121 131.628 60.1877 40.829 25.7741 24.672 23.8367 18.6506
threshold=0.57000000000000017 0.75000000000000011 0.61030724644660961 0.51233350000000011 0.47289900000000007 0.60874295234680187 0.75000000000000011 1.0000000180025095e-35
decision_type=2 2 2 2 2 2 2 2
left_child=5 2 3 -2 -3 -1 -4 -6
right_child=1 4 6 -5 7 -7 -8 -9
leaf_value=-0.036194636115085554 0.014464613316584397 -0.025313582149545395 0.0053613919181228903 -0.0075761271742450925 0.0049012381734158767 -0.0072728809030645119 0.024852469354224613 -0.033141247938580323
leaf_weight=177.58932155586081 115.02172227704432 59.920527346082963 48.508488301187754 93.131598285282962 45.847636837977916 22.568219936569221 270.04729678266449 7.667180845513939
leaf_count=10353 1422 2329 493 1904 1074 601 2054 367
internal_value=-0.000389841 0.0098895 0.0151525 0.00458924 -0.0143223 -0.033075 0.0219598 -0.00141169
internal_weight=840.302 640.144 526.709 208.153 113.435 200.158 318.556 53.5148
internal_count=20597 9643 5873 3326 3770 10954 2547 1441
is_linear=0
shrinkage=0.025


Tree=11
num_leaves=9
num_cat=0
split_feature=9 1 62 64 1 60 20 22
split_gain=439.733 131.076 55.8127 37.7655 33.8398 33.3536 51.9487 22.598
threshold=0.57000000000000017 0.61030724644660961 0.75000000000000011 0.24455000000000002 0.60710546374320995 0.68000000000000005 0.69720050000000011 0.25133350000000004
decision_type=2 2 2 2 2 2 2 2
left_child=4 2 3 -2 -1 -3 -7 -6
right_child=1 5 -4 -5 7 6 -8 -9
leaf_value=-0.036004168361614207 -0.014636353610384796 0.024714584918508413 -0.020184819542660895 0.010424261750366506 0.024591803089149843 -0.032565964520230133 0.015551570148297564 -0.0210310612002368
leaf_weight=170.77768268215004 47.078866702388041 274.15415092487819 76.739529841230251 157.67559676314704 8.7393748448230344 15.115670072846113 75.501367115066387 16.332940003834665
leaf_count=10289 1230 1657 3029 2090 54 346 1316 555
internal_value=0.000559827 0.0105238 -0.00226876 0.00454 -0.0320555 0.0203749 0.00691427 -0.00420949
internal_weight=842.115 646.265 281.494 204.754 195.85 364.771 90.617 25.0723
internal_count=20566 9668 6349 3320 10898 3319 1662 609
is_linear=0
shrinkage=0.025


Tree=12
num_leaves=9
num_cat=0
split_feature=1 9 60 0 18 31 2 39
split_gain=438.006 114.615 55.923 40.8071 35.6534 34.6193 41.1533 33.8016
threshold=0.50965696573257457 0.73000000000000009 0.68000000000000005 0.84440000000000015 0.66227400000000014 0.36100750000000004 0.6687772572040559 1.0000000180025095e-35
decision_type=2 2 2 2 2 2 2 2
left_child=4 5 7 -4 -1 6 -2 -3
right_child=1 2 3 -5 -6 -7 -8 -9
leaf_value=-0.03519723520263103 -0.026714032596988055 0.0026037869444916549 0.0083405311112530675 -0.029093732675466211 -0.01132577714029722 0.020409104432633191 0.0046384991129431851 0.024185702067465776
leaf_weight=170.40423754730728 69.117539808503352 54.252868438255973 87.275354879908264 20.850279971025884 55.132160550681874 18.106899525271729 39.993792846798897 322.37277174019255
leaf_count=10154 2681 779 1394 1008 1602 323 575 2175
internal_value=7.33226e-05 0.0110621 0.0165977 0.000656559 -0.0295457 -0.00990328 -0.0152779 0.0211268
internal_weight=837.506 611.97 484.751 108.126 225.536 127.218 109.111 376.626
internal_count=20691 8935 5356 2402 11756 3579 3256 2954
is_linear=0
shrinkage=0.025


Tree=13
num_leaves=9
num_cat=0
split_feature=9 2 1 39 44 22 29 47
split_gain=374.435 90.2947 76.511 43.4992 39.7773 36.0081 29.7466 27.3587
threshold=0.71000000000000008 0.58994919061660778 0.60710546374320995 1.0000000180025095e-35 0.10004450000000001 0.26363950000000008 0.31620650000000006 0.87193500000000013
decision_type=2 2 2 2 2 2 2 2
left_child=1 -1 3 -2 -5 -3 7 -4
right_child=2 5 6 4 -6 -7 -8 -9
leaf_value=-0.033242588634668301 -0.023803873246604018 0.023011207353769655 0.0030188747444080304 -0.011791519657507419 0.012925852040801608 -0.012336459911396598 0.028451692324551126 0.021256549002239503
leaf_weight=190.59856443182798 36.837440312316176 23.583699364680797 96.613735869759694 56.98699838318862 128.80013578105718 58.669389212154783 131.65446022292599 112.53801742382348
leaf_count=11275 1346 241 2192 1480 1760 1635 436 341
internal_value=5.1949e-05 -0.0238755 0.011696 0.00024786 0.00525945 -0.00180686 0.0191072 0.0129759
internal_weight=836.282 272.852 563.431 222.625 185.787 82.2531 340.806 209.152
internal_count=20706 13151 7555 4586 3240 1876 2969 2533
is_linear=0
shrinkage=0.025


Tree=14
num_leaves=9
num_cat=0
split_feature=1 9 62 61 18 15 22 15
split_gain=369.837 89.973 61.4881 40.3419 37.6176 23.2811 19.7727 19.438
threshold=0.50802838802337658 0.57000000000000017 0.75000000000000011 0.50029400000000013 0.66227400000000014 0.70781200000000011 0.5006885000000002 0.5194255000000001
decision_type=2 2 2 2 2 2 2 2
left_child=4 5 3 -3 -1 -2 -6 -4
right_child=1 2 7 -5 6 -7 -8 -9
leaf_value=-0.034275754959195222 -0.027765790081187198 0.0071825576762108538 0.0097137066319317664 0.02232869662196842 -0.016042681851891769 0.015953596722159246 0.022641711940875102 -0.015998288645601429
leaf_weight=162.79345021984773 44.847694952331949 190.04820594901685 25.601549575105309 273.95947164786048 45.97777131490875 7.500221518916077 8.0111490027047676 52.97181651648134
leaf_count=10076 2126 2230 514 2264 1490 153 88 1661
internal_value=-0.000486379 0.00969658 0.0127389 0.0161987 -0.0282995 -0.0210073 -0.0095648 -0.00749431
internal_weight=811.711 594.929 542.581 464.008 216.782 52.3479 53.9889 78.5734
internal_count=20602 8948 6669 4494 11654 2279 1578 2175
is_linear=0
shrinkage=0.025


Tree=15
num_leaves=9
num_cat=0
split_feature=9 62 47 29 47 65 2 15
split_gain=354.551 110.502 49.6143 61.7711 26.4045 24.2475 21.3366 15.173
threshold=0.57000000000000017 0.75000000000000011 0.92356600000000011 0.91839300000000013 0.67020050000000009 0.076556500000000013 0.57966452836990368 0.52310500000000004
decision_type=2 2 2 2 2 2 2 2
left_child=5 2 3 -2 -3 -1 -7 -6
right_child=1 4 -4 -5 7 6 -8 -9
leaf_value=-0.034689599464330687 0.0033386046706589999 -0.024459697612269411 0.024171779560685433 0.032430762396624388 0.017614832408615846 -0.026065342265581982 0.011387594207249484 -0.010436364160144375
leaf_weight=150.36572987493128 294.50958083948353 61.516830736014526 179.51317184977233 52.309176115319133 17.428215242456645 20.506512611988001 14.585371281835249 29.722715226351283
leaf_count=9336 5355 2897 422 103 215 1362 362 654
internal_value=-8.7559e-05 0.00879712 0.0135402 0.00790874 -0.0139376 -0.0303177 -0.0105218 7.43617e-05
internal_weight=820.457 635 526.332 346.819 108.668 185.458 35.0919 47.1509
internal_count=20706 9646 5880 5458 3766 11060 1724 869
is_linear=0
shrinkage=0.025


Tree=16
num_leaves=9
num_cat=0
split_feature=2 9 15 29 47 0 6 49
split_gain=341.04 85.5709 54.8999 48.7174 43.4793 40.0989 43.6086 29.2992
threshold=0.53145480155944835 0.75000000000000011 0.67609850000000005 1.0000000180025095e-35 0.87193500000000013 0.45106650000000009 0.70812200000000014 1.0000000180025095e-35
decision_type=2 2 2 2 2 2 2 2
left_child=2 5 -1 4 -3 -2 -7 -4
right_child=1 3 7 -5 -6 6 -8 -9
leaf_value=-0.030834355306748169 0.009200302244061721 -0.0036981028020162997 0.015812477788937036 0.024686729142900821 0.018923180348955626 -0.030855651152862047 0.005400605672620737 -0.022717861797276778
leaf_weight=190.459122856264 62.257031305809505 104.9911954976269 27.095086013665423 213.70471856929362 103.4419971536845 51.337462328840047 32.555593035183847 19.399532910087146
leaf_count=11068 1145 2808 398 1370 369 2098 507 876
internal_value=0.000119272 0.0106336 -0.0249439 0.0163265 0.00756598 -0.00575738 -0.0169006 -0.000383264
internal_weight=805.242 568.288 236.954 422.138 208.433 146.15 83.8931 46.4946
internal_count=20639 8297 12342 4547 3177 3750 2605 1274
is_linear=0
shrinkage=0.025


Tree=17
num_leaves=9
num_cat=0
split_feature=1 2 18 64 60 18 24 39
split_gain=321.72 77.0274 64.1894 54.6942 54.8789 44.5138 24.0776 18.0712
threshold=0.51961117982864391 0.68278563022613536 0.66500550000000003 0.24455000000000002 0.68000000000000005 0.69391950000000013 0.55000000000000016 1.0000000180025095e-35
decision_type=2 2 2 2 2 2 2 2
left_child=2 3 -1 5 -5 -2 -4 -8
right_child=1 -3 6 4 -6 -7 7 -9
leaf_value=-0.032554576548432454 -0.030900997621693224 0.022274285128368258 -0.018879590565109974 0.015011645836640046 -0.0099881339880515917 0.0053634288581393789 -0.020014016328465362 0.019853639133699974
leaf_weight=166.02688522476819 44.137491120141931 212.91367573238676 30.407409931533039 210.19147453724872 72.078191103646532 37.574166048667394 7.412602763506583 27.645803198043723
leaf_count=10553 1879 1828 976 2332 1755 576 311 389
internal_value=0.000397782 0.0103975 -0.0243656 0.0033458 0.00857615 -0.0144059 -0.00313708 0.0105966
internal_weight=808.388 576.895 231.493 363.981 282.27 81.7117 65.4658 35.0584
internal_count=20599 8370 12229 6542 4087 2455 1676 700
is_linear=0
shrinkage=0.025


Tree=18
num_leaves=9
num_cat=0
split_feature=9 2 39 29 2 22 6 16
split_gain=306.386 86.71 48.6657 46.0542 44.7962 22.3229 24.7918 13.6401
threshold=0.71000000000000008 0.6687772572040559 1.0000000180025095e-35 1.0000000180025095e-35 0.57827115058898937 0.26363950000000008 0.74667550000000016 0.60695300000000019
decision_type=2 2 2 2 2 2 2 2
left_child=4 2 -2 -4 -1 -6 -7 -3
right_child=1 7 3 -5 5 6 -8 -9
leaf_value=-0.030363667037425469 -0.021128541227150958 -0.014121989332021188 -0.0037799232865061518 0.016968264342498544 0.013343635334468943 -0.022402034774561663 0.019608987009235749 0.023157579579103586
leaf_weight=174.12077867798507 47.714297825936228 4.8092243541032067 142.89112784457393 122.00201325817034 21.548667322844267 48.764451310853474 8.8102060556411725 210.28146456187824
leaf_count=10988 1536 61 3024 1217 309 1735 91 1677
internal_value=-0.000808363 0.0100261 0.00156077 0.00580353 -0.0233157 -0.00734715 -0.015405 0.0221671
internal_weight=780.942 527.698 312.607 264.893 253.244 79.1233 57.5747 215.091
internal_count=20638 7515 5777 4241 13123 2135 1826 1738
is_linear=0
shrinkage=0.025


Tree=19
num_leaves=9
num_cat=0
split_feature=2 62 43 15 29 9 22 46
split_gain=315.511 76.2051 43.9746 35.9619 32.7402 27.8052 25.3539 20.2575
threshold=0.5186261534690858 0.58333333333333337 1.0000000180025095e-35 0.6920035000000001 0.86170750000000018 0.65000000000000013 0.25133350000000004 0.013477500000000002
decision_type=2 2 2 2 2 2 2 2
left_child=3 5 4 -1 -3 6 -2 -7
right_child=1 2 -4 -5 -6 7 -8 -9
leaf_value=-0.030398167179430655 0.01856519172186671 -0.001176137972396593 -0.026568205686755199 0 0.026954250883641864 -0.0029223869682081542 -0.02041339168360173 0.02102356511308236
leaf_weight=182.50521274976199 16.699781183386222 176.41944214765681 35.382761121494696 27.830246710916981 28.19592621922493 22.856192959472537 21.491231482708827 282.36484340007883
leaf_count=11042 230 3795 1346 743 87 387 869 2239
internal_value=-0.000288323 0.00917173 -0.00160799 -0.0264023 0.00288731 0.0166927 -0.00310693 0.0191986
internal_weight=793.746 583.41 239.998 210.335 204.615 343.412 38.191 305.221
internal_count=20738 8953 5228 11785 3882 3725 1099 2626
is_linear=0
shrinkage=0.025


Tree=20
num_leaves=9
num_cat=0
split_feature=9 62 29 47 2 64 65 2
split_gain=296.667 103.145 41.8444 37.9533 26.1278 16.5268 14.2028 9.03047
threshold=0.57000000000000017 0.58333333333333337 0.75473800000000013 0.86224050000000008 0.66538262367248546 0.24455000000000002 0.42377000000000004 0.6687772572040559
decision_type=2 2 2 2 2 2 2 2
left_child=6 4 3 -3 5 -2 7 -1
right_child=1 2 -4 -5 -6 -7 -8 -9
leaf_value=-0.03245167870493975 -0.010495770933232319 -0.013520344705718916 0.022717647063315936 0.0084211897757806194 0.023133658775410702 0.012274556882831286 0 -0.0065917121999176298
leaf_weight=153.65033253689762 21.588173507596366 173.24020578968339 30.741636396851391 66.535562346107326 186.27045524615096 128.04131681099534 9.6149335970403609 10.933784103253855
leaf_count=10308 519 5730 151 587 1350 1330 433 295
internal_value=-0.000600064 0.00766442 -0.00379185 -0.00738146 0.0168808 0.00884474 -0.0291732 -0.0308785
internal_weight=780.616 606.417 270.517 239.776 335.9 149.629 174.199 164.584
internal_count=20703 9667 6468 6317 3199 1849 11036 10603
is_linear=0
shrinkage=0.025


Tree=21
num_leaves=9
num_cat=0
split_feature=9 62 29 47 47 1 61 39
split_gain=290.596 77.441 42.1068 49.9867 23.6432 16.3298 15.7906 15.5938
threshold=0.57000000000000017 0.75000000000000011 0.91839300000000013 0.96386200000000011 0.59220300000000015 0.60710546374320995 0.46085700000000007 1.0000000180025095e-35
decision_type=2 2 2 2 2 2 2 2
left_child=5 2 3 -2 -3 -1 -7 -6
right_child=1 4 -4 -5 7 6 -8 -9
leaf_value=-0.031128357119055594 0.0041913109596263178 -0.02291765580508294 0.030399396483406685 0.023603920825735647 -0.026216795126928111 0.012960042717216401 -0.027250496265947284 0.0065002194319143548
leaf_weight=152.77627127827145 316.31780675629852 50.745088832220063 68.478060827590525 111.62512710131705 9.1902836444787663 10.939515157020653 9.5156125663779658 46.735253721475601
leaf_count=10461 5550 2577 121 250 344 201 407 772
internal_value=1.18718e-05 0.00823145 0.0123864 0.00935861 -0.010908 -0.0283285 -0.00617273 0.000274775
internal_weight=776.323 603.092 496.421 427.943 106.671 173.231 20.4551 55.9255
internal_count=20683 9614 5921 5800 3693 11069 608 1116
is_linear=0
shrinkage=0.025


Tree=22
num_leaves=9
num_cat=0
split_feature=9 62 61 1 0 62 31 29
split_gain=268.109 73.2653 49.9106 47.492 45.2698 32.8026 19.3038 17.1547
threshold=0.73000000000000009 0.75000000000000011 0.49346600000000007 0.48965796828269964 0.48933350000000003 0.41666666666666669 0.52852950000000021 0.60023650000000017
decision_type=2 2 2 2 2 2 2 2
left_child=3 2 4 -1 -2 -5 -7 -3
right_child=1 7 -4 5 -6 6 -8 -9
leaf_value=-0.032122342633415471 0.013965400086990806 -0.016505279609716518 0.020816443521435954 0.016170544178678498 -0.011657082041379154 -0.019036152439093772 0.022030713306749314 0.017206713609406524
leaf_weight=129.15801479027141 102.35906992130913 69.070310952956788 256.991109526949 22.185831079259515 71.291827399982139 95.875322482606862 5.9088639982510349 9.0078277392312867
leaf_count=9204 1161 2575 2120 444 1399 3585 101 109
internal_value=-0.00063526 0.00981104 0.0138552 -0.0215713 0.00339052 -0.0101836 -0.0162012 -0.0121897
internal_weight=761.848 508.72 430.642 253.128 173.651 123.97 101.784 78.0781
internal_count=20698 7364 4680 13334 2560 4130 3686 2684
is_linear=0
shrinkage=0.025


Tree=23
num_leaves=9
num_cat=0
split_feature=9 2 39 29 65 16 54 2
split_gain=259.868 81.1047 51.6483 41.5204 21.1081 17.466 16.6601 16.6203
threshold=0.57000000000000017 0.6687772572040559 1.0000000180025095e-35 1.0000000180025095e-35 0.076556500000000013 0.74689300000000014 1.0000000180025095e-35 0.54343473911285411
decision_type=2 2 2 2 2 2 2 2
left_child=4 2 5 -4 -1 -2 -3 -6
right_child=1 6 3 -5 7 -7 -8 -9
leaf_value=-0.031914675177867086 -0.027181247527360494 0.020521466284900081 -0.0035125904508802592 0.014790837860684528 -0.025167120519028599 0.0059236165132834492 -0.026922293246028524 0.0082148084822727674
leaf_weight=133.37752251295024 47.059862825728487 217.60491048183758 172.90116618425236 136.77862733913935 16.643298453418538 11.264285399112849 2.9440397042781106 16.709950807562564
leaf_count=9264 1758 1932 4112 1617 1238 207 49 472
internal_value=-0.00010453 0.00770358 0.000475293 0.0045906 -0.0274759 -0.0206789 0.0196182 -0.00871206
internal_weight=755.284 588.553 368.004 309.68 166.731 58.3241 220.549 33.3532
internal_count=20649 9675 7694 5729 10974 1965 1981 1710
is_linear=0
shrinkage=0.025


Tree=24
num_leaves=9
num_cat=0
split_feature=2 9 62 15 29 22 0 29
split_gain=257.445 59.1 36.8043 34.9364 25.1464 22.5505 28.0078 16.4483
threshold=0.53145480155944835 0.71000000000000008 0.75000000000000011 0.67870050000000015 1.0000000180025095e-35 0.26363950000000008 0.80480000000000007 0.60023650000000017
decision_type=2 2 2 2 2 2 2 2
left_child=3 5 4 -1 -3 -2 -7 -4
right_child=1 2 7 -5 -6 6 -8 -9
leaf_value=-0.027950758681835774 0.008741725384762011 0.0086578055657849495 -0.012526105986032455 -0.0022552688593733077 0.021749594077313007 -0.024108631677504242 0.012365443781658367 0.022399700444497055
leaf_weight=175.97882597849821 32.647569933731575 178.30658910179045 44.356294318742584 41.868935662903823 203.02396897738799 54.471651112660766 15.482522350386715 8.2809097059071046
leaf_count=11176 646 2490 1426 1179 1114 2297 283 51
internal_value=-0.000305522 0.00899137 0.0130225 -0.0231118 0.0157247 -0.00790996 -0.0158125 -0.00627548
internal_weight=754.417 536.57 433.968 217.848 381.331 102.602 69.9542 52.6372
internal_count=20662 8307 5081 12355 3604 3226 2580 1477
is_linear=0
shrinkage=0.025


Tree=25
num_leaves=9
num_cat=0
split_feature=9 1 39 60 60 20 31 19
split_gain=252.483 74.2452 35.3616 36.0719 28.4891 25.8015 16.2485 14.3312
threshold=0.57000000000000017 0.61249238252639782 1.0000000180025095e-35 0.68000000000000005 0.68000000000000005 0.69720050000000011 0.58100750000000001 0.74267150000000004
decision_type=2 2 2 2 2 2 2 2
left_child=6 2 7 -4 -3 -6 -1 -2
right_child=1 4 3 -5 5 -7 -8 -9
leaf_value=-0.028433089318766199 -0.028975071130526726 0.019753303855883031 0.0079599512862113808 -0.015753421798294653 -0.027735009710687954 0.0089666712324167671 0.011978441973457559 0.0025375820047218584
leaf_weight=158.20912209994276 34.717625197750749 255.33067788556218 165.9959716880694 50.58631660498213 12.756246276665477 60.987792610889301 5.1606740294955662 10.993024339899419
leaf_count=10750 1543 1669 2995 1578 322 1295 271 240
internal_value=0.000326522 0.00794879 -0.00194708 0.00229353 0.0158232 0.00195429 -0.0269818 -0.0214507
internal_weight=754.737 591.368 262.293 216.582 329.075 73.744 163.37 45.7106
internal_count=20663 9642 6356 4573 3286 1617 11021 1783
is_linear=0
shrinkage=0.025


Tree=26
num_leaves=9
num_cat=0
split_feature=2 9 15 62 22 0 29 60
split_gain=223.35 49.9749 48.3209 34.4312 22.4043 23.8609 20.4157 16.9425
threshold=0.53145480155944835 0.71000000000000008 0.67870050000000015 0.75000000000000011 0.25227950000000005 0.80480000000000007 0.31620650000000006 0.68000000000000005
decision_type=2 2 2 2 2 2 2 2
left_child=2 4 -1 6 -2 -6 -3 -4
right_child=1 3 7 -5 5 -7 -8 -9
leaf_value=-0.027604109618711122 0.010522007247477799 0.01034994639207922 0.0093941345421959845 -0.0067358048170295783 -0.021302365649770786 0.011617991237149412 0.022831189046672459 -0.026381974603885156
leaf_weight=171.46086946720607 31.04405052162474 238.18392727489118 35.643136649508961 50.610318841470871 59.171377783408388 16.031150669325143 132.41312240250409 8.5805107764899713
leaf_count=11168 530 3112 770 1480 2447 296 489 419
internal_value=-0.000327903 0.00842738 -0.021654 0.0122879 -0.00675236 -0.0140683 0.0149282 0.00144926
internal_weight=743.138 527.454 215.685 421.207 106.247 75.2025 370.597 44.2236
internal_count=20711 8354 12357 5081 3273 2743 3601 1189
is_linear=0
shrinkage=0.025


Tree=27
num_leaves=9
num_cat=0
split_feature=1 1 44 6 22 60 19 39
split_gain=235.348 51.1519 40.3094 29.7885 23.1822 21.3799 20.1166 19.4394
threshold=0.50802838802337658 0.61249238252639782 0.10004450000000001 0.52906850000000005 0.50574450000000015 0.68000000000000005 0.72307250000000012 1.0000000180025095e-35
decision_type=2 2 2 2 2 2 2 2
left_child=4 2 -2 -4 -1 7 -7 -3
right_child=1 5 3 -5 -6 6 -8 -9
leaf_value=-0.026196321009262266 -0.016019668484117965 0.0009357224080252084 0.023961938743579752 -0.001322745026129876 0.015347490399552258 -0.016502575729012828 0.010171321021806241 0.020106452694402061
leaf_weight=180.5838558091491 77.088534001144581 40.00000455341069 39.904439157107845 93.232042703428306 7.3200654410757116 22.814590533846058 58.966576359816827 221.6733547373442
leaf_count=11587 2791 466 356 2024 137 469 1349 1596
internal_value=-0.000358574 0.00784329 -0.00183215 0.0064427 -0.0243938 0.0137636 0.00242424 0.0172337
internal_weight=741.583 553.68 210.225 133.136 187.904 343.455 81.7812 261.673
internal_count=20775 9051 5171 2380 11724 3880 1818 2062
is_linear=0
shrinkage=0.025


Tree=28
num_leaves=9
num_cat=0
split_feature=9 62 47 29 48 31 15 15
split_gain=228.443 95.4988 38.0408 38.2475 20.8211 17.2596 11.5559 10.9489
threshold=0.57000000000000017 0.75000000000000011 0.95024300000000006 0.31620650000000006 0.66350000000000009 0.58100750000000001 0.70919750000000004 0.52385550000000014
decision_type=2 2 2 2 2 2 2 2
left_child=5 2 3 -2 -3 6 -1 -6
right_child=1 4 -4 -5 7 -7 -8 -9
leaf_value=-0.029314170642013904 0.0013341368351005515 -0.022546010247923604 0.022886784876528149 0.018958761758034948 0.021490831742048831 0.013482355867429305 0.0014849231692203129 -0.0088274589605736985
leaf_weight=146.20577165851137 227.46468562935479 67.408694597834256 139.99080942198634 115.3802234394243 10.074261407135056 5.2220849332225034 7.3414987225551149 17.221165026683593
leaf_count=10542 4814 3003 312 743 128 272 224 659
internal_value=0.000119015 0.00744324 0.011955 0.00736279 -0.0152535 -0.0262381 -0.0277932 0.00280972
internal_weight=736.309 577.54 482.836 342.845 94.7041 158.769 153.547 27.2954
internal_count=20697 9659 5869 5557 3790 11038 10766 787
is_linear=0
shrinkage=0.025


Tree=29
num_leaves=9
num_cat=0
split_feature=1 30 20 43 60 18 39 27
split_gain=209.324 52.9363 37.775 35.193 41.4214 28.5758 27.7767 14.3764
threshold=0.50965696573257457 1.0000000180025095e-35 0.69953950000000009 1.0000000180025095e-35 0.68000000000000005 0.68484950000000011 1.0000000180025095e-35 1.0000000180025095e-35
decision_type=2 2 2 2 2 2 2 2
left_child=5 2 -2 4 -3 -1 -5 -4
right_child=1 3 7 6 -6 -7 -8 -9
leaf_value=-0.026841300961794365 -0.026758955864932678 0.018037633121097449 -0.008258615814836957 -0.034865820154980888 -0.0015189417506696022 0.00010268143427275586 0.0031611321795483906 0.018986272808286339
leaf_weight=156.94781876908382 40.953966950357426 316.96342581690988 21.520968177297618 13.899706328404134 84.671702294202987 28.432866134797223 46.8329245923087 22.826251216232777
leaf_count=10968 1957 2925 363 458 1875 730 1080 297
internal_value=9.6823e-05 0.00788549 -0.0099918 0.0112286 0.0139091 -0.0227117 -0.00625654 0.00581712
internal_weight=733.05 547.669 85.3012 462.368 401.635 185.381 60.7326 44.3472
internal_count=20653 8955 2617 6338 4800 11698 1538 660
is_linear=0
shrinkage=0.025


Tree=30
num_leaves=9
num_cat=0
split_feature=9 47 39 29 31 2 47 29
split_gain=197.492 66.4661 49.7768 36.8447 16.5045 12.849 11.4335 9.8394
threshold=0.57000000000000017 0.95024300000000006 1.0000000180025095e-35 0.31620650000000006 0.58100750000000001 0.63166251778602611 0.91020450000000019 1.0000000180025095e-35
decision_type=2 2 2 2 2 2 2 2
left_child=4 2 6 -4 5 -1 -2 -7
right_child=1 -3 3 -5 -6 7 -8 -9
leaf_value=-0.029694765682441379 -0.023123702825616554 0.021146803476581134 -0.00025347946740753534 0.017287458673581845 0.012748603148306382 -0.022366597776792493 0.0051548434789744409 0.010945018156936763
leaf_weight=130.95141326074372 53.633129010733683 140.37062628241256 246.76054985891096 104.8844059035182 5.4555270687269504 9.058610812120607 9.3810353406588529 9.0384981620591116
leaf_count=10194 2095 416 6296 848 273 389 60 168
internal_value=-0.00055771 0.00640471 0.00131865 0.00502539 -0.0253792 -0.0269747 -0.0187694 -0.00592259
internal_weight=709.534 555.03 414.659 351.645 154.504 149.049 63.0142 18.0971
internal_count=20739 9715 9299 7144 11024 10751 2155 557
is_linear=0
shrinkage=0.025


Tree=31
num_leaves=9
num_cat=0
split_feature=1 9 2 29 0 6 22 43
split_gain=206.851 56.3366 28.0438 29.1968 26.8096 29.6791 24.1034 16.1361
threshold=0.50965696573257457 0.75000000000000011 0.67536270618438732 1.0000000180025095e-35 0.43580000000000002 0.70364150000000014 0.5006885000000002 1.0000000180025095e-35
decision_type=2 2 2 2 2 2 2 2
left_child=6 4 3 -3 7 -6 -1 -2
right_child=1 2 -4 -5 5 -7 -8 -9
leaf_value=-0.024733856133955127 0.011930191664743232 -0.002237389676387589 0.020445878667710138 0.015409179901306212 -0.026235111155436933 0.0031165981337790936 0.015414645777767723 -0.027069641133375684
leaf_weight=173.7005459064967 53.404477799602319 111.06011734408094 169.7204967563157 119.54137865366647 50.061694212374277 35.346456938539632 8.3446313145104778 5.5297606303356579
leaf_count=11641 922 2384 1465 1059 2276 599 145 232
internal_value=0.000208978 0.00793646 0.0127531 0.006932 -0.00536271 -0.0142086 -0.0227053 0.0073794
internal_weight=726.71 544.664 400.322 230.601 144.342 85.4082 182.045 58.9342
internal_count=20723 8937 4908 3443 4029 2875 11786 1154
is_linear=0
shrinkage=0.025


Tree=32
num_leaves=9
num_cat=0
split_feature=2 9 2 15 39 0 0 33
split_gain=209.583 53.1186 30.4482 24.6341 22.2294 16.1818 28.9365 13.7497
threshold=0.5186261534690858 0.71000000000000008 0.67536270618438732 0.6795150000000002 1.0000000180025095e-35 0.45106650000000009 0.80480000000000007 0.3000000000000001
decision_type=2 2 2 2 2 2 2 2
left_child=3 5 4 -1 -3 7 -7 -2
right_child=1 2 -4 -5 -6 6 -8 -9
leaf_value=-0.027032931889693152 -0.0061296767368270236 -0.012424159248748174 0.020015160181978433 -0.0025846167317774968 0.0092371229837948775 -0.026695741300757549 0.010728304254891276 0.021657773064078359
leaf_weight=150.0754732938658 30.313135210075416 32.266476015589433 175.63194183283485 32.388312709517777 214.15113938704599 42.596292375936173 16.555460149829742 14.892850333824752
leaf_count=10827 925 896 1540 1012 2882 2062 313 223
internal_value=0.000123254 0.00814248 0.0120887 -0.022809 0.00629336 -0.00767382 -0.0160905 0.0033956
internal_weight=708.871 526.407 422.05 182.464 246.418 104.358 59.1518 45.206
internal_count=20680 8841 5318 11839 3778 3523 2375 1148
is_linear=0
shrinkage=0.025


Tree=33
num_leaves=9
num_cat=0
split_feature=9 62 64 61 0 43 0 1
split_gain=201.622 51.4681 27.7981 26.7624 26.1616 27.9893 19.7883 15.0971
threshold=0.71000000000000008 0.58333333333333337 0.38322500000000004 0.49446450000000003 0.85073300000000007 1.0000000180025095e-35 0.51633350000000011 0.48965796828269964
decision_type=2 2 2 2 2 2 2 2
left_child=2 3 -1 6 5 -3 -2 -4
right_child=1 4 7 -5 -6 -7 -8 -9
leaf_value=-0.027135842084845499 0.012642162706959146 0.0057921077250823114 -0.027388670231506113 0.020950017058007753 -0.031127264743605922 -0.019423595840809268 -0.011462969351998498 -0.0010350660174635027
leaf_weight=139.66897025852813 57.480654559331015 168.81393631646642 16.290408268774627 185.14343650336377 14.380915634683332 30.750041489489377 31.029307281249203 56.07653867371846
leaf_count=10297 653 2863 1397 1530 779 1118 629 1455
internal_value=-0.000403352 0.00843521 -0.0206525 0.0155776 -0.000725389 0.00171533 0.0040421 -0.00764537
internal_weight=699.634 487.598 212.036 273.653 213.945 199.564 88.51 72.3669
internal_count=20721 7572 13149 2812 4760 3981 1282 2852
is_linear=0
shrinkage=0.025


Tree=34
num_leaves=9
num_cat=0
split_feature=2 9 29 47 15 22 20 20
split_gain=188.902 45.5558 34.4722 41.3312 20.7086 14.5638 11.1002 9.67787
threshold=0.52475759387016307 0.57000000000000017 0.75473800000000013 0.87193500000000013 0.67609850000000005 0.25748900000000002 0.68940150000000011 0.7156570000000001
decision_type=2 2 2 2 2 2 2 2
left_child=4 5 3 -3 -1 -2 -6 -8
right_child=1 2 -4 -5 6 -7 7 -9
leaf_value=-0.027339696505825874 0.002960262661622649 -0.00049527493600495071 0.0259566678846542 0.015993481144662723 -0.021064574258727549 -0.026531951036168507 0.019559034100871182 -0.011873634395087714
leaf_weight=142.84422526540584 14.460583443869835 231.02102649927838 63.596266665495932 158.25923819292802 14.058181280153802 29.558322262135334 11.981024901848288 8.8315039519220573
leaf_count=10820 431 5500 183 716 785 1846 136 270
internal_value=-0.00117 0.00673844 0.00912413 0.00623643 -0.0231528 -0.0169729 -0.0052457 0.00602064
internal_weight=674.61 496.895 452.877 389.28 177.715 44.0189 34.8707 20.8125
internal_count=20687 8676 6399 6216 12011 2277 1191 406
is_linear=0
shrinkage=0.025


Tree=35
num_leaves=9
num_cat=0
split_feature=9 62 43 1 29 62 1 39
split_gain=159.166 63.3637 21.5783 22.4318 19.9977 25.9365 17.1186 12.4692
threshold=0.58350000000000002 0.58333333333333337 1.0000000180025095e-35 0.45805792510509497 1.0000000180025095e-35 0.41666666666666669 0.60710546374320995 1.0000000180025095e-35
decision_type=2 2 2 2 2 2 2 2
left_child=6 4 3 -3 5 -2 -1 -6
right_child=1 2 -4 -5 7 -7 -8 -9
leaf_value=-0.027657615856147101 0.02096324757791812 -0.024032983336694978 -0.021069814055049756 0.0020435132231281733 -0.00037090028240753813 -0.0008596860722955423 -0.0021332576310700555 0.02293475403441787
leaf_weight=123.78563440096332 49.949860394699499 21.092022166907554 36.857920861744788 189.14348146383418 15.480057685868813 96.530630703782663 20.03509099810617 119.63815469155088
leaf_count=10411 592 1142 1496 3729 200 1630 623 730
internal_value=-0.00109181 0.00525633 -0.00394669 -0.000739113 0.013329 0.00671356 -0.0242314 0.0202435
internal_weight=672.513 528.692 247.093 210.236 281.599 146.48 143.821 135.118
internal_count=20553 9519 6367 4871 3152 2222 11034 930
is_linear=0
shrinkage=0.025


Tree=36
num_leaves=9
num_cat=0
split_feature=2 62 15 43 9 9 61 24
split_gain=169.841 40.3988 37.7785 27.0662 21.3681 18.3786 18.2271 17.858
threshold=0.53701665997505199 0.58333333333333337 0.67464100000000016 1.0000000180025095e-35 0.63000000000000012 0.87000000000000011 0.49961550000000005 0.25000000000000006
decision_type=2 2 2 2 2 2 2 2
left_child=2 5 -1 4 -3 7 -7 -2
right_child=1 3 -4 -5 -6 6 -8 -9
leaf_value=-0.026062699583420876 -0.0072960392753887507 -0.023816991041918565 -0.00044888828424973425 -0.023253078868738626 0.0054987777182465072 0.0020052025019422232 0.023091469145971488 0.012606341813435371
leaf_weight=148.25346337043447 40.404271204024553 15.165089890157104 48.207187295542099 27.375618412799668 158.8251991327852 33.193154463311657 131.48816456552595 81.5690775483381
leaf_count=11304 825 887 1356 1163 2517 427 1138 1145
internal_value=-0.000362685 0.00752942 -0.0198833 -0.00102059 0.00265936 0.013527 0.0189614 0.00594174
internal_weight=684.481 488.021 196.461 201.366 173.99 286.655 164.681 121.973
internal_count=20762 8102 12660 4567 3404 3535 1565 1970
is_linear=0
shrinkage=0.025


Tree=37
num_leaves=9
num_cat=0
split_feature=9 62 1 29 61 22 6 0
split_gain=173.35 59.8223 35.1235 23.194 19.3916 18.5815 19.9764 15.8832
threshold=0.71000000000000008 0.58333333333333337 0.55557465553283703 0.60023650000000017 0.49446450000000003 0.26363950000000008 0.74374300000000015 0.48933350000000003
decision_type=2 2 2 2 2 2 2 2
left_child=2 4 -1 -3 7 -4 -7 -2
right_child=1 3 5 -5 -6 6 -8 -9
leaf_value=-0.027480369364221404 0.01342443428558138 -0.0060168147268608672 0.012404449567492905 0.016004834590954403 0.020278111289529471 -0.021201397152200731 0.016669831465471359 -0.0081593302685874346
leaf_weight=129.08066305346438 57.006010532611981 172.8974936401064 22.648814809159376 33.983331508468837 179.58610064093955 41.447017431084532 9.0720410067588073 31.245150274131447
leaf_count=10996 626 4542 333 233 1523 1721 109 644
internal_value=-0.000429019 0.00781734 -0.0197086 -0.00224491 0.0155764 -0.0055318 -0.013882 0.00568817
internal_weight=676.967 474.718 202.249 206.881 267.837 73.1679 50.5191 88.2512
internal_count=20727 7568 13159 4775 2793 2163 1830 1270
is_linear=0
shrinkage=0.025


Tree=38
num_leaves=9
num_cat=0
split_feature=9 62 43 2 21 16 31 60
split_gain=153.058 61.5235 25.7925 22.021 19.0174 19.5283 15.9548 14.9206
threshold=0.57000000000000017 0.58333333333333337 1.0000000180025095e-35 0.46497869491577154 0.70400000000000007 0.60856150000000009 0.6286845000000002 0.68000000000000005
decision_type=2 2 2 2 2 2 2 2
left_child=6 4 3 -3 7 -6 -1 -2
right_child=1 2 -4 -5 5 -7 -8 -9
leaf_value=-0.025568185276083028 0.0086274861928062919 -0.0209384775947009 -0.022630044755298118 0.0030052913119075122 -0.020528106502776537 0.019765716503914794 0.01792238771897621 -0.017068561122184533
leaf_weight=130.2331813237106 86.084120733314194 25.533488449553261 35.24973960488569 185.34495963231893 6.0984645483549675 180.77290332457051 3.9394838942971537 14.762373445089905
leaf_count=10742 1202 1418 1547 3484 95 1602 190 338
internal_value=-0.000314518 0.00568966 -0.00345163 -2.8106e-05 0.0135053 0.0182076 -0.0239917 0.00453428
internal_weight=668.019 533.846 246.128 210.878 287.718 186.871 134.173 100.846
internal_count=20618 9686 6449 4902 3237 1697 10932 1540
is_linear=0
shrinkage=0.025


Tree=39
num_leaves=9
num_cat=0
split_feature=9 2 39 60 1 16 0 16
split_gain=157.003 48.0398 38.7786 42.593 16.1237 11.3185 9.07713 6.82477
threshold=0.57000000000000017 0.68278563022613536 1.0000000180025095e-35 0.68000000000000005 0.60710546374320995 0.74689300000000014 0.45466650000000003 0.60379550000000004
decision_type=2 2 2 2 2 2 2 2
left_child=4 2 5 -4 -1 -2 -6 -3
right_child=1 7 3 -5 6 -7 -8 -9
leaf_value=-0.027324930584023327 -0.023445414424723223 -0.0037036675118544572 0.0095928934206655353 -0.01161597576538463 0.01078656572627801 0.0042611188431080907 -0.021722868632131076 0.018568681365740875
leaf_weight=113.86868506643805 43.060143190523377 7.8607280075084409 250.10836423642468 75.234147864743136 11.826220787595959 10.341519550944211 6.7249866599449879 158.06324519834016
leaf_count=10358 1780 107 3677 2382 215 220 382 1464
internal_value=0.000341013 0.00630287 0.00133931 0.00462451 -0.0238543 -0.0179844 -0.0016006 0.0174373
internal_weight=677.088 544.668 378.744 325.343 132.42 53.4017 18.5512 165.924
internal_count=20585 9630 8059 6059 10955 2000 597 1571
is_linear=0
shrinkage=0.025


Tree=40
num_leaves=9
num_cat=0
split_feature=1 47 39 60 18 17 48 19
split_gain=153.71 38.9046 46.5217 42.2999 22.0096 9.60239 9.71457 9.15569
threshold=0.50965696573257457 0.92356600000000011 1.0000000180025095e-35 0.68000000000000005 0.69470550000000009 0.65034300000000012 0.25536650000000005 0.6088355000000002
decision_type=2 2 2 2 2 2 2 2
left_child=4 2 7 -4 5 -1 -7 -2
right_child=1 -3 3 -5 -6 6 -8 -9
leaf_value=-0.028185329689071992 0.012418344936647792 0.01787680608419006 0.011457075969071164 -0.0094033903737481342 0.0033309733345324925 0.0024421527120583337 -0.022275854989819516 -0.022411334111667753
leaf_weight=101.793400634313 3.6839155490742987 151.78362645744346 245.75853364134673 78.431965874275193 19.90213043265976 15.866692641982807 21.23300471593393 45.467760920408182
leaf_count=9327 55 541 3645 2932 495 758 1166 1753
internal_value=0.00074613 0.00728134 0.00288144 0.00636056 -0.0206405 -0.0241272 -0.0119285 -0.0192707
internal_weight=683.921 525.126 373.342 324.19 158.795 138.893 37.0997 49.1517
internal_count=20672 8926 8385 6577 11746 11251 1924 1808
is_linear=0
shrinkage=0.025


Tree=41
num_leaves=9
num_cat=0
split_feature=2 62 43 18 19 0 47 62
split_gain=150.011 38.5164 30.0802 22.6636 17.0532 16.1807 16.1 16.2248
threshold=0.53145480155944835 0.58333333333333337 1.0000000180025095e-35 0.67814800000000008 0.67648100000000011 0.63803350000000003 0.73013700000000015 0.41666666666666669
decision_type=2 2 2 2 2 2 2 2
left_child=3 6 4 -1 -3 -5 7 -2
right_child=1 2 -4 5 -6 -7 -8 -9
leaf_value=-0.024700188535387239 0.018167561953201124 -0.016910927673410705 -0.025328649842307191 0.0089556585891814519 0.0056388326009713845 -0.021032203068349131 0.018501353238220632 1.544070926761407e-05
leaf_weight=131.81224040591042 45.955884557683021 22.120118528604507 25.764113774173893 25.341430687112734 155.12305426312378 17.013822217501001 155.78239218518138 88.235195611836389
leaf_count=11083 857 810 1207 487 2711 772 593 2072
internal_value=0.000159101 0.00722087 -0.00109816 -0.0196417 0.00262547 -0.00332637 0.0130382 0.0064625
internal_weight=667.148 492.981 203.007 174.167 177.243 42.3553 289.973 134.191
internal_count=20592 8250 4728 12342 3521 1259 3522 2929
is_linear=0
shrinkage=0.025


Tree=42
num_leaves=9
num_cat=0
split_feature=1 2 64 0 18 22 58 0
split_gain=143.594 37.2625 31.9675 30.9722 30.8657 18.578 9.06752 8.77944
threshold=0.50802838802337658 0.68278563022613536 0.24455000000000002 0.48566650000000006 0.69391950000000013 0.5006885000000002 0.58083350000000011 0.72386700000000015
decision_type=2 2 2 2 2 2 2 2
left_child=5 2 4 -4 -2 -1 -3 -8
right_child=1 6 3 -5 -6 -7 7 -9
leaf_value=-0.023476342248312826 -0.026819401752860385 0.019538105313564581 0.017789503174400676 -0.00052299131991242283 0.0034837406903658833 0.013528124346078252 -0.016995558152030504 0.010506411354938046
leaf_weight=142.85168661901844 41.284746415447444 116.69038816099055 84.896083755185828 169.39195800479501 39.282638202421367 7.493502636672928 6.365407121833413 51.994394008303061
leaf_count=11546 2199 719 979 3407 598 149 145 956
internal_value=-0.000111607 0.00621842 0.00128141 0.00565263 -0.012227 -0.0214294 0.015499 0.00691872
internal_weight=660.251 509.906 334.855 254.288 80.5674 150.345 175.05 58.3598
internal_count=20698 9003 7183 4386 2797 11695 1820 1101
is_linear=0
shrinkage=0.025


Tree=43
num_leaves=9
num_cat=0
split_feature=9 62 29 24 48 16 31 16
split_gain=135.069 45.42 26.9996 25.0926 17.0432 15.4413 12.2372 10.0683
threshold=0.57000000000000017 0.75000000000000011 0.31620650000000006 1.0000000180025095e-35 0.66350000000000009 0.72750400000000015 0.6286845000000002 0.60695300000000019
decision_type=2 2 2 2 2 2 2 2
left_child=6 2 3 -2 5 -3 -1 -4
right_child=1 4 7 -5 -6 -7 -8 -9
leaf_value=-0.024949592624151688 -0.0056647112942662973 -0.023459802076370356 -0.018474328172015914 0.0094727449472059421 0.0048330999380845549 0.0064825698529464683 0.014752411686875003 0.019044824500751897
leaf_weight=122.64657665789127 102.23059569031466 51.815862577263033 2.9084311891347161 196.30696968967095 29.192453676223522 12.067513727117328 3.5621348255372132 128.26403917279094
leaf_count=10871 2136 2586 78 2984 788 352 194 736
internal_value=-0.000545527 0.00506433 0.00850282 0.00426095 -0.0105764 -0.0176648 -0.0235579 0.0178917
internal_weight=648.995 522.786 429.71 298.538 93.0758 63.8834 126.209 131.172
internal_count=20725 9660 5934 5120 3726 2938 11065 814
is_linear=0
shrinkage=0.025


Tree=44
num_leaves=9
num_cat=0
split_feature=9 62 29 39 1 64 1 61
split_gain=133.353 43.5198 26.4518 17.1102 16.5104 14.7594 12.6465 10.0636
threshold=0.57000000000000017 0.58333333333333337 0.60023650000000017 1.0000000180025095e-35 0.63572707772254955 0.24455000000000002 0.60710546374320995 0.46085700000000007
decision_type=2 2 2 2 2 2 2 2
left_child=6 4 3 -3 5 -2 -1 -8
right_child=1 2 -4 -5 -6 -7 7 -9
leaf_value=-0.02641392312294303 -0.016316619144725163 -0.020319755132113655 0.016745142137765564 -0.0019955360990742592 0.0175337143573281 0.0085975034406597338 0.012185250864647425 -0.021321483765820805
leaf_weight=105.3171416586556 15.55515029618982 37.523550336540211 37.781522263772786 173.64376952807652 161.50382818630897 93.082885263138451 10.141778629506009 8.3178758462890965
leaf_count=10395 485 1667 282 4508 1562 1110 209 407
internal_value=0 0.00557081 -0.00194249 -0.00544695 0.0124856 0.00473196 -0.0231101 -0.00315459
internal_weight=642.868 519.091 248.949 211.167 270.142 108.638 123.777 18.4597
internal_count=20625 9614 6457 6175 3157 1595 11011 616
is_linear=0
shrinkage=0.025


Tree=45
num_leaves=9
num_cat=0
split_feature=9 1 0 61 1 54 60 65
split_gain=141.916 55.8867 24.3127 27.6361 20.8135 16.0708 13.2709 10.722
threshold=0.57000000000000017 0.61030724644660961 0.48566650000000006 0.50715900000000003 0.45632193982601171 1.0000000180025095e-35 0.68000000000000005 0.40703000000000006
decision_type=2 2 2 2 2 2 2 2
left_child=7 2 4 -4 -2 6 -3 -1
right_child=1 5 3 -5 -6 -7 -8 -9
leaf_value=-0.026468989428562469 -0.016743992682815605 0.016758050082669802 -0.019982193332154247 0.0035211346475263841 0.011349012650158492 -0.027810397168637448 0.0040520438905307463 0.0013465831577764917
leaf_weight=109.71486041155003 18.656374781276099 217.27231289760675 77.008019879489439 50.086912495899014 78.932481101364829 4.0341859348118296 71.317560248426162 8.6319007863930874
leaf_count=10556 807 1622 3178 1094 1238 69 1615 456
internal_value=6.0333e-05 0.00574059 -0.00359626 -0.0107506 0.00567467 0.0129109 0.0136934 -0.0243892
internal_weight=635.655 517.308 224.684 127.095 97.5889 292.624 288.59 118.347
internal_count=20635 9623 6317 4272 2045 3306 3237 11012
is_linear=0
shrinkage=0.025


Tree=46
num_leaves=9
num_cat=0
split_feature=1 44 29 62 47 49 47 19
split_gain=127.586 48.4558 24.8932 29.0105 26.1167 24.09 21.6726 17.3983
threshold=0.56782948970794689 0.094885000000000011 1.0000000180025095e-35 0.41666666666666669 0.87193500000000013 1.0000000180025095e-35 0.80616900000000002 0.69460400000000011
decision_type=2 2 2 2 2 2 2 2
left_child=1 -1 3 -2 -5 7 -7 -3
right_child=2 5 -4 4 -6 6 -8 -9
leaf_value=-0.024300398438104345 0.019362139934302622 -0.0041558679266213167 0.015177300176114695 -0.010892644564091451 0.0093182659945886381 -0.026594114648208864 0.0061583837530189475 0.021513444577995759
leaf_weight=127.90606764973199 48.384616715542506 32.032622865634039 202.14978556334972 92.580453460221179 67.016972925106529 31.352393182023661 18.785005868936423 30.123112381086685
leaf_count=10942 642 1135 1909 3056 401 2097 266 319
internal_value=0.000491749 -0.0138981 0.00896408 0.00280234 -0.00234913 -0.00176591 -0.0144134 0.00845043
internal_weight=650.331 240.199 410.132 207.982 159.597 112.293 50.1374 62.1557
internal_count=20767 14759 6008 4099 3457 3817 2363 1454
is_linear=0
shrinkage=0.025


Tree=47
num_leaves=9
num_cat=0
split_feature=2 64 29 47 15 17 0 1
split_gain=125.522 37.1758 24.2471 23.628 19.9888 18.1797 17.5995 14.9559
threshold=0.57335239648818981 0.38939500000000005 0.31620650000000006 0.87193500000000013 0.48619900000000005 0.60525000000000018 0.48566650000000006 0.43643447756767279
decision_type=2 2 2 2 2 2 2 2
left_child=1 -1 3 6 -5 -3 -2 -7
right_child=2 5 -4 4 -6 7 -8 -9
leaf_value=-0.023255339896082309 0.0097005242456237942 -0.026138385388379481 0.017682548514414146 -0.017087005161232804 0.016485259444240966 -0.025438373539626302 -0.0074731003930970652 0.0054527494398816326
leaf_weight=128.12911498175527 54.162897686124779 15.635115183104061 126.34113649628125 10.54721524287015 103.24657101655612 9.141871464045833 108.43495948324562 77.702029827574734
leaf_count=10679 1010 1014 894 85 468 797 3890 1836
internal_value=0.000249556 -0.0143739 0.00867125 0.00442772 0.0130674 -0.00296509 -0.00165848 0.00161704
internal_weight=633.341 230.608 402.733 276.392 113.794 102.479 162.598 86.8439
internal_count=20673 14326 6347 5453 553 3647 4900 2633
is_linear=0
shrinkage=0.025


Tree=48
num_leaves=9
num_cat=0
split_feature=19 62 30 29 47 62 29 58
split_gain=111.595 43.0973 29.4583 22.0794 19.1987 18.0726 14.7232 9.357
threshold=0.68236450000000015 0.58333333333333337 1.0000000180025095e-35 0.60023650000000017 0.98096600000000012 0.41666666666666669 0.31620650000000006 0.17833350000000001
decision_type=2 2 2 2 2 2 2 2
left_child=2 6 -1 4 -3 7 -2 -4
right_child=1 3 5 -5 -6 -7 -8 -9
leaf_value=-0.025947558056731348 0.009098432844712883 -0.0091468212963977356 0.021853145884091443 0.016733222082086868 0.013298079652422606 -0.011914121593161117 0.022514676680383681 -0.013975990638813583
leaf_weight=95.254974290801329 159.67879185441416 143.38191325133084 16.482592305052098 31.284767728298903 26.422811134601943 70.95922857359983 79.855410791002214 4.2531488216482094
leaf_count=9413 2346 4980 261 212 148 2846 359 177
internal_value=-0.000225781 0.00662893 -0.0163205 -0.00187037 -0.00549644 -0.00589932 0.0137516 0.0135913
internal_weight=627.574 440.624 186.95 201.089 169.805 91.695 239.534 20.7357
internal_count=20742 8045 12697 5340 5128 3284 2705 438
is_linear=0
shrinkage=0.025


Tree=49
num_leaves=9
num_cat=0
split_feature=2 64 60 20 39 43 0 2
split_gain=111.309 39.4466 30.2661 31.9014 20.19 22.2503 19.1122 15.8669
threshold=0.57335239648818981 0.39155850000000009 0.68000000000000005 0.69374750000000007 1.0000000180025095e-35 1.0000000180025095e-35 0.48220000000000002 0.45944911241531378
decision_type=2 2 2 2 2 2 2 2
left_child=1 -1 4 -4 5 -2 7 -3
right_child=2 6 3 -5 -6 -7 -8 -9
leaf_value=-0.024482098495288766 0.0059879218471831771 -0.015785219255813214 -0.030081305843338041 0.0031082022998847416 0.013864051163512903 -0.031480536885564556 -0.014568300966571419 0.014556242075095796
leaf_weight=121.94873395198374 36.493875236716121 12.43900388831389 22.179829467349919 69.655741780356038 246.454426547396 11.30171342359972 46.651131171471206 40.274370792729314
leaf_count=10710 565 914 977 1759 2640 430 2053 634
internal_value=-0.000991401 -0.0150612 0.00709044 -0.00529799 0.0109919 -0.00362977 -0.00317006 0.00694406
internal_weight=607.399 221.313 386.086 91.8356 294.25 47.7956 99.3645 52.7134
internal_count=20682 14311 6371 2736 3635 995 3601 1548
is_linear=0
shrinkage=0.025


Tree=50
num_leaves=9
num_cat=0
split_feature=2 9 22 62 21 15 16 0
split_gain=112.93 32.3536 26.6204 21.4106 20.272 19.8958 15.0322 10.127
threshold=0.51494944095611583 0.75000000000000011 0.25227950000000005 0.75000000000000011 0.87400000000000011 0.67609850000000005 0.60695300000000019 0.84440000000000015
decision_type=2 2 2 2 2 2 2 2
left_child=5 2 -2 6 -4 -1 -3 -5
right_child=1 3 4 7 -6 -7 -8 -9
leaf_value=-0.024513987293555972 0.01188930945770254 -0.027831266337445499 -0.02004130491655462 0.00026696863992214768 0.0044149337516739403 -0.0012244217481510206 0.013258865633763198 -0.027643703325773896
leaf_weight=106.65656529836997 41.058509027730906 3.7476507468381888 60.578119916841388 38.081410973682068 30.410968873999082 30.204782571527176 295.56029307012795 8.1450098433124349
leaf_count=10536 745 63 3039 860 485 1084 3326 535
internal_value=0.00032192 0.0060813 -0.00435755 0.0100943 -0.0118676 -0.0195197 0.0125382 -0.00543779
internal_weight=614.443 477.582 132.048 345.534 90.9891 136.861 299.308 46.2264
internal_count=20673 9053 4269 4784 3524 11620 3389 1395
is_linear=0
shrinkage=0.025


Tree=51
num_leaves=9
num_cat=0
split_feature=9 62 2 19 31 61 29 61
split_gain=113.847 38.1793 20.7468 16.1584 12.6309 11.1003 11.6344 6.32088
threshold=0.57000000000000017 0.75000000000000011 0.68278563022613536 0.68236450000000015 0.6286845000000002 0.91961550000000014 0.60023650000000017 0.50538450000000013
decision_type=2 2 2 2 2 2 2 2
left_child=4 2 3 -2 -1 6 -3 -4
right_child=1 5 7 -5 -6 -7 -8 -9
leaf_value=-0.024565089277743278 -0.0069422464944494658 -0.014745648283788965 0.0028133918231550491 0.0074408940664377676 0.015901917461883755 0.023628461473969534 0.013136669080502228 0.018050156524525976
leaf_weight=105.99625005909184 62.002091907110298 77.848157145112054 22.061665634158999 201.36817298171809 3.513035076117375 3.9960944512858978 8.7476487257517856 122.23853429872543
leaf_count=10841 1714 3568 268 2847 191 46 137 1055
internal_value=-8.31018e-05 0.00499657 0.00826675 0.00399978 -0.0229377 -0.00949917 -0.0116114 0.0158422
internal_weight=607.772 498.262 407.67 263.37 109.509 90.5919 86.5958 144.3
internal_count=20667 9635 5884 4561 11032 3751 3705 1323
is_linear=0
shrinkage=0.025


Tree=52
num_leaves=9
num_cat=0
split_feature=9 2 60 39 14 65 54 0
split_gain=97.8353 36.9352 29.8034 35.7211 20.7412 14.8896 11.9991 9.31241
threshold=0.57000000000000017 0.67536270618438732 0.68000000000000005 1.0000000180025095e-35 1.0000000180025095e-35 0.076556500000000013 1.0000000180025095e-35 0.45106650000000009
decision_type=2 2 2 2 2 2 2 2
left_child=5 2 3 -2 -4 -1 -3 -7
right_child=1 6 4 -5 -6 7 -8 -9
leaf_value=-0.026198993783907401 -0.018881847381824024 0.015020222377185708 0.0011118600033294711 0.0080357563845747087 -0.02373146098025784 0.0054748755723247255 -0.024605931511956732 -0.023791010268903678
leaf_weight=84.240640563686611 34.036220786772901 167.69213321700227 35.643387965741567 208.76050916776876 46.721373162698001 18.662167440008492 3.0353609919548026 8.0535619838337862
leaf_count=9330 1379 1767 654 3591 2275 935 48 755
internal_value=-0.000101424 0.0046521 -0.000286359 0.00410826 -0.0131201 -0.0211186 0.0139955 -0.0041288
internal_weight=606.845 495.889 325.161 242.797 82.3648 110.956 170.727 26.7157
internal_count=20734 9714 7899 4970 2929 11020 1815 1690
is_linear=0
shrinkage=0.025


Tree=53
num_leaves=9
num_cat=0
split_feature=9 62 19 19 60 2 31 2
split_gain=102.037 34.7928 22.1688 18.6956 17.5306 12.7861 11.758 9.61184
threshold=0.71000000000000008 0.75000000000000011 0.71647950000000005 0.68236450000000015 0.68000000000000005 0.68431133031845104 0.52852950000000021 0.67536270618438732
decision_type=2 2 2 2 2 2 2 2
left_child=2 3 5 7 -5 6 -1 -2
right_child=1 -3 -4 4 -6 -7 -8 -9
leaf_value=-0.026026663563244512 -0.0091357920969065021 -0.010117170718105535 0 0.014732312060561024 8.8991274201543607e-05 0.0047039169361534705 0.0060532273329991218 0.015285527433799448
leaf_weight=115.00576958269812 45.93343668608577 70.366229283041321 36.631351176416501 226.69155914057046 67.161588279093849 9.276107751997186 6.4857554993650401 10.677529690787194
leaf_count=11676 1169 2761 995 1893 1589 155 382 110
internal_value=-0.000884153 0.00567377 -0.017287 0.00890497 0.0114341 -0.0220375 -0.0241831 -0.00403725
internal_weight=588.229 420.83 167.399 350.464 293.853 130.768 121.492 56.611
internal_count=20730 7522 13208 4761 3482 12213 12058 1279
is_linear=0
shrinkage=0.025


Tree=54
num_leaves=9
num_cat=0
split_feature=2 2 64 43 15 20 49 19
split_gain=100.86 31.0464 23.2716 23.621 19.9654 16.7507 9.20822 6.89617
threshold=0.5186261534690858 0.68278563022613536 0.24455000000000002 1.0000000180025095e-35 0.67609850000000005 0.71123300000000012 1.0000000180025095e-35 0.76898500000000014
decision_type=2 2 2 2 2 2 2 2
left_child=4 2 5 -4 -1 -2 -6 -3
right_child=1 7 3 -5 6 -7 -8 -9
leaf_value=-0.024422366236239668 -0.02277229660970384 0.011313003337874673 0.0073381869506844418 -0.016814255164946369 0.010525330656867418 0.0010022165355881697 -0.015149970068275129 0.025609096926473021
leaf_weight=102.59383327334945 37.69889033009531 136.29259346472099 203.93291048539686 26.793041559518315 16.774688217556104 33.334841418254655 14.232406252354851 27.039189914707094
leaf_count=10726 2177 1479 3229 1050 343 584 781 348
internal_value=-0.000201682 0.0052968 0.000496837 0.00438086 -0.0191941 -0.0117907 -0.00123642 0.0140062
internal_weight=598.692 465.091 301.76 230.726 133.601 71.0337 31.0071 163.332
internal_count=20717 8867 7040 4279 11850 2761 1124 1827
is_linear=0
shrinkage=0.025


Tree=55
num_leaves=9
num_cat=0
split_feature=1 2 49 47 44 19 65 30
split_gain=93.8644 31.2604 23.1515 31.3795 18.8764 15.9604 14.262 7.94669
threshold=0.50802838802337658 0.68278563022613536 1.0000000180025095e-35 0.92356600000000011 0.18153500000000003 0.68889100000000003 0.057343000000000005 0.33500000000000008
decision_type=2 2 2 2 2 2 2 2
left_child=5 2 4 -4 -2 -1 -7 -3
right_child=1 7 3 -5 -6 6 -8 -9
leaf_value=-0.024025232812708311 -0.0045352079932342235 0.00088531212787902071 -0.010002051482874913 0.010918047081238724 0.018834582542395392 -0.024661245442203231 0.008240669544484807 0.016219723524733189
leaf_weight=94.724316440755501 31.431453221826814 26.38114105979912 155.60337289309246 60.492153863422573 60.071276435861364 10.596360955532871 21.566066033905372 138.26731091807596
leaf_count=10284 774 388 5467 344 575 808 617 1406
internal_value=-2.72755e-06 0.00512629 0.000374366 -0.00406503 0.0108015 -0.0189334 -0.00318894 0.0138479
internal_weight=599.133 472.247 307.598 216.096 91.5027 126.887 32.1624 164.648
internal_count=20663 8954 7160 5811 1349 11709 1425 1794
is_linear=0
shrinkage=0.025


Tree=56
num_leaves=9
num_cat=0
split_feature=9 62 29 62 65 61 16 17
split_gain=82.9798 30.966 23.02 20.0799 12.7086 12.0467 9.78264 7.50211
threshold=0.57000000000000017 0.75000000000000011 0.31620650000000006 0.41666666666666669 0.40703000000000006 0.91961550000000014 0.60695300000000019 0.68666850000000013
decision_type=2 2 2 2 2 2 2 2
left_child=4 2 3 -2 -1 7 -4 -3
right_child=1 5 6 -5 -6 -7 -8 -9
leaf_value=-0.023636662095441338 0.015347036406417131 -0.017483996518759287 -0.017890620749360417 -0.00096439402756965254 0.0059183301538161155 0.024544637450789924 0.016864959149806766 -0.0012433409660289859
leaf_weight=93.272755437181331 57.884996842942201 53.459836450201692 3.5044436431489876 218.06532626607805 8.830704900698036 4.0352860391139975 118.89346893783659 28.166171247023158
leaf_count=10555 707 2799 86 4450 439 48 704 922
internal_value=-0.000679546 0.00364845 0.00659354 0.00251602 -0.0209439 -0.00979945 0.0155379 -0.0121334
internal_weight=586.113 484.01 398.348 275.95 102.103 85.6613 122.398 81.626
internal_count=20710 9716 5947 5157 10994 3769 790 3721
is_linear=0
shrinkage=0.025


Tree=57
num_leaves=9
num_cat=0
split_feature=18 39 60 47 64 1 32 74
split_gain=90.0765 34.0032 28.7758 25.7298 17.3461 16.5142 13.2235 7.38599
threshold=0.63912050000000009 1.0000000180025095e-35 0.68000000000000005 0.92356600000000011 0.37513750000000007 0.67177072167396557 0.43680000000000002 1.0000000180025095e-35
decision_type=2 2 2 2 2 2 2 2
left_child=6 3 4 7 -3 -4 -1 -2
right_child=1 2 5 -5 -6 -7 -8 -9
leaf_value=-0.02581089968767657 -0.023935930691930334 0.00070882587400084062 -0.011612033319923672 0.0084419813402251045 0.014095635518508606 0.0091359198908977559 0.0037010732870226648 0.012563940949797152
leaf_weight=86.775540654838551 48.130460612825118 86.128500565711875 70.807795046886895 24.842962247668765 213.24506247206591 33.615681749768555 9.6155038358119764 2.2435746029950669
leaf_count=9941 2278 2049 2517 141 2470 799 339 38
internal_value=-0.000973256 0.00347479 0.00636752 -0.0117202 0.0102995 -0.00481627 -0.0227753 -0.0217494
internal_weight=575.405 479.014 403.797 75.217 299.374 104.423 96.391 50.374
internal_count=20572 10292 7835 2457 4519 3316 10280 2316
is_linear=0
shrinkage=0.025


Tree=58
num_leaves=9
num_cat=0
split_feature=9 62 29 47 61 2 29 22
split_gain=87.8629 34.1892 19.7907 22.4679 13.2172 9.9475 9.75853 9.62554
threshold=0.57000000000000017 0.75000000000000011 0.9893010000000001 0.92356600000000011 0.91961550000000014 0.61711630225181591 0.52868100000000007 0.25951650000000004
decision_type=2 2 2 2 2 2 2 2
left_child=5 2 3 -2 6 -1 -3 -7
right_child=1 4 -4 -5 -6 7 -8 -9
leaf_value=-0.025136757324524625 0.00091102940869700977 -0.015797059245764678 0.023336677739905755 0.014286175120857154 0.025849719618717067 0.016170538031378492 0.0092536484909896306 -0.017244520431340869
leaf_weight=80.595430449320702 242.48114296869608 70.372206844040193 41.322355262003839 115.25723027670756 4.0445303851738563 6.984462219115815 9.4910572432563622 11.303343249077441
leaf_count=10286 5418 3499 90 399 43 82 214 677
internal_value=-0.000174882 0.00422853 0.00729038 0.00529659 -0.0100769 -0.0214139 -0.012575 -0.00377696
internal_weight=581.852 482.969 399.061 357.738 83.9078 98.8832 79.8633 18.2878
internal_count=20708 9663 5907 5817 3756 11045 3713 759
is_linear=0
shrinkage=0.025


Tree=59
num_leaves=9
num_cat=0
split_feature=1 62 43 2 60 19 18 22
split_gain=88.5531 33.7904 17.0576 14.017 13.4059 12.3742 10.4868 6.37579
threshold=0.48013089597225195 0.58333333333333337 1.0000000180025095e-35 0.68278563022613536 0.68000000000000005 0.64445900000000012 0.68080900000000011 0.2304805
decision_type=2 2 2 2 2 2 2 2
left_child=6 3 5 4 -2 -3 -1 -4
right_child=1 2 7 -5 -6 -7 -8 -9
leaf_value=-0.025300447518651382 0.0084290817246789659 -0.02695033397822574 0.0094832773994240997 0.016366862765304347 -0.010258874235708227 0.0013046537552447645 -0.0021588226371520801 -0.024621626142242458
leaf_weight=79.692275575725944 123.48326788208215 8.2411018661223334 2.5221717611420926 124.04221013165079 27.550378189538606 175.83649305609288 15.709600429283453 24.770360523427371
leaf_count=9707 1889 635 55 1226 862 4195 558 1488
internal_value=6.36412e-05 0.00441654 -0.00305915 0.0101686 0.00488164 -0.00019608 -0.0216893 -0.0207816
internal_weight=581.848 486.446 211.37 275.076 151.034 184.078 95.4019 27.2925
internal_count=20615 10350 6373 3977 2751 4830 10265 1543
is_linear=0
shrinkage=0.025


Tree=60
num_leaves=9
num_cat=0
split_feature=1 29 62 64 30 9 0 58
split_gain=85.0011 34.1977 24.7993 20.8086 9.89524 8.13913 6.5101 10.8452
threshold=0.48178182542324072 0.82953200000000005 0.58333333333333337 0.3733125000000001 1.0000000180025095e-35 0.73000000000000009 0.51233350000000011 0.17833350000000001
decision_type=2 2 2 2 2 2 2 2
left_child=5 2 4 -4 -2 -1 7 -7
right_child=1 -3 3 -5 -6 6 -8 -9
leaf_value=-0.026118529792750783 -0.0055680585969356093 0.023121324329125455 -0.016314782845956052 0.0011327468147299912 0.0095923693223618368 -0.01712092060998557 -0.023580493724752297 0.015587000242700048
leaf_weight=63.596761500506545 28.899681933398824 53.607643088558689 59.986704964307137 134.53632347789244 206.92524653603323 10.68292243150063 10.736999905115225 10.626227267901411
leaf_count=8930 1041 236 2877 3288 2832 488 834 157
internal_value=0.000364765 0.00465294 0.0022387 -0.00432081 0.00767176 -0.0209075 -0.00941907 -0.000550784
internal_weight=579.599 483.956 430.348 194.523 235.825 95.6429 32.0461 21.3091
internal_count=20683 10274 10038 6165 3873 10409 1479 645
is_linear=0
shrinkage=0.025


Tree=61
num_leaves=9
num_cat=0
split_feature=9 62 29 47 19 1 58 39
split_gain=75.0214 28.8661 29.2585 34.7421 13.473 10.225 8.64533 8.35633
threshold=0.57000000000000017 0.41666666666666669 0.52868100000000007 0.87193500000000013 0.67448700000000017 0.60710546374320995 0.43083350000000004 1.0000000180025095e-35
decision_type=2 2 2 2 2 2 2 2
left_child=5 7 3 -3 -4 -1 -7 -2
right_child=1 2 4 -5 -6 6 -8 -9
leaf_value=-0.024430399591672713 -0.006080172783456462 -0.0083293045008057415 -0.019344050869751946 0.0090944399207081861 0.018479606062874378 0.015416212712226918 -0.017349137637737582 0.019847051900675077
leaf_weight=76.78000002776389 7.3016736283898345 209.23146631958662 4.6576420343480995 105.95628733909689 64.159159753238782 7.4231185392709476 8.7116869125165959 71.572239345638081
leaf_count=10352 83 7549 135 736 378 145 452 729
internal_value=-0.000439876 0.00368341 0.000799732 -0.00242793 0.0153397 -0.0207048 -0.00182355 0.0172631
internal_weight=555.793 462.878 384.005 315.188 68.8168 92.9148 16.1348 78.8739
internal_count=20559 9610 8798 8285 513 10949 597 812
is_linear=0
shrinkage=0.025


Tree=62
num_leaves=9
num_cat=0
split_feature=1 64 49 60 47 20 1 18
split_gain=74.4183 33.7051 20.7076 17.7741 15.8736 13.413 12.3642 10.8991
threshold=0.5912856161594392 0.37513750000000007 1.0000000180025095e-35 0.68000000000000005 0.77480250000000017 0.69720050000000011 0.43643447756767279 0.7405695000000001
decision_type=2 2 2 2 2 2 2 2
left_child=1 -1 6 -2 -4 -5 -3 -7
right_child=3 2 4 5 -6 7 -8 -9
leaf_value=-0.020555936016706817 0.010931928005994528 -0.01853793739348893 -0.020747423075500926 -0.021978110588955983 0.0029723785326032674 0.00748327174017959 0.013017723112211091 -0.020291062203717992
leaf_weight=117.03223957415321 228.14518994628452 7.083579660014947 41.07289424558985 15.953765688638667 28.259070873260498 48.809905389673077 52.155160126974806 8.6390848217997682
leaf_count=11446 2609 648 2637 587 433 1188 795 330
internal_value=-0.000779852 -0.0109609 -0.00198838 0.0075052 -0.011162 -0.00305352 0.00863973 0.00263833
internal_weight=547.151 245.603 128.571 301.548 69.332 73.4028 59.2387 57.449
internal_count=20673 15959 4513 4714 3070 2105 1443 1518
is_linear=0
shrinkage=0.025


Tree=63
num_leaves=9
num_cat=0
split_feature=1 29 62 15 18 39 62 59
split_gain=71.0957 26.6753 23.3817 22.2103 8.40551 8.20049 6.42831 7.19753
threshold=0.48013089597225195 0.75473800000000013 0.41666666666666669 0.66563950000000016 0.63912050000000009 1.0000000180025095e-35 0.75000000000000011 1.0000000180025095e-35
decision_type=2 2 2 2 2 2 2 2
left_child=4 2 5 -4 -1 -2 7 -6
right_child=1 -3 3 -5 6 -7 -8 -9
leaf_value=-0.026448388043589711 -0.0055514555768693017 0.01897878212870828 -0.0081760554370019778 0.0045866004470667991 -0.016636235424419943 0.016964213930563243 -0.022913072347515114 0.0090043138820198026
leaf_weight=53.831402495750808 10.326043060282244 60.963799682911485 157.53624518908327 180.48236263426952 9.6028951282496582 66.258338720625034 12.643414019315967 14.515964396356138
leaf_count=8140 174 289 5482 3557 473 929 1140 472
internal_value=-6.93386e-05 0.0038049 0.00147531 -0.00135258 -0.0201309 0.0137689 -0.0097992 -0.00140946
internal_weight=566.16 475.567 414.603 338.019 90.5937 76.5844 36.7623 24.1189
internal_count=20656 10431 10142 9039 10225 1103 2085 945
is_linear=0
shrinkage=0.025


Tree=64
num_leaves=9
num_cat=0
split_feature=9 29 39 60 2 22 0 55
split_gain=77.7881 24.9444 23.4252 21.6346 20.6003 12.1529 12.5968 12.0749
threshold=0.71000000000000008 1.0000000180025095e-35 1.0000000180025095e-35 0.68000000000000005 0.57966452836990368 0.26363950000000008 0.81273350000000011 1.0000000180025095e-35
decision_type=2 2 2 2 2 2 2 2
left_child=4 3 -3 -2 -1 -6 -7 -5
right_child=1 2 -4 7 5 6 -8 -9
leaf_value=-0.023037930340444851 0.0047822847264022209 -0.0087668407367116601 0.01544832400441783 0.0052898089995338064 0.012588546828739234 -0.018985084189507454 0.0085384669602911814 -0.019361603056713722
leaf_weight=85.307443551690085 154.00016717315884 27.331323852355126 174.6574486840982 15.505191517062483 17.576764454832301 32.044649616000243 13.143769512418656 43.385614627361065
leaf_count=11061 2952 763 1685 177 302 1528 250 2008
internal_value=0.000265227 0.00583338 0.0120811 -0.000116812 -0.0151558 -0.00394646 -0.0107979 -0.0127875
internal_weight=562.952 414.88 201.989 212.891 148.073 62.7652 45.1884 58.8908
internal_count=20726 7585 2448 5137 13141 2080 1778 2185
is_linear=0
shrinkage=0.025


Tree=65
num_leaves=9
num_cat=0
split_feature=9 19 60 39 19 0 31 62
split_gain=76.4578 23.9964 23.0704 22.8696 19.7345 16.4703 11.4894 7.95945
threshold=0.73000000000000009 0.64445900000000012 0.68000000000000005 1.0000000180025095e-35 0.72651150000000009 0.84440000000000015 0.52852950000000021 0.41666666666666669
decision_type=2 2 2 2 2 2 2 2
left_child=4 -2 3 -3 6 -4 7 -1
right_child=1 2 5 -5 -6 -7 -8 -9
leaf_value=-0.002334209748365612 -0.021935125851614799 -0.0052660501321724913 0.0014446389445600027 0.013552119251384265 0.0019605283200259276 -0.024905465204533364 0.0096088975260820737 -0.023541351180942131
leaf_weight=13.813157608150503 16.413590750860749 46.286457592097577 71.819080200395547 250.90728063927963 33.97990464582108 16.488267327367794 6.6677177077508523 100.85529316178872
leaf_count=965 822 1111 1558 2742 747 1091 415 11140
internal_value=0.000171651 0.00594291 0.00725632 0.0105806 -0.0146008 -0.00383487 -0.0192561 -0.0211348
internal_weight=557.231 401.915 385.501 297.194 155.316 88.3073 121.336 114.668
internal_count=20591 7324 6502 3853 13267 2649 12520 12105
is_linear=0
shrinkage=0.025


Tree=66
num_leaves=9
num_cat=0
split_feature=19 29 47 0 17 26 2 16
split_gain=72.5048 28.7755 24.0221 20.6712 20.2002 8.1232 7.69425 8.41242
threshold=0.68236450000000015 0.9893010000000001 0.95024300000000006 0.48566650000000006 0.64335650000000011 0.77000000000000013 0.60806512832641613 0.69284000000000012
decision_type=2 2 2 2 2 2 2 2
left_child=4 2 3 -2 5 -1 -6 -8
right_child=1 -3 -4 -5 6 -7 7 -9
leaf_value=-0.025281731284792455 0.010256720613189899 0.026419306213207268 0.013195143172357569 -0.0052310993869646343 -0.009746782547027516 0 0.017448990107768344 -0.01566196521669606
leaf_weight=78.236254136703792 72.329458642285317 34.375387781532481 102.39530744240619 192.89791799773229 43.389445358538069 9.1263130111619812 14.771622603526341 4.7353077204897991
leaf_count=9462 1477 93 404 6097 2541 421 265 49
internal_value=-0.000357984 0.00517049 0.00303108 -0.000934238 -0.0150716 -0.0227393 -0.00393306 0.00835357
internal_weight=552.257 401.998 367.623 265.227 150.259 87.3626 62.8964 19.5069
internal_count=20809 8071 7978 7574 12738 9883 2855 314
is_linear=0
shrinkage=0.025


Tree=67
num_leaves=9
num_cat=0
split_feature=9 2 60 39 47 19 62 2
split_gain=68.2101 29.8171 20.1842 26.5925 18.2054 12.8259 10.743 9.16316
threshold=0.57000000000000017 0.68759378790855419 0.68000000000000005 1.0000000180025095e-35 0.92356600000000011 0.76898500000000014 0.41666666666666669 0.57966452836990368
decision_type=2 2 2 2 2 2 2 2
left_child=7 2 3 -2 -4 6 -3 -1
right_child=1 5 4 -5 -6 -7 -8 -9
leaf_value=-0.024905603659156769 -0.015585000735332305 0.019699428549155067 -0.018120363188605791 0.0070522340994990636 0.0067058077532194324 0.02952411740030891 0.0035882189116496817 -0.0057281046180540258
leaf_weight=61.717785458735307 36.173710782080889 41.029538143891841 57.451626184541965 211.2845972799114 24.986577651114203 25.270076496060938 71.516180495149456 23.99563452496659
leaf_count=9814 1438 279 2825 3720 193 292 919 1249
internal_value=0.00034859 0.00413967 1.62019e-05 0.00361461 -0.0105263 0.0138151 0.00976858 -0.0198754
internal_weight=553.426 467.712 329.897 247.458 82.4382 137.816 112.546 85.7134
internal_count=20729 9666 8176 5158 3018 1490 1198 11063
is_linear=0
shrinkage=0.025


Tree=68
num_leaves=9
num_cat=0
split_feature=64 2 9 62 0 61 1 61
split_gain=69.8191 29.1126 24.7893 17.2517 14.0289 15.3856 15.0297 12.8045
threshold=0.24455000000000002 0.68759378790855419 0.75000000000000011 0.75000000000000011 0.45106650000000009 0.70581250000000006 0.45805792510509497 0.54226200000000013
decision_type=2 2 2 2 2 2 2 2
left_child=1 -1 4 7 6 -6 -2 -4
right_child=2 -3 3 -5 5 -7 -8 -9
leaf_value=-0.019325040574244723 -0.022379153945807292 0.0066183238268245209 0.0079929414473021692 -0.004653546028956305 -0.021845612165879786 0.0046666711945679172 0.012423893011379099 0.020530995110899255
leaf_weight=124.10499235944008 7.6604200547153587 32.827799677150324 164.78332300676266 43.282997047179379 37.266359125525923 19.432764705037698 36.866287429555086 77.701136876828969
leaf_count=11442 963 383 2066 1584 2070 315 743 1116
internal_value=0.000111965 -0.0138359 0.00582942 0.00958658 -0.00468487 -0.0127818 0.00557053 0.0121764
internal_weight=543.926 156.933 386.993 285.767 101.226 56.6991 44.5267 242.484
internal_count=20682 11825 8857 4766 4091 2385 1706 3182
is_linear=0
shrinkage=0.025


Tree=69
num_leaves=9
num_cat=0
split_feature=1 64 21 43 60 39 48 22
split_gain=64.4009 32.386 20.4008 18.1095 22.6295 18.6357 13.1689 8.04744
threshold=0.45632193982601171 0.24455000000000002 0.87400000000000011 1.0000000180025095e-35 0.68000000000000005 1.0000000180025095e-35 0.66160000000000008 0.48472500000000002
decision_type=2 2 2 2 2 2 2 2
left_child=-1 2 7 4 -3 -5 -4 -2
right_child=1 3 6 5 -6 -7 -8 -9
leaf_value=-0.023062853636814928 -0.018292285747737804 0.012325425564306415 -0.0049607001945326462 -0.030965337882119855 -0.0032453366483720745 0.0024092734587618288 0.025551037021431456 0.0074665920405529926
leaf_weight=66.097050287033198 70.272797316370998 243.70519493723987 20.56615896243602 13.01204131025588 74.637703608168522 32.50372377410531 12.518214112147687 6.9467936990549779
leaf_count=9029 3987 3218 501 604 2114 989 128 136
internal_value=-0.000311201 0.00292812 -0.00880397 0.00653389 0.00865387 -0.00787579 0.00716876 -0.0157503
internal_weight=540.26 474.163 110.304 363.859 318.343 45.5158 33.0844 77.2196
internal_count=20706 11677 4752 6925 5332 1593 629 4123
is_linear=0
shrinkage=0.025


Tree=70
num_leaves=9
num_cat=0
split_feature=9 29 62 19 2 61 19 32
split_gain=60.4004 26.3668 26.1043 17.8751 14.098 11.5185 10.0815 9.73481
threshold=0.71000000000000008 0.60023650000000017 0.75000000000000011 0.71904200000000007 0.68431133031845104 0.49284100000000003 0.68236450000000015 0.43680000000000002
decision_type=2 2 2 2 2 2 2 2
left_child=3 2 5 4 7 -2 -3 -1
right_child=1 6 -4 -5 -6 -7 -8 -9
leaf_value=-0.024670494560194968 -0.00053173543323686184 -0.0077456789031199796 -0.012928948006533837 0.0016665689312743053 0.0061642628457259747 0.0097033784877921924 0.022488470420523095 0.00092366830935486182
leaf_weight=85.619421466384665 118.73610983614344 6.3916733835358164 57.686016002524411 33.421029491350055 11.180349412141366 156.31447254586965 58.81118464237079 9.603551312669877
leaf_count=11542 2419 112 2643 913 187 2110 264 427
internal_value=0 0.0049704 0.00204731 -0.0140182 -0.0189538 0.00528599 0.0192708 -0.0220462
internal_weight=537.764 397.939 332.737 139.824 106.403 275.051 65.2029 95.223
internal_count=20617 7548 7172 13069 12156 4529 376 11969
is_linear=0
shrinkage=0.025


Tree=71
num_leaves=9
num_cat=0
split_feature=2 29 47 39 19 49 66 47
split_gain=63.0523 32.0627 24.2804 21.7581 15.077 10.4002 7.48978 3.1888
threshold=0.51494944095611583 0.9893010000000001 0.9999920000000001 1.0000000180025095e-35 0.68889100000000003 1.0000000180025095e-35 0.054404500000000001 0.96386200000000011
decision_type=2 2 2 2 2 2 2 2
left_child=4 2 3 -2 7 6 -6 -1
right_child=1 -3 -4 -5 5 -7 -8 -9
leaf_value=-0.023804893366793305 -0.015111951483596314 0.025204372428553626 0.016732288238852356 0.002236166095004231 -0.013177121597570982 -0.016985040899511313 0.019189011168618139 0.0041936691765044852
leaf_weight=72.8115675040317 51.736753716599196 39.755882543046027 58.096590178553015 280.98485150525812 4.4387521217577186 14.15156421280699 13.070316219469531 1.5937254554592062
leaf_count=10276 1963 129 195 6799 245 958 173 17
internal_value=7.96691e-05 0.00436045 0.00210349 -0.000513161 -0.0169878 -0.00207942 0.0100897 -0.0230129
internal_weight=536.64 430.574 390.818 332.722 106.066 31.6606 17.5091 74.4053
internal_count=20755 9086 8957 8762 11669 1376 418 10293
is_linear=0
shrinkage=0.025


Tree=72
num_leaves=9
num_cat=0
split_feature=9 62 29 21 9 22 39 2
split_gain=58.6193 25.1209 14.7731 13.9677 11.9816 11.582 9.29724 7.8216
threshold=0.57000000000000017 0.58333333333333337 0.60023650000000017 0.70400000000000007 0.78000000000000014 0.29499550000000008 1.0000000180025095e-35 0.67536270618438732
decision_type=2 2 2 2 2 2 2 2
left_child=7 3 6 5 -5 -2 -3 -1
right_child=1 2 -4 4 -6 -7 -8 -9
leaf_value=-0.02307731409843837 0.0088392051852982569 -0.017718140626336091 0.013396079022530795 -0.0048492182658450029 0.015623104547276633 -0.0091179662534107333 -0.0032050224089443784 0.00078657159364593364
leaf_weight=69.737489299819572 45.2853246020386 32.867956115980633 26.133621783694252 19.081127918558195 131.0761359333992 40.693283949629404 149.68897703592665 8.9186062570661289
leaf_count=10759 693 1671 282 244 1448 829 4541 275
internal_value=-0.000701218 0.00282759 -0.00345095 0.00839027 0.0129428 0.00024084 -0.00602233 -0.0203261
internal_weight=523.483 444.826 208.691 236.136 150.157 85.9786 182.557 78.6561
internal_count=20742 9708 6494 3214 1692 1522 6212 11034
is_linear=0
shrinkage=0.025


Tree=73
num_leaves=9
num_cat=0
split_feature=1 44 39 19 9 21 0 0
split_gain=62.8903 31.5344 16.4485 12.1714 9.54954 9.01759 9.96603 7.37681
threshold=0.61249238252639782 0.094885000000000011 1.0000000180025095e-35 0.70275950000000009 0.75000000000000011 0.87400000000000011 0.66263350000000021 0.83940000000000003
decision_type=2 2 2 2 2 2 2 2
left_child=1 5 -3 -4 -2 -1 -7 -6
right_child=4 2 3 -5 7 6 -8 -9
leaf_value=-0.021864498390351324 -0.00081131340281043987 -0.019245172661237424 -0.0051939279923298391 0.0098733130170532996 0.012582664334230609 0.02370323488523203 -0.014003884448847329 -0.0024848724312801483
leaf_weight=91.940045570911025 51.933940792165231 24.684623770823237 65.291998014523415 64.330014216364361 186.60936211724766 4.703318709274753 10.585765789262949 21.179878079332411
leaf_count=11161 1177 1572 2502 1026 1920 69 444 714
internal_value=-4.32335e-05 -0.00867804 -0.00133176 0.0022632 0.00862305 -0.018963 -0.00057026 0.011002
internal_weight=521.259 261.536 154.307 129.622 259.723 107.229 15.2891 207.789
internal_count=20585 16774 5100 3528 3811 11674 513 2634
is_linear=0
shrinkage=0.025


Tree=74
num_leaves=9
num_cat=0
split_feature=2 2 29 40 22 19 62 21
split_gain=53.8978 25.1934 21.077 19.7041 11.7702 8.76782 6.84375 6.56435
threshold=0.51494944095611583 0.68278563022613536 0.9893010000000001 1.0000000180025095e-35 0.5006885000000002 0.76898500000000014 0.41666666666666669 0.87400000000000011
decision_type=2 2 2 2 2 2 2 2
left_child=4 2 3 -2 7 6 -3 -1
right_child=1 5 -4 -5 -6 -7 -8 -9
leaf_value=-0.020331834235039752 -0.0087570883354860414 0.017098973840131756 0.021153860994148177 0.0055807153479421785 0.0136107923115713 0.025001248697954555 0.0044650124520322484 0.002493137277233189
leaf_weight=88.008731327485293 145.43817729703733 41.000065026688389 22.983877842780203 98.535763910098467 6.0453896238468579 25.98124829842709 83.345335946651176 7.548336243024095
leaf_count=11183 4936 324 99 2194 151 332 1174 316
internal_value=-7.18087e-05 0.00390386 -0.000693648 -0.00293758 -0.0162326 0.0120195 0.00889486 -0.0184378
internal_weight=518.887 417.284 266.958 243.974 101.602 150.327 124.345 95.5571
internal_count=20709 9059 7229 7130 11650 1830 1498 11499
is_linear=0
shrinkage=0.025


Tree=75
num_leaves=9
num_cat=0
split_feature=2 9 34 22 22 60 43 39
split_gain=53.4855 24.1822 15.6937 15.6089 14.1998 12.8023 10.2634 7.83809
threshold=0.53145480155944835 0.95350000000000013 0.23747300000000002 0.5006885000000002 0.49717600000000006 0.82000000000000017 1.0000000180025095e-35 1.0000000180025095e-35
decision_type=2 2 2 2 2 2 2 2
left_child=3 2 4 -1 -2 7 -4 -3
right_child=1 5 6 -5 -6 -7 -8 -9
leaf_value=-0.017725455594678419 -0.012027956953508043 -0.00060454265656439163 0.0067493748072820344 0.013896297014060019 0.014293635387834411 -0.0073442188899897082 -0.0083705211487811997 0.020064803961715186
leaf_weight=106.7841278117703 79.948283634206746 12.324271913152186 170.07109204767039 8.9851438547484559 13.197627958143128 13.587438551010562 31.354179388843477 82.523737248266116
leaf_count=12122 3165 156 2537 209 214 563 1132 562
internal_value=-0.000170978 0.00412723 0.000358225 -0.0150132 -0.00799762 0.0141061 0.00429976 0.0173446
internal_weight=518.776 403.007 294.571 115.769 93.1459 108.435 201.425 94.848
internal_count=20660 8329 7048 12331 3379 1281 3669 718
is_linear=0
shrinkage=0.025


Tree=76
num_leaves=9
num_cat=0
split_feature=1 49 19 29 47 15 2 9
split_gain=60.9712 20.8145 21.8824 18.0978 12.4226 13.2358 11.8971 10.8033
threshold=0.56389477849006664 1.0000000180025095e-35 0.64445900000000012 0.31620650000000006 0.87193500000000013 0.48619900000000005 0.73102048039436351 0.71000000000000008
decision_type=2 2 2 2 2 2 2 2
left_child=1 2 -1 4 6 -6 -2 -5
right_child=3 -3 -4 7 5 -7 -8 -9
leaf_value=-0.021557910778465032 -0.00540159762540896 -0.02070142881871409 0.0055339750146766583 -0.011774317810995612 -0.014284447072291465 0.012428246750519123 0.014506474128734341 0.017122701010227889
leaf_weight=25.171969560760772 123.19800957897678 86.130917025846429 56.926895508018788 7.133258255897089 11.387690808158366 86.579533819924109 19.982414801139385 94.074951764428988
leaf_count=3944 4164 8801 1829 262 95 487 532 585
internal_value=0 -0.0122429 -0.00299851 0.00604693 0.00224049 0.00902448 -0.00240998 0.0148246
internal_weight=510.586 168.23 82.0989 342.356 241.148 97.9672 143.18 101.208
internal_count=20699 14574 5773 6125 5278 582 4696 847
is_linear=0
shrinkage=0.025


Tree=77
num_leaves=9
num_cat=0
split_feature=9 29 47 0 27 66 19 0
split_gain=53.0272 28.0328 24.6059 19.8659 10.5559 9.15302 6.38921 5.89246
threshold=0.57000000000000017 0.75473800000000013 0.74884650000000008 0.48566650000000006 1.0000000180025095e-35 0.076556500000000013 0.68063400000000007 0.45106650000000009
decision_type=2 2 2 2 2 2 2 2
left_child=5 2 3 -2 -4 -1 -3 -7
right_child=1 6 4 -5 -6 7 -8 -9
leaf_value=-0.024558103791095357 0.0041647766148933526 -0.0035956160733008505 0.0020932842048587471 -0.011352972264518882 0.014528988464625761 0.0044908051420424018 0.023022823099189425 -0.021225390354240717
leaf_weight=53.683424116810784 86.668283352046274 5.269074010429903 96.244493250036612 120.60433806473156 78.317200212040916 14.47252126222884 46.995878804475069 6.3173986393376245
leaf_count=9266 2178 74 1083 5596 575 953 167 771
internal_value=-6.29987e-06 0.00334632 0.000931238 -0.0048508 0.00781643 -0.019223 0.0201675 -0.00417137
internal_weight=508.573 434.099 381.834 207.273 174.562 74.4733 52.265 20.7899
internal_count=20663 9673 9432 7774 1658 10990 241 1724
is_linear=0
shrinkage=0.025


Tree=78
num_leaves=9
num_cat=0
split_feature=9 39 29 62 1 0 47 19
split_gain=52.5648 22.6745 23.3151 16.9072 15.9833 18.9069 10.2844 7.20638
threshold=0.73000000000000009 1.0000000180025095e-35 1.0000000180025095e-35 0.41666666666666669 0.49961856007575994 0.4233670000000001 0.93492100000000011 0.64259250000000012
decision_type=2 2 2 2 2 2 2 2
left_child=4 6 3 -3 -1 -6 -2 -4
right_child=1 2 7 -5 5 -7 -8 -9
leaf_value=-0.024462736126645332 -0.016823270299027634 0.016888421647389251 -0.017722362619245025 -0.0031374913392856565 0.0087697094150110937 -0.014864855451935869 0.0059045895804258706 0.015411575070951759
leaf_weight=49.356634137802757 37.687823065934936 30.818417823174968 2.4177665917668483 130.97681397339329 30.785948452365119 57.444406022783369 16.308010780252516 143.70465819956735
leaf_count=9389 1631 495 147 3510 899 2920 96 1485
internal_value=-0.000214811 0.00477368 0.00741094 0.000790851 -0.0132708 -0.00652341 -0.00985926 0.0145808
internal_weight=499.5 361.913 307.918 161.795 137.587 88.2304 53.9958 146.122
internal_count=20572 7364 5637 4005 13208 3819 1727 1632
is_linear=0
shrinkage=0.025


Tree=79
num_leaves=9
num_cat=0
split_feature=2 29 2 47 20 9 24 49
split_gain=58.305 21.2811 19.8254 12.3435 8.73638 7.15514 5.77489 5.4119
threshold=0.5186261534690858 0.9893010000000001 0.6687772572040559 0.81695950000000017 0.67037750000000018 0.87000000000000011 0.35000000000000003 1.0000000180025095e-35
decision_type=2 2 2 2 2 2 2 2
left_child=4 2 3 -2 -1 -4 -6 -8
right_child=1 -3 5 -5 6 -7 7 -9
leaf_value=-0.022551913295847686 -0.0062029979670207569 0.021918042916694386 0.002793182146506232 0.0063920572325624654 -0.015578728395537277 0.013828800809309519 0.014631839820062857 -0.0099210947670225098
leaf_weight=60.074842754213023 148.5162471018848 38.299520272063091 65.077823546947911 69.529008318670094 18.580490310618188 92.92102097789757 9.9653021765407175 8.4043374504544772
leaf_count=10147 5778 129 1019 698 1104 1286 120 458
internal_value=0.000502922 0.00461603 0.00272738 -0.00213108 -0.0167248 0.00942197 -0.00638678 0.00315921
internal_weight=511.369 414.344 376.044 218.045 97.025 157.999 36.9501 18.3696
internal_count=20739 8910 8781 6476 11829 2305 1682 578
is_linear=0
shrinkage=0.025


Tree=80
num_leaves=9
num_cat=0
split_feature=9 62 29 2 47 39 22 0
split_gain=54.1888 25.1798 19.6939 17.6983 14.7988 12.3018 10.0922 10.1318
threshold=0.71000000000000008 0.75000000000000011 1.0000000180025095e-35 0.57827115058898937 0.9999920000000001 1.0000000180025095e-35 0.26363950000000008 0.81273350000000011
decision_type=2 2 2 2 2 2 2 2
left_child=3 2 4 -1 -2 -4 -5 -8
right_child=1 -3 5 6 -6 -7 7 -9
leaf_value=-0.02230679890189095 -0.0015463438485491029 -0.0086542296084564548 -0.0025267604267775402 0.011476340503762693 0.017802137706132835 0.017451453576820385 -0.017457066843921495 0.0075900958424331135
leaf_weight=64.982912031395244 129.90930972190108 63.750000344676664 21.182691271038493 17.740746067254804 28.309943338856101 132.8456980434712 30.541638015129138 12.780697001260704
leaf_count=10993 3186 2741 375 324 88 1147 1541 253
internal_value=0.000640317 0.00541343 0.00834622 -0.0134016 0.00204785 0.0146587 -0.00339887 -0.00989346
internal_weight=502.044 375.998 312.248 126.046 158.219 154.028 61.0631 43.3223
internal_count=20648 7537 4796 13111 3274 1522 2118 1794
is_linear=0
shrinkage=0.025


Tree=81
num_leaves=9
num_cat=0
split_feature=1 60 39 43 64 1 14 16
split_gain=45.7546 27.1551 22.7527 17.8891 16.164 12.0787 18.4016 11.1208
threshold=0.45299632847309118 0.68000000000000005 1.0000000180025095e-35 1.0000000180025095e-35 0.37513750000000007 0.68317779898643505 1.0000000180025095e-35 0.7148580000000001
decision_type=2 2 2 2 2 2 2 2
left_child=-1 2 3 -2 -4 6 -3 -7
right_child=1 5 4 -5 -6 7 -8 -9
leaf_value=-0.021181580010913598 0.00057692655933042547 0.0013543882633017213 0 -0.029676200286874774 0.013099396350215224 0.015375801416345947 -0.022314491664663684 -0.017493815989605185
leaf_weight=54.600603045051685 42.449750099622179 33.264667091425508 84.639674493228085 14.855629246798342 194.03451689559733 19.988264744170014 48.500004680434358 7.0582027952186754
leaf_count=8933 1185 889 2606 899 2641 379 2886 324
internal_value=0 0.00267717 0.00620047 -0.00787562 0.00915723 -0.00804969 -0.0127932 0.00592584
internal_weight=499.391 444.791 335.98 57.3054 278.674 108.811 81.7647 27.0465
internal_count=20742 11809 7331 2084 5247 4478 3775 703
is_linear=0
shrinkage=0.025


Tree=82
num_leaves=9
num_cat=0
split_feature=1 64 20 60 43 14 0 0
split_gain=47.9617 22.6669 23.441 18.9998 24.7884 16.0869 12.2518 8.35828
threshold=0.45299632847309118 0.36222550000000003 0.7156570000000001 0.68000000000000005 1.0000000180025095e-35 1.0000000180025095e-35 0.38600000000000007 0.80456700000000014
decision_type=2 2 2 2 2 2 2 2
left_child=-1 2 6 4 -3 -5 -2 -4
right_child=1 3 7 5 -6 -7 -8 -9
leaf_value=-0.021352275321296979 0 0.01314856880875803 -0.00097631709512692672 0.0098645239941608232 -0.016678909123741478 -0.011731779811196295 -0.022423129621788999 0.017694387564324562
leaf_weight=53.424296947327093 23.076108424051199 209.21279491117457 39.953381775761954 34.119336529576685 17.070374233473558 51.116186293365899 45.816813715384342 21.170675607630983
leaf_count=8904 943 2842 709 451 646 2352 3491 341
internal_value=0.000558521 0.00331089 -0.00536846 0.00696841 0.0107392 -0.00297296 -0.0152026 0.00572731
internal_weight=494.96 441.536 130.017 311.519 226.283 85.2355 68.8929 61.1241
internal_count=20679 11775 5484 6291 3488 2803 4434 1050
is_linear=0
shrinkage=0.025


Tree=83
num_leaves=9
num_cat=0
split_feature=9 62 2 61 60 65 41 0
split_gain=46.0835 25.8492 14.0345 13.5502 13.3782 9.92039 8.52571 6.55758
threshold=0.57000000000000017 0.75000000000000011 0.68278563022613536 0.47289900000000007 0.68000000000000005 0.076556500000000013 0.42500000000000004 0.38683350000000005
decision_type=2 2 2 2 2 2 2 2
left_child=5 2 4 7 -2 -1 -5 -3
right_child=1 3 -4 6 -6 -7 -8 -9
leaf_value=-0.024159426058823735 0.0059987575335758488 -0.002113719095556482 0.013138509758941012 -0.011317934950223789 -0.0081261392835050624 -0.0026882555355623745 0.010729273366071631 -0.026763627665257767
leaf_weight=48.314592944516335 176.93247985560447 10.375459045113528 125.02023966517299 18.25814455084037 52.505788924056105 20.229901851533214 21.818923444312532 25.147005428007105
leaf_count=9334 2935 538 1330 925 1629 1720 511 1798
internal_value=0.000534446 0.00360571 0.00645042 -0.00945793 0.00269165 -0.0181847 0.000446309 -0.0202601
internal_weight=498.603 430.058 354.459 75.5995 229.438 68.5445 40.0771 35.5225
internal_count=20720 9666 5894 3772 4564 11054 1436 2336
is_linear=0
shrinkage=0.025


Tree=84
num_leaves=9
num_cat=0
split_feature=9 61 0 2 0 47 28 16
split_gain=43.1844 23.433 25.6651 13.4493 18.1828 12.3194 12.2893 11.9611
threshold=0.75000000000000011 0.49346600000000007 0.51633350000000011 0.46497869491577154 0.38990000000000008 0.9999920000000001 1.0000000180025095e-35 0.71284100000000017
decision_type=2 2 2 2 2 2 2 2
left_child=3 2 6 -1 -5 -6 -2 -3
right_child=1 7 -4 4 5 -7 -8 -9
leaf_value=-0.0234591857852262 -0.013595944211370734 0.015052088977924981 -0.012989842173219364 0.0078350020753741919 -0.016072819024536177 0.01270679950533414 0.013327740861799851 0.00101776581625969
leaf_weight=39.178910475602606 11.10736349551007 123.38401310076006 72.314810820651473 36.260416865407024 76.695278084283927 8.747659780085085 53.783933372353204 56.569358856184408
leaf_count=8193 365 1683 2467 1079 4791 57 848 1112
internal_value=-0.000484769 0.00484658 -0.00287395 -0.0109714 -0.00657635 -0.0128173 0.00833841 0.0107412
internal_weight=478.042 317.159 137.206 160.882 121.703 85.4429 64.8913 179.953
internal_count=20595 6475 3680 14120 5927 4848 1213 2795
is_linear=0
shrinkage=0.025


Tree=85
num_leaves=9
num_cat=0
split_feature=1 29 62 47 32 22 17 58
split_gain=40.8303 16.8462 18.5799 17.565 7.94022 7.28184 3.78626 4.08048
threshold=0.48013089597225195 0.91839300000000013 0.41666666666666669 0.77480250000000017 0.16292500000000001 0.5006885000000002 0.64237650000000002 0.33916700000000005
decision_type=2 2 2 2 2 2 2 2
left_child=5 2 4 -4 -2 6 -1 -8
right_child=1 -3 3 -5 -6 -7 7 -9
leaf_value=-0.025240563485311725 0.0033969672564453618 0.018522758863066344 -0.0065494055247409481 0.0053031777587899875 0.020714241237932435 0.012167976593752206 -0.018665920183936893 0.00030637257541724197
leaf_weight=37.491063147797831 33.343584181769984 36.943810422439128 176.97963176327175 136.32979184470605 35.636471490957774 3.1346679339185348 14.254465063044337 11.103551966065423
leaf_count=8056 581 181 7688 1372 525 92 1430 704
internal_value=-4.37015e-05 0.0028426 0.00121926 -0.0013673 0.0127807 -0.0180365 -0.0199874 -0.0106693
internal_weight=485.217 419.233 382.289 313.309 68.9801 65.9837 62.8491 25.358
internal_count=20629 10347 10166 9060 1106 10282 10190 2134
is_linear=0
shrinkage=0.025


Tree=86
num_leaves=9
num_cat=0
split_feature=9 29 47 39 65 19 59 44
split_gain=37.0828 19.0607 21.7762 19.2859 9.06861 8.80055 7.39326 6.68463
threshold=0.57000000000000017 0.60023650000000017 0.93492100000000011 1.0000000180025095e-35 0.076556500000000013 0.67719100000000021 1.0000000180025095e-35 0.18153500000000003
decision_type=2 2 2 2 2 2 2 2
left_child=4 2 3 -2 -1 -3 -4 -7
right_child=1 5 6 -5 -6 7 -8 -9
leaf_value=-0.022713021081168457 -0.018754364600578194 -0.0096303164714201181 -0.0059134759820226 -4.3001688190936452e-05 -0.0021461745935304872 0.0046972851372010169 0.013502430739894506 0.024245278963583462
leaf_weight=46.204471773802652 39.076128014043206 6.2080714215990147 12.57153409719467 217.81780243842513 20.348418810317526 17.877882389351726 83.121773024089634 39.002357607707381
leaf_count=9269 2008 135 75 6688 1738 144 403 150
internal_value=0.00024571 0.00305695 0.00073571 -0.00304105 -0.0167802 0.0154934 0.0108061 0.0185968
internal_weight=482.228 415.676 352.587 256.894 66.5529 63.0883 95.6933 56.8802
internal_count=20610 9603 9174 8696 11007 429 478 294
is_linear=0
shrinkage=0.025


Tree=87
num_leaves=9
num_cat=0
split_feature=2 44 9 46 17 49 0 64
split_gain=52.6749 15.709 14.4735 13.4373 9.73701 9.098 8.95938 7.96623
threshold=0.57827115058898937 0.40703000000000006 0.78000000000000014 0.16839000000000001 0.67096950000000011 1.0000000180025095e-35 0.46670000000000006 0.87941500000000017
decision_type=2 2 2 2 2 2 2 2
left_child=1 -1 6 -4 -5 -3 -2 -8
right_child=2 5 3 4 -6 -7 7 -9
leaf_value=-0.0161441668911072 0.0070825607184665205 0.011699292880903114 -0.014724552316676288 0.016652312798348338 0.0057553769566692069 -0.011129759462590724 -0.002088468090037294 -0.022751609439513251
leaf_weight=118.37778035058 34.270651616039686 22.965424891706789 11.858603400993159 95.751179191051051 121.1853029592894 17.260902545996942 38.34211154631339 15.71727402647957
leaf_count=13136 767 522 379 1346 1760 856 1337 533
internal_value=4.51058e-05 -0.0116167 0.00593729 0.00924066 0.0107075 0.00166267 -0.00255132 -0.00882724
internal_weight=475.729 158.604 317.125 228.795 216.936 40.2263 88.33 54.0594
internal_count=20636 14514 6122 3485 3106 1378 2637 1870
is_linear=0
shrinkage=0.025


Tree=88
num_leaves=9
num_cat=0
split_feature=18 39 47 22 62 46 33 19
split_gain=39.4187 24.6678 15.8058 15.5689 19.3699 11.5896 10.3091 6.59352
threshold=0.63595700000000011 1.0000000180025095e-35 0.9999920000000001 0.49192400000000008 0.41666666666666669 0.7758750000000002 0.50000000000000011 0.74607200000000018
decision_type=2 2 2 2 2 2 2 2
left_child=6 2 7 4 -3 -5 -1 -2
right_child=1 3 -4 5 -6 -7 -8 -9
leaf_value=-0.022609710030972802 -0.021752358876096656 0.016562061552573729 0.01306663328917111 0.019522962408747856 -0.00088683053727566614 -0.0016197757665816972 0.0060840855336985935 -0.002229721559132221
leaf_weight=51.984872069879202 39.403762288100552 46.710019308375195 12.289377661189063 65.969525777967647 212.13242107848055 20.060004512546584 7.8282083897647672 16.519982814905234
leaf_count=9252 2228 668 52 548 5780 1120 693 367
internal_value=-1.66837e-05 0.00274128 -0.010756 0.00547918 0.00233604 0.014583 -0.0186576 -0.0163909
internal_weight=472.898 413.085 68.2131 344.872 258.842 86.0295 59.8131 55.9237
internal_count=20708 10763 2647 8116 6448 1668 9945 2595
is_linear=0
shrinkage=0.025


Tree=89
num_leaves=9
num_cat=0
split_feature=1 29 64 61 43 19 22 66
split_gain=39.4372 20.8106 18.9321 16.991 15.9085 4.14967 3.14531 2.66284
threshold=0.45632193982601171 0.91839300000000013 0.36222550000000003 0.71629350000000003 1.0000000180025095e-35 0.68236450000000015 0.42636100000000005 -0.19447999999999996
decision_type=2 2 2 2 2 2 2 2
left_child=7 2 3 -2 -4 6 -3 -1
right_child=1 5 4 -5 -6 -7 -8 -9
leaf_value=0.0045662098103224028 -0.012788755954058728 -0.017866608159452173 0.0062878486845778115 0.010612638975667783 -0.012272077491356221 0.022584579762403023 0.011804852741622024 -0.022322893597018223
leaf_weight=1.2888957574032236 93.247051501602982 1.9045138341607515 229.13736797057209 22.374803991289809 30.876638271758566 31.952460568863899 3.1643497813493013 47.399321504388354
leaf_count=29 4891 48 4725 382 1444 111 19 9081
internal_value=-0.000483937 0.00204624 0.00021974 -0.00809297 0.00397838 0.0194254 -0.000183343 -0.021311
internal_weight=461.345 412.657 375.636 115.622 260.014 37.0213 5.06886 48.6882
internal_count=20730 11620 11442 5273 6169 178 67 9110
is_linear=0
shrinkage=0.025


Tree=90
num_leaves=9
num_cat=0
split_feature=1 64 60 43 29 47 33 14
split_gain=45.7184 19.6934 12.9664 13.2452 8.36339 9.27742 7.96873 7.50009
threshold=0.61249238252639782 0.24455000000000002 0.68000000000000005 1.0000000180025095e-35 0.31620650000000006 0.9999920000000001 0.70000000000000007 1.0000000180025095e-35
decision_type=2 2 2 2 2 2 2 2
left_child=1 -1 3 -3 5 6 -2 -4
right_child=4 2 7 -5 -6 -7 -8 -9
leaf_value=-0.017473722975763911 -0.0010692159755130509 0.0049146722293209036 -0.0011591638013980382 -0.024151065367901729 0.014714009980584608 0.015825360294968543 0.017182915277262425 -0.02318900097514319
leaf_weight=78.557372257346287 110.08877632912481 104.17333453625906 17.813701836741529 8.7614742722071224 78.678293060511351 34.030299913138151 15.185001258854752 21.953372591626248
leaf_count=11005 2718 3013 594 731 565 116 402 1585
internal_value=0.000410791 -0.00745588 -0.00209445 0.00221348 0.00808491 0.00462254 0.00131953 -0.0140283
internal_weight=469.242 231.259 152.702 112.935 237.982 159.304 125.274 39.7671
internal_count=20729 16928 5923 3744 3801 3236 3120 2179
is_linear=0
shrinkage=0.025


Tree=91
num_leaves=9
num_cat=0
split_feature=9 62 19 64 19 1 39 3
split_gain=37.4413 19.5204 15.9777 11.7403 11.6538 10.243 10.0854 6.94241
threshold=0.73000000000000009 0.75000000000000011 0.72382500000000005 0.71699600000000008 0.64259250000000012 0.62480169534683239 1.0000000180025095e-35 0.96312224864959728
decision_type=2 2 2 2 2 2 2 2
left_child=2 4 5 -4 -2 -1 -6 -7
right_child=1 -3 3 -5 6 7 -8 -9
leaf_value=-0.020976186861886532 -0.016315104703750329 -0.0086483774599067312 0.013118111428042256 -0.016304721449078796 -0.003423499397012262 0.0092009687939894648 0.010210250970943665 -0.020252843308801245
leaf_weight=71.158816503884736 10.54937868125853 55.691832702723332 22.8108806401724 10.801542480592614 37.596900579228532 13.540833114821 237.63364913873374 5.3708397863665587
leaf_count=12023 422 2622 450 345 750 304 3467 232
internal_value=0.000328238 0.00461457 -0.0113312 0.00306765 0.00726741 -0.0167359 0.00830955 0
internal_weight=465.155 341.472 123.683 33.6124 285.78 90.0705 275.231 18.9117
internal_count=20615 7261 13354 795 4639 12559 4217 536
is_linear=0
shrinkage=0.025


Tree=92
num_leaves=9
num_cat=0
split_feature=2 29 62 3 15 19 59 46
split_gain=32.4078 18.462 14.9832 12.4905 12.1777 10.3324 5.86751 3.24916
threshold=0.53145480155944835 0.9893010000000001 0.58333333333333337 0.9297064244747163 0.67870050000000015 0.75497250000000016 1.0000000180025095e-35 0.58423250000000004
decision_type=2 2 2 2 2 2 2 2
left_child=4 2 5 -4 -1 -2 -6 -8
right_child=1 -3 3 -5 6 -7 7 -9
leaf_value=-0.018954673135719649 0.0027617520988733463 0.020336484904033336 -0.023953525737425485 -0.0020094520468889247 -0.014242230627037443 0.017947398303907146 0.012429991550089864 -0.012928960115043667
leaf_weight=67.951794289139798 142.63757471795543 32.164641151437536 16.779308857396245 130.97923100870685 8.7813461092155212 33.768772084731609 16.616355196340013 1.8332158036064345
leaf_count=11182 2893 122 769 3942 528 602 499 146
internal_value=-0.00061403 0.00284418 0.000971482 -0.0048381 -0.0134296 0.00587933 0.000454698 0.00852544
internal_weight=451.512 356.33 324.165 147.759 95.1827 176.406 27.2309 18.4496
internal_count=20683 8328 8206 4711 12355 3495 1173 645
is_linear=0
shrinkage=0.025


Tree=93
num_leaves=9
num_cat=0
split_feature=19 62 1 43 0 65 9 17
split_gain=37.021 20.6586 14.0609 12.6137 10.3605 8.0661 7.76737 8.14893
threshold=0.68236450000000015 0.58333333333333337 0.58852559328079235 1.0000000180025095e-35 0.8430335000000001 0.024163 0.71000000000000008 0.7470205000000002
decision_type=2 2 2 2 2 2 2 2
left_child=2 6 -1 4 -3 -4 -2 -8
right_child=1 3 5 -5 -6 -7 7 -9
leaf_value=-0.017100286658343261 -0.0037316165636247082 0.0032874833800241778 -0.017145621283987077 -0.019372679685891528 -0.015978746468099634 0.0085031830675069142 0.013306744352814018 -0.011357674474999011
leaf_weight=85.535380557354074 20.580061527376529 125.04863954483881 8.4698611684725602 20.792034749349114 18.190402105654357 26.208949514955748 149.95915393996984 7.0576436833944163
leaf_count=11930 634 3197 373 1346 794 478 1941 101
internal_value=4.7282e-05 0.00426612 -0.0117542 -0.0020869 0.00060282 0.00144098 0.0101335 0.012022
internal_weight=461.842 341.628 120.214 164.031 143.239 34.6788 177.597 157.017
internal_count=20794 8013 12781 5337 3991 851 2676 2042
is_linear=0
shrinkage=0.025


Tree=94
num_leaves=9
num_cat=0
split_feature=9 2 0 61 64 31 19 62
split_gain=34.6314 19.3222 16.8982 19.7383 13.3003 10.2412 8.86015 6.41647
threshold=0.57000000000000017 0.68278563022613536 0.48566650000000006 0.4917160000000001 0.39155850000000009 0.5186845000000001 0.76898500000000014 0.41666666666666669
decision_type=2 2 2 2 2 2 2 2
left_child=5 2 4 -4 -2 -1 7 -3
right_child=1 6 3 -5 -6 -7 -8 -9
leaf_value=-0.020405082521458298 -0.005044328910398934 0.015638331857940096 -0.015216411252008871 0.0013906910572016112 0.013883518265615423 0.013534154936043655 0.024311963448005569 0.002529162881499826
leaf_weight=55.328042332432233 33.859626862278674 35.29937230469659 74.48884157249995 105.27451208338607 63.651145765965339 4.5079405999858855 22.961272156564519 69.783267541322857
leaf_count=10634 1279 296 3459 2423 964 385 325 977
internal_value=4.47096e-05 0.00270695 -0.000990492 -0.00554127 0.00726636 -0.0173718 0.0106634 0.00721267
internal_weight=465.154 405.318 277.274 179.763 97.5108 59.836 128.044 105.083
internal_count=20742 9723 8125 5882 2243 11019 1598 1273
is_linear=0
shrinkage=0.025


Tree=95
num_leaves=9
num_cat=0
split_feature=9 39 60 55 18 19 19 19
split_gain=31.7942 18.5666 22.601 13.242 12.5539 12.5495 12.4542 6.94083
threshold=0.57000000000000017 1.0000000180025095e-35 0.68000000000000005 1.0000000180025095e-35 0.69391950000000013 0.63979400000000008 0.70373000000000008 0.71647950000000005
decision_type=2 2 2 2 2 2 2 2
left_child=7 3 5 4 -2 -3 -4 -1
right_child=1 2 6 -5 -6 -7 -8 -9
leaf_value=-0.020171636775090911 -0.020391002205584464 -0.014694271395305901 -0.02071975435642865 -0.028884335412723474 0.0061173695950180887 0.010061368898902447 0.00010677566824423087 0.0019517183016901987
leaf_weight=49.770658918496338 14.542859672277698 11.546516387665177 23.51730067160679 14.56835883190797 32.016287695383653 242.42850550683215 58.04355163522996 9.56409857876133
leaf_count=10609 820 585 1189 958 455 3709 1957 446
internal_value=0.000203926 0.00279716 0.00512665 -0.00962815 -0.00250695 0.00880058 -0.00616079 -0.016536
internal_weight=455.998 396.663 335.536 61.1275 46.5591 253.975 81.5609 59.3348
internal_count=20728 9673 7440 2233 1275 4294 3146 11055
is_linear=0
shrinkage=0.025


Tree=96
num_leaves=9
num_cat=0
split_feature=1 29 62 43 17 37 22 39
split_gain=37.1433 21.4738 15.553 10.1626 6.90982 4.78741 5.94338 4.4305
threshold=0.48178182542324072 0.75473800000000013 0.58333333333333337 1.0000000180025095e-35 0.7470205000000002 1.0000000180025095e-35 0.42210200000000003 1.0000000180025095e-35
decision_type=2 2 2 2 2 2 2 2
left_child=5 2 4 -4 -2 6 -1 -3
right_child=1 7 3 -5 -6 -7 -8 -9
leaf_value=-0.024343957329051931 0.0063200978816061034 -0.0037713962383262426 -0.0026189686376769748 -0.021099831679399949 -0.018457318422009907 0.0010796614255928567 8.1716473830057156e-05 0.020464059228472921
leaf_weight=43.735461390504497 179.75749589953921 4.0653767221374428 141.07617866125656 19.877201784984209 5.2774850958958259 5.9087592427531481 6.4861835587944361 42.997640255838633
leaf_count=9209 3721 50 4640 1489 127 697 426 225
internal_value=-6.22929e-05 0.00266685 0.000447098 -0.00517827 0.0053835 -0.0187363 -0.0211634 0.0181493
internal_weight=449.182 393.051 345.988 160.953 185.035 56.1304 50.2216 47.063
internal_count=20584 10252 9977 6129 3848 10332 9635 275
is_linear=0
shrinkage=0.025


Tree=97
num_leaves=9
num_cat=0
split_feature=1 2 64 0 22 62 0 61
split_gain=35.9543 20.2309 15.5099 20.5688 14.1762 5.45547 5.56084 3.70939
threshold=0.46938608586788183 0.68278563022613536 0.36222550000000003 0.48566650000000006 0.40872900000000006 0.58333333333333337 0.72783350000000013 0.50715900000000003
decision_type=2 2 2 2 2 2 2 2
left_child=-1 2 4 -4 -2 7 -7 -3
right_child=1 5 3 -5 -6 6 -8 -9
leaf_value=-0.019283577693370624 -0.016241666698491194 0.0036623513575485185 0.014483762936314102 -0.0028102199743935056 0.0069967120768325746 -0.015694556212139721 0.0071662270302511591 0.016564198084989903
leaf_weight=50.111009837972233 59.633190648062737 20.673583330353722 61.432692876769579 130.4892649234971 20.539592759509105 6.5704540938604614 26.89166489825584 73.672404545359313
leaf_count=9728 3887 274 1097 3681 485 161 426 963
internal_value=0.000237242 0.00278581 -0.00105585 0.00277906 -0.0101715 0.0109125 0.00183392 0.0139496
internal_weight=450.014 399.903 272.095 191.922 80.1728 127.808 33.4621 94.346
internal_count=20702 10974 9150 4778 4372 1824 587 1237
is_linear=0
shrinkage=0.025


Tree=98
num_leaves=9
num_cat=0
split_feature=9 1 19 62 34 43 48 34
split_gain=32.1621 15.4644 11.8497 16.3552 10.1512 10.2065 9.2353 8.24815
threshold=0.73000000000000009 0.61030724644660961 0.70786350000000009 0.41666666666666669 0.40002650000000006 1.0000000180025095e-35 0.31516650000000007 0.40861950000000008
decision_type=2 2 2 2 2 2 2 2
left_child=2 4 3 -1 6 -6 -2 -4
right_child=1 -3 7 -5 5 -7 -8 -9
leaf_value=0.0063199748591780125 0.0047864800955038931 0.0083871912781182407 0.0085145872632901021 -0.023218530926839599 0.0069102494428274139 -0.019694084280986582 -0.015372039009163891 -0.012820353619242934
leaf_weight=13.135133386051164 18.212126134661958 184.94359966088086 23.514665793511085 58.771051479779999 68.955870427656919 8.2719916007481498 46.901104991091415 18.283106812159531
leaf_count=1053 755 2730 793 10879 1287 478 2052 576
internal_value=-0.000320907 0.00364728 -0.0116733 -0.0176962 -0.00249021 0.00354074 -0.00964735 -0.000805743
internal_weight=440.989 327.285 113.704 71.9062 142.341 77.2279 65.1132 41.7978
internal_count=20603 7302 13301 11932 4572 1765 2807 1369
is_linear=0
shrinkage=0.025


Tree=99
num_leaves=9
num_cat=0
split_feature=9 61 49 24 31 48 62 43
split_gain=27.859 15.6024 29.5409 12.1632 8.80158 8.71832 8.14257 9.56829
threshold=0.57000000000000017 0.48363350000000005 1.0000000180025095e-35 1.0000000180025095e-35 0.5186845000000001 0.72936650000000014 0.58333333333333337 1.0000000180025095e-35
decision_type=2 2 2 2 2 2 2 2
left_child=4 2 3 -2 -1 -4 -3 -8
right_child=1 6 5 -5 -6 -7 7 -9
leaf_value=-0.019294577701815526 -0.0054435146388556732 0.010362413189012641 -0.019740265596102879 0.012321493274797871 0.012752949531287101 0.0090517462546084101 0.0033135684707294821 -0.023005085773259611
leaf_weight=51.440694356257154 38.878913133317837 133.89736299787182 57.099353133133263 56.1764155915007 4.2894253779813871 5.8566003741580053 86.770622122159693 7.5461812044959506
leaf_count=10551 1477 1761 3101 886 380 72 1810 463
internal_value=-0.00012247 0.00227068 -0.00371052 0.00501565 -0.0163417 -0.0167501 0.00644079 0.000696003
internal_weight=441.956 386.225 158.011 95.0553 55.7301 62.956 228.214 94.3168
internal_count=20501 9570 5536 2363 10931 3173 4034 2273
is_linear=0
shrinkage=0.025


Tree=100
num_leaves=9
num_cat=0
split_feature=2 34 29 9 0 22 0 1
split_gain=32.4863 17.3807 12.5629 11.0782 11.0786 7.67611 6.8577 8.76111
threshold=0.57679614424705516 0.34260050000000003 0.9893010000000001 0.82350000000000001 0.85136650000000014 0.26363950000000008 0.4233670000000001 0.45146444439888006
decision_type=2 2 2 2 2 2 2 2
left_child=1 -1 3 5 -5 -2 7 -3
right_child=2 6 -4 4 -6 -7 -8 -9
leaf_value=-0.017290840954740767 0.0094642613189334507 -0.015327906300609265 0.020631471060007137 0.0098241546759715061 -0.011733023435976528 -0.0058301752117876689 -0.0074760104088337281 0.013741084681375127
leaf_weight=75.653905291372212 24.173867519450141 6.2707031208119579 27.822162203956395 143.72615884058177 14.602673085522836 90.553244675596943 36.714707687817281 27.950118323264178
leaf_count=11820 440 543 101 2127 743 2827 1667 491
internal_value=0.000440228 -0.00911813 0.00515133 0.00340822 0.0076676 -0.00243633 -6.3851e-05 0.00765511
internal_weight=447.468 146.589 300.878 273.056 158.329 114.727 70.9355 34.2208
internal_count=20759 14521 6238 6137 2870 3267 2701 1034
is_linear=0
shrinkage=0.025


Tree=101
num_leaves=9
num_cat=0
split_feature=18 39 60 55 18 62 29 33
split_gain=26.1547 21.512 18.7889 10.3165 11.6152 9.52068 9.42645 9.29701
threshold=0.6348585000000001 1.0000000180025095e-35 0.68000000000000005 1.0000000180025095e-35 0.7238635000000001 0.75000000000000011 1.0000000180025095e-35 0.50000000000000011
decision_type=2 2 2 2 2 2 2 2
left_child=7 3 5 4 -2 -3 -4 -1
right_child=1 2 6 -5 -6 -7 -8 -9
leaf_value=-0.021294462911607463 -0.012872557408802946 0.010339556612883209 -0.012459876057001719 -0.028442436316698821 0.013448931082294259 -0.0026340236230055049 0.0044394742947548279 0.0064266496558800824
leaf_weight=42.435224965047382 31.885933441255474 201.16875482068281 48.526575458410662 14.651321650817406 13.0900893129874 40.884984889882617 32.652321752801072 7.6862728168489403
leaf_count=8954 1477 3077 2402 1056 132 1642 1009 681
internal_value=-0.000181233 0.00205306 0.00462591 -0.0114699 -0.00480571 0.00811385 -0.00562903 -0.016816
internal_weight=432.981 382.86 323.233 59.6273 44.976 242.054 81.1789 50.1215
internal_count=20430 10795 8130 2665 1609 4719 3411 9635
is_linear=0
shrinkage=0.025


Tree=102
num_leaves=9
num_cat=0
split_feature=9 29 1 0 15 9 22 31
split_gain=29.5466 19.621 12.1658 10.447 7.12151 4.56223 2.51102 2.18965
threshold=0.57000000000000017 0.9893010000000001 0.61249238252639782 0.48566650000000006 0.70919750000000004 0.95350000000000013 0.40300300000000006 0.45217000000000002
decision_type=2 2 2 2 2 2 2 2
left_child=4 2 3 -2 7 -4 -3 -1
right_child=1 6 5 -5 -6 -7 -8 -9
leaf_value=-0.021576479983651201 0.0028164188225834694 0.0042388630761089393 0.0020023104465377826 -0.0099475614400071719 0.0080194343382120805 0.010508643206751369 0.023816197691100979 0
leaf_weight=45.075647190176824 67.133184660837287 7.1459382912144056 126.94566857197788 92.43007498238876 4.8448789414251214 58.150151894427836 25.415013219229877 3.7123244690737911
leaf_count=10215 2064 36 2278 4256 276 931 88 521
internal_value=-0.000212124 0.00226738 0.000441773 -0.00456255 -0.0172408 0.00479853 0.0202306 -0.0201139
internal_weight=430.853 377.22 344.659 159.563 53.6329 185.096 32.561 48.788
internal_count=20665 9653 9529 6320 11012 3209 124 10736
is_linear=0
shrinkage=0.025


Tree=103
num_leaves=9
num_cat=0
split_feature=9 1 22 1 48 22 19 60
split_gain=31.2499 12.8238 12.9015 12.7596 10.4904 11.3483 7.9362 7.71124
threshold=0.75000000000000011 0.48178182542324072 0.19813650000000002 0.61030724644660961 0.33583350000000006 0.41777650000000005 0.72651150000000009 0.68000000000000005
decision_type=2 2 2 2 2 2 2 2
left_child=1 -1 -3 4 -2 -6 -4 -5
right_child=3 2 6 7 5 -7 -8 -9
leaf_value=-0.022460018481312488 0.011794950804705067 0.019950487760401328 -0.01302783914986789 0.011818689158459884 -0.013364446819073833 0.0039854090012813653 0.001888575107959124 -0.00012763320917323149
leaf_weight=33.620055658437195 26.326208403770579 9.734491305658592 60.505420643647085 139.73200464795809 49.979436977781006 40.858817057713168 32.692476750933565 42.656470082933083
leaf_count=9223 798 181 4050 1264 1919 1130 749 1405
internal_value=0.000376432 -0.00943476 -0.00476195 0.00490669 -0.00146655 -0.005562 -0.00778684 0.00901296
internal_weight=436.105 136.552 102.932 299.553 117.164 90.8383 93.1979 182.388
internal_count=20719 14203 4980 6516 3847 3049 4799 2669
is_linear=0
shrinkage=0.025


Tree=104
num_leaves=9
num_cat=0
split_feature=2 64 60 21 48 39 15 0
split_gain=27.5579 17.5909 15.325 11.2427 9.51804 9.15761 7.35423 10.3056
threshold=0.6687772572040559 0.24455000000000002 0.68000000000000005 0.77400000000000013 0.67393350000000007 1.0000000180025095e-35 0.4894245000000001 0.80153350000000012
decision_type=2 2 2 2 2 2 2 2
left_child=1 3 5 -1 -4 -3 7 -2
right_child=6 2 4 -5 -6 -7 -8 -9
leaf_value=-0.021836897664561882 -0.022529994739112835 -0.012180567321736236 -0.021597010136035558 -0.0018886604895008007 0 0.0053414004052475322 0.010119329762230875 0.009940091140114498
leaf_weight=52.105689702853851 9.4456730670062843 19.691449348887545 29.566399519244442 28.101055649691261 22.356028776106541 126.39186746683845 126.81951253209263 11.002424806356428
leaf_count=10223 210 1289 1968 1112 769 3058 2002 100
internal_value=-0.000788798 -0.00542316 -0.00133139 -0.0151551 -0.0127565 0.00279625 0.00787138 -0.00539581
internal_weight=425.48 278.212 198.006 80.2067 51.9224 146.083 147.268 20.4481
internal_count=20731 18419 7084 11335 2737 4347 2312 310
is_linear=0
shrinkage=0.025


Tree=105
num_leaves=9
num_cat=0
split_feature=1 29 47 62 20 9 19 26
split_gain=25.251 15.2907 12.8007 15.1044 7.71905 5.07642 3.14511 2.16371
threshold=0.46938608586788183 0.75473800000000013 0.88529300000000011 0.41666666666666669 0.7015840000000001 0.75000000000000011 0.68063400000000007 0.77000000000000013
decision_type=2 2 2 2 2 2 2 2
left_child=5 2 3 -2 -4 -1 7 -3
right_child=1 6 4 -5 -6 -7 -8 -9
leaf_value=-0.02369270875525472 0.01011084229455049 -0.012706674237813013 -0.0055890430218875336 -0.006402334870271649 0.010327490215411779 -0.0050072699574363819 0.017618697523533604 0.012108588011685942
leaf_weight=29.131538750276377 40.031429460155778 3.0971410861238828 22.310694975079969 191.07551878444792 85.187955293920822 16.292264855437679 38.569819366559386 1.7503360807895658
leaf_count=8751 1079 87 233 8881 562 975 181 5
internal_value=-0.000419972 0.00168956 -0.000114801 -0.00344761 0.00691387 -0.0176427 0.015312 -0.0017315
internal_weight=427.447 382.023 338.606 231.107 107.499 45.4238 43.4173 4.84748
internal_count=20754 11028 10755 9960 795 9726 273 92
is_linear=0
shrinkage=0.025


Tree=106
num_leaves=9
num_cat=0
split_feature=1 60 29 20 17 48 48 61
split_gain=32.8791 13.8916 11.9203 11.4009 10.1324 8.30461 4.27444 3.69116
threshold=0.46938608586788183 0.68000000000000005 0.82953200000000005 0.68878000000000006 0.63418550000000007 0.72016650000000004 0.14383350000000003 0.53044100000000005
decision_type=2 2 2 2 2 2 2 2
left_child=7 2 5 6 -5 -2 -3 -1
right_child=1 3 -4 4 -6 -7 -8 -9
leaf_value=-0.021836634609413749 0.0011761132204372623 0.010934072311742413 0.018624629965511636 0.007358518774461773 -0.011155535000550323 0.014629447420390988 -0.021996651653617819 0.007062527997052365
leaf_weight=41.571016739486367 211.17810497473693 1.2129746692371579 33.882604520185851 41.557650703762192 30.028671758889686 31.607528396416456 24.243751081361552 1.6379683644045133
leaf_count=9673 6202 19 173 1052 1307 351 1833 65
internal_value=-0.000152751 0.00225375 0.00511605 -0.00576942 -0.000397862 0.00306342 -0.0194722 -0.0203113
internal_weight=416.92 373.711 276.668 97.043 71.5863 242.786 25.4567 43.209
internal_count=20675 10937 6726 4211 2359 6553 1852 9738
is_linear=0
shrinkage=0.025


Tree=107
num_leaves=9
num_cat=0
split_feature=9 29 0 24 62 19 20 47
split_gain=22.7916 12.9288 11.0321 10.8098 8.48357 11.8718 7.73311 7.70988
threshold=0.75000000000000011 0.31620650000000006 0.84440000000000015 1.0000000180025095e-35 0.41666666666666669 0.70521800000000001 0.72523550000000003 0.74884650000000008
decision_type=2 2 2 2 2 2 2 2
left_child=4 2 3 -2 -1 7 -7 -6
right_child=1 -3 -4 -5 5 6 -8 -9
leaf_value=0.0060502532877599498 -0.0059778071149632558 0.012033138890390814 -0.017959168485054942 0.0066908351722268378 -0.021465979351285813 0.0037543953019368893 -0.017612155664429426 0.00083873374241184547
leaf_weight=19.930747240010533 61.889476836484391 85.413385890307836 16.41965190533665 120.1223677948874 54.896437782328576 39.340917317138519 12.154684587148948 10.725018921075387
leaf_count=1149 2010 928 1135 2427 10941 1277 454 292
internal_value=-1.95132e-06 0.00401874 0.000445938 0.00232421 -0.00832133 -0.0108905 -0.00161853 -0.0177926
internal_weight=420.893 283.845 198.431 182.012 137.048 117.117 51.4956 65.6215
internal_count=20613 6500 5572 4437 14113 12964 1731 11233
is_linear=0
shrinkage=0.025


Tree=108
num_leaves=9
num_cat=0
split_feature=61 49 64 2 47 22 2 22
split_gain=26.6849 23.8333 17.2522 9.38398 8.48818 11.5993 6.04509 8.45918
threshold=0.48363350000000005 1.0000000180025095e-35 0.36222550000000003 0.73102048039436351 0.92356600000000011 0.43536650000000005 0.6421392858028413 0.32955950000000006
decision_type=2 2 2 2 2 2 2 2
left_child=1 2 -1 4 5 -2 -3 -8
right_child=3 6 -4 -5 -6 -7 7 -9
leaf_value=-0.011536388405263887 -0.00888420696943403 -0.019643594671382811 0.0091463401568899344 0.015631611640756032 0.010269383193694873 0.0067558013874445821 0.014629454837347811 -0.014391806041639331
leaf_weight=38.035130213022057 56.561908849253086 67.822006794420304 65.755678216097294 46.751508072251454 63.821884519071318 57.794993998482823 7.7185999231878695 15.465739498031324
leaf_count=4670 2075 8977 1712 644 364 1543 224 368
internal_value=0 -0.00672208 0.00142125 0.00585731 0.00310601 -0.000935166 -0.0159209 -0.00403766
internal_weight=419.727 194.797 103.791 224.93 178.179 114.357 91.0063 23.1843
internal_count=20577 15951 6382 4626 3982 3618 9569 592
is_linear=0
shrinkage=0.025


Tree=109
num_leaves=9
num_cat=0
split_feature=29 2 64 0 19 18 62 22
split_gain=25.1822 20.6496 17.3076 9.66245 7.94793 7.77204 5.9459 1.41866
threshold=0.9893010000000001 0.68431133031845104 0.24455000000000002 0.48566650000000006 0.77163700000000002 0.70559200000000011 0.41666666666666669 0.40501500000000007
decision_type=2 2 2 2 2 2 2 2
left_child=1 2 5 -4 6 -1 -3 -2
right_child=7 4 3 -5 -6 -7 -8 -9
leaf_value=-0.01907061408585347 0.0054402324586173148 0.013466544851645015 0.006086383271459217 -0.0051170871005271268 0.023548148003494362 -0.0008748333566336035 0.00010559706125774097 0.024115260155654225
leaf_weight=59.967473611352034 5.5593623962777228 29.850093217450194 73.531893641433271 129.74163957598648 15.172186624491586 20.637451811635401 63.536126057850197 24.900338357663713
leaf_count=10843 91 298 2613 4781 258 479 1144 97
internal_value=0.000303741 -0.00142171 -0.00497932 -0.00100801 0.00773532 -0.0146367 0.00464775 0.021483
internal_weight=422.897 392.437 283.878 203.274 108.558 80.6049 93.3862 30.4597
internal_count=20604 20416 18716 7394 1700 11322 1442 188
is_linear=0
shrinkage=0.025


Tree=110
num_leaves=9
num_cat=0
split_feature=2 9 34 61 0 32 22 61
split_gain=28.1227 12.5213 9.87304 8.83189 13.8619 7.26904 7.02909 8.0687
threshold=0.57335239648818981 0.75000000000000011 0.28014850000000008 0.49346600000000007 0.48566650000000006 0.33117500000000005 0.26363950000000008 0.71970600000000007
decision_type=2 2 2 2 2 2 2 2
left_child=2 6 -1 4 -3 -5 -2 -8
right_child=1 3 -4 5 -6 -7 7 -9
leaf_value=-0.017196242394229042 0.0075976545304097878 0.013902620139886648 -0.0030735176863076756 0.0061287363083021643 -0.0088158480354366027 0.018111180889045658 -0.017662629051684694 0.0025433615358447905
leaf_weight=59.634652111606556 17.419148619170301 24.712410258129239 67.400424291146919 95.991655157413334 43.106972499139374 50.627804129617289 30.096053434011992 18.392851498676464
leaf_count=11165 385 329 3117 1781 1056 593 1781 383
internal_value=-0.000239994 0.00416133 -0.00992511 0.00709176 -0.000269033 0.0105048 -0.00519076 -0.0100524
internal_weight=407.382 280.347 127.035 214.439 67.8194 146.619 65.9081 48.4889
internal_count=20590 6308 14282 3759 1385 2374 2549 2164
is_linear=0
shrinkage=0.025


Tree=111
num_leaves=9
num_cat=0
split_feature=1 29 61 0 9 61 37 0
split_gain=23.6371 16.2901 12.6979 24.5342 10.1286 2.80586 2.48009 1.48082
threshold=0.45299632847309118 0.91839300000000013 0.50715900000000003 0.48566650000000006 0.78000000000000014 0.70270150000000009 1.0000000180025095e-35 0.77323350000000013
decision_type=2 2 2 2 2 2 2 2
left_child=5 2 3 -2 -4 6 -1 -3
right_child=1 7 4 -5 -6 -7 -8 -9
leaf_value=-0.023396188637181566 0.0042732730007605029 0.022273669541542487 -0.0066813580484207423 -0.013981549744635925 0.0079783286847216316 0.0091688704028837411 0 0.0083470511327499042
leaf_weight=30.750052749630413 86.234149154137413 18.40495492820628 36.708082285418641 93.856275928359537 119.05573462171014 0.57720138877630134 3.3293882304278659 13.954542630817739
leaf_count=8320 3362 106 1190 4645 2413 4 592 87
internal_value=-0.000965372 0.000916216 -0.000735438 -0.00524833 0.00443511 -0.0201204 -0.0213051 0.0173217
internal_weight=402.87 368.214 335.854 180.09 155.764 34.6566 34.0794 32.3595
internal_count=20719 11803 11610 8007 3603 8916 8912 193
is_linear=0
shrinkage=0.025


Tree=112
num_leaves=9
num_cat=0
split_feature=1 19 0 9 22 66 29 47
split_gain=29.0476 13.594 12.8614 9.59599 9.09951 8.83067 8.17524 7.95169
threshold=0.61030724644660961 0.69679450000000009 0.50883350000000016 0.78000000000000014 0.41066550000000007 0.18109000000000003 0.82953200000000005 0.80616900000000002
decision_type=2 2 2 2 2 2 2 2
left_child=1 6 5 -2 -4 -3 7 -1
right_child=3 2 4 -5 -6 -7 -8 -9
leaf_value=-0.017937123048542829 -0.0030857554988730947 -0.00039880675543523718 -0.017052473511518215 0.0092514573061693983 0.0017967595575462164 0.023844163969588383 0.011806028661471393 0.004275625347604956
leaf_weight=80.728802417615952 49.376201881910674 17.86050189944217 27.860925041532028 165.35254997690208 32.412361507216701 16.377229698933661 5.7363338888681019 10.091125135892069
leaf_count=13084 1320 663 1395 2565 1008 151 183 210
internal_value=7.78175e-05 -0.00695606 -9.94987e-05 0.00637765 -0.00706357 0.0116665 -0.0134531 -0.0153493
internal_weight=405.796 191.067 94.511 214.729 60.2733 34.2377 96.5563 90.8199
internal_count=20579 16694 3217 3885 2403 814 13477 13294
is_linear=0
shrinkage=0.025


Tree=113
num_leaves=9
num_cat=0
split_feature=1 39 29 62 14 18 16 61
split_gain=23.8307 15.1625 13.6455 13.2656 11.8521 8.56434 8.22664 2.63313
threshold=0.45632193982601171 1.0000000180025095e-35 1.0000000180025095e-35 0.41666666666666669 1.0000000180025095e-35 0.70559200000000011 0.60695300000000019 0.70270150000000009
decision_type=2 2 2 2 2 2 2 2
left_child=7 4 3 -3 5 -2 -4 -1
right_child=1 2 6 -5 -6 -7 -8 -9
leaf_value=-0.019843689444871426 -0.01288412725646311 0.01385466466265973 -0.012350325999277965 -0.0032047868417414229 -0.02793996354013302 0.0080277541575166401 0.012172814255496454 0.0091689860093667527
leaf_weight=34.527773110283306 22.202333795343293 33.200087336197612 7.2939058711053795 147.38561620327528 13.624483889900146 22.540540314163081 124.17302608987666 0.59671708941459556
leaf_count=8987 1282 751 493 5638 1114 276 2015 4
internal_value=0.000399048 0.00231907 0.00452961 7.86671e-06 -0.00913355 -0.00229598 0.0105914 -0.0186814
internal_weight=405.544 370.42 312.053 180.586 58.3674 44.7429 131.467 35.1245
internal_count=20560 11569 8897 6389 2672 1558 2508 8991
is_linear=0
shrinkage=0.025


Tree=114
num_leaves=9
num_cat=0
split_feature=19 17 39 47 46 0 20 64
split_gain=19.4478 13.3493 12.4271 15.1866 11.5247 11.2419 8.80896 8.44454
threshold=0.68314600000000014 0.64335650000000011 1.0000000180025095e-35 0.91020450000000019 0.59845300000000012 0.80776700000000012 0.71123300000000012 0.24455000000000002
decision_type=2 2 2 2 2 2 2 2
left_child=1 -1 3 -2 7 -6 -5 -4
right_child=2 -3 4 6 5 -7 -8 -9
leaf_value=-0.018655261977007408 -0.019852137583302176 -0.00035610336426382204 -0.001750459108023594 -0.022416806894798594 -0.018719386163971712 0.003701813368132024 0.013530940232154976 0.010667435727059457
leaf_weight=49.462597133235249 28.149014940456254 50.112835328451183 41.759314056136645 3.3044054738711592 20.134224159526639 35.535978507017717 19.390215167659335 156.202738345135
leaf_count=9858 1768 2858 1423 47 779 1485 117 2253
internal_value=-0.000211736 -0.00970811 0.00291256 -0.00809938 0.00519547 -0.00464517 0.00660151 0.00801911
internal_weight=404.051 99.5754 304.476 50.8436 253.632 55.6702 22.6946 197.962
internal_count=20588 12716 7872 1932 5940 2264 164 3676
is_linear=0
shrinkage=0.025


Tree=115
num_leaves=9
num_cat=0
split_feature=1 29 62 47 39 81 18 48
split_gain=23.266 16.0595 12.8687 12.8564 5.93586 3.52246 2.68304 2.68955
threshold=0.48013089597225195 0.9893010000000001 0.41666666666666669 0.91020450000000019 1.0000000180025095e-35 1.0000000180025095e-35 0.67994900000000003 0.38276650000000007
decision_type=2 2 2 2 2 2 2 2
left_child=5 2 4 -4 -2 6 -1 -8
right_child=1 -3 3 -5 -6 -7 7 -9
leaf_value=-0.020872515004795367 -0.0073758033311710465 0.019275936900416162 -0.0047820782260089914 0.0073417611593670305 0.014622847173886564 0.0085949490184115494 0.0045289902762173173 -0.017384125617143413
leaf_weight=33.49294701260078 7.259185226954286 31.029458207078278 192.79734591688612 73.77021838305518 49.573983917944133 1.922428177538676 6.6118104668566939 3.7370391528820619
leaf_count=9560 171 143 8468 564 953 173 223 340
internal_value=0.000446163 0.00265771 0.000931514 -0.0013693 0.0115303 -0.0159187 -0.0174853 -0.00431057
internal_weight=400.194 354.43 323.401 266.568 56.8332 45.7642 43.8418 10.3488
internal_count=20595 10299 10156 9032 1124 10296 10123 563
is_linear=0
shrinkage=0.025


Tree=116
num_leaves=9
num_cat=0
split_feature=29 2 64 60 62 19 16 18
split_gain=20.2365 17.1803 14.9665 10.6687 8.89302 9.56899 8.17508 4.94205
threshold=0.91839300000000013 0.6687772572040559 0.36222550000000003 0.68000000000000005 0.41666666666666669 0.74607200000000018 0.65442950000000011 0.74573450000000008
decision_type=2 2 2 2 2 2 2 2
left_child=1 2 6 -4 7 -6 -1 -3
right_child=-2 4 3 -5 5 -7 -8 -9
leaf_value=-0.022777762123988243 0.017709537886405221 0.020548273294657703 0.0032260522696482422 -0.010844144118695484 -0.0072847271646116945 0.0092079346299239785 -0.0066160893853763926 -0.0052336513676854201
leaf_weight=36.707507914186863 34.122976258222479 27.347560437978249 108.48573806391505 46.312229554692749 39.280136522254907 44.749775739386678 48.060631805688899 4.1566602978855363
leaf_count=9574 261 350 3559 2508 903 957 2473 40
internal_value=-0.000102378 -0.0019246 -0.00574521 -0.00102024 0.00589679 0.00142107 -0.0140648 0.0168134
internal_weight=389.223 355.1 239.566 154.798 115.534 84.0299 84.7681 31.5042
internal_count=20625 20364 18114 6067 2250 1860 12047 390
is_linear=0
shrinkage=0.025


Tree=117
num_leaves=9
num_cat=0
split_feature=64 60 43 48 14 1 0 39
split_gain=20.9526 12.5997 13.5702 12.2066 9.6845 11.2158 8.1571 7.6459
threshold=0.24455000000000002 0.68000000000000005 1.0000000180025095e-35 0.66160000000000008 1.0000000180025095e-35 0.72597524523735057 0.77566650000000015 1.0000000180025095e-35
decision_type=2 2 2 2 2 2 2 2
left_child=3 2 -2 -1 6 -6 -3 -4
right_child=1 4 7 -5 5 -7 -8 -9
leaf_value=-0.013687828401250627 0.0083391724852424891 -0.0097546875348202312 -0.026541345419645625 0.008317189724725952 -0.017490311493621586 0.013893164696119606 0.01467189690006627 0.0026944051193365085
leaf_weight=85.161630729257013 196.26139260406489 12.070050029666165 9.5401458504056791 17.366520100113121 39.534978338495421 6.7587697063572696 19.490620498312637 9.3934722170233727
leaf_count=11605 4216 540 829 328 2644 207 218 183
internal_value=-0.000165875 0.00322329 0.00634335 -0.00980098 -0.00524972 -0.0123675 0.00508212 -0.0128068
internal_weight=395.578 293.049 215.195 102.528 77.8544 46.2937 31.5607 18.9336
internal_count=20770 8837 5228 11933 3609 2851 758 1012
is_linear=0
shrinkage=0.025


Tree=118
num_leaves=9
num_cat=0
split_feature=1 60 29 0 17 8 28 44
split_gain=21.227 16.0729 13.2346 9.11974 8.52383 8.88821 6.28837 5.57245
threshold=0.45632193982601171 0.82000000000000017 0.60023650000000017 0.80456700000000014 0.63418550000000007 1.0000000180025095e-35 1.0000000180025095e-35 0.21221050000000002
decision_type=2 2 2 2 2 2 2 2
left_child=-1 2 3 -2 5 -3 -6 -4
right_child=1 4 7 -5 6 -7 -8 -9
leaf_value=-0.019011589737693665 -0.0011177480234276832 -0.02082323815093258 0.0023003527279648155 0.0097605044416611553 -0.0014898135702654429 0.0085095756193497383 -0.026903593361495955 0.022106688132541429
leaf_weight=32.593290325232374 191.51423180480197 7.1656340843837851 14.282348597509552 61.849202488025185 9.7128698518863548 19.830968560971087 19.611492986936355 29.669458070304245
leaf_count=9052 6953 735 211 1159 313 684 1346 141
internal_value=-0.000301816 0.00149872 0.00384866 0.00156405 -0.0104844 0 -0.019358 0.016214
internal_weight=386.229 353.636 297.315 253.363 56.321 26.9966 29.3244 43.9518
internal_count=20594 11542 8464 8112 3078 1419 1659 352
is_linear=0
shrinkage=0.025


Tree=119
num_leaves=9
num_cat=0
split_feature=1 29 2 60 0 61 37 28
split_gain=19.529 15.982 12.0892 9.45699 4.75801 3.3394 3.22915 2.20993
threshold=0.47374765574932104 0.91839300000000013 0.73102048039436351 0.82000000000000017 0.80456700000000014 0.53044100000000005 1.0000000180025095e-35 0.82953200000000005
decision_type=2 2 2 2 2 2 2 2
left_child=5 2 3 -2 -4 6 7 -1
right_child=1 -3 4 -5 -6 -7 -8 -9
leaf_value=-0.021774107501360711 -9.6295012495752899e-05 0.017695179163438667 0.003329661740139084 -0.012323842037968213 0.020291822105643301 0.0081878158536274458 0.0012843850380669451 0.0026622348541179021
leaf_weight=33.311029895827232 226.72805586579489 32.217821166850626 24.225424944772385 46.221665427910921 19.484483739361167 1.7310957767185744 3.8501351314189369 1.4613215107819986
leaf_count=9035 7218 186 323 2573 327 66 653 144
internal_value=-0.000457832 0.00146054 -0.000268376 -0.00226878 0.0116119 -0.016506 -0.018146 -0.0204543
internal_weight=389.231 348.877 316.66 272.95 43.7099 40.3536 38.6225 34.7724
internal_count=20525 10627 10441 9791 650 9898 9832 9179
is_linear=0
shrinkage=0.025


Tree=120
num_leaves=9
num_cat=0
split_feature=1 60 39 20 43 1 22 48
split_gain=18.3687 14.927 12.1229 11.5616 10.4524 8.46017 8.1415 4.75646
threshold=0.45299632847309118 0.68000000000000005 1.0000000180025095e-35 0.67350250000000011 1.0000000180025095e-35 0.68317779898643505 0.46480350000000009 0.14383350000000003
decision_type=2 2 2 2 2 2 2 2
left_child=-1 2 4 7 -2 -5 -4 -3
right_child=1 3 6 5 -6 -7 -8 -9
leaf_value=-0.018003174804562351 0 0.0094028063868631835 0.0031951720441014209 -0.0083076572415586112 -0.026879600471530374 0.010019959083081377 0.013353899056736418 -0.028469388954737409
leaf_weight=31.45968874169921 33.525365437322762 1.0692814167705389 157.67743192640773 48.992921000317438 10.605675891885765 20.610801277682185 73.07443679869175 15.878011793560288
leaf_count=8879 1172 28 4504 2082 892 626 761 1747
internal_value=-0.000263348 0.00135069 0.00421866 -0.00756274 -0.00747129 -0.00264752 0.00653156 -0.0249437
internal_weight=392.894 361.434 274.883 86.551 44.131 69.6037 230.752 16.9473
internal_count=20691 11812 7329 4483 2064 2708 5265 1775
is_linear=0
shrinkage=0.025


Tree=121
num_leaves=9
num_cat=0
split_feature=2 9 60 39 20 9 0 24
split_gain=16.5799 10.4326 9.67352 10.6366 9.91876 9.54055 8.67738 7.72044
threshold=0.57966452836990368 0.57000000000000017 0.82000000000000017 1.0000000180025095e-35 0.7015840000000001 0.9900000000000001 0.50913350000000013 1.0000000180025095e-35
decision_type=2 2 2 2 2 2 2 2
left_child=1 -1 3 -2 -4 -5 7 -3
right_child=2 6 4 5 -6 -7 -8 -9
leaf_value=-0.021860645187597699 -0.0082395589256957311 -0.0079799164596864557 -0.024324081481694564 0.0040231337109540568 0.00062896575852987042 0.01749476677671492 -0.01149202624392197 0.010803738430491287
leaf_weight=25.416318016421428 29.99029762725695 21.557086161759798 12.99470303286216 141.49938319937064 27.703797999653034 42.62768951873295 49.496674921909289 30.181188669346739
leaf_count=9703 948 1237 685 2761 1207 429 3003 667
internal_value=-0.000738038 -0.00807568 0.00291428 0.0050643 -0.00792884 0.00733675 -0.00418567 0.00283213
internal_weight=381.467 126.651 254.816 214.117 40.6985 184.127 101.235 51.7383
internal_count=20640 14610 6030 4138 1892 3190 4907 1904
is_linear=0
shrinkage=0.025


Tree=122
num_leaves=9
num_cat=0
split_feature=2 64 18 29 1 6 19 62
split_gain=21.4717 12.6585 8.98533 6.54241 6.39748 7.32623 5.57442 5.97169
threshold=0.67536270618438732 0.36222550000000003 0.70559200000000011 0.91839300000000013 0.45146444439888006 0.5261300000000001 0.77163700000000002 0.41666666666666669
decision_type=2 2 2 2 2 2 2 2
left_child=1 2 3 -1 -3 -6 7 -2
right_child=6 4 -4 -5 5 -7 -8 -9
leaf_value=-0.019041747696163187 0.014531625114730535 -0.019502013579408017 0.00089287709223431159 0.0088767051768238771 0.01177790254041344 -0.0020476595381233456 0.020848806663813561 0.0013186913306760266
leaf_weight=62.428925019969029 29.17706910148263 8.817856653215129 22.363241553422995 4.1879610447504083 26.968789732025471 135.56702486769791 16.039536716416478 74.40061786561273
leaf_count=11527 332 1557 544 106 672 4179 305 1405
internal_value=-0.000894672 -0.00493313 -0.012477 -0.0169697 -0.000873756 0.000316048 0.0077695 0.00531649
internal_weight=379.951 260.334 88.9801 66.6169 171.354 162.536 119.617 103.578
internal_count=20627 18585 12177 11633 6408 4851 2042 1737
is_linear=0
shrinkage=0.025


Tree=123
num_leaves=9
num_cat=0
split_feature=9 62 19 17 29 34 16 16
split_gain=17.3299 15.0381 8.58414 9.33821 8.56078 8.2833 8.0797 6.76014
threshold=0.71000000000000008 0.75000000000000011 0.70712000000000008 0.64677850000000014 1.0000000180025095e-35 0.29669700000000004 0.60695300000000019 0.66550650000000011
decision_type=2 2 2 2 2 2 2 2
left_child=2 4 3 -1 7 -4 -6 -2
right_child=1 -3 5 -5 6 -7 -8 -9
leaf_value=-0.022631514707221446 0.0087397192593372808 -0.0095853454840713406 0.011246221835790004 0.00059308633591744592 -0.02092193682044129 -0.012417736521580168 0.010970835227466563 -0.0035564407650335883
leaf_weight=38.724056411505444 38.604609614048968 53.422775652667042 16.785294809378684 13.75426335405791 3.2337870094634118 16.174530879710801 112.44239179404394 87.372470970047289
leaf_count=10236 939 2742 673 1590 118 603 1392 2370
internal_value=-0.000718719 0.00214358 -0.0105129 -0.0166085 0.00482469 -0.000198026 0.00967509 0.000230705
internal_weight=380.514 295.076 85.4381 52.4783 241.653 32.9598 115.676 125.977
internal_count=20663 7561 13102 11826 4819 1276 1510 3309
is_linear=0
shrinkage=0.025


Tree=124
num_leaves=9
num_cat=0
split_feature=9 39 4 29 61 22 19 19
split_gain=18.1488 10.2232 8.09296 6.33912 5.68531 4.9683 4.47573 4.43652
threshold=0.57000000000000017 1.0000000180025095e-35 1.0000000180025095e-35 0.9893010000000001 0.70581250000000006 0.47576850000000004 0.7359595000000001 0.71647950000000005
decision_type=2 2 2 2 2 2 2 2
left_child=7 4 3 -3 6 -6 -2 -1
right_child=1 2 -4 -5 5 -7 -8 -9
leaf_value=-0.019792520349203875 -0.019576413764822526 0.0031862793220786517 -0.013701556299219481 0.01666919888735029 0.012143823974028113 -0.018325113657496023 -0.0016480755837134928 0
leaf_weight=32.04117519682768 23.504075475691934 251.32061349356081 14.188094748751608 22.538475951878354 11.258594766724853 2.4219029615633181 15.288505428761708 8.4424414223758486
leaf_count=10421 1654 6742 623 98 117 96 367 444
internal_value=-0.000341476 0.001552 0.00342836 0.00443591 -0.00835813 0.00462219 -0.0131218 -0.0157679
internal_weight=381.004 340.52 288.047 273.859 52.4731 13.6805 38.7926 40.4836
internal_count=20562 9697 7463 6840 2234 213 2021 10865
is_linear=0
shrinkage=0.025


Tree=125
num_leaves=9
num_cat=0
split_feature=2 60 39 64 47 54 15 0
split_gain=17.8831 14.6496 14.4519 11.3377 6.83428 5.81247 5.34901 5.18716
threshold=0.6687772572040559 0.68000000000000005 1.0000000180025095e-35 0.37513750000000007 0.80616900000000002 1.0000000180025095e-35 0.4894245000000001 0.80153350000000012
decision_type=2 2 2 2 2 2 2 2
left_child=1 2 -1 -4 -3 6 7 -2
right_child=5 4 3 -5 -6 -7 -8 -9
leaf_value=-0.016528759539758072 -0.016552149486729055 -0.02068088691389015 -0.0066653105709576256 0.0071642474296883226 -0.0027585074952558835 -0.020483303442631971 0.010323334291160243 0.0075085718837567608
leaf_weight=27.392448877937568 8.3357360341469775 37.698690015669854 53.579569330966478 107.95950812989031 22.615963814780116 2.5346065019257358 112.68558693560772 9.9934502644464356
leaf_count=3917 213 5465 5886 2639 497 54 1960 102
internal_value=5.87918e-05 -0.00387033 -0.00035876 0.00250596 -0.0143852 0.00739604 0.00829166 -0.00361672
internal_weight=382.796 249.246 188.932 161.539 60.3147 133.549 131.015 18.3292
internal_count=20733 18404 12442 8525 5962 2329 2275 315
is_linear=0
shrinkage=0.025


Tree=126
num_leaves=9
num_cat=0
split_feature=15 48 62 29 46 43 17 2
split_gain=16.089 12.0404 10.6727 13.0224 10.1504 10.9452 8.0796 5.97344
threshold=0.66563950000000016 0.66350000000000009 0.41666666666666669 0.9893010000000001 0.59845300000000012 1.0000000180025095e-35 0.63418550000000007 0.56817278265953075
decision_type=2 2 2 2 2 2 2 2
left_child=1 2 7 -4 5 -2 -6 -1
right_child=4 -3 3 -5 6 -7 -8 -9
leaf_value=-0.018240854924726421 0.0098536689990931983 0.0076008197036613271 -0.013242899923380489 0.018680492063708695 0.0069655905348399317 -0.0098030431772672105 -0.016548642284112038 0.0112954440651695
leaf_weight=3.1993022381357177 144.91459215385839 34.66081999024027 120.15301632274713 6.6380371046689097 13.409672681649679 18.130748232943006 20.351187331369147 21.557004877973668
leaf_count=786 2882 768 13346 90 406 852 1114 432
internal_value=-9.44681e-06 -0.00526756 -0.00832024 -0.0112492 0.00493074 0.00753008 -0.00713194 0.00611994
internal_weight=383.014 186.208 151.547 126.791 196.806 163.045 33.7609 24.7563
internal_count=20676 15422 14654 13436 5254 3734 1520 1218
is_linear=0
shrinkage=0.025


Tree=127
num_leaves=9
num_cat=0
split_feature=18 60 31 47 31 43 1 14
split_gain=16.2533 13.3344 8.92263 9.39851 8.03694 6.34895 6.02439 9.3144
threshold=0.63366850000000008 0.68000000000000005 0.31505900000000003 0.73013700000000015 0.43963300000000005 1.0000000180025095e-35 0.67177072167396557 1.0000000180025095e-35
decision_type=2 2 2 2 2 2 2 2
left_child=4 2 3 -2 -1 -4 7 -3
right_child=1 6 5 -5 -6 -7 -8 -9
leaf_value=-0.019971995367868048 -0.0033063589626313459 0.00083127282964000598 0.013856567934914682 0.0078071808072927781 0.0098724221028827618 -0.016012700938881783 0.0035022211708362881 -0.018708544189660486
leaf_weight=30.927105072783888 100.15195137696719 24.514492208778393 69.416439224107307 86.402447256376036 5.1701617500111743 2.883283987932372 24.395928129553795 34.867029170112801
leaf_count=9004 4564 866 1270 851 496 199 837 2552
internal_value=0.000267221 0.00199799 0.00481616 0.0018293 -0.0152067 0.0121655 -0.00653136 -0.0107555
internal_weight=378.729 342.632 258.854 186.554 36.0973 72.2997 83.7774 59.3815
internal_count=20639 11139 6884 5415 9500 1469 4255 3418
is_linear=0
shrinkage=0.025


Tree=128
num_leaves=9
num_cat=0
split_feature=2 18 0 61 64 16 30 48
split_gain=15.6075 13.2361 11.2192 14.9041 5.67124 5.62703 7.02538 6.51676
threshold=0.68278563022613536 0.63366850000000008 0.48566650000000006 0.48281650000000004 0.24455000000000002 0.60856150000000009 0.33500000000000008 0.4956000000000001
decision_type=2 2 2 2 2 2 2 2
left_child=1 -1 4 -4 -3 7 -7 -2
right_child=5 2 3 -5 -6 6 -8 -9
leaf_value=-0.018363982671281819 0.010716307390579282 -0.0057646256697893791 -0.01610321710293788 6.9581410506775176e-05 0.0094513894717028896 -0.0051817585808974229 0.012369318533306315 -0.021471536748078071
leaf_weight=31.530832454398478 5.1251992555335146 17.913934815573157 51.843908623224706 102.44291583826998 62.708510538417613 15.326667418470604 82.30010776326526 6.7528483259957284
leaf_count=9549 69 1500 3585 2817 1387 274 1286 200
internal_value=-0.000363525 -0.00364612 -0.00150059 -0.00545339 0.00592199 0.00747834 0.00948994 -0.00749971
internal_weight=375.945 266.44 234.909 154.287 80.6224 109.505 97.6268 11.878
internal_count=20667 18838 9289 6402 2887 1829 1560 269
is_linear=0
shrinkage=0.025


Tree=129
num_leaves=9
num_cat=0
split_feature=62 9 29 31 2 3 17 19
split_gain=14.7428 13.271 9.66551 8.84579 8.63413 5.02804 5.70533 4.25596
threshold=0.91666666666666685 0.57000000000000017 0.9893010000000001 0.5186845000000001 0.73102048039436351 0.97958701848983776 0.71436200000000005 0.72955550000000013
decision_type=2 2 2 2 2 2 2 2
left_child=1 3 4 7 -3 6 -2 -1
right_child=5 2 -4 -5 -6 -7 -8 -9
leaf_value=-0.021244918883095373 -0.0234869260896476 -8.9203514230787678e-05 0.017595425500805516 0.015249198735398088 0.012072512462954404 0.0098639342808895854 0.0032776346685840793 0.0027496788181745344
leaf_weight=26.045957518785148 24.648706241707263 239.47157167294063 24.53365668701008 4.2493535491157663 40.790742895798758 2.7303822353715068 4.9864137392723924 4.3821145078400141
leaf_count=8129 3892 7060 110 336 592 136 202 180
internal_value=-0.000126798 0.00142452 0.00313538 -0.0127596 0.0017273 -0.0157523 -0.0188239 -0.0176016
internal_weight=371.839 339.473 304.796 34.6774 280.262 32.3655 29.6351 30.4281
internal_count=20637 16407 7762 8645 7652 4230 4094 8309
is_linear=0
shrinkage=0.025


Tree=130
num_leaves=9
num_cat=0
split_feature=2 18 60 31 26 17 62 0
split_gain=16.2327 12.3386 10.2663 9.74394 8.22576 6.61497 5.92689 6.31009
threshold=0.68278563022613536 0.63366850000000008 0.68000000000000005 0.32963300000000006 0.30100000000000005 0.63418550000000007 0.58333333333333337 0.83940000000000003
decision_type=2 2 2 2 2 2 2 2
left_child=1 3 4 -1 -3 -4 -2 -8
right_child=6 2 5 -5 -6 -7 7 -9
leaf_value=-0.024270606384542339 0.012208299489508755 -0.0046036818838959947 -0.0015572393932758763 0.0053911227061975613 0.0063647183572715788 -0.018577971295470484 0.0044558265171281272 -0.023770691331846325
leaf_weight=24.142848494342616 78.016218305798247 65.37395136350824 32.307308844028739 8.0386012478265894 113.36702251952374 25.833420369875967 22.150739221251573 4.1956040824297807
leaf_count=8610 1211 3142 1567 929 2833 1816 354 235
internal_value=0.000520512 -0.00270891 -0.000644264 -0.0167601 0.00230501 -0.00961101 0.00881137 -0.00113462
internal_weight=373.426 269.063 236.882 32.1814 178.741 58.1407 104.363 26.3463
internal_count=20697 18897 9358 9539 5975 3383 1800 589
is_linear=0
shrinkage=0.025


Tree=131
num_leaves=9
num_cat=0
split_feature=1 60 31 9 47 41 24 16
split_gain=15.8116 11.5191 13.3948 9.32244 5.86362 4.92061 4.66144 4.14391
threshold=0.67529168725013744 0.68000000000000005 0.34591200000000005 0.95350000000000013 0.92356600000000011 1.0000000180025095e-35 0.25000000000000006 0.60856150000000009
decision_type=2 2 2 2 2 2 2 2
left_child=1 2 3 -1 6 -4 -3 -2
right_child=7 4 5 -5 -6 -7 -8 -9
leaf_value=-0.0055073092077864774 -0.0066473210836685134 -0.0059027813804444322 -0.0056354014313266167 0.0089770241976713083 0.0010215199661551288 0.014890486559472286 -0.02187375680954531 0.011405944786190565
leaf_weight=142.12290008758282 6.9546788457082576 24.378087844695983 7.0450052915548431 32.211438300437294 17.790502817952074 42.754245790056302 27.74569722078013 80.48541374236811
leaf_count=10893 133 3042 315 405 209 1212 3043 1437
internal_value=0.00054497 -0.00222028 0.000536532 -0.00271707 -0.0109316 0.0117365 -0.0150369 0.00976966
internal_weight=381.488 294.048 224.134 174.334 69.9143 49.7993 52.1238 87.4401
internal_count=20689 19119 12825 11298 6294 1527 6085 1570
is_linear=0
shrinkage=0.025


Tree=132
num_leaves=9
num_cat=0
split_feature=2 20 0 61 65 64 65 15
split_gain=14.637 11.5076 8.27335 8.8353 8.5072 5.72542 7.1951 4.29648
threshold=0.6687772572040559 0.65985550000000004 0.48566650000000006 0.49284100000000003 0.18109000000000003 0.39155850000000009 0.08368200000000002 0.4894245000000001
decision_type=2 2 2 2 2 2 2 2
left_child=1 5 4 -4 -3 -1 -7 -2
right_child=7 2 3 -5 -6 6 -8 -9
leaf_value=-0.021130802212703168 -0.0045858321476587825 -0.00079526188567103934 -0.013262513271390042 0.00070032327162448938 0.017935629783404034 0.014605639355839143 -0.011041772759516295 0.0082073250920168452
leaf_weight=28.503530423611664 17.165957007557154 36.303498762106756 43.48825265961932 72.111841801932314 22.987684586609248 6.6790297213010481 29.482726096655824 107.74817275803071
leaf_count=9586 291 1389 2359 2087 338 178 2448 2010
internal_value=-0.000508246 -0.00413611 -0.000713307 -0.00462488 0.00669278 -0.0129817 -0.005591 0.00634561
internal_weight=364.471 239.557 174.891 115.6 59.2912 64.6653 36.1618 124.914
internal_count=20686 18385 6173 4446 1727 12212 2626 2301
is_linear=0
shrinkage=0.025


Tree=133
num_leaves=9
num_cat=0
split_feature=62 21 60 20 29 16 39 1
split_gain=12.0375 10.7186 9.03762 11.5195 8.34947 7.64698 6.8644 6.34959
threshold=0.75000000000000011 0.9840000000000001 0.68000000000000005 0.69720050000000011 0.60023650000000017 0.59307200000000015 1.0000000180025095e-35 0.66326245665550243
decision_type=2 2 2 2 2 2 2 2
left_child=2 4 5 -4 -2 -1 -7 -5
right_child=1 -3 3 7 -6 6 -8 -9
leaf_value=-0.013263174105789928 -0.015474787667021315 0.022839946344883861 -0.021192354584811141 -0.0074834784227834393 0.0096924858943505665 -0.0058996237748690237 0.0068230143001955876 0.010572722036744728
leaf_weight=13.429707596878869 63.120504463648103 3.8527528713457277 20.936038094096148 25.40861393942032 7.6797111485357155 28.979755927535734 174.24742443865398 19.833276043646038
leaf_count=2249 8117 55 2642 838 250 1693 4261 666
internal_value=-0.00118349 -0.00998303 0.00116657 -0.00675209 -0.0124506 0.00365926 0.00493244 0.000385789
internal_weight=357.488 74.653 282.835 66.1779 70.8002 216.657 203.227 45.2419
internal_count=20771 8422 12349 4146 8367 8203 5954 1504
is_linear=0
shrinkage=0.025


Tree=134
num_leaves=9
num_cat=0
split_feature=29 47 39 20 0 14 64 3
split_gain=13.0404 14.0837 10.938 7.15416 4.73275 4.54441 3.26847 2.37013
threshold=0.9893010000000001 0.9999920000000001 1.0000000180025095e-35 0.61172500000000007 0.69833350000000005 1.0000000180025095e-35 0.80105550000000014 0.94724705815315258
decision_type=2 2 2 2 2 2 2 2
left_child=1 2 5 -4 -3 -1 -6 -2
right_child=7 4 3 -5 6 -7 -8 -9
leaf_value=-0.0078171930984389602 0.022699422474777908 -0.011127833011376865 -0.015483158250153527 0.00050735938058755906 0.02032541396686402 -0.025796647686817876 0.0024984817698299605 0.0056234912414983955
leaf_weight=35.943171933591657 15.415556617896074 2.8931361306458703 16.822860360247432 237.695377048105 24.779449295252562 12.431651964456249 10.616037230822256 11.559250910788249
leaf_count=3363 85 35 5231 9653 105 1986 84 92
internal_value=0.000416647 -0.000924725 -0.00277547 -0.000632803 0.012941 -0.0134273 0.0155988 0.0165341
internal_weight=368.156 341.182 302.893 254.518 38.2886 48.3748 35.3955 26.9748
internal_count=20634 20457 20233 14884 224 5349 189 177
is_linear=0
shrinkage=0.025


Tree=135
num_leaves=9
num_cat=0
split_feature=1 49 1 60 20 61 61 16
split_gain=14.8933 13.563 8.26387 7.73932 9.2283 6.88824 5.83401 6.28032
threshold=0.56389477849006664 1.0000000180025095e-35 0.43643447756767279 0.68000000000000005 0.67350250000000011 0.51457900000000012 0.50715900000000003 0.59307200000000015
decision_type=2 2 2 2 2 2 2 2
left_child=1 2 -1 6 -5 -3 -2 -8
right_child=3 5 -4 4 -6 -7 7 -9
leaf_value=-0.014151061801034226 0.0015569182211323917 -0.021176754424804364 0.0069424570009069785 -0.026292801779975967 9.5386380709369748e-05 0 -0.015533138842939968 0.01172663910351799
leaf_weight=13.769856609145789 92.542237190704327 39.139685475234728 41.476129381309875 7.6306076348118941 55.186646047979593 12.344372352861681 3.6684197699651113 96.54618706961628
leaf_count=4072 2077 8221 1685 599 1987 601 153 1242
internal_value=0.000462278 -0.00727574 0.00124325 0.00375426 -0.00370674 -0.0162621 0.00623733 0.010371
internal_weight=362.304 106.73 55.246 255.574 62.8173 51.4841 192.757 100.215
internal_count=20637 14579 5757 6058 2586 8822 3472 1395
is_linear=0
shrinkage=0.025


Tree=136
num_leaves=9
num_cat=0
split_feature=2 49 60 19 61 39 22 43
split_gain=14.7153 9.55922 7.92607 7.28402 6.68522 6.51121 7.99218 7.39591
threshold=0.59326913952827465 1.0000000180025095e-35 0.82000000000000017 0.68889100000000003 0.26513150000000008 1.0000000180025095e-35 0.50784000000000018 1.0000000180025095e-35
decision_type=2 2 2 2 2 2 2 2
left_child=1 3 5 4 -1 7 -7 -2
right_child=2 -3 -4 -5 -6 6 -8 -9
leaf_value=-0.011790079721829274 0.0024720314600726705 -0.012781208809231691 -0.0064435649995751021 0.0093994633087272975 0.014106524159028702 0.0048623426536970188 0.018406892730972117 -0.024589479544663395
leaf_weight=29.953311261582712 23.213522885751448 68.565286184777506 35.594028291467112 29.277662673935993 5.7183068039885248 123.1941679919255 35.046187670668587 6.3529975937562986
leaf_count=5083 478 9291 1680 805 148 2469 356 369
internal_value=8.2374e-05 -0.00640721 0.00401656 0.000390439 -0.00691113 0.00608553 0.00810122 -0.00429465
internal_weight=356.915 133.515 223.401 64.9493 35.6716 187.807 158.24 29.5665
internal_count=20679 15327 5352 6036 5231 3672 2825 847
is_linear=0
shrinkage=0.025


Tree=137
num_leaves=9
num_cat=0
split_feature=29 62 18 47 19 58 1 39
split_gain=14.217 10.7719 9.82315 7.31221 6.85375 3.67502 4.0314 2.72246
threshold=0.60023650000000017 0.41666666666666669 0.62617200000000006 0.96386200000000011 0.68063400000000007 0.58083350000000011 0.51961117982864391 1.0000000180025095e-35
decision_type=2 2 2 2 2 2 2 2
left_child=1 5 -3 -4 -2 6 -1 -6
right_child=4 2 3 -5 7 -7 -8 -9
leaf_value=-0.013006526103372766 -0.0072188495592340795 -0.020154787201461431 -0.0040473794087954778 0.0070969555038173943 -0.00054637765231539616 -0.010816726752413804 0.01308961835995094 0.019347044890910037
leaf_weight=2.1684999548342594 7.0459194255854518 18.487875920916849 201.42067356366897 42.657626329222694 3.9218374884221694 3.3556792819290413 42.8060827733716 34.934445171733387
leaf_count=740 467 7325 10533 306 62 136 851 264
internal_value=0.000476773 -0.00144607 -0.00347481 -0.00202735 0.0131734 0.00912663 0.0111715 0.0172271
internal_weight=356.799 310.896 262.566 244.078 45.9022 48.3303 44.9746 38.8563
internal_count=20684 19891 18164 10839 793 1727 1591 326
is_linear=0
shrinkage=0.025


Tree=138
num_leaves=9
num_cat=0
split_feature=1 29 2 49 16 60 17 48
split_gain=14.952 11.7754 6.13545 7.10565 4.0391 3.33076 2.23159 2.57015
threshold=0.46938608586788183 0.60023650000000017 0.67536270618438732 1.0000000180025095e-35 0.70892750000000004 0.68000000000000005 0.66092250000000019 0.21116650000000001
decision_type=2 2 2 2 2 2 2 2
left_child=6 2 3 -2 -4 -3 -1 -8
right_child=1 5 4 -5 -6 -7 7 -9
leaf_value=-0.020980629980948927 0.0040510377543801759 0.016076992730817273 0.0077820973432100845 -0.0063728541111490386 -0.0034666472891958181 -0.0032422161465355281 0.0074122776481909507 -0.013192490512872884
leaf_weight=19.61743656205363 58.244131237956026 37.570758522037067 71.259798523737118 122.73760355845661 25.029205396422185 5.067945530434371 4.2318021504761401 7.2572115011571441
leaf_count=8527 1786 305 1209 6677 759 152 484 776
internal_value=0 0.00165045 -0.0002398 -0.0029696 0.00477077 0.0135704 -0.0159933 -0.0050733
internal_weight=351.016 319.909 277.271 180.982 96.289 42.6387 31.1065 11.489
internal_count=20675 10888 10431 8463 1968 457 9787 1260
is_linear=0
shrinkage=0.025


Tree=139
num_leaves=9
num_cat=0
split_feature=62 21 29 4 9 17 26 32
split_gain=12.4 9.99091 8.64334 8.88762 8.03839 7.23763 6.11701 4.20744
threshold=0.75000000000000011 0.9840000000000001 0.9893010000000001 1.0000000180025095e-35 0.73000000000000009 0.71436200000000005 0.91000000000000003 0.81700000000000006
decision_type=2 2 2 2 2 2 2 2
left_child=2 5 3 4 -1 7 -7 -2
right_child=1 -3 -4 -5 -6 6 -8 -9
leaf_value=-0.005949186351564861 -0.017364998832151625 0.021318158056824833 0.016271870462923218 -0.019338180974432809 0.0045466776174244213 -0.0063907132196016347 0.025540145183124224 0.0038976513178246575
leaf_weight=57.230695269976422 51.51410229888279 4.3405282602179787 23.779294467938598 10.685118955836513 192.42436920611362 8.8592985576251504 3.6666347433347246 5.1642921779421149
leaf_count=6668 7603 66 140 1242 4310 472 34 209
internal_value=4.15073e-05 -0.00894637 0.00244052 0.00103417 0.00208265 -0.0114954 0.00466944 -0.015233
internal_weight=357.664 73.5449 284.119 260.34 249.655 69.2043 12.5259 56.6784
internal_count=20744 8384 12360 12220 10978 8318 506 7812
is_linear=0
shrinkage=0.025


Tree=140
num_leaves=9
num_cat=0
split_feature=18 39 14 20 29 16 31 19
split_gain=13.2655 9.57256 9.72526 9.19549 8.54553 7.14738 6.1751 4.35181
threshold=0.63366850000000008 1.0000000180025095e-35 1.0000000180025095e-35 0.71123300000000012 1.0000000180025095e-35 0.71133700000000011 0.43963300000000005 0.78249050000000009
decision_type=2 2 2 2 2 2 2 2
left_child=6 2 3 -2 5 -3 -1 -6
right_child=1 4 -4 -5 7 -7 -8 -9
leaf_value=-0.020154420844375753 -0.016580502303882434 0.001920049819872989 -0.026950683648380172 0.0069563208826908737 0.0094686962554639542 -0.011560201665642139 0.0075801698555526074 -0.008303520000666172
leaf_weight=25.467882068172916 14.630814700227345 128.39905585360248 11.23894879194995 25.305917820951436 112.6620636680891 28.224890974059235 4.5936568409233578 7.3506466606631866
leaf_count=9026 1142 4729 1064 507 2174 1279 512 232
internal_value=-0.000103346 0.00136874 -0.0083233 -0.00186706 0.00323548 -0.000577045 -0.0154739 0.00820043
internal_weight=357.874 327.812 51.1757 39.9367 276.637 156.624 30.0615 120.013
internal_count=20665 11127 2713 1649 8414 6008 9538 2406
is_linear=0
shrinkage=0.025


Tree=141
num_leaves=9
num_cat=0
split_feature=19 2 62 47 19 20 0 61
split_gain=11.1364 11.0647 8.68591 7.46219 6.8425 7.76292 6.62826 7.66596
threshold=0.68236450000000015 0.68278563022613536 0.58333333333333337 0.73988250000000011 0.75497250000000016 0.7386195000000001 0.48566650000000006 0.91387400000000019
decision_type=2 2 2 2 2 2 2 2
left_child=1 3 4 -1 5 -2 -4 -8
right_child=2 -3 6 -5 -6 -7 7 -9
leaf_value=-0.015394380988331544 0.0071156525313992858 0.013003017551859564 0.0083332086273467092 0.0048693722413839374 0.016140966070295391 -0.0081714730722190852 -0.0071084424478182074 0.014485403819234695
leaf_weight=58.138696800808248 82.944658187305322 11.442488660803063 27.88957632855454 12.355990171839947 34.604561902349815 25.268272088840604 97.789773948854418 9.3867827658541483
leaf_count=12156 1685 151 1018 309 648 368 4193 110
internal_value=3.0445e-05 -0.0079357 0.00244607 -0.0117028 0.00671499 0.00339447 -0.00204523 -0.00491779
internal_weight=359.821 81.9372 277.884 70.4947 142.817 108.213 135.066 107.177
internal_count=20638 12616 8022 12465 2701 2053 5321 4303
is_linear=0
shrinkage=0.025


Tree=142
num_leaves=9
num_cat=0
split_feature=9 19 1 0 60 17 0 16
split_gain=12.4392 7.80885 6.63723 8.14389 6.50795 7.52713 5.80125 5.01519
threshold=0.73000000000000009 0.64259250000000012 0.49148617684841162 0.39513350000000008 0.68000000000000005 0.63418550000000007 0.80480000000000007 0.60235100000000019
decision_type=2 2 2 2 2 2 2 2
left_child=2 -2 -1 -4 7 -6 -5 -3
right_child=1 4 3 6 5 -7 -8 -9
leaf_value=-0.020807907122397006 -0.017369212483295222 -0.014765185116934433 0.010590219883875577 -0.013454404847128974 0.0056910548234076581 -0.011058166238242137 0.0052908041627340282 0.006793714642165799
leaf_weight=17.923531882584939 9.3166184090659936 4.9507951284758738 15.898805629389242 38.80840653013729 29.869466984091559 32.964413492722088 11.925339375375186 188.5187090880645
leaf_count=9174 750 202 563 3152 896 1844 351 3691
internal_value=0.000211475 0.0028954 -0.00800511 -0.003946 0.00378984 -0.00305043 -0.00887243 0.00605823
internal_weight=350.176 265.62 84.5561 66.6326 256.303 62.8339 50.7337 193.47
internal_count=20623 7383 13240 4066 6633 2740 3503 3893
is_linear=0
shrinkage=0.025


Tree=143
num_leaves=9
num_cat=0
split_feature=1 60 31 48 43 20 17 16
split_gain=11.5669 9.28702 8.88641 10.0345 7.30713 6.02395 4.71886 3.17896
threshold=0.44463366270065313 0.82000000000000017 0.31505900000000003 0.67393350000000007 1.0000000180025095e-35 0.69720050000000011 0.63418550000000007 0.63102250000000015
decision_type=2 2 2 2 2 2 2 2
left_child=-1 2 3 -2 -4 7 -7 -3
right_child=1 5 4 -5 -6 6 -8 -9
leaf_value=-0.016345559212157287 -0.0019751828795386323 -0.0039183709324684965 0.01289688926578951 0.012369554396350098 -0.015891688477775952 0.0083689344849969243 -0.0090832311787594714 -0.026816908302891157
leaf_weight=22.688174315433571 169.05780576591496 7.799483674985825 67.072169506049249 35.030140467686579 4.0842389824101692 15.088371549180009 20.048424587963382 10.53303882797263
leaf_count=8473 6849 572 1420 491 284 527 993 1092
internal_value=0.00013867 0.00139108 0.00327077 0.000546737 0.0107527 -0.00791888 -0.0013399 -0.0187874
internal_weight=351.402 328.714 275.244 204.088 71.1564 53.4693 35.1368 18.3325
internal_count=20701 12228 9044 7340 1704 3184 1520 1664
is_linear=0
shrinkage=0.025


Tree=144
num_leaves=9
num_cat=0
split_feature=1 17 9 29 49 64 65 24
split_gain=12.2029 8.89016 8.02378 7.90615 7.58268 7.24413 6.65884 6.55977
threshold=0.56389477849006664 0.60420750000000012 0.82350000000000001 0.60023650000000017 1.0000000180025095e-35 0.9064080000000001 0.011923000000000001 0.55000000000000016
decision_type=2 2 2 2 2 2 2 2
left_child=1 -1 5 -4 7 6 -2 -3
right_child=2 4 3 -5 -6 -7 -8 -9
leaf_value=-0.021961667246755731 -0.0067523852470379774 -0.0042095531503233063 0.0038377614344629468 0.019035827369031207 -0.011296321612261736 -0.013289776372719379 0.0079075671709866891 0.014246357086699532
leaf_weight=18.665362987940171 31.878575133625418 26.911622361581976 125.80123971393914 24.850112991873175 38.408695702721161 25.977287970163161 42.734698371845298 18.382271392285475
leaf_count=5986 1300 2816 2895 126 5120 971 852 647
internal_value=0 -0.00717794 0.00298037 0.00661039 -0.00335814 -0.00240598 0.00153343 0.0034078
internal_weight=353.61 102.368 251.242 150.651 83.7026 100.591 74.6133 45.2939
internal_count=20713 14569 6144 3021 8583 3123 2152 3463
is_linear=0
shrinkage=0.025


Tree=145
num_leaves=9
num_cat=0
split_feature=1 60 39 43 9 20 22 18
split_gain=12.8031 8.11129 8.80287 8.75763 8.07559 7.45311 5.10341 4.56538
threshold=0.47845391929149633 0.68000000000000005 1.0000000180025095e-35 1.0000000180025095e-35 0.97000000000000008 0.67350250000000011 0.50574450000000015 0.7405695000000001
decision_type=2 2 2 2 2 2 2 2
left_child=6 2 3 -2 -4 -3 -1 -7
right_child=1 5 4 -5 -6 7 -8 -9
leaf_value=-0.017548585479362031 0 -0.021306608649073855 0.0029275036250068611 -0.026211025851491845 0.014815887072862076 0.0009760895891111342 0.012609538478644692 -0.018714693416163573
leaf_weight=30.031508655469224 29.418284738538205 13.224727801934931 149.23450437896827 8.7387020999594807 46.67303555784747 54.328886809831602 2.2121908095723475 6.4024016541370647
leaf_count=10039 1025 1410 4012 769 546 2152 90 448
internal_value=-0.000119199 0.00146183 0.00375893 -0.00688607 0.00591879 -0.00561711 -0.0146449 -0.00151067
internal_weight=340.264 308.021 234.065 38.157 195.908 73.956 32.2437 60.7313
internal_count=20491 10362 6352 1794 4558 4010 10129 2600
is_linear=0
shrinkage=0.025


Tree=146
num_leaves=9
num_cat=0
split_feature=29 2 20 16 28 62 3 16
split_gain=11.153 9.46918 7.40419 6.68674 5.75074 5.51957 5.92056 5.61912
threshold=0.31620650000000006 0.66155844926834118 0.66856000000000015 0.60695300000000019 0.65961650000000016 0.41666666666666669 0.93800881505012523 0.71284100000000017
decision_type=2 2 2 2 2 2 2 2
left_child=1 2 -1 -2 -4 7 -7 -3
right_child=3 5 4 -5 -6 6 -8 -9
leaf_value=-0.013161983676295466 -0.015317057861770109 0.019720581729514294 -0.0038295920108108688 0.010061226864477933 0.012953643258023805 -0.015370466032380332 0.0038448456132854063 -0.0064136139908897161
leaf_weight=51.464277689698065 5.0379247275050139 19.888400625437502 103.66486313207133 84.17055659266407 12.418505530105902 10.079199745086951 56.198521809536032 5.1455276182387015
leaf_count=11076 867 323 4397 1880 217 385 1456 79
internal_value=0.000704232 -0.00190774 -0.00543551 0.00824135 -0.00178163 0.00446273 0.00044819 0.0139944
internal_weight=348.068 258.859 167.548 89.2085 116.083 91.3116 66.2777 25.0339
internal_count=20680 17933 15690 2747 4614 2243 1841 402
is_linear=0
shrinkage=0.025


Tree=147
num_leaves=9
num_cat=0
split_feature=9 2 15 0 61 0 6 0
split_gain=13.0753 9.88583 7.61471 6.06364 11.9441 7.25519 3.34133 5.60478
threshold=0.57000000000000017 0.71571186184883129 0.6850750000000001 0.48566650000000006 0.48281650000000004 0.30946700000000005 0.66973300000000013 0.52420000000000011
decision_type=2 2 2 2 2 2 2 2
left_child=2 3 -1 5 -5 -2 7 -3
right_child=1 6 -4 4 -6 -7 -8 -9
leaf_value=-0.020334350568573419 -0.0053025721334822281 0.017617887616784719 0.0063562044449508781 -0.012939916778067426 0.001167780667666791 0.01075424147524481 0.014192077041895382 -0.016833864772864811
leaf_weight=26.150169413685944 24.012079521955457 3.0546891242265684 7.2075117319909614 50.012969367162441 130.81110102668754 51.50710827196599 43.2966722616693 4.9790995485382155
leaf_count=10304 1071 6 651 3221 3321 1201 691 123
internal_value=5.85345e-05 0.0017243 -0.0143219 -0.000282383 -0.00279202 0.00554698 0.011521 -0.00208618
internal_weight=341.031 307.674 33.3577 256.343 180.824 75.5192 51.3305 8.03379
internal_count=20589 9634 10955 8814 6542 2272 820 129
is_linear=0
shrinkage=0.025


Tree=148
num_leaves=9
num_cat=0
split_feature=29 1 64 62 0 29 22 61
split_gain=14.0789 10.2732 8.33658 7.60247 6.50341 5.04241 4.98136 4.88684
threshold=0.94364700000000012 0.56950846314430248 0.39155850000000009 0.41666666666666669 0.43580000000000002 1.0000000180025095e-35 0.40300300000000006 0.70270150000000009
decision_type=2 2 2 2 2 2 2 2
left_child=1 2 7 6 -4 -5 -3 -1
right_child=-2 3 4 5 -6 -7 -8 -9
leaf_value=-0.018418003897660813 0.017417779731329304 0.015296330309213128 0.0068770004612198734 -0.0041687790959127778 -0.0091717223578030097 0.0043459823839086158 -0.0038934249167121935 0.011199571537191077
leaf_weight=38.418506969825103 25.656587973149726 33.937957413843833 27.942057008353004 99.101798677162151 31.055987856798311 73.957903572183568 9.3924418478272838 2.1789797041565171
leaf_count=10854 218 677 1400 3359 2302 1541 140 86
internal_value=0.000293404 -0.00117424 -0.00775028 0.00186137 -0.00147167 -0.000479033 0.010983 -0.0162011
internal_weight=341.642 315.986 99.5955 216.39 58.998 173.06 43.3304 40.5975
internal_count=20577 20359 14642 5717 3702 4900 817 10940
is_linear=0
shrinkage=0.025


Tree=149
num_leaves=9
num_cat=0
split_feature=60 31 22 47 43 17 22 21
split_gain=10.386 9.93149 13.7466 6.58753 5.74087 5.30557 5.26641 4.85431
threshold=0.82000000000000017 0.31505900000000003 0.38669450000000005 0.9999920000000001 1.0000000180025095e-35 0.62151550000000011 0.59978900000000013 0.77400000000000013
decision_type=2 2 2 2 2 2 2 2
left_child=1 2 5 6 -3 -1 -2 -4
right_child=3 4 7 -5 -6 -7 -8 -9
leaf_value=-0.014449179261051487 -0.016507079166387797 0.011708497641783099 -0.0039375878026770153 0.0076768145537648705 -0.014341292366840895 -0.0028048382573486299 0.010919225952338163 0.0083666138307736202
leaf_weight=37.655600710346334 41.219503293501475 65.810485537433124 24.117139236972434 8.9536164677701873 3.8101292504070434 72.919813041200541 3.1562330476008347 81.464388385822531
leaf_count=6816 4369 1963 969 64 446 4270 400 1424
internal_value=-0.000146745 0.00173912 -0.000894554 -0.0100857 0.00981748 -0.0070231 -0.0140079 0.0054654
internal_weight=339.107 285.778 216.157 53.3294 69.6206 110.575 44.3757 105.582
internal_count=20721 15888 13479 4833 2409 11086 4769 2393
is_linear=0
shrinkage=0.025


Tree=150
num_leaves=9
num_cat=0
split_feature=61 64 61 1 46 8 39 14
split_gain=11.405 12.0675 13.3833 6.99269 6.44162 6.02994 3.82443 5.16312
threshold=0.48281650000000004 0.36222550000000003 0.44645000000000007 0.48648664355278021 0.38435150000000001 1.0000000180025095e-35 1.0000000180025095e-35 1.0000000180025095e-35
decision_type=2 2 2 2 2 2 2 2
left_child=1 -1 3 -3 -4 -2 7 -7
right_child=5 2 4 -5 -6 6 -8 -9
leaf_value=-0.015122282324229153 -0.011504386563624524 -0.01177806376782501 0.0087719443048786105 0.0088594764097061386 -0.018991991844217626 0.0018610402553315181 0.0065890355900624815 -0.023349867482612849
leaf_weight=50.701659535017825 12.858967231324639 10.194914654020975 4.8324098324519609 60.735527817654656 24.689246596230078 22.390708674269266 148.33191875051125 4.3422256466001263
leaf_count=11327 714 1615 174 1658 1215 425 3252 299
internal_value=-0.000336713 -0.00543079 -0.000266241 0.00554873 -0.0139412 0.00373519 0.00501423 -0.0033132
internal_weight=339.078 151.154 100.452 70.9304 29.5217 187.924 175.065 26.7329
internal_count=20679 15989 4662 3273 1389 4690 3976 724
is_linear=0
shrinkage=0.025


Tree=151
num_leaves=9
num_cat=0
split_feature=9 39 60 22 43 18 2 19
split_gain=11.1111 9.20333 9.02172 8.25809 6.67477 6.56004 5.25887 2.1004
threshold=0.25000000000000006 1.0000000180025095e-35 0.68000000000000005 0.49192400000000008 1.0000000180025095e-35 0.7238635000000001 0.63927939534187328 0.71647950000000005
decision_type=2 2 2 2 2 2 2 2
left_child=7 4 3 -3 5 -2 -4 -1
right_child=1 2 6 -5 -6 -7 -8 -9
leaf_value=-0.021205412264379341 -0.010185573865801675 0.0024695301167524681 -0.011767364706719357 0.014262502695453231 -0.026030296295220492 0.010639036239566855 0.0017521306918952713 0.0021832494040234583
leaf_weight=15.688420011287237 27.5338680329005 155.97809039771892 33.444668348427513 48.213503169361502 9.1924332238704647 11.766449629736597 33.939544538385235 1.7174110362539057
leaf_count=8350 1917 4973 2321 549 968 217 1346 115
internal_value=-0.000134007 0.000951606 0.00277686 0.00540178 -0.00882701 -0.00355585 -0.00499565 -0.018524
internal_weight=337.474 320.069 271.576 204.192 48.4928 39.3003 67.3842 17.4058
internal_count=20756 12291 9189 5522 3102 2134 3667 8465
is_linear=0
shrinkage=0.025


Tree=152
num_leaves=9
num_cat=0
split_feature=2 15 62 19 18 3 43 0
split_gain=10.458 8.87976 4.43964 9.00807 6.43545 5.81012 6.17285 5.04054
threshold=0.57335239648818981 0.66563950000000016 0.58333333333333337 0.75497250000000016 0.73653400000000013 0.93800881505012523 1.0000000180025095e-35 0.48566650000000006
decision_type=2 2 2 2 2 2 2 2
left_child=1 -1 3 4 -2 7 -7 -4
right_child=2 -3 5 -5 -6 6 -8 -9
leaf_value=-0.014059301179756066 0.0039761732800726347 0.00086804542505288732 0.0067873849727101603 0.017081437544122155 -0.015019794896615644 0.0038206773559483851 -0.016666532703433667 -0.020681404556506463
leaf_weight=52.010556871075096 93.757943412696477 44.158081694957218 4.1278961431235102 29.838793651899323 10.543235742487012 74.692802561345161 8.3924686518148501 13.352089309744768
leaf_count=12028 2045 2301 104 636 263 1990 688 642
internal_value=-0.000373042 -0.00725062 0.00245076 0.00540771 0.00173896 -0.00144882 0.00131999 -0.0137788
internal_weight=330.874 96.1686 234.705 134.14 104.301 100.565 83.0853 17.48
internal_count=20697 14329 6368 2944 2308 3424 2678 746
is_linear=0
shrinkage=0.025


Tree=153
num_leaves=9
num_cat=0
split_feature=62 19 0 48 21 22 16 39
split_gain=11.4385 9.71049 8.30944 11.5667 7.06299 8.6353 8.51244 6.08541
threshold=0.58333333333333337 0.64730850000000018 0.43580000000000002 0.66350000000000009 0.70400000000000007 0.29499550000000008 0.63533350000000011 1.0000000180025095e-35
decision_type=2 2 2 2 2 2 2 2
left_child=4 -2 7 -4 5 -1 -6 -3
right_child=1 2 3 -5 6 -7 -8 -9
leaf_value=0.0059459712339815559 -0.023225450079184098 -0.014760133104867974 -0.012482106165274903 0.0033023323281468155 -0.0081885369316994586 -0.011144298184001039 0.011639215171963537 0.011906009178117662
leaf_weight=40.468172219661938 13.99583725818229 4.4037159071958731 66.418872533511603 48.146128916167072 14.017688898544291 30.524669522055774 87.431293974514119 30.564654743939172
leaf_count=2988 5875 547 5054 1301 294 1681 1522 1393
internal_value=5.3469e-05 -0.00463198 -0.00255862 -0.00584148 0.00454191 -0.00140356 0.00872168 0.0077281
internal_weight=335.971 163.529 149.533 114.565 172.442 70.9928 101.449 34.9684
internal_count=20655 14170 8295 6355 6485 4669 1816 1940
is_linear=0
shrinkage=0.025


Tree=154
num_leaves=9
num_cat=0
split_feature=21 34 48 62 2 60 0 9
split_gain=10.9126 9.38367 8.40034 5.34899 5.7165 5.14466 4.98827 6.4404
threshold=0.70400000000000007 0.055688000000000008 0.25536650000000005 0.91666666666666685 0.68431133031845104 0.68000000000000005 0.48566650000000006 0.78000000000000014
decision_type=2 2 2 2 2 2 2 2
left_child=1 -1 -3 6 -5 -4 -2 -8
right_child=3 2 5 4 -6 -7 7 -9
leaf_value=-0.017019568410150194 0.020187180687182865 0.012308118932922307 -0.0017893687473155267 -0.017782805253513622 0.014822751046430091 -0.016432237234832177 -0.0053054879959178033 0.0061308425055469455
leaf_weight=32.100224393245298 10.505500362865858 19.135563541520241 69.378628729871707 11.451567866439289 2.5588735826313487 17.952024542250001 37.519517212582286 132.83915604031063
leaf_count=9923 154 1130 2610 1058 45 1583 1303 2800
internal_value=-0.000232484 -0.00557253 -0.00180185 0.00354452 -0.0102515 -0.00518388 0.00475467 0.00353627
internal_weight=333.441 138.566 106.466 194.875 14.0104 87.3307 180.864 170.359
internal_count=20606 15246 5323 5360 1103 4193 4257 4103
is_linear=0
shrinkage=0.025


Tree=155
num_leaves=9
num_cat=0
split_feature=2 22 26 60 40 48 20 17
split_gain=10.765 6.8642 7.47324 5.71028 6.23665 5.56691 5.44233 4.89763
threshold=0.57679614424705516 0.49192400000000008 0.30100000000000005 0.82000000000000017 1.0000000180025095e-35 0.25536650000000005 0.67350250000000011 0.61923800000000007
decision_type=2 2 2 2 2 2 2 2
left_child=1 2 -1 4 -2 -4 -5 -6
right_child=3 -3 5 6 7 -7 -8 -9
leaf_value=-0.0187003607456456 0.00093689152801848205 0.0085324156616469107 0.0096155140032334278 -0.024644623278545469 -0.0035574648462345635 -0.0078676473503820534 -0.00093439404081985429 0.013045926626204497
leaf_weight=32.436451301869965 121.8765980406024 13.526391374296507 12.982043286396218 5.8190321698202743 11.785039256443268 43.833198338419606 30.947849380085245 60.605482560029486
leaf_count=8438 2997 497 1556 490 385 4152 1454 874
internal_value=-0.00020176 -0.00687678 -0.00943011 0.00276905 0.00450287 -0.00355417 -0.00595827 0.0102191
internal_weight=333.812 102.778 89.2517 231.034 194.267 56.8152 36.7669 72.3905
internal_count=20843 14643 14146 6200 4256 5708 1944 1259
is_linear=0
shrinkage=0.025


Tree=156
num_leaves=9
num_cat=0
split_feature=2 60 29 17 54 61 58 25
split_gain=12.16 12.4907 7.61596 6.65859 3.73287 3.68812 4.39574 2.65647
threshold=0.6687772572040559 0.82000000000000017 0.91839300000000013 0.62110100000000013 1.0000000180025095e-35 0.71629350000000003 0.58083350000000011 0.41666650000000005
decision_type=2 2 2 2 2 2 2 2
left_child=1 2 3 -1 5 6 -2 -7
right_child=4 -3 -4 -5 -6 7 -8 -9
leaf_value=-0.0097749669797547439 0.0075590049984610129 -0.017251002809446657 0.015110525227382121 0.00095374744900525877 -0.016835915175200031 0.019518447383967411 -0.0056590992639719284 0.0034089856732217728
leaf_weight=48.914015427988488 62.5190855411347 31.210472037415457 15.520212158284265 120.34987054433441 2.0292255503591141 21.384692608378828 18.518993337871507 11.896019507898016
leaf_count=7818 839 4010 166 6390 54 362 501 532
internal_value=0.000354078 -0.00312699 -0.000542082 -0.0021808 0.00682352 0.00759022 0.00438451 0.0144925
internal_weight=332.343 215.995 184.784 169.264 116.348 114.319 81.0381 33.2807
internal_count=20672 18384 14374 14208 2288 2234 1340 894
is_linear=0
shrinkage=0.025


Tree=157
num_leaves=9
num_cat=0
split_feature=2 49 19 47 29 27 22 22
split_gain=11.4431 8.16428 7.16815 6.35145 6.35142 6.79428 8.3182 7.25043
threshold=0.57679614424705516 1.0000000180025095e-35 0.68889100000000003 0.96386200000000011 0.52868100000000007 1.0000000180025095e-35 0.39256900000000006 0.26973100000000005
decision_type=2 2 2 2 2 2 2 2
left_child=1 2 -1 -3 5 7 -7 -2
right_child=4 3 -4 -5 -6 6 -8 -9
leaf_value=-0.0077226023876721568 0.01130761223411569 -0.017422340629014672 0.010523012356716377 0.0067457197644734184 0.01297100546962103 -0.0026192447860489514 0.013491371002514248 -0.0052480229989168561
leaf_weight=27.968817097531428 17.928749584127218 40.866279898618814 22.37066898267949 6.4834687290713182 35.702688944642432 31.306808641442331 48.111622681550216 92.069541852499242
leaf_count=5126 406 8566 708 88 368 1081 1131 3169
internal_value=0.000446284 -0.00659137 0.000334654 -0.0138218 0.0035644 0.00163519 0.0071401 -0.0023289
internal_weight=322.809 97.6892 50.3395 47.3497 225.119 189.417 79.4184 109.998
internal_count=20643 14488 5834 8654 6155 5787 2212 3575
is_linear=0
shrinkage=0.025


Tree=158
num_leaves=9
num_cat=0
split_feature=9 29 61 62 0 0 6 2
split_gain=10.905 6.36454 7.96687 9.24755 4.79356 4.14639 10.0095 6.98376
threshold=0.75000000000000011 0.91839300000000013 0.50715900000000003 0.75000000000000011 0.51633350000000011 0.45106650000000009 0.71262150000000013 0.46497869491577154
decision_type=2 2 2 2 2 2 2 2
left_child=5 2 4 -4 -2 7 -7 -1
right_child=1 -3 3 -5 -6 6 -8 -9
leaf_value=-0.017859058497121334 0.0034948863007172211 0.015625722455121494 0.0097906204116683555 -0.010026053110236547 -0.0071597050059780537 -0.019367332185765779 0.0022072808163451658 0.0041742251373078207
leaf_weight=9.6907030886432022 40.974658846127568 21.465922011062503 88.998044709500391 15.515361145720815 64.821288033774181 32.946101680860011 20.295764647577016 36.479566292415257
leaf_count=5586 1209 127 1761 762 2648 5971 531 2076
internal_value=0.000234096 0.00322429 0.0017879 0.00664534 -0.00297534 -0.00658957 -0.0112252 -0.000844143
internal_weight=331.187 231.775 210.309 104.513 105.796 99.4121 53.2419 46.1703
internal_count=20671 6507 6380 2523 3857 14164 6502 7662
is_linear=0
shrinkage=0.025


Tree=159
num_leaves=9
num_cat=0
split_feature=60 2 49 61 22 20 16 9
split_gain=8.69879 7.50159 8.5203 9.43797 6.0989 5.71882 4.65701 5.04538
threshold=0.82000000000000017 0.57679614424705516 1.0000000180025095e-35 0.26513150000000008 0.41066550000000007 0.67350250000000011 0.60695300000000019 0.65000000000000013
decision_type=2 2 2 2 2 2 2 2
left_child=1 2 3 -1 -4 -2 7 -3
right_child=5 6 4 -5 -6 -7 -8 -9
leaf_value=-0.0036560672871467133 -0.022029211781976216 0.0023705213901138262 -0.020633836083870656 0.021332880665975072 0 -0.0035346466419352886 0.0059666693171154719 -0.021317204657887983
leaf_weight=34.890628334720532 13.776126397122423 14.060357390320862 22.502286119750352 10.622944038099375 14.011809257266576 38.036247904514312 166.2509145100048 6.5678286363836369
leaf_count=4810 2989 682 5752 223 720 1931 3273 280
internal_value=-2.4042e-05 0.00177659 -0.00440969 0.00267101 -0.0131107 -0.00922742 0.00454961 -0.00605752
internal_weight=320.719 268.907 82.0277 45.5136 36.5141 51.8124 186.879 20.6282
internal_count=20660 15740 11505 5033 6472 4920 4235 962
is_linear=0
shrinkage=0.025


Tree=160
num_leaves=9
num_cat=0
split_feature=39 60 24 22 20 34 64 16
split_gain=10.3523 9.79453 7.67799 7.42144 6.93821 5.39121 4.71938 4.11963
threshold=1.0000000180025095e-35 0.68000000000000005 0.25000000000000006 0.53059600000000018 0.68878000000000006 0.7953825000000001 0.37513750000000007 0.71284100000000017
decision_type=2 2 2 2 2 2 2 2
left_child=5 2 3 -2 -3 -1 -4 -6
right_child=1 4 6 -5 7 -7 -8 -9
leaf_value=-0.016809037815234566 -0.0060974349876105607 -0.019171136871963326 -0.0038791756185096089 0.020108607605593007 0.0027391984393571279 0.0012709726251107917 0.0090007652615016545 -0.012215876991139695
leaf_weight=32.771959807498206 58.788638874157186 18.839635271884617 18.850289862093632 5.5476404146756968 35.681155875121476 13.218593217170563 117.22013716684887 14.390342818398492
leaf_count=4977 4646 3603 2207 46 1295 488 2536 950
internal_value=-0.000908763 0.000964856 0.00378351 -0.00318653 -0.00700208 -0.0116198 0.0071318 -0.00171891
internal_weight=315.308 269.318 200.407 64.3363 68.9111 45.9906 136.07 50.0715
internal_count=20748 15283 9435 4692 5848 5465 4743 2245
is_linear=0
shrinkage=0.025


Tree=161
num_leaves=9
num_cat=0
split_feature=19 17 29 47 62 15 44 6
split_gain=7.94445 8.69897 7.87819 6.23907 6.15965 5.70295 4.2156 4.1529
threshold=0.68236450000000015 0.64677850000000014 0.60023650000000017 0.27899850000000004 0.91666666666666685 0.50111600000000012 0.49641000000000007 0.53018700000000007
decision_type=2 2 2 2 2 2 2 2
left_child=1 6 4 -3 7 -5 -1 -2
right_child=2 3 -4 5 -6 -7 -8 -9
leaf_value=-0.020584082751727587 0.012825752565744468 0.011233706878465579 0.012492959398752213 0.0056810005573062839 -0.013444608307273129 -0.017707885485922625 0.00043741222794835256 0.0001113560088656918
leaf_weight=26.878736972128536 15.771160781965589 17.125124298363517 34.819811828871025 9.5713696100865508 17.472077260856167 12.934618583087284 6.5406431217888885 180.38367869931972
leaf_count=9712 471 1328 328 338 1476 910 401 5777
internal_value=-0.000303409 -0.0074561 0.00181249 0.00038727 0 -0.00780314 -0.0164657 0.0012906
internal_weight=321.497 73.0505 248.447 39.6311 213.627 22.506 33.4194 196.155
internal_count=20741 12689 8052 2576 7724 1248 10113 6248
is_linear=0
shrinkage=0.025


Tree=162
num_leaves=9
num_cat=0
split_feature=2 29 47 49 19 62 47 18
split_gain=11.4281 7.16692 6.7053 8.50737 4.85095 6.12284 6.00405 3.82642
threshold=0.6687772572040559 0.91839300000000013 0.87193500000000013 1.0000000180025095e-35 0.76898500000000014 0.41666666666666669 0.86224050000000008 0.72242750000000011
decision_type=2 2 2 2 2 2 2 2
left_child=1 2 3 -1 5 6 -2 -4
right_child=4 -3 7 -5 -6 -7 -8 -9
leaf_value=-0.00097689569392665461 0.020091941267764798 0.011739319342147614 0.0077508055430805592 -0.013239328355720267 0.017001350332971728 -0.00085730767725901858 -0.0021412061707808488 -0.0085745587731033881
leaf_weight=65.799618720922808 19.240059271920476 14.717876997427082 31.105238881107653 79.098591836504056 18.816894584975671 65.623799318273086 10.378421163186429 10.114079121383837
leaf_count=6269 337 208 443 11169 413 1487 59 170
internal_value=-0.00029902 -0.00389946 -0.00528768 -0.00781101 0.00593396 0.00336556 0.0124215 0.00336006
internal_weight=314.895 200.835 186.118 144.898 114.059 95.2423 29.6185 41.2193
internal_count=20555 18259 18051 17438 2296 1883 396 613
is_linear=0
shrinkage=0.025


Tree=163
num_leaves=9
num_cat=0
split_feature=21 6 1 62 16 43 1 0
split_gain=8.34544 8.05844 8.63563 5.12258 7.11689 5.70328 4.15959 4.05399
threshold=0.77400000000000013 0.53018700000000007 0.48013089597225195 0.58333333333333337 0.63533350000000011 1.0000000180025095e-35 0.5912856161594392 0.48566650000000006
decision_type=2 2 2 2 2 2 2 2
left_child=1 2 -1 4 -2 7 -3 -5
right_child=3 6 -4 5 -6 -7 -8 -9
leaf_value=-0.012032853899322203 -0.0095183919061907866 -0.015195754524371769 0.0091783992555159385 0.017294216880424887 0.0097403420502836357 -0.019523099203414426 -0.0037078493886640719 -0.00092453395322440604
leaf_weight=15.382739767648671 11.990767376264555 42.840603468539484 36.137445227646822 6.4327518765931009 81.050599200301804 7.5730369409138794 42.008282063252409 74.940163822662726
leaf_count=7375 297 4980 1666 123 1507 843 1370 2545
internal_value=-0.000484166 -0.00513978 0.00249208 0.00298162 0.00703138 -0.0012336 -0.00981087 0.000806066
internal_weight=318.356 136.369 51.5202 181.987 93.0414 88.946 84.8489 81.3729
internal_count=20706 15391 9041 5315 1804 3511 6350 2668
is_linear=0
shrinkage=0.025


Tree=164
num_leaves=9
num_cat=0
split_feature=9 39 22 62 14 14 31 18
split_gain=10.6952 8.03069 7.63149 8.73164 5.045 4.60843 4.1478 3.89516
threshold=0.57000000000000017 1.0000000180025095e-35 0.49192400000000008 0.41666666666666669 1.0000000180025095e-35 1.0000000180025095e-35 0.36100750000000004 0.70559200000000011
decision_type=2 2 2 2 2 2 2 2
left_child=6 4 3 -3 7 -4 -1 -2
right_child=1 2 5 -5 -6 -7 -8 -9
leaf_value=-0.018229267164963172 -0.012143800625599723 0.01168116928949553 0.00053753626846521818 -0.0020807159847185458 -0.023698927287422848 0.015581023167718 0.0033220224193203883 0.0040614368748802514
leaf_weight=24.345221298826804 14.783938576729268 33.391877160815056 20.293009278131649 152.05305117795069 8.6856380328354117 38.606564815563615 5.6759283587416567 18.189205538423266
leaf_count=10075 1018 658 346 5092 950 1345 948 292
internal_value=-0.000242948 0.00125864 0.00302444 0.000455482 -0.00859075 0.010709 -0.0139675 -0.0032689
internal_weight=316.024 286.003 244.345 185.445 41.6588 58.8996 30.0211 32.9731
internal_count=20724 9701 7441 5750 2260 1691 11023 1310
is_linear=0
shrinkage=0.025


Tree=165
num_leaves=9
num_cat=0
split_feature=1 61 31 32 0 9 39 29
split_gain=9.00499 6.38493 8.44743 6.62479 9.21822 6.58953 6.58125 2.86621
threshold=0.44463366270065313 0.72100950000000008 0.31505900000000003 0.13388000000000003 0.71008700000000013 0.71000000000000008 1.0000000180025095e-35 0.31620650000000006
decision_type=2 2 2 2 2 2 2 2
left_child=-1 2 5 4 -3 -2 -4 -5
right_child=1 3 6 7 -6 -7 -8 -9
leaf_value=-0.016290022410877306 -0.01330948784591301 -0.020232666063128932 -0.01070731688596495 -0.015821444517757837 0.019154392609809754 -0.0011492521291482127 0.0093233319452643883 0.0071195066216570976
leaf_weight=18.333168320779805 33.192295113422006 2.3786380339879534 10.062770191914749 6.1322587251197529 29.927134578116238 144.63311749468994 64.631299773551291 3.7810155157931149
leaf_count=8481 4520 73 673 496 711 3813 1690 92
internal_value=-0.000176546 0.0009035 -0.000598555 0.00967789 0.0150253 -0.00358353 0.00631817 -0.00671571
internal_weight=313.072 294.739 252.519 42.219 32.3058 177.825 74.6941 9.91327
internal_count=20549 12068 10696 1372 784 8333 2363 588
is_linear=0
shrinkage=0.025


Tree=166
num_leaves=9
num_cat=0
split_feature=1 17 23 26 48 54 20 32
split_gain=9.30112 8.2761 7.33097 5.93494 4.92745 4.84935 3.9993 3.4183
threshold=0.61249238252639782 0.60420750000000012 1.0000000180025095e-35 0.30100000000000005 0.25536650000000005 1.0000000180025095e-35 0.70774300000000012 0.59948000000000012
decision_type=2 2 2 2 2 2 2 2
left_child=1 -1 5 6 -5 -2 -3 -4
right_child=2 3 7 4 -6 -7 -8 -9
leaf_value=-0.015470529274563508 0.0068327976474965232 -0.015611510711911435 -0.024728679998411041 0.01423462768417158 -9.1541787600490357e-05 -0.019032484161892214 0 0.0041398276284458791
leaf_weight=27.716173113956756 157.98510842032556 20.60175096108469 5.4778004072140885 16.930116324023402 67.420536883779278 2.6355972753372034 17.345934806107834 2.5337316183140501
leaf_count=6592 3485 4871 212 1032 3510 73 814 52
internal_value=0.000851271 -0.00362343 0.00487172 -0.000672491 0.00296012 0.00613341 -0.0086788 -0.0158465
internal_weight=318.647 150.015 168.632 122.298 84.3507 160.621 37.9477 8.01153
internal_count=20641 16819 3822 10227 4542 3558 5685 264
is_linear=0
shrinkage=0.025


Tree=167
num_leaves=9
num_cat=0
split_feature=60 20 39 9 21 31 16 1
split_gain=9.29765 9.76366 8.65493 7.22773 6.34436 4.91716 4.84363 5.67695
threshold=0.68000000000000005 0.67350250000000011 1.0000000180025095e-35 0.9900000000000001 0.87400000000000011 0.31505900000000003 0.63245050000000014 0.67177072167396557
decision_type=2 2 2 2 2 2 2 2
left_child=2 -2 4 5 -1 -4 -3 -8
right_child=1 6 3 -5 -6 -7 7 -9
leaf_value=-0.014904017049339614 -0.023885533083854885 0.010710168391175962 -0.00035233261251927018 0.013772680927979711 0.0052314315392983672 0.0095830008696409195 -0.011749858317946329 0.0057484040842143121
leaf_weight=25.19518177666032 15.357407981173308 11.808570970082654 117.70426787070028 42.122454603610095 13.296010098245459 39.646756877322332 32.336458235426107 15.351751553826032
leaf_count=3851 4174 323 7411 583 311 1394 1817 703
internal_value=0.000218887 -0.00732429 0.00266419 0.00478777 -0.00784856 0.0021928 -0.00228974 -0.00596125
internal_weight=312.819 74.8542 237.965 199.473 38.4912 157.351 59.4968 47.6882
internal_count=20567 7017 13550 9388 4162 8805 2843 2520
is_linear=0
shrinkage=0.025


Tree=168
num_leaves=9
num_cat=0
split_feature=60 22 62 47 20 16 47 17
split_gain=8.7381 8.59955 10.8705 7.64388 7.50722 6.31847 5.95349 4.70054
threshold=0.82000000000000017 0.43001600000000006 0.41666666666666669 0.89628950000000007 0.67350250000000011 0.70215950000000016 0.22815100000000002 0.62604550000000014
decision_type=2 2 2 2 2 2 2 2
left_child=1 2 5 -4 -2 -1 -3 -6
right_child=4 6 3 -5 7 -7 -8 -9
leaf_value=0.016964811319914223 -0.024981834089521766 -0.017372810328844926 -0.0067891578176137559 0.0067311250358697838 0.0076593090737659512 -0.0068907698704753651 0.010252599437990749 -0.0096020946478657526
leaf_weight=27.415489134320524 11.095922513322874 3.1863133506558361 108.89443367612694 31.930938347562915 14.596339147712568 7.3520863004960111 88.760893138067331 21.791244137908507
leaf_count=1253 2916 269 12263 312 571 147 1605 1342
internal_value=0.000968519 0.00275667 -0.00046399 -0.00361971 -0.00865924 0.0116158 0.00886598 -0.00244426
internal_weight=315.024 267.54 175.593 140.825 47.4835 34.7676 91.9472 36.3876
internal_count=20678 15849 13975 12575 4829 1400 1874 1913
is_linear=0
shrinkage=0.025


Tree=169
num_leaves=9
num_cat=0
split_feature=19 17 62 0 16 15 19 20
split_gain=9.26416 7.04783 6.11958 6.37583 10.3068 5.69504 4.76659 5.00135
threshold=0.68314600000000014 0.62110100000000013 0.58333333333333337 0.8430335000000001 0.61848000000000014 0.66389800000000021 0.75497250000000016 0.7386195000000001
decision_type=2 2 2 2 2 2 2 2
left_child=1 -1 6 5 -5 -4 7 -2
right_child=2 -3 3 4 -6 -7 -8 -9
leaf_value=-0.019133113333533871 0.0067367532957011041 -0.0020510524140594194 -0.0050230222110073221 0.015938197032342897 -0.026858859773639172 0.0063210955874374326 0.015394431271973544 -0.0062038541631987921
leaf_weight=20.880211271114604 73.558264635517844 49.673036013933597 51.740895492082927 3.0903327334672204 10.904412051218968 54.648798141453881 27.28466739342548 22.49605089914985
leaf_count=7862 1666 4864 2781 44 908 1518 639 348
internal_value=0.000226979 -0.00759792 0.00256606 -0.00138765 -0.0161282 0.000743989 0.00644547 0.00356484
internal_weight=314.277 70.5532 243.723 120.384 13.9947 106.39 123.339 96.0543
internal_count=20630 12726 7904 5251 952 4299 2653 2014
is_linear=0
shrinkage=0.025


Tree=170
num_leaves=9
num_cat=0
split_feature=2 19 9 32 0 19 0 19
split_gain=9.54274 8.57071 5.52154 5.39945 5.28249 3.14974 2.81216 3.78088
threshold=0.68431133031845104 0.64445900000000012 0.63000000000000012 0.40703000000000006 0.48566650000000006 0.71544450000000015 0.8430335000000001 0.76898500000000014
decision_type=2 2 2 2 2 2 2 2
left_child=1 3 5 -1 -4 -3 7 -2
right_child=6 2 4 -5 -6 -7 -8 -9
leaf_value=-0.022964202815305187 0.0060164536145836112 -0.020914129115118182 0.0067193634539716137 0.0037021268441492596 -0.0022225474822850128 0.0013436693268474372 -0.0050792881217143915 0.021225807661101492
leaf_weight=16.496402612172464 68.935216388781555 10.342483888205605 58.867780135944486 5.1028838626043571 125.30781655569444 4.6327023078047196 8.3021599843632412 11.603872478124684
leaf_count=7595 1026 3839 1712 315 4982 360 433 263
internal_value=0.000454344 -0.00230812 -0.000575066 -0.0165666 0.000636738 -0.0142396 0.00730069 0.00875987
internal_weight=309.591 220.75 199.151 21.5993 184.176 14.9752 88.8412 80.5391
internal_count=20525 18803 10893 7910 6694 4199 1722 1289
is_linear=0
shrinkage=0.025


Tree=171
num_leaves=9
num_cat=0
split_feature=1 0 6 65 2 47 0 47
split_gain=7.90823 6.68538 9.84888 6.55915 4.49975 4.17281 3.37847 2.53734
threshold=0.46938608586788183 0.48566650000000006 0.66973300000000013 0.024163 0.72018489241600048 0.73013700000000015 0.38600000000000007 0.095287500000000011
decision_type=2 2 2 2 2 2 2 2
left_child=-1 3 5 6 -4 -3 -2 -5
right_child=1 2 4 7 -6 -7 -8 -9
leaf_value=-0.013130534859129621 0.0030036047315648456 -0.017704220327579442 -0.0004487128396182762 -0.0054499156831509885 0.0091746123682038029 -0.0017218738042108412 -0.014799575909052355 0.014209142068819056
leaf_weight=23.694542353889119 22.417080609626286 24.713990296961128 124.85101748569286 2.8756038394567431 37.540566053270595 19.116743597202003 7.0421953678960554 47.202523607062176
leaf_count=9714 945 2888 3944 193 719 375 934 948
internal_value=0.000132374 0.00134178 -0.00101315 0.00741467 0.00181487 -0.0112765 -0.00168413 0.0127703
internal_weight=309.454 285.76 206.222 79.5374 162.392 43.8307 29.4593 50.0781
internal_count=20660 10946 7926 3020 4663 3263 1879 1141
is_linear=0
shrinkage=0.025


Tree=172
num_leaves=9
num_cat=0
split_feature=29 62 47 22 61 2 39 0
split_gain=7.31218 7.26349 8.20021 9.3048 5.08249 4.28055 3.89255 1.82676
threshold=0.91839300000000013 0.41666666666666669 0.87193500000000013 0.40872900000000006 0.49284100000000003 0.68759378790855419 1.0000000180025095e-35 0.33866650000000004
decision_type=2 2 2 2 2 2 2 2
left_child=1 5 3 -3 -4 7 -7 -1
right_child=-2 2 4 -5 -6 6 -8 -9
leaf_value=-0.0093460095720213753 0.012265285864665958 -0.011034999239235987 -0.0068789998859582566 0.00083705298596013506 0.0077740325199854706 -0.0078659616701757615 0.018440241615920998 0.0047305145770688822
leaf_weight=7.4225304040082873 23.821981643519393 101.46963926025455 18.254958752455423 66.336261584510794 51.119091419095639 2.5952694702427861 19.767408826155588 12.526730481549746
leaf_count=670 257 14423 354 3334 503 26 262 793
internal_value=-0.000436766 -0.0016255 -0.00335927 -0.00634304 0.00372847 0.0076369 0.0146843 -0.000539615
internal_weight=303.314 279.492 237.18 167.806 69.3741 42.3119 22.3627 19.9493
internal_count=20622 20365 18614 17757 857 1751 288 1463
is_linear=0
shrinkage=0.025


Tree=173
num_leaves=9
num_cat=0
split_feature=39 22 14 62 46 17 18 61
split_gain=9.57048 7.20344 7.32403 6.90693 6.6892 5.44886 5.42713 5.38917
threshold=1.0000000180025095e-35 0.49192400000000008 1.0000000180025095e-35 0.41666666666666669 0.83257000000000014 0.60728650000000017 0.74156350000000015 0.71970600000000007
decision_type=2 2 2 2 2 2 2 2
left_child=-1 3 7 6 -4 -5 -2 -3
right_child=1 2 4 5 -6 -7 -8 -9
leaf_value=-0.011204770762118888 0.011872709199975845 -0.010202969871598751 0.020586804404763608 -0.011108194876418693 -0.0029929904177080965 -0.00050045692512272011 -0.01549660075347311 0.016847787096986311
leaf_weight=42.735648790483538 33.296706442864888 15.287091087899173 29.256670374918031 38.698984318622024 8.5983457810361852 125.49814328706088 3.2232124458532772 4.2049094589892766
leaf_count=5406 1227 344 386 5517 954 6822 43 28
internal_value=-0.000508961 0.00130598 0.00897119 -0.000913954 0.0151613 -0.00314927 0.00858323 -0.0029937
internal_weight=300.8 258.064 57.347 200.717 37.855 164.197 36.5199 19.492
internal_count=20727 15321 1712 13609 1340 12339 1270 372
is_linear=0
shrinkage=0.025


Tree=174
num_leaves=9
num_cat=0
split_feature=9 19 44 62 29 0 19 44
split_gain=8.79228 6.54228 7.07193 6.52617 5.45405 6.89673 6.40875 5.53911
threshold=0.75000000000000011 0.72651150000000009 0.21498000000000003 0.41666666666666669 1.0000000180025095e-35 0.82500000000000007 0.76898500000000014 0.18988200000000002
decision_type=2 2 2 2 2 2 2 2
left_child=1 3 -3 -1 5 6 -2 -7
right_child=4 2 -4 -5 -6 7 -8 -9
leaf_value=0.0054436623931476795 -0.00010604451478498501 0.010573532072804592 -0.014359325255462475 -0.014330358690665693 0.007275745370631719 0.00029827337600899932 0.020474432881427727 -0.026647993364807138
leaf_weight=11.243374749064968 91.932773937543971 22.069122380518824 8.0017653214745206 50.874337724864745 101.71366374179343 7.6923196237330584 8.4525377832760551 8.4618988529909966
leaf_count=1120 2984 578 296 12221 2112 495 110 839
internal_value=0.000345685 -0.00602237 0.00322339 -0.0105761 0.00309982 -0.000542848 0.0019197 -0.0147843
internal_weight=310.442 92.1886 30.0709 62.1177 218.253 116.54 100.385 16.1542
internal_count=20755 14215 874 13341 6540 4428 3094 1334
is_linear=0
shrinkage=0.025


Tree=175
num_leaves=9
num_cat=0
split_feature=1 62 22 0 15 58 1 61
split_gain=7.49604 4.82141 6.3382 6.49582 6.46572 3.41165 4.55712 2.07293
threshold=0.45632193982601171 0.41666666666666669 0.40872900000000006 0.85073300000000007 0.66563950000000016 0.66083300000000011 0.66326245665550243 0.70270150000000009
decision_type=2 2 2 2 2 2 2 2
left_child=7 5 4 -4 -3 6 -2 -1
right_child=1 2 3 -5 -6 -7 -8 -9
leaf_value=-0.016501474865041683 0.00060031449911406433 -0.0092933638580057071 0.0065684982762098075 -0.009102662316187931 0.0017654232552091716 -0.012604532487237223 0.017029444866437801 0.00885383238614754
leaf_weight=18.48385552830587 19.956985021068249 70.91544809197876 90.810624605015619 17.944993376644561 57.67976999196253 2.6133781353128134 23.46304939314723 0.59750732034444709
leaf_count=9038 770 5053 2403 1080 1819 89 335 4
internal_value=-0.000182479 0.00085659 -0.000571111 0.00379731 -0.00432458 0.00809131 0.0100023 -0.0145871
internal_weight=302.466 283.384 237.351 108.756 128.595 46.0334 43.42 19.0814
internal_count=20591 11549 10355 3483 6872 1194 1105 9042
is_linear=0
shrinkage=0.025


Tree=176
num_leaves=9
num_cat=0
split_feature=2 22 44 20 66 14 16 62
split_gain=8.534 7.27325 7.46375 5.1973 5.0019 4.31273 3.77654 3.65343
threshold=0.6687772572040559 0.49717600000000006 0.39047500000000007 0.68878000000000006 0.47439600000000004 1.0000000180025095e-35 0.65593900000000016 0.41666666666666669
decision_type=2 2 2 2 2 2 2 2
left_child=1 2 3 -1 -4 -3 -7 -2
right_child=7 5 4 -5 -6 6 -8 -9
leaf_value=-0.014694313502858117 0.013612302952827988 -0.0045024037645754024 0.011051323954392596 -0.0036010648288301258 -0.0038426901300935715 -0.012224543870064882 0.0163465389039717 0.0030827788345200234
leaf_weight=45.338391241319187 28.551360522396863 10.6170642147772 23.81739362368171 69.362433177462663 28.448639390313474 1.519630121882076 21.890590431823512 77.731726109195733
leaf_count=12513 406 311 612 2721 1488 166 600 1904
internal_value=0.000494996 -0.00250539 -0.00468597 -0.0082269 0.0029634 0.00765241 0.0133805 0.00617982
internal_weight=307.277 200.994 166.967 114.701 52.266 34.0273 23.4102 106.283
internal_count=20721 18411 17334 15234 2100 1077 766 2310
is_linear=0
shrinkage=0.025


Tree=177
num_leaves=9
num_cat=0
split_feature=1 29 4 0 17 19 61 37
split_gain=7.8445 4.66059 5.38546 4.00587 3.4796 3.21099 1.60283 1.41647
threshold=0.43643447756767279 0.91839300000000013 1.0000000180025095e-35 0.054300000000000008 0.60271500000000011 0.67719100000000021 0.70270150000000009 1.0000000180025095e-35
decision_type=2 2 2 2 2 2 2 2
left_child=6 2 4 -4 -2 -3 7 -1
right_child=1 5 3 -5 -6 -7 -8 -9
leaf_value=-0.022071643434087532 -0.0059130032304206444 -0.0081996346309646546 0.0086149218329892151 -0.02313871161500293 0.0013832255986789051 0.01444531152168428 0.0056256694626535221 0
leaf_weight=12.259506473139476 49.039245940915862 2.9853460221493178 1.6865409424572124 8.8272692731334228 202.24431187345181 19.009943862911314 0.40867086499929506 1.6591475764253125
leaf_count=7535 3534 77 99 668 8011 122 3 538
internal_value=-0.000883004 5.9722e-05 -0.000873963 -0.0168829 -4.65062e-05 0.010632 -0.0177356 -0.0195133
internal_weight=298.12 283.793 261.797 10.5138 251.284 21.9953 14.3273 13.9187
internal_count=20587 12511 12312 767 11545 199 8076 8073
is_linear=0
shrinkage=0.025


Tree=178
num_leaves=9
num_cat=0
split_feature=29 1 64 22 20 26 19 19
split_gain=8.78171 6.6837 5.38773 6.65805 3.79995 2.79343 2.70425 3.36734
threshold=0.9893010000000001 0.67529168725013744 0.36222550000000003 0.27366550000000006 0.71123300000000012 0.30100000000000005 0.76898500000000014 0.73701700000000014
decision_type=2 2 2 2 2 2 2 2
left_child=1 2 4 -4 -1 -2 7 -3
right_child=5 6 3 -5 -6 -7 -8 -9
leaf_value=-0.014016066658086416 0 0.0079951505830978837 0.0082822529481872287 -0.0039563892398233767 -0.0018912810467147077 0.020701643185716361 0.0165089799265077 -0.0041973883386338525
leaf_weight=40.686939493089085 6.1040000681387054 31.016154281212948 35.529482869791536 103.98523229153034 29.677891844708938 13.503181892618157 9.7998107640887593 22.24619247764349
leaf_count=11364 93 595 1724 4848 1063 93 326 617
internal_value=-0.000261014 -0.00149015 -0.00365399 -0.000713637 -0.00919942 0.0150562 0.00548708 0.00279935
internal_weight=292.549 272.942 209.88 139.515 70.3648 19.6072 63.0622 53.2623
internal_count=20723 20537 18999 6572 12427 186 1538 1212
is_linear=0
shrinkage=0.025


Tree=179
num_leaves=9
num_cat=0
split_feature=39 64 2 46 6 55 3 18
split_gain=8.73454 6.48701 5.63562 6.76118 5.3437 4.80189 4.63174 4.47828
threshold=1.0000000180025095e-35 0.37513750000000007 0.75259438157081615 0.58423250000000004 0.73750950000000015 1.0000000180025095e-35 0.96454906463623058 0.7238635000000001
decision_type=2 2 2 2 2 2 2 2
left_child=5 4 3 -3 -2 7 -6 -1
right_child=1 2 -4 -5 6 -7 -8 -9
leaf_value=-0.010038226515237036 -0.0068797788652632755 0.0055718633913775803 0.018863604503331809 -0.0069615104514106733 -0.0084670078748584534 -0.024115865284341717 0.020516927723120807 0.0086378594051983084
leaf_weight=24.969720729050096 64.389066003939661 135.26671313392944 14.056623932905493 31.188877370703267 3.6068796624895167 9.4770810531863372 7.3769076422322541 9.2682133212219906
leaf_count=3328 9021 3797 327 1803 152 1955 128 132
internal_value=0.000197837 0.0020061 0.0045842 0.00312419 -0.00403023 -0.00984741 0.0105833 -0.00457794
internal_weight=299.6 255.885 180.512 166.456 75.3729 43.715 10.9838 34.2379
internal_count=20643 15228 5927 5600 9301 5415 280 3460
is_linear=0
shrinkage=0.025


Tree=180
num_leaves=9
num_cat=0
split_feature=1 60 17 15 31 61 39 47
split_gain=6.70587 5.47002 5.4981 5.30492 5.01212 8.52666 6.5211 3.67564
threshold=0.45146444439888006 0.82000000000000017 0.63418550000000007 0.61926700000000012 0.31505900000000003 0.71629350000000003 1.0000000180025095e-35 0.14968750000000003
decision_type=2 2 2 2 2 2 2 2
left_child=-1 4 3 -3 5 -2 -6 -4
right_child=1 2 7 -5 6 -7 -8 -9
leaf_value=-0.01464124734219102 -0.0026146030201039845 -0.01613051445349999 0.0086789285760207665 0.0089007849377119065 -0.015362951195367312 0.011440089708602507 0.010801298030759229 -0.018373517194214962
leaf_weight=16.97729755385626 139.87692575231267 5.3465740967185438 2.0365410726590225 16.520333756983746 4.6452096022549076 31.308782339387108 56.834550093917642 20.813227874676159
leaf_count=8764 6473 770 206 714 297 562 1374 1473
internal_value=-0.000243397 0.000709488 -0.00706996 0.00162742 0.00228412 1.50337e-05 0.00828452 -0.0151561
internal_weight=294.359 277.382 44.7167 21.8669 232.665 171.186 61.4798 22.8498
internal_count=20633 11869 3163 1484 8706 7035 1671 1679
is_linear=0
shrinkage=0.025


Tree=181
num_leaves=9
num_cat=0
split_feature=29 1 19 17 16 23 20 44
split_gain=7.45829 6.19429 5.28828 5.65564 5.08037 4.39399 4.26292 2.60107
threshold=0.96721250000000014 0.61249238252639782 0.70111250000000014 0.64949400000000013 0.70280650000000011 1.0000000180025095e-35 0.67597450000000014 0.047175500000000009
decision_type=2 2 2 2 2 2 2 2
left_child=1 2 3 -1 -4 6 -3 -2
right_child=7 5 4 -5 -6 -7 -8 -9
leaf_value=-0.018270115546756473 -0.0045184592295300502 0.012403026466365029 0.0041026351472864689 -0.0031308312100005497 -0.009989666226905166 -0.014867029072929423 0.00080931815574881668 0.017246751154063867
leaf_weight=30.060431803727624 2.714256206527355 22.743755273404531 45.324275320417655 34.431356997753028 22.051439397051581 7.1135923639521925 110.42942094893078 16.352609424386173
leaf_count=10959 77 663 1803 2849 1057 269 2879 119
internal_value=-0.000642183 -0.00176369 -0.0056281 -0.0106375 -0.000556558 0.00184414 0.00299903 0.0136575
internal_weight=291.221 272.154 131.868 64.4918 67.3757 140.287 133.173 19.0669
internal_count=20675 20479 16668 13808 2860 3811 3542 196
is_linear=0
shrinkage=0.025


Tree=182
num_leaves=9
num_cat=0
split_feature=9 19 17 62 44 19 34 17
split_gain=7.31311 4.95182 5.69602 7.6345 5.97931 3.64592 7.24325 6.10707
threshold=0.75000000000000011 0.64259250000000012 0.68893000000000015 0.91666666666666685 0.18109000000000003 0.72651150000000009 0.29324700000000009 0.64677850000000014
decision_type=2 2 2 2 2 2 2 2
left_child=5 -2 3 -3 -4 7 -7 -1
right_child=1 2 4 -5 -6 6 -8 -9
leaf_value=-0.015635295063100522 -0.019436123525047529 0.0078414476719412245 -0.010904047263699816 -0.015853017472098732 0.0025772509728943004 0.01367845720488613 -0.010583821398655352 0.00055794922514996916
leaf_weight=40.572177250596724 4.692231989989522 105.06019434980408 30.953423743951134 7.1937833575793766 51.714089325891109 12.347858691646254 14.509580226091201 20.589291505641086
leaf_count=11278 582 3175 833 714 1187 358 498 1985
internal_value=-0.000996804 0.00162586 0.00236321 0.00600642 -0.00252034 -0.00693191 0.00048591 -0.0102202
internal_weight=287.633 199.614 194.921 112.254 82.6675 88.0189 26.8574 61.1615
internal_count=20610 6491 5909 3889 2020 14119 856 13263
is_linear=0
shrinkage=0.025


Tree=183
num_leaves=9
num_cat=0
split_feature=21 34 60 9 62 17 15 16
split_gain=7.09362 7.81456 6.9539 5.08659 6.51809 7.57652 5.66089 4.08598
threshold=0.77400000000000013 0.055688000000000008 0.82000000000000017 0.78000000000000014 0.58333333333333337 0.66998900000000006 0.5194255000000001 0.67436300000000016
decision_type=2 2 2 2 2 2 2 2
left_child=1 -1 -3 6 -5 -6 -2 -8
right_child=3 2 -4 4 5 -7 7 -9
leaf_value=-0.015775300815944606 0.0087199316100689834 0.0015735432676541518 -0.018377222281743676 0.011009416826775247 0.0069883773784107624 -0.011089059985130996 -0.015949453819435765 0.0029695091095967969
leaf_weight=26.247544456868127 13.115820854422052 88.859848220654385 10.376253439060745 71.408721493149642 33.976484217200777 22.233958164055366 19.432526706506909 8.9702259595214837
leaf_count=9965 560 4203 1220 1474 938 979 1072 285
internal_value=0.000280957 -0.00415805 -0.000760295 0.00362819 0.00610151 -0.000168605 -0.00373293 -0.00992545
internal_weight=294.621 125.484 99.2361 169.138 127.619 56.2104 41.5186 28.4028
internal_count=20696 15388 5423 5308 3391 1917 1917 1357
is_linear=0
shrinkage=0.025


Tree=184
num_leaves=9
num_cat=0
split_feature=29 47 60 2 39 19 30 48
split_gain=7.14364 5.95975 6.71387 6.24511 4.81335 2.82951 2.55246 2.3621
threshold=0.91839300000000013 0.9999920000000001 0.82000000000000017 0.73102048039436351 1.0000000180025095e-35 0.67318600000000017 0.33500000000000008 0.72786650000000008
decision_type=2 2 2 2 2 2 2 2
left_child=1 2 4 -4 -1 -2 -7 -3
right_child=5 7 3 -5 -6 6 -8 -9
leaf_value=-0.0097624019526651833 -0.0065497262044159751 0.0128747070335668 -0.016564076391146841 0.0095729329693230395 0.00082535688402811218 -0.0011707083257174371 0.019526259171946957 -0.0021805804985940095
leaf_weight=29.603636302334053 2.5445153296459493 21.748894907243088 30.759119222364461 5.1602296601049593 171.82311036256942 3.5417007700889398 16.835854147939244 7.1736912988126269
leaf_count=4161 117 164 4432 285 11270 31 100 60
internal_value=-7.50183e-05 -0.00128932 -0.00263903 -0.0123045 -0.000774536 0.0127012 0.0158108 0.00899847
internal_weight=289.191 266.269 237.346 35.9193 201.427 22.9221 20.3776 28.9226
internal_count=20620 20372 20148 4717 15431 248 131 224
is_linear=0
shrinkage=0.025


Tree=185
num_leaves=9
num_cat=0
split_feature=29 4 1 16 48 19 30 17
split_gain=8.85294 7.71221 4.61118 4.62286 4.30515 3.5814 0.913806 0.800399
threshold=0.91839300000000013 1.0000000180025095e-35 0.67177072167396557 0.60856150000000009 0.66350000000000009 0.68063400000000007 0.33500000000000008 0.62547600000000003
decision_type=2 2 2 2 2 2 2 2
left_child=1 2 4 -4 -1 7 -7 -2
right_child=5 -3 3 -5 -6 6 -8 -9
leaf_value=-0.0045919484372574744 0.0027985754889983672 -0.019751613294933676 -0.013597786394096015 0.0071205327098978755 0.0044586708224209964 0.0026480587185732951 0.020010767846564102 -0.014343154792494478
leaf_weight=145.40721473020494 1.1478895513137133 11.827040718633723 5.457057988154701 61.403496877843281 39.75446068662859 4.0271541138063212 16.507605731487274 1.5545955283596411
leaf_count=14968 78 2563 145 1409 1316 30 101 50
internal_value=-0.000188936 -0.00155636 -0.000524166 0.0049748 -0.00258182 0.0139333 0.0174757 -0.00737366
internal_weight=287.087 263.849 252.022 66.8606 185.162 23.2372 20.5348 2.70249
internal_count=20660 20401 17838 1554 16284 259 131 128
is_linear=0
shrinkage=0.025


Tree=186
num_leaves=9
num_cat=0
split_feature=21 34 62 17 29 39 61 32
split_gain=7.88544 8.40781 4.14322 4.69806 3.71612 3.7139 3.5956 3.49226
threshold=0.70400000000000007 0.067161000000000012 0.91666666666666685 0.72353550000000011 0.9893010000000001 1.0000000180025095e-35 0.50715900000000003 0.024615000000000001
decision_type=2 2 2 2 2 2 2 2
left_child=1 -1 4 -4 6 -3 -2 -7
right_child=2 5 3 -5 -6 7 -8 -9
leaf_value=-0.017112310535005358 -0.0022357471813421381 -0.013070488048092618 -0.016933472210363558 0.012969906011441238 0.01671162145879972 0.013941906180300605 0.0060855990606736715 -0.0010266067992251661
leaf_weight=24.660264063972136 45.024267755594337 11.898979201700056 9.7281956353908736 2.6106841684668316 13.278695675311608 9.1231387122643337 98.651572589209536 73.219672187442484
leaf_count=9998 1543 1541 1006 92 74 601 2636 3110
internal_value=0.00016849 -0.00469412 0.00364243 -0.00915685 0.00479837 -0.00107863 0.00343153 0.000834176
internal_weight=288.195 118.902 169.293 12.3389 156.955 94.2418 143.676 82.3428
internal_count=20601 15250 5351 1098 4253 5252 4179 3711
is_linear=0
shrinkage=0.025


Tree=187
num_leaves=9
num_cat=0
split_feature=29 1 60 17 14 19 20 0
split_gain=6.51015 6.62802 7.48853 5.08949 4.48342 4.15349 3.40629 1.98189
threshold=0.9893010000000001 0.67529168725013744 0.82000000000000017 0.61923800000000007 1.0000000180025095e-35 0.76898500000000014 0.74399550000000014 0.8454330000000001
decision_type=2 2 2 2 2 2 2 2
left_child=1 2 3 -1 -4 6 -3 -7
right_child=-2 5 4 -5 -6 7 -8 -9
leaf_value=-0.0074912948905416351 0.013957157520675695 0.0070334616517872097 -0.00063977973767317497 0.0019517471001779308 -0.02092256304129583 0.022991442959233936 -0.0061767851482444243 -0.001744337083110385
leaf_weight=46.907435645862279 19.10209183236293 38.086426976777148 11.626291226348259 128.5507492823308 18.304534160857656 9.4196775037562457 15.216488204314372 1.474086831556632
leaf_count=7791 184 900 847 7033 3274 267 306 72
internal_value=0.000572797 -0.000443764 -0.00266465 -0.000586493 -0.0138124 0.0064142 0.00303969 0.0193113
internal_weight=288.688 269.586 205.389 175.458 29.9308 64.1967 53.3029 10.8938
internal_count=20674 20490 18945 14824 4121 1545 1206 339
is_linear=0
shrinkage=0.025


Tree=188
num_leaves=9
num_cat=0
split_feature=62 17 3 39 43 22 9 18
split_gain=4.92229 7.87645 4.5967 3.7621 6.68861 4.40943 4.8369 2.85393
threshold=0.91666666666666685 0.71436200000000005 0.97958701848983776 1.0000000180025095e-35 1.0000000180025095e-35 0.49717600000000006 0.97000000000000008 0.69391950000000013
decision_type=2 2 2 2 2 2 2 2
left_child=3 2 -2 4 7 6 -5 -1
right_child=1 -3 -4 5 -6 -7 -8 -9
leaf_value=-0.0092099917424949742 -0.021479402289388091 0.012548305839001586 0.0097287648553728966 -0.0011198154060567702 -0.02381289923323926 0.0096817707221419705 0.0088559320208926699 0.0051779677680196048
leaf_weight=11.49240970278697 17.05685585096581 5.5751103192305882 1.9410461924926483 143.16672249050316 7.4904994347598395 44.002744205878116 36.218275749415625 21.841663729283027
leaf_count=2182 3897 208 124 10177 1496 1357 724 535
internal_value=0.000407665 -0.00981949 -0.0173107 0.00145364 -0.00529626 0.00275652 0.000928404 0
internal_weight=288.785 24.573 18.9979 264.212 40.8246 223.388 179.385 33.3341
internal_count=20700 4229 4021 16471 4213 12258 10901 2717
is_linear=0
shrinkage=0.025


Tree=189
num_leaves=9
num_cat=0
split_feature=60 39 9 43 29 20 3 18
split_gain=7.56041 7.89123 7.24528 5.22581 5.21388 3.91466 3.79332 2.95844
threshold=0.82000000000000017 1.0000000180025095e-35 0.9900000000000001 1.0000000180025095e-35 0.52868100000000007 0.69720050000000011 0.96386441588401806 0.72489550000000003
decision_type=2 2 2 2 2 2 2 2
left_child=1 3 4 7 -3 -2 -4 -1
right_child=5 2 6 -5 -6 -7 -8 -9
leaf_value=-0.0073461752989490859 -0.017892307871736211 -6.48647956718334e-05 0.016065156285208278 -0.024172929832902437 0.012455973019153872 -0.0023304592802331592 -0.0050166886444086151 0.009772331926658941
leaf_weight=19.501779836078644 16.598797876520621 150.75950473752891 35.225860041537089 7.9718076353783536 21.897607499864534 26.617736495209101 4.6780011710943645 6.766150136361829
leaf_count=2344 3285 10564 548 1781 429 1552 96 90
internal_value=0.000374948 0.00210594 0.00393733 -0.00864625 0.00160463 -0.00900042 0.0132932 -0.002292
internal_weight=290.017 246.801 212.561 34.2397 172.657 43.2165 39.9039 26.2679
internal_count=20689 15852 11637 4215 10993 4837 644 2434
is_linear=0
shrinkage=0.025


Tree=190
num_leaves=9
num_cat=0
split_feature=29 9 17 16 4 17 16 19
split_gain=5.89764 4.64926 5.80832 4.26966 4.03979 3.45289 3.42391 2.92575
threshold=0.52868100000000007 0.57000000000000017 0.63550400000000007 0.60856150000000009 1.0000000180025095e-35 0.73210200000000014 0.70802300000000018 0.67448700000000017
decision_type=2 2 2 2 2 2 2 2
left_child=1 2 -1 -2 6 7 -3 -5
right_child=3 4 -4 5 -6 -7 -8 -9
leaf_value=-0.019541573002402928 -0.016088451229260441 0.001954994875055007 0.0056414825787689388 -0.0041667111675622436 -0.014963857878686891 -0.0085855492163730545 -0.0052770329293692422 0.015623645498427895
leaf_weight=16.386552108946493 2.1642702568151426 158.8083625791005 6.6520789449823488 3.9311792165390207 9.7214184019030636 3.4450937689980483 52.827135451076174 30.513764407747658
leaf_count=8609 325 5893 1837 299 763 56 2403 366
internal_value=-0.00037113 -0.0018703 -0.012101 0.00825181 -0.000673105 0.0105671 8.21723e-05 0.0130545
internal_weight=284.45 244.396 23.0386 40.0543 221.357 37.89 211.635 34.4449
internal_count=20551 19505 10446 1046 9059 721 8296 665
is_linear=0
shrinkage=0.025


Tree=191
num_leaves=9
num_cat=0
split_feature=2 22 49 47 60 55 2 62
split_gain=7.99037 6.37946 8.33977 7.88448 6.49579 5.75059 4.99348 3.73023
threshold=0.68278563022613536 0.40872900000000006 1.0000000180025095e-35 0.98096600000000012 0.82000000000000017 1.0000000180025095e-35 0.5351318120956422 0.58333333333333337
decision_type=2 2 2 2 2 2 2 2
left_child=1 2 6 -4 5 -3 -1 -2
right_child=7 4 3 -5 -6 -7 -8 -9
leaf_value=-0.0080558972990771565 0.0098255780311424894 -0.0025586446118383427 -0.01593591446348128 0.0062516119440246543 -0.011931835363149908 0.012423029823247944 0.0062281308647653116 -0.0014803663390434746
leaf_weight=22.81108035266152 60.437502032757038 24.510007046061219 53.534528576386947 10.536224028095601 12.461426948171718 38.072905195935164 37.580153039190918 23.575620081101079
leaf_count=5166 1259 849 9521 95 1186 1070 970 589
internal_value=0.000203426 -0.00249392 -0.0059503 -0.0120949 0.00314684 0.00654193 0.000627249 0.00660508
internal_weight=283.519 199.506 124.462 64.0708 75.0443 62.5829 60.3912 84.0131
internal_count=20705 18857 15752 9616 3105 1919 6136 1848
is_linear=0
shrinkage=0.025


Tree=192
num_leaves=9
num_cat=0
split_feature=29 2 19 48 19 47 19 28
split_gain=5.50733 4.94913 5.65338 5.64502 5.38905 5.23677 3.79321 3.12414
threshold=0.91839300000000013 0.68278563022613536 0.71904200000000007 0.73303350000000012 0.7350190000000002 0.79627800000000015 0.77163700000000002 0.31620650000000006
decision_type=2 2 2 2 2 2 2 2
left_child=1 2 5 6 -4 -1 -3 -5
right_child=-2 3 4 7 -6 -7 -8 -9
leaf_value=-0.0096460360948713644 0.011907271723520197 0.0037896875653250944 0.0094003766557702179 -0.025345120572232316 -0.0037302737259968331 0.0027849069201800088 0.020146067289914193 0.0031350300126600332
leaf_weight=85.118676851177952 20.802009508268384 63.215641321032308 33.0109650347149 3.9252125252969554 41.527188818246941 25.85764238628326 9.1373377276759111 2.6937227908056229
leaf_count=15341 246 1131 986 112 1700 523 293 263
internal_value=9.2412e-05 -0.000891081 -0.00313854 0.00424296 0.00208063 -0.0066852 0.00644252 -0.0148464
internal_weight=285.288 264.486 185.514 78.9719 74.5382 110.976 72.353 6.61894
internal_count=20595 20349 18550 1799 2686 15864 1424 375
is_linear=0
shrinkage=0.025


Tree=193
num_leaves=9
num_cat=0
split_feature=62 21 22 0 9 48 61 44
split_gain=8.1831 7.07361 4.8473 6.12775 4.61136 6.41589 4.94891 5.3225
threshold=0.75000000000000011 0.9840000000000001 0.49192400000000008 0.84440000000000015 0.73000000000000009 0.66350000000000009 0.71629350000000003 0.10004450000000001
decision_type=2 2 2 2 2 2 2 2
left_child=4 2 -2 -4 5 -1 7 -6
right_child=1 -3 3 -5 6 -7 -8 -9
leaf_value=-0.00024845029336895141 -0.015444813855745516 0.018448593233654369 0.010871518350667665 -0.020569249830826045 -0.0049817090614824727 -0.02415174328926184 0.014459987961591128 0.005192019198968425
leaf_weight=42.251325410918071 38.146036424834165 3.6487316560233003 10.62896350485971 3.5589913160074493 42.574463386361458 6.5921434072952243 22.940784926759079 110.29454497450934
leaf_count=7444 7465 57 435 325 1395 229 825 2414
internal_value=0 -0.0083712 -0.0109894 0.00095452 0.00215356 -0.0044452 0.00405839 0.00228243
internal_weight=280.636 55.9827 52.334 14.188 224.653 48.8435 175.81 152.869
internal_count=20589 8282 8225 760 12307 7673 4634 3809
is_linear=0
shrinkage=0.025


Tree=194
num_leaves=9
num_cat=0
split_feature=19 17 29 0 61 6 61 9
split_gain=5.95207 4.85394 4.62954 4.08284 4.09908 4.03466 5.44769 2.88207
threshold=0.68236450000000015 0.64677850000000014 0.9893010000000001 0.47246700000000003 0.28370650000000003 0.53018700000000007 0.47289900000000007 0.81800000000000006
decision_type=2 2 2 2 2 2 2 2
left_child=1 7 5 4 -3 -2 -7 -1
right_child=2 3 -4 -5 -6 6 -8 -9
leaf_value=-0.020024556099863453 0.01225978081726365 -0.00088827980424732169 0.014826457253128462 -0.013471266315336372 0.021285640404392764 -0.0082244588591979476 0.0017250940897384993 -0.00047228736837704285
leaf_weight=18.264427791891652 14.598964951619562 18.764932635545851 13.121845241868867 9.0308893191649968 4.860261342721059 42.852462164220924 143.98820376759977 7.3117631311397409
leaf_count=9611 610 1472 102 977 124 2787 4515 490
internal_value=-0.000438674 -0.00740806 0.00146914 -0.000606533 0.00468601 0.00042497 -0.000580086 -0.0151465
internal_weight=272.794 58.2323 214.561 32.6561 23.6252 201.44 186.841 25.5762
internal_count=20688 12674 8014 2573 1596 7912 7302 10101
is_linear=0
shrinkage=0.025


Tree=195
num_leaves=9
num_cat=0
split_feature=19 60 22 6 15 3 20 17
split_gain=6.64276 5.14498 5.42105 4.88275 4.82116 4.57618 3.89045 4.95058
threshold=0.64445900000000012 0.82000000000000017 0.43265750000000008 0.56610500000000019 0.6850750000000001 0.93800881505012523 0.67350250000000011 0.62604550000000014
decision_type=2 2 2 2 2 2 2 2
left_child=4 2 3 -2 -1 -4 -3 -8
right_child=1 6 5 -5 -6 -7 7 -9
leaf_value=-0.020375662006320468 0.0069084795959781301 -0.02229754591734022 -0.0028824239138230175 -0.0031966119571541999 0.0051655827749982966 0.010975746564048941 0.0076834582700947745 -0.010481356458620821
leaf_weight=14.05926568947689 39.802280535201135 6.38081148268975 17.520075142761925 102.34690693513403 4.9345805960037969 61.188422367777093 14.22045779894688 19.790225005563116
leaf_count=7694 3434 1400 443 4276 333 1214 571 1359
internal_value=0 0.00108975 0.00262503 -0.000258526 -0.0135229 0.00780308 -0.00685594 -0.00267315
internal_weight=280.243 261.249 220.858 142.149 18.9938 78.7085 40.3915 34.0107
internal_count=20724 12697 9367 7710 8027 1657 3330 1930
is_linear=0
shrinkage=0.025


Tree=196
num_leaves=9
num_cat=0
split_feature=60 18 39 22 22 43 47 17
split_gain=5.13874 4.74429 4.64239 7.17083 6.49401 6.16917 4.70355 3.66385
threshold=0.82000000000000017 0.68317250000000007 1.0000000180025095e-35 0.46480350000000009 0.26973100000000005 1.0000000180025095e-35 0.23015800000000003 0.63418550000000007
decision_type=2 2 2 2 2 2 2 2
left_child=2 -2 5 4 -4 -1 -5 -3
right_child=1 7 3 6 -6 -7 -8 -9
leaf_value=-6.6722523172379716e-05 -0.020032189897078612 0.0072119519743744339 0.0074444511188323506 -0.015236639787098619 -0.0036847384390148231 -0.023625801389328502 0.011874075980874385 -0.0089475779846756726
leaf_weight=26.894583733414038 11.514679127536509 13.319074001658011 47.266383189940825 2.3704925588681354 95.841209175745462 7.6895486242829056 57.59944448643364 18.069576317910105
leaf_count=2424 3057 591 5462 144 5060 1786 848 1243
internal_value=0.000165148 -0.00756786 0.00164393 0.00311998 0 -0.00651515 0.0102243 -0.00184475
internal_weight=280.565 42.9033 237.662 203.078 143.108 34.5841 59.9699 31.3887
internal_count=20615 4891 15724 11514 10522 4210 992 1834
is_linear=0
shrinkage=0.025


Tree=197
num_leaves=9
num_cat=0
split_feature=60 64 21 1 3 55 6 0
split_gain=6.07853 5.51304 6.41822 5.23611 4.99905 4.38537 4.12745 5.22027
threshold=0.82000000000000017 0.36222550000000003 0.77400000000000013 0.66326245665550243 0.96587234735488903 1.0000000180025095e-35 0.61051700000000009 0.80776700000000012
decision_type=2 2 2 2 2 2 2 2
left_child=1 2 -1 5 -4 -2 -3 -8
right_child=3 6 4 -5 -6 -7 7 -9
leaf_value=-0.011478720495024292 -0.00082300195405304974 0.010190243871917345 -0.004958007740138038 0.0031817996907287458 0.010849725757741707 -0.021753025761479149 -0.0024287418627784033 0.0088259344614384019
leaf_weight=33.845334377949257 10.771662055660274 51.037966900143147 24.218426580780942 14.45683365582954 21.539594773363206 16.816740446320182 70.140919323603157 37.710830935749982
leaf_count=8975 811 2427 1034 864 486 3191 2086 782
internal_value=0.000167135 0.00175553 -0.00350539 -0.00834301 0.00246884 -0.0144426 0.00444866 0.00152727
internal_weight=280.538 238.493 79.6034 42.0452 45.758 27.5884 158.89 107.852
internal_count=20656 15790 10495 4866 1520 4002 5295 2868
is_linear=0
shrinkage=0.025


Tree=198
num_leaves=9
num_cat=0
split_feature=4 60 39 9 43 20 17 66
split_gain=7.90331 7.61012 6.06046 6.00648 5.5253 4.3639 3.15635 3.06919
threshold=1.0000000180025095e-35 0.82000000000000017 1.0000000180025095e-35 0.9900000000000001 1.0000000180025095e-35 0.67350250000000011 0.63418550000000007 -1.0000000180025095e-35
decision_type=2 2 2 2 2 2 2 2
left_child=1 2 4 -4 -1 -3 -7 -2
right_child=7 5 3 -5 -6 6 -8 -9
leaf_value=-0.00023197950163833899 0.0024855482394525903 -0.023267418925410663 0.002335340540808271 0.013532088047396602 -0.023331088002896128 0.0043194509807567873 -0.010514414479759803 -0.022770632238257198
leaf_weight=23.800753492332664 2.8061197102651922 8.0652512416381779 158.04886905821877 36.162068639998324 7.2782846967838841 14.545263558014996 16.970417210370215 10.560797126481701
leaf_count=2046 82 2575 9352 613 1584 628 1191 2566
internal_value=5.8747e-05 0.00108867 0.00290476 0.00457508 -0.00695177 -0.00871045 -0.00359522 -0.0173471
internal_weight=278.238 264.871 225.29 194.211 31.079 39.5809 31.5157 13.3669
internal_count=20637 17989 13595 9965 3630 4394 1819 2648
is_linear=0
shrinkage=0.025


Tree=199
num_leaves=9
num_cat=0
split_feature=29 62 19 61 22 22 32 19
split_gain=5.26747 5.36159 4.51818 5.97015 5.75009 3.54221 4.14129 2.93521
threshold=0.91839300000000013 0.41666666666666669 0.69950450000000008 0.023380500000000002 0.26721800000000001 0.39939650000000004 0.010837500000000002 0.75497250000000016
decision_type=2 2 2 2 2 2 2 2
left_child=1 5 3 -3 -4 6 -1 -7
right_child=-2 2 4 -5 -6 7 -8 -9
leaf_value=-0.0050636232027879849 0.011182675101975546 0.0097066844067980485 0.012584519364144045 -0.011327396297600781 -0.0025533293863473075 -0.014606738863235477 0.015060391384160848 0.01084490764066641
leaf_weight=6.7043329999360166 19.429112582158268 7.8264877148922087 15.70630658722075 59.457518228440676 131.86733504452786 6.1579293611139274 24.115930137879332 2.2745431177318096
leaf_count=863 252 3400 431 9706 5060 240 640 15
internal_value=-0.000684771 -0.00170167 -0.00328443 -0.00856289 -0.000745332 0.00651925 0.0104125 -0.00625966
internal_weight=273.539 254.11 214.858 67.284 147.574 39.2527 30.8203 8.43247
internal_count=20607 20355 18597 13106 5491 1758 1503 255
is_linear=0
shrinkage=0.025


Tree=200
num_leaves=9
num_cat=0
split_feature=2 22 31 0 64 0 46 19
split_gain=6.55568 8.44894 8.08976 5.95457 5.87013 6.24074 5.19023 4.16052
threshold=0.68431133031845104 0.40872900000000006 0.43963300000000005 0.4233670000000001 0.9494100000000002 0.85073300000000007 0.83257000000000014 0.77163700000000002
decision_type=2 2 2 2 2 2 2 2
left_child=1 2 3 -1 6 -6 -3 -2
right_child=7 4 -4 -5 5 -7 -8 -9
leaf_value=-0.0024977464915266895 0.0030429404183226448 0.01215217031405064 0.0080241332972986242 -0.014959918465743611 0.0018601061126577883 -0.022166603571323228 -0.013501211884017764 0.019014718648850053
leaf_weight=45.395236245840351 66.605204192746896 40.793503909379069 17.296314326709762 55.754632289266738 24.294367608948964 7.0069375598141042 3.635218774987151 10.787848578504052
leaf_count=6918 1460 1176 1267 7542 950 551 396 270
internal_value=-0.000246453 -0.00272378 -0.0068707 -0.00959658 0.00367565 -0.00430142 0.00940047 0.00578664
internal_weight=271.569 194.176 118.446 101.15 75.73 31.3013 44.4287 77.3931
internal_count=20530 18800 15727 14460 3073 1501 1572 1730
is_linear=0
shrinkage=0.025


Tree=201
num_leaves=9
num_cat=0
split_feature=60 39 22 14 64 43 20 0
split_gain=5.94242 5.79785 6.56 7.71069 5.24634 4.83112 4.57527 4.35201
threshold=0.82000000000000017 1.0000000180025095e-35 0.49192400000000008 1.0000000180025095e-35 0.37513750000000007 1.0000000180025095e-35 0.69720050000000011 0.8430335000000001
decision_type=2 2 2 2 2 2 2 2
left_child=1 5 4 -4 -3 -1 -2 -8
right_child=6 2 3 -5 -6 -7 7 -9
leaf_value=-0.0013582592093517515 -0.018800233308928001 -0.0049808921296981548 -0.0016895613127893994 0.018899474637099314 0.0044157292636134177 -0.023105728850472435 0.0056264091446172806 -0.014662210801575993
leaf_weight=24.815519567197047 13.971024515682073 55.232028491516758 16.254835331114009 29.731648979824968 102.5008831354935 7.1688356464164817 17.015770487021658 8.0355582069423672
leaf_count=2412 3294 7505 343 381 3422 1760 772 787
internal_value=0.000457358 0.00199608 0.0035862 0.0116985 0.00105727 -0.00752626 -0.00829821 -0.00120707
internal_weight=274.726 235.704 203.719 45.9865 157.733 31.9844 39.0224 25.0513
internal_count=20676 15823 11651 724 10927 4172 4853 1559
is_linear=0
shrinkage=0.025


Tree=202
num_leaves=9
num_cat=0
split_feature=60 22 39 44 6 20 0 1
split_gain=5.14022 4.62453 6.52469 6.00235 4.02796 3.83084 3.6199 3.72583
threshold=0.82000000000000017 0.50574450000000015 1.0000000180025095e-35 0.40141200000000005 0.74374300000000015 0.69720050000000011 0.8430335000000001 0.72597524523735057
decision_type=2 2 2 2 2 2 2 2
left_child=1 3 -3 4 -1 -2 -7 -8
right_child=5 2 -4 -5 -6 6 7 -9
leaf_value=-0.0041259146994796873 -0.016538486059226164 -0.014706131550972917 0.012939768233221433 0.0068698017744315588 0.0092731638474940169 0.0048035337905485125 -0.020898924127927931 0.010290746685414881
leaf_weight=121.87817369107688 15.387726454857328 4.2446956258499986 36.702458021172788 57.890537430117547 13.631222147494553 18.560147112744747 6.6321878326743882 1.5658950437791643
leaf_count=12827 3283 301 575 1708 301 774 621 181
internal_value=0.000437098 0.00192193 0.0093479 0.000231711 -0.00260826 -0.00736224 -0.00104131 -0.0133562
internal_weight=276.493 234.347 40.9472 193.4 135.509 42.146 26.7582 8.19808
internal_count=20571 15712 876 14836 13128 4859 1576 802
is_linear=0
shrinkage=0.025


Tree=203
num_leaves=9
num_cat=0
split_feature=60 4 2 39 43 22 0 32
split_gain=5.82707 4.83259 4.50382 4.05295 5.23067 4.39844 2.50551 4.30531
threshold=0.82000000000000017 0.62500000000000011 0.68759378790855419 1.0000000180025095e-35 1.0000000180025095e-35 0.46480350000000009 0.8430335000000001 0.16292500000000001
decision_type=2 2 2 2 2 2 2 2
left_child=1 3 6 4 -1 -5 7 -2
right_child=2 -3 -4 5 -6 -7 -8 -9
leaf_value=0.00024562244998802951 -0.018592658780251622 -0.020686388318554762 0.0039083992039185712 0.001674332084746565 -0.021973776969215021 0.0098676413683642002 -0.02485782584682758 0.0019754938275218618
leaf_weight=26.039255763662368 9.0723234688894134 3.551818745196214 12.662962408969177 141.0441623864408 6.5823708020998302 58.235878851031885 6.9423409698529204 12.845175362333974
leaf_count=2290 2567 1061 678 9828 1639 974 988 643
internal_value=0.000701947 0.00226294 -0.0076745 0.00282037 -0.00503154 0.00418019 -0.0129237 -0.00706752
internal_weight=276.976 235.453 41.5228 231.902 32.6216 199.28 28.8598 21.9175
internal_count=20668 15792 4876 14731 3929 10802 4198 3210
is_linear=0
shrinkage=0.025


Tree=204
num_leaves=9
num_cat=0
split_feature=60 29 9 2 34 20 48 18
split_gain=5.89059 5.34836 4.3848 4.51166 3.54646 3.31527 3.86554 2.81668
threshold=0.68000000000000005 0.9893010000000001 0.95350000000000013 0.71571186184883129 0.26262600000000008 0.68878000000000006 0.14383350000000003 0.7405695000000001
decision_type=2 2 2 2 2 2 2 2
left_child=1 2 3 -1 -4 6 -2 -7
right_child=5 -3 4 -5 -6 7 -8 -9
leaf_value=-0.0030144992331642266 0.011437075677391335 0.014713662170458611 0.017692804090192974 0.0089487230633560223 0.0021679317549696589 0 -0.018979866059789963 -0.017333403269413777
leaf_weight=130.76501857622497 1.3707309826531879 17.004410564986756 12.986934697488321 20.987070676055737 29.175187507382361 42.377545467312302 16.093540654845128 4.9603763782070009
leaf_count=12219 180 148 281 309 551 2068 4365 468
internal_value=0 0.00203296 0.000743853 -0.00121634 0.00770449 -0.00647606 -0.0152773 -0.00258935
internal_weight=275.721 210.919 193.914 151.752 42.1621 64.8022 17.4643 47.3379
internal_count=20589 13508 13360 12528 832 7081 4545 2536
is_linear=0
shrinkage=0.025


Tree=205
num_leaves=9
num_cat=0
split_feature=29 21 34 6 44 9 61 19
split_gain=5.59902 4.29523 4.62744 4.76318 3.56247 5.77882 4.99491 3.12739
threshold=0.52868100000000007 0.70400000000000007 0.067161000000000012 0.6496090000000001 0.49641000000000007 0.78000000000000014 0.72100950000000008 0.67448700000000017
decision_type=2 2 2 2 2 2 2 2
left_child=1 2 -1 -4 6 -6 -3 -2
right_child=7 4 3 -5 5 -7 -8 -9
leaf_value=-0.014765351308870918 -0.0075680035042537024 -0.0037598092337054693 0.0015731872943106325 -0.011647332930038107 -0.013228897358077824 0.013551987616251551 0.0084654912955329752 0.011678893615249576
leaf_weight=21.021236757424958 4.280866502303069 73.481993848869024 61.941817212189562 20.991263960459037 4.1657864466251366 26.594497702724766 26.815267919853795 33.909271851021913
leaf_count=9486 551 3104 4019 1047 205 735 936 481
internal_value=0.000420851 -0.00101694 -0.00478613 -0.00188024 0.00194339 0.00910999 -0.000316357 0.00906558
internal_weight=273.202 235.012 103.954 82.9331 131.058 30.7603 100.297 38.1901
internal_count=20564 19532 14552 5066 4980 940 4040 1032
is_linear=0
shrinkage=0.025


Tree=206
num_leaves=9
num_cat=0
split_feature=62 61 22 0 22 19 28 34
split_gain=7.13651 6.02507 5.23727 5.98939 5.16455 3.95498 3.87985 3.1403
threshold=0.58333333333333337 0.72100950000000008 0.49717600000000006 0.67893350000000008 0.55553200000000014 0.75497250000000016 0.82953200000000005 0.31400150000000004
decision_type=2 2 2 2 2 2 2 2
left_child=5 2 6 -4 -3 -1 -2 -7
right_child=1 4 3 -5 -6 7 -8 -9
leaf_value=0.0013295657667170794 -0.010651325839910408 0.012948480259703935 0.024370597897779372 -0.0033288578602850972 -0.016993583541031799 0.019927102891905593 0.010523262849175898 0.0014730061067029961
leaf_weight=114.26201247292192 87.270972700810489 16.858792161103342 4.4932903579319854 17.043429512385046 2.4472869934979817 12.769654565199746 3.8480409399344344 11.570246053364825
leaf_count=5816 12487 419 74 773 186 327 183 335
internal_value=-0.000465801 -0.00461582 -0.00686369 0.00371133 0.00756204 0.00344151 -0.00946975 0.0122174
internal_weight=270.564 131.962 112.656 21.5367 19.3061 138.602 91.119 24.3399
internal_count=20600 14122 13517 847 605 6478 12670 662
is_linear=0
shrinkage=0.025


Tree=207
num_leaves=9
num_cat=0
split_feature=21 0 0 61 45 0 34 20
split_gain=5.24072 4.84958 4.54883 6.33321 4.32338 3.87673 4.21079 3.0021
threshold=0.77400000000000013 0.48220000000000002 0.43580000000000002 0.48281650000000004 1.0000000180025095e-35 0.28933350000000008 0.34666650000000004 0.72621050000000009
decision_type=2 2 2 2 2 2 2 2
left_child=1 5 -2 -4 -5 -1 -7 -3
right_child=2 7 3 4 -6 6 -8 -9
leaf_value=-0.011250758694163122 0.018286130736919076 -0.015526224933210481 -0.011699024501716785 -0.00056142456086335623 0.0087453513951595546 -0.0040813542238928571 0.0094585427795273094 -0.0011801956092460137
leaf_weight=14.187418335912296 8.3423104256216885 29.259206994813212 18.880381374936405 75.561941334090079 49.30803839249711 26.415441637853291 26.442844848439563 15.040644517866893
leaf_count=4296 156 5711 1455 2384 1343 3957 827 495
internal_value=-0.000751635 -0.00484814 0.0022227 0.0010009 0.0031344 -0.000420973 0.00265328 -0.0110788
internal_weight=263.438 111.346 152.093 143.75 124.87 67.0457 52.8583 44.2999
internal_count=20624 15286 5338 5182 3727 9080 4784 6206
is_linear=0
shrinkage=0.025


Tree=208
num_leaves=9
num_cat=0
split_feature=61 0 64 8 16 9 16 17
split_gain=6.0325 13.4188 4.54652 4.17996 3.73652 4.7082 3.89268 3.28388
threshold=0.48281650000000004 0.48566650000000006 0.36222550000000003 1.0000000180025095e-35 0.71284100000000017 0.87000000000000011 0.72750400000000015 0.54230050000000007
decision_type=2 2 2 2 2 2 2 2
left_child=1 2 -1 7 5 -5 -6 -2
right_child=3 -3 -4 4 6 -7 -8 -9
leaf_value=-0.0060009207336845227 0.012427839936172455 -0.014927937447432505 0.0065827858483693746 0.0014769342444399067 -0.01134740173452649 0.012341247783721438 0.0042488254993803187 -0.016325229456461133
leaf_weight=25.379610109110217 1.3114300775341678 44.023341459796029 48.868586168548063 53.688729968009284 14.992339697142596 48.789680557471002 21.752123813406797 9.0498433942339016
leaf_count=7603 36 6183 2181 1626 505 1038 770 708
internal_value=-8.73073e-05 -0.00429428 0.00213847 0.00320231 0.0044232 0.00685842 -0.00217838 -0.0106573
internal_weight=267.856 118.272 74.2482 149.584 139.223 102.478 36.7445 10.3613
internal_count=20650 15967 9784 4683 3939 2664 1275 744
is_linear=0
shrinkage=0.025


Tree=209
num_leaves=9
num_cat=0
split_feature=29 62 47 0 48 58 2 60
split_gain=5.29578 4.70092 4.60441 7.13892 5.0121 3.20962 2.98349 1.79627
threshold=0.89118900000000012 0.41666666666666669 0.87193500000000013 0.48566650000000006 0.54183350000000019 0.58083350000000011 0.57966452836990368 0.49000000000000005
decision_type=2 2 2 2 2 2 2 2
left_child=1 5 3 -3 -4 6 -1 -7
right_child=-2 2 4 -5 -6 7 -8 -9
leaf_value=-0.0062277142280462066 0.010923048116883305 0.0012915243557941331 -0.017792619892798938 -0.0098597304805865954 0.0047066547998809074 0.0061182486662953407 0.01215146745085263 -0.020339915874676127
leaf_weight=4.8769764363423738 20.855213010538137 56.501244885152119 4.8319214789080425 89.632782884205881 58.59989451461297 0.84330005594529156 27.906792484573089 2.2754225719254464
leaf_count=921 284 8570 119 9125 733 10 697 132
internal_value=-0.000553762 -0.00163955 -0.00310425 -0.00553835 0.00238668 0.00642485 0.00900085 -0.0121252
internal_weight=266.324 245.468 209.566 146.134 63.4318 35.9025 32.7838 3.11872
internal_count=20591 20307 18547 17695 852 1760 1618 142
is_linear=0
shrinkage=0.025


Tree=210
num_leaves=9
num_cat=0
split_feature=19 49 2 48 31 0 29 48
split_gain=4.76533 6.12482 11.475 4.89235 4.45731 4.25233 3.44221 2.94258
threshold=0.64445900000000012 1.0000000180025095e-35 0.57335239648818981 0.54183350000000019 0.26463300000000006 0.28933350000000008 0.43853150000000002 0.31516650000000007
decision_type=2 2 2 2 2 2 2 2
left_child=4 5 -3 -4 -1 7 -7 -2
right_child=1 2 3 -5 -6 6 -8 -9
leaf_value=-0.020023620402183275 0.0078441296869278879 -0.014585885390001533 -0.0073234609715375947 0.0040582528437583722 0.0023061436326885306 0.006858159412864777 0.02271692814272477 -0.01474808149206943
leaf_weight=10.910014599196986 4.2112682921069773 29.265011997203146 26.573427019968221 128.28409108452615 8.2393641072194423 44.316922977257491 10.864888049720319 6.319868994425633
leaf_count=6811 384 4982 1498 3696 1199 1613 172 353
internal_value=0.000606931 0.0015858 -0.000733702 0.00198887 -0.0107517 0.00802534 0.0107971 -0.00530519
internal_weight=268.985 249.835 184.123 154.858 19.1494 65.7129 55.1818 10.5311
internal_count=20708 12698 10176 5194 8010 2522 1785 737
is_linear=0
shrinkage=0.025


Tree=211
num_leaves=9
num_cat=0
split_feature=4 49 61 29 16 47 61 29
split_gain=4.62608 4.17098 10.9689 4.86555 4.49063 4.25116 2.66585 2.04669
threshold=1.0000000180025095e-35 1.0000000180025095e-35 0.49284100000000003 0.43853150000000002 0.71284100000000017 0.77480250000000017 0.27531250000000007 0.52868100000000007
decision_type=2 2 2 2 2 2 2 2
left_child=1 3 5 6 -4 -3 -1 -2
right_child=7 2 4 -5 -6 -7 -8 -9
leaf_value=-0.0016583198579225101 -0.019087596502937978 -0.0159738207718742 0.0046497091704806384 0.019566371762441595 -0.0063977864830130756 -0.0012702889980114099 0.0098968312690010489 0.0021414692217232721
leaf_weight=37.873848120528237 9.9270567518597073 35.826833643463033 97.564004902327724 10.343015282523991 27.589111080334987 20.480850421852665 15.829300045239505 2.4468483138771253
leaf_count=3780 2499 8928 2882 345 1157 558 414 108
internal_value=-0.000867534 -2.95724e-05 -0.00199856 0.00532715 0.00209306 -0.0109813 0.00184604 -0.0146541
internal_weight=257.881 245.507 181.461 64.0462 125.153 56.3077 53.7031 12.3739
internal_count=20671 18064 13525 4539 4039 9486 4194 2607
is_linear=0
shrinkage=0.025


Tree=212
num_leaves=9
num_cat=0
split_feature=29 4 47 60 66 61 0 19
split_gain=4.91559 5.21722 3.80799 3.76911 3.09697 1.98392 1.42268 1.51682
threshold=0.89118900000000012 1.0000000180025095e-35 0.9999920000000001 0.82000000000000017 -1.0000000180025095e-35 0.50715900000000003 0.81750000000000012 0.68646300000000016
decision_type=2 2 2 2 2 2 2 2
left_child=1 2 3 -1 -3 -4 7 -2
right_child=6 4 5 -5 -6 -7 -8 -9
leaf_value=0.00079709779516352506 0 0.0043320724845924774 -0.002047033150911285 -0.0083703413957039226 -0.021902923504685607 0.012741709359262256 -0.00015656291567043098 0.018122248205822308
leaf_weight=177.24387178325014 3.478137574871659 2.4516340830014078 5.8661738491500754 31.08401076026712 8.5708389482106195 20.018881603144109 3.8051539585721903 13.273456757422535
leaf_count=13204 147 79 78 4320 2554 137 59 77
internal_value=0.000694352 -0.00030069 0.00052032 -0.000601678 -0.0157226 0.00921482 0.0118715 0.014729
internal_weight=265.792 245.235 234.213 208.328 11.0225 25.8851 20.5567 16.7516
internal_count=20655 20372 17739 17524 2633 215 283 224
is_linear=0
shrinkage=0.025


Tree=213
num_leaves=9
num_cat=0
split_feature=39 22 14 60 62 58 43 17
split_gain=6.12942 5.57063 5.08164 4.45836 4.38636 4.22364 3.57224 3.33441
threshold=1.0000000180025095e-35 0.49192400000000008 1.0000000180025095e-35 0.82000000000000017 0.91666666666666685 0.78166650000000015 1.0000000180025095e-35 0.61923800000000007
decision_type=2 2 2 2 2 2 2 2
left_child=6 4 5 -4 7 -3 -1 -2
right_child=1 2 3 -5 -6 -7 -8 -9
leaf_value=-0.0045771956630295627 -0.0053094374851601397 -0.012038130330905977 0.018432506097163133 -0.0023444031485244472 -0.014088068693163952 0.010133275634085361 -0.023263057120333538 0.0025668884196936421
leaf_weight=30.019140934770803 45.17648426458527 9.9896753589855525 25.991314480896108 7.0546606357966075 12.478202805139516 7.5754834183026096 7.3958629120561445 113.92499223228697
leaf_count=3528 5888 257 366 968 2729 108 1886 4860
internal_value=-0.000342494 0.00122902 0.00836173 0.0139024 -0.000903815 -0.00203434 -0.00945412 0.00024572
internal_weight=259.606 222.191 50.6111 33.046 171.58 17.5652 37.415 159.101
internal_count=20590 15176 1699 1334 13477 365 5414 10748
is_linear=0
shrinkage=0.025


Tree=214
num_leaves=9
num_cat=0
split_feature=1 29 39 60 43 42 37 17
split_gain=5.85404 3.86746 3.20131 3.70454 3.67352 2.5127 2.56227 1.91595
threshold=0.46788555383682257 0.91839300000000013 1.0000000180025095e-35 0.82000000000000017 1.0000000180025095e-35 0.75000000000000011 1.0000000180025095e-35 0.68798900000000007
decision_type=2 2 2 2 2 2 2 2
left_child=5 2 4 -4 -2 6 -1 -3
right_child=1 7 3 -5 -6 -7 -8 -9
leaf_value=-0.021511262353492634 -0.0021220840368782537 0.016029198952611286 0.0027274564385175951 -0.0066717437420842386 -0.022157858433734825 0.0029170005338659474 0.0034152889781122902 -8.4012136530031456e-05
leaf_weight=12.087357412530764 27.164940157887031 12.927373535174413 166.45680045213521 28.786755715191248 5.8563434703828525 3.4331910350556418 1.9430762711672294 5.3285339204594484
leaf_count=8361 1656 140 5992 2310 871 673 603 46
internal_value=-6.38244e-05 0.000942558 0 0.00125001 -0.00695206 -0.0132926 -0.0175959 0.0114119
internal_weight=263.984 246.521 228.265 195.244 33.0213 17.4636 14.0304 18.2559
internal_count=20652 11015 10829 8302 2527 9637 8964 186
is_linear=0
shrinkage=0.025


Tree=215
num_leaves=9
num_cat=0
split_feature=62 22 17 17 0 19 62 34
split_gain=4.89903 7.92037 4.56429 4.036 5.55484 3.81802 3.70024 3.6474
threshold=0.41666666666666669 0.46480350000000009 0.58934850000000016 0.68465000000000009 0.68213350000000006 0.70111250000000014 0.75000000000000011 0.75205700000000009
decision_type=2 2 2 2 2 2 2 2
left_child=7 2 -2 6 -5 -4 -3 -1
right_child=1 3 5 4 -6 -7 -8 -9
leaf_value=0.011690095227351245 -0.015034906361068702 0.014255559012508984 -0.0079641859941272583 0.01541492312462458 -0.0083940246748982223 0.00056171230870161529 -0.0020635469712150661 -0.0054024058446117216
leaf_weight=31.266571290849242 21.007107753865967 31.310317714331177 51.255568133245106 6.3474210518470526 20.480619949579705 81.177203313858627 10.100590988498878 8.2181088457291462
leaf_count=1634 3797 1201 9657 96 624 2818 632 133
internal_value=0 -0.00149083 -0.00465341 0.00544369 -0.00182212 -0.00275168 0.0101907 0.00786283
internal_weight=261.164 221.679 153.44 68.2389 26.828 132.433 41.4109 39.4847
internal_count=20592 18825 16272 2553 720 12475 1833 1767
is_linear=0
shrinkage=0.025


Tree=216
num_leaves=9
num_cat=0
split_feature=1 22 4 2 19 61 48 9
split_gain=4.53991 3.6957 3.68669 3.05267 2.74651 1.60097 2.0469 2.22586
threshold=0.46938608586788183 0.18570600000000004 1.0000000180025095e-35 0.43822087347507482 0.65339750000000008 0.70270150000000009 0.25536650000000005 0.75000000000000011
decision_type=2 2 2 2 2 2 2 2
left_child=5 -2 4 -4 -3 6 7 -1
right_child=1 2 3 -5 -6 -7 -8 -9
leaf_value=-0.012352116257618319 0.01870709161198891 -0.0084067549040120135 0.012310790519634646 -0.019103324695918855 0.0020388927777596102 0.0086092516639268962 -0.018428330424533394 0.011244242471466234
leaf_weight=2.9646413223063126 5.3315529853734906 14.771721991252887 0.65648536582739137 7.6357847414728894 218.34099273626634 0.59398011770099302 11.521722392941227 3.0120043874339899
leaf_count=3537 208 1797 16 559 8362 5 6006 169
internal_value=0.000233174 0.00118212 0.000613725 -0.0139787 0.0012792 -0.0111644 -0.0130344 0
internal_weight=264.829 246.737 241.405 8.29227 233.113 18.0923 17.4984 5.97665
internal_count=20659 10942 10734 575 10159 9717 9712 3706
is_linear=0
shrinkage=0.025


Tree=217
num_leaves=9
num_cat=0
split_feature=61 0 61 48 0 17 0 44
split_gain=4.29279 4.78982 10.7711 7.10244 4.80585 4.96848 4.07353 4.592
threshold=0.72100950000000008 0.48566650000000006 0.48281650000000004 0.54183350000000019 0.41350000000000003 0.63550400000000007 0.71008700000000013 0.13243000000000002
decision_type=2 2 2 2 2 2 2 2
left_child=1 4 -3 -4 -1 -6 -2 -8
right_child=6 2 3 -5 5 -7 7 -9
leaf_value=-0.00068706755107005794 -0.012931105800371901 -0.014851768085559398 -0.017305579510556345 0.0024328212860800862 -0.0015783203140810123 0.021205195820433891 0.015402196191103759 -0.0039545511757905242
leaf_weight=57.512070277245584 3.525678021949715 41.769496978805364 11.000884955785294 90.163434201560449 8.5005204888639145 13.165252146154669 24.773287393851206 8.9848229947965574
leaf_count=7670 86 6144 653 2494 1857 415 537 761
internal_value=-0.000398747 -0.00175897 -0.0044905 0 0.00306882 0.0125713 0.00719061 0.0101076
internal_weight=259.395 222.112 142.934 101.164 79.1778 21.6658 37.2838 33.7581
internal_count=20617 19233 9291 3147 9942 2272 1384 1298
is_linear=0
shrinkage=0.025


Tree=218
num_leaves=9
num_cat=0
split_feature=29 62 19 6 47 22 15 62
split_gain=4.69255 4.33928 5.93367 6.04681 4.21513 3.39411 2.76565 2.78146
threshold=0.31620650000000006 0.41666666666666669 0.70521800000000001 0.61209100000000005 0.79627800000000015 0.39939650000000004 0.70667450000000009 0.75000000000000011
decision_type=2 2 2 2 2 2 2 2
left_child=1 5 4 -4 -3 -1 7 -2
right_child=6 2 3 -5 -6 -7 -8 -9
leaf_value=0.010238427813792939 0.012115746366531102 -0.012946476137913235 0.013750896775985505 -0.0021968231984434935 0.002000753765980634 -0.0086262530394012431 -0.0017994171875056718 -0.0026828696155517841
leaf_weight=26.80435922455672 37.544788543676077 45.81685353238754 15.640649675442544 91.576456142676761 13.916374887761775 5.4551300272869403 17.526189727723249 8.1565985039123898
leaf_count=1308 1453 11696 514 3809 345 212 374 919
internal_value=0.000310547 -0.00155117 -0.00321225 0.000270139 -0.00939065 0.00651211 0.0061589 0.00931557
internal_weight=262.437 199.21 166.95 107.217 59.7332 32.2595 63.2276 45.7014
internal_count=20630 17884 16364 4323 12041 1520 2746 2372
is_linear=0
shrinkage=0.025


Tree=219
num_leaves=9
num_cat=0
split_feature=60 48 39 3 31 61 43 17
split_gain=4.72453 5.90224 4.56038 4.52997 4.45275 4.27123 4.0586 3.97031
threshold=0.68000000000000005 0.66160000000000008 1.0000000180025095e-35 0.96587234735488903 0.31505900000000003 0.71629350000000003 1.0000000180025095e-35 0.63418550000000007
decision_type=2 2 2 2 2 2 2 2
left_child=2 3 6 -2 5 -4 -1 -3
right_child=1 7 4 -5 -6 -7 -8 -9
leaf_value=-0.001108524369756186 -0.023421808316374786 0.0077192979503312971 -0.0011916897595534799 -0.001643296638344153 0.0098098918140501687 0.010945534746287426 -0.021596396180574802 -0.0084630665757856102
leaf_weight=25.900809382968873 13.860051368001225 19.994837754682521 101.61180165295809 11.359296062748397 48.491388338152319 19.844520322512835 6.3719057490852711 14.537463801989359
leaf_count=2430 3671 815 7389 1347 1699 298 1801 1239
internal_value=2.1263e-05 -0.00600951 0.00188135 -0.0147294 0.00355307 0.000875831 -0.00639668 0.000611159
internal_weight=261.972 59.7516 202.22 25.2193 169.948 121.456 32.2727 34.5323
internal_count=20689 7072 13617 5018 9386 7687 4231 2054
is_linear=0
shrinkage=0.025


Tree=220
num_leaves=9
num_cat=0
split_feature=39 60 9 3 14 61 47 18
split_gain=4.85524 4.4294 5.13286 4.24035 4.19002 3.83217 3.78713 3.4985
threshold=1.0000000180025095e-35 0.68000000000000005 0.9900000000000001 0.965154528617859 1.0000000180025095e-35 0.72100950000000008 0.93492100000000011 0.73011900000000007
decision_type=2 2 2 2 2 2 2 2
left_child=6 2 4 5 -2 -3 -1 -5
right_child=1 3 -4 7 -6 -7 -8 -9
leaf_value=-0.013159829772228916 -0.0029320752261009619 -0.01501922123509427 0.011651108384235916 0.0073126728234913299 0.0059208781469107736 0.0037760772168171602 0.0037244578414395921 -0.015825272566359374
leaf_weight=26.814027598077701 75.411813554254877 24.798531820458265 33.354908377252286 19.872482794929969 56.3425595893641 7.3756132099078959 9.7660702797875256 2.9458349648630238
leaf_count=5304 5804 3527 574 1557 2951 487 129 250
internal_value=-0.000291449 0.00110298 0.00317389 -0.00487631 0.000829595 -0.0105223 -0.00849831 0.00298881
internal_weight=256.682 220.102 165.109 54.9925 131.754 32.1741 36.5801 22.8183
internal_count=20583 15150 9329 5821 8755 4014 5433 1807
is_linear=0
shrinkage=0.025


Tree=221
num_leaves=9
num_cat=0
split_feature=60 39 22 44 43 55 1 55
split_gain=5.55895 4.64151 6.33221 5.84292 3.96365 3.55839 3.55119 3.26841
threshold=0.82000000000000017 1.0000000180025095e-35 0.49192400000000008 0.40703000000000006 1.0000000180025095e-35 1.0000000180025095e-35 0.72047656774520885 1.0000000180025095e-35
decision_type=2 2 2 2 2 2 2 2
left_child=1 4 3 -3 -1 -4 7 -2
right_child=6 2 5 -5 -6 -7 -8 -9
leaf_value=-0.0015923287233039702 -0.00023621772335086536 -0.0028069316641101526 0 0.0076722728921685569 -0.022370030298053713 0.016261868202090725 0.0086074986709561083 -0.01698899366095135
leaf_weight=23.059162664831096 11.964805241041175 103.18590636763111 12.84886332566384 46.498090803048399 6.2667312147414114 27.490260798251256 4.5091262818314126 21.503492037477372
leaf_count=2372 862 9483 285 1340 1801 430 247 3719
internal_value=-6.26064e-05 0.0014585 0.0029302 0.000457141 -0.00741653 0.0114746 -0.0086692 -0.0115624
internal_weight=257.326 219.349 190.023 149.684 29.3259 40.3391 37.9774 33.4683
internal_count=20539 15711 11538 10823 4173 715 4828 4581
is_linear=0
shrinkage=0.025


Tree=222
num_leaves=9
num_cat=0
split_feature=39 22 62 18 14 58 61 48
split_gain=5.06352 4.37106 5.35252 4.61487 4.55727 4.50563 4.02449 3.92568
threshold=1.0000000180025095e-35 0.50574450000000015 0.41666666666666669 0.75628850000000014 1.0000000180025095e-35 0.58083350000000011 0.71970600000000007 0.84516650000000004
decision_type=2 2 2 2 2 2 2 2
left_child=-1 2 5 -4 6 -2 -3 -6
right_child=1 4 3 -5 7 -7 -8 -9
leaf_value=-0.0087262544178073349 0.011869499801317766 -0.011886781452659465 -0.0036283309502391165 0.015810982331509755 0.016246741651762535 -0.01524796849422109 0.01385678334742947 -0.012707038807522631
leaf_weight=36.160117515009915 27.750407227171312 9.2523117129458097 141.11649012791986 5.9875822893809518 26.562146547134038 2.4256551355356342 3.6325811157003036 1.4964496376924206
leaf_count=5421 1162 248 12369 59 1097 117 27 136
internal_value=-0.000298105 0.00113097 -0.000556906 -0.00258532 0.00829946 0.00864432 -0.00323847 0.0137103
internal_weight=254.384 218.224 177.28 147.104 40.9435 30.1761 12.8849 28.0586
internal_count=20636 15215 13707 12428 1508 1279 275 1233
is_linear=0
shrinkage=0.025


Tree=223
num_leaves=9
num_cat=0
split_feature=29 61 17 0 45 33 27 19
split_gain=5.43421 3.62776 4.64799 4.31973 4.18046 2.86783 3.13319 1.81842
threshold=0.91839300000000013 0.71538450000000009 0.62110100000000013 0.82460000000000011 1.0000000180025095e-35 0.3000000000000001 1.0000000180025095e-35 0.68063400000000007
decision_type=2 2 2 2 2 2 2 2
left_child=1 2 4 -4 -1 6 -3 -2
right_child=7 5 3 -5 -6 -7 -8 -9
leaf_value=-0.015448633095081293 -0.0023289471549964207 -0.0012446431368327779 0.0015902944720539429 -0.011221048413062406 -0.00095516590675499185 -0.015134366058894774 0.012879519401476159 0.016577879417425511
leaf_weight=25.059518477322854 2.5855485425745455 13.762417872785589 134.83963422714351 16.693685210372678 25.729105733125834 1.698955370375187 24.105438561295159 13.88914294366259
leaf_count=6015 123 655 7767 1227 3840 83 811 122
internal_value=0.00017932 -0.000783309 -0.00217385 2.29636e-06 -0.0085628 0.00590918 0.00775329 0.0132738
internal_weight=258.363 241.889 202.322 151.533 50.7886 39.5668 37.8679 16.4747
internal_count=20643 20398 18849 8994 9855 1549 1466 245
is_linear=0
shrinkage=0.025


Tree=224
num_leaves=9
num_cat=0
split_feature=60 47 4 49 2 29 47 14
split_gain=4.38899 3.59941 3.54686 3.75374 5.70839 3.44129 3.22337 1.9863
threshold=0.82000000000000017 0.92356600000000011 1.0000000180025095e-35 1.0000000180025095e-35 0.57827115058898937 0.43853150000000002 0.14968750000000003 1.0000000180025095e-35
decision_type=2 2 2 2 2 2 2 2
left_child=2 6 3 5 -5 -1 -2 -3
right_child=1 7 -4 4 -6 -7 -8 -9
leaf_value=0.0040336075095328081 0.0056792322624627462 0.012641614863688476 -0.011375804448582952 -0.0096304134240081732 0.002473586085362797 0.019502934316024938 -0.016165355544686857 -0.0051396216811362087
leaf_weight=46.890850205838433 3.5033652815536724 5.2270135451108199 10.643572661672804 28.269777328694545 122.3514240460936 10.413445049867731 21.955195553752674 6.1924213717575185
leaf_count=3683 953 36 2177 6197 3428 304 3710 133
internal_value=1.87362e-05 -0.00769675 0.00141252 0.00220501 5.62404e-05 0.00753411 -0.0126915 0.00311154
internal_weight=255.447 36.878 218.569 207.925 150.621 57.3043 25.4586 11.4194
internal_count=20621 4832 15789 13612 9625 3987 4663 169
is_linear=0
shrinkage=0.025


Tree=225
num_leaves=9
num_cat=0
split_feature=4 60 39 25 9 20 66 17
split_gain=3.59415 3.33729 4.31253 5.32759 4.50318 3.0568 2.73031 2.09757
threshold=1.0000000180025095e-35 0.82000000000000017 1.0000000180025095e-35 1.0000000180025095e-35 0.9900000000000001 0.69720050000000011 -1.0000000180025095e-35 0.63418550000000007
decision_type=2 2 2 2 2 2 2 2
left_child=1 2 3 -1 -4 -3 -2 -7
right_child=6 5 4 -5 -6 7 -8 -9
leaf_value=0.00090656372893961406 0.0051128534377960066 -0.01632864901926084 0.00062149738271920728 -0.020250730875617629 0.010827170406954597 0.0064471278224229661 -0.018898768903624623 -0.0074349546003103081
leaf_weight=16.796291169926011 2.4506333726749281 11.90022156219038 143.1045448285231 10.319290632349292 31.967652570776409 10.194058487104487 9.2234412678108111 13.013906904663598
leaf_count=2182 82 2871 9320 1478 611 546 2500 995
internal_value=-0.000832034 -8.13296e-05 0.00114121 -0.00772557 0.00262862 -0.00700608 -0.0132992 -0.00101202
internal_weight=248.97 237.296 202.188 27.1156 175.072 35.1082 11.6741 23.208
internal_count=20585 18003 13591 3660 9931 4412 2582 1541
is_linear=0
shrinkage=0.025


Tree=226
num_leaves=9
num_cat=0
split_feature=29 3 47 21 64 16 1 16
split_gain=4.83641 4.51435 5.02956 4.58277 4.86117 4.21273 3.03097 2.72716
threshold=0.43853150000000002 0.9297064244747163 0.28556600000000004 0.70400000000000007 0.38939500000000005 0.70929700000000018 0.60874295234680187 0.62236400000000003
decision_type=2 2 2 2 2 2 2 2
left_child=1 2 6 4 -3 -5 -1 -2
right_child=7 3 -4 5 -6 -7 -8 -9
leaf_value=-0.0080671987313682691 -0.010002253960144977 -0.013494681251592984 -0.017344071750068465 0.0058004885356893535 -0.00016135371488349844 -0.0053596345679470031 0.013447258568527307 0.0092132717866186143
leaf_weight=6.6068897110480957 3.1967536609226945 25.481342298187883 20.436658646176511 79.549873766634846 48.435219797503123 26.147393386941985 5.6357554565765895 38.071032057226148
leaf_count=2052 697 8039 1790 2583 2745 1556 262 926
internal_value=-0.000432425 -0.00199594 -0.0102625 -0.000354161 -0.00509098 0.0029218 0.0018077 0.00715789
internal_weight=253.561 212.293 32.6793 179.614 73.9166 105.697 12.2426 41.2678
internal_count=20650 19027 4104 14923 10784 4139 2314 1623
is_linear=0
shrinkage=0.025


Tree=227
num_leaves=9
num_cat=0
split_feature=29 15 48 64 62 15 48 9
split_gain=4.28134 4.14262 6.57833 4.8832 4.62466 3.16481 2.41836 2.30195
threshold=0.91839300000000013 0.66389800000000021 0.66350000000000009 0.82483300000000004 0.41666666666666669 0.6841710000000002 0.66350000000000009 0.95350000000000013
decision_type=2 2 2 2 2 2 2 2
left_child=1 2 4 -4 -1 7 -7 -3
right_child=-2 5 3 -5 -6 6 -8 -9
leaf_value=0.0045425718090713078 0.01145649769687531 0.0028431338827080016 0.012759133869252962 -0.0098989880870221734 -0.00968855502436918 0.0024951554271320526 -0.0067609179446774101 0.018991747786802286
leaf_weight=15.415278095963911 17.582151790262287 15.265661290526623 19.364926893966189 6.1913083816452845 76.285434268483186 74.766834221769386 20.810224492917769 9.1952973663574085
leaf_count=1163 243 1150 443 274 13194 2924 1034 131
internal_value=0.000196695 -0.000695026 -0.00402786 0.0066777 -0.0071703 0.00251179 0.000305678 0.0101737
internal_weight=254.877 237.295 117.257 25.5562 91.7007 120.038 95.5771 24.461
internal_count=20556 20313 15074 717 14357 5239 3958 1281
is_linear=0
shrinkage=0.025


Tree=228
num_leaves=9
num_cat=0
split_feature=47 39 19 44 22 60 66 61
split_gain=3.88631 4.0904 4.09992 4.09136 5.78016 3.6316 3.25955 2.38133
threshold=0.9999920000000001 1.0000000180025095e-35 0.74607200000000018 0.40177200000000007 0.50574450000000015 0.82000000000000017 0.057842500000000005 0.50715900000000003
decision_type=2 2 2 2 2 2 2 2
left_child=1 2 -1 4 -3 -5 -4 -2
right_child=7 3 6 5 -6 -7 -8 -9
leaf_value=-0.015684244541015489 -0.003241406202902768 -0.005004195306649608 0.013941900998755294 0.0076014194043918437 0.0080627596392956104 -0.0074076263607479381 -0.0087616158000851166 0.012814622379539925
leaf_weight=20.167080625795283 6.0801333955605541 106.79076848206478 5.4784633111557905 56.20161177184491 24.042141321115196 10.024754104819293 6.1954755384867894 19.086990460054949
leaf_count=4996 87 11818 102 1583 963 650 252 142
internal_value=-0.000204178 -0.0012833 -0.0093146 5.72756e-05 -0.00246128 0.00506901 0.00182525 0.00870651
internal_weight=254.067 228.9 31.841 197.059 130.833 66.2264 11.6739 25.1671
internal_count=20593 20364 5350 15014 12781 2233 354 229
is_linear=0
shrinkage=0.025


Tree=229
num_leaves=9
num_cat=0
split_feature=29 1 19 19 60 48 14 0
split_gain=4.25306 3.32466 3.7921 3.58122 3.34541 4.80185 3.51219 2.14576
threshold=0.96721250000000014 0.67177072167396557 0.76898500000000014 0.73701700000000014 0.82000000000000017 0.67393350000000007 1.0000000180025095e-35 0.8454330000000001
decision_type=2 2 2 2 2 2 2 2
left_child=1 4 3 -3 5 -1 -6 -4
right_child=-2 2 7 -5 6 -7 -8 -9
leaf_value=-0.0030322278171045877 0.011462893180715144 0.00668904974710385 0.021532413348428606 -0.0064025080365828994 0.00018287936596514067 0.0095219082860956514 -0.017586546203357253 -0.0043137049261609923
leaf_weight=128.54770082395044 16.501879248899058 27.718253555154661 7.9271142790094 21.075281532597728 10.130356076544558 20.1631546105491 15.43941788459324 1.2160137889441101
leaf_count=14276 200 645 275 632 847 431 3264 74
internal_value=-4.49966e-05 -0.000985694 0.00406144 0.000857337 -0.00273312 -0.00117652 -0.010772 0.0172646
internal_weight=248.719 232.217 57.9367 48.7935 174.281 148.711 25.5698 9.14313
internal_count=20644 20444 1626 1277 18818 14707 4111 349
is_linear=0
shrinkage=0.025


Tree=230
num_leaves=9
num_cat=0
split_feature=62 48 34 4 61 61 61 47
split_gain=4.39781 7.33183 4.73756 3.13213 3.67014 4.37923 3.11223 3.04641
threshold=0.75000000000000011 0.55220000000000014 0.48396650000000002 1.0000000180025095e-35 0.21476350000000002 0.22660250000000001 0.47772050000000005 0.2511560000000001
decision_type=2 2 2 2 2 2 2 2
left_child=3 -2 6 4 7 -6 -3 -1
right_child=1 2 -4 -5 5 -7 -8 -9
leaf_value=0.021874843898643141 -0.018028135461934203 -0.0031246951106150508 -0.0084704805395429128 -0.011900634257483791 -0.017891284978964257 0.0023708252732789845 0.016529524323958916 -0.0054249923037520218
leaf_weight=8.1919632558019639 18.349984900778509 6.3652174481849242 15.467838985234264 7.732352706434539 4.8705832725263454 179.68039648768627 11.15432487586804 1.9742323294485675
leaf_count=1402 6165 626 1129 1285 635 8882 416 168
internal_value=0.000155746 -0.00620648 0.000809863 0.0018507 0.00255034 0.0016098 0.009416 0.0159366
internal_weight=253.787 51.3374 32.9874 202.45 194.717 184.551 17.5195 10.1662
internal_count=20708 8336 2171 12372 11087 9517 1042 1570
is_linear=0
shrinkage=0.025


Tree=231
num_leaves=9
num_cat=0
split_feature=39 22 19 25 44 0 34 47
split_gain=3.97652 5.27278 4.23794 3.67836 3.60188 4.83292 3.40212 3.11208
threshold=1.0000000180025095e-35 0.50784000000000018 0.74607200000000018 1.0000000180025095e-35 0.40177200000000007 0.82100000000000006 0.85535050000000012 0.23241500000000001
decision_type=2 2 2 2 2 2 2 2
left_child=2 4 6 -4 7 -6 -1 -2
right_child=1 -3 3 -5 5 -7 -8 -9
leaf_value=-0.019653510430689088 0.0065691532659071785 0.009098278347733928 0.011750559841096041 -0.012215402803487157 0.0067741476585493595 -0.014358563007983539 0.00018605371013802506 -0.0049989842052035162
leaf_weight=16.250847621640791 14.536347582179586 37.542346091868239 8.6990656507259683 4.278369264175125 50.55203627867013 5.6805253165366585 6.5724850570768458 105.16602373799469
leaf_count=4726 4682 1472 172 209 1532 235 354 7348
internal_value=-0.000456392 0.000827882 -0.00795145 0.00277265 -0.000977197 0.00409073 -0.0140835 -0.00344769
internal_weight=249.278 213.477 35.8008 12.9774 175.935 56.2326 22.8233 119.702
internal_count=20730 15269 5461 381 13797 1767 5080 12030
is_linear=0
shrinkage=0.025


Tree=232
num_leaves=9
num_cat=0
split_feature=60 19 0 48 0 9 20 0
split_gain=4.67551 4.471 5.68965 5.7221 5.31579 4.51221 4.18949 3.3901
threshold=0.82000000000000017 0.76898500000000014 0.80776700000000012 0.54183350000000019 0.48566650000000006 0.91800000000000015 0.67350250000000011 0.8454330000000001
decision_type=2 2 2 2 2 2 2 2
left_child=1 2 4 -4 -1 -3 -2 -7
right_child=6 5 3 -5 -6 7 -8 -9
leaf_value=0.0035988735157524276 -0.022817822069709059 -0.002097454135986694 -0.012476371579252481 0.014054448791775545 -0.0054913990303553451 0.026083318748132158 -0.0026454285171824249 -0.00033401057252078993
leaf_weight=66.973397782237953 7.2645818666305777 7.8958280638908063 4.2392050749404033 27.038289977012028 93.064551827626929 10.044063164270481 27.052471637751296 3.255937485722824
leaf_count=8821 2931 193 266 566 5824 86 1913 64
internal_value=0.000119952 0.00155284 0.000253284 0.00969948 -0.00164351 0.0119262 -0.00814366 0.0199277
internal_weight=246.828 212.511 191.315 31.2775 160.038 21.1958 34.3171 13.3
internal_count=20664 15820 15477 832 14645 343 4844 150
is_linear=0
shrinkage=0.025


Tree=233
num_leaves=9
num_cat=0
split_feature=4 49 61 19 31 75 41 78
split_gain=4.87401 3.82859 6.59291 3.13147 2.90582 2.46424 2.49082 2.43574
threshold=1.0000000180025095e-35 1.0000000180025095e-35 0.48363350000000005 0.73701700000000014 0.36100750000000004 1.0000000180025095e-35 0.67500000000000016 1.0000000180025095e-35
decision_type=2 2 2 2 2 2 2 2
left_child=1 5 4 -4 -3 6 -1 -2
right_child=7 2 3 -5 -6 -7 -8 -9
leaf_value=0.01144643948706052 -0.0212255129153649 -0.012434684660407105 0.0049894467282272717 -0.0027399061389888762 0.0015079344186143988 -0.0078955903872677032 0.00067150182481633168 0.0013417941792895581
leaf_weight=35.430147817605757 7.8479599202355512 35.355532891141593 74.833612592141435 54.109608281869441 10.70673193352013 5.2601998842583262 23.72014820394088 3.1138168158513508
leaf_count=2992 2399 7930 2379 2011 1196 318 1245 247
internal_value=-5.74457e-05 0.000715231 -0.00117635 0.00169632 -0.00910992 0.00584831 0.00741146 -0.0150185
internal_weight=250.378 239.416 175.005 128.943 46.0623 64.4105 59.1503 10.9618
internal_count=20717 18071 13516 4390 9126 4555 4237 2646
is_linear=0
shrinkage=0.025


Tree=234
num_leaves=9
num_cat=0
split_feature=60 43 32 65 3 17 8 17
split_gain=3.35553 2.81114 4.06991 3.85902 2.93988 2.82069 2.593 4.30932
threshold=0.82000000000000017 1.0000000180025095e-35 0.015300000000000003 0.011923000000000001 0.93179589509964 0.60420750000000012 1.0000000180025095e-35 0.63418550000000007
decision_type=2 2 2 2 2 2 2 2
left_child=1 3 -3 5 -5 -1 -2 -8
right_child=6 2 -4 4 -6 -7 7 -9
leaf_value=-0.012809165908536225 -0.018702350246196025 0.0037649828961374126 -0.013416543820751437 -0.0022920521393406256 0.0064413833806449376 -1.5911438131979248e-05 0.0061329864378083885 -0.011805126061189879
leaf_weight=12.830196545242869 7.7569648006237903 13.190811618160298 17.584298646619573 29.31044451066191 96.020009758209198 43.766061751786765 14.143831084083105 15.022658746033811
leaf_count=3469 2437 2721 1404 1484 2814 3931 817 1577
internal_value=-0.000540704 0.000656111 -0.00604301 0.00188351 0.00433611 -0.00338231 -0.00730724 -0.00303033
internal_weight=249.625 212.702 30.7751 181.927 125.33 56.5963 36.9235 29.1665
internal_count=20654 15823 4125 11698 4298 7400 4831 2394
is_linear=0
shrinkage=0.025


Tree=235
num_leaves=9
num_cat=0
split_feature=60 39 22 14 31 20 47 16
split_gain=4.6348 3.79619 4.92499 8.50629 3.91218 3.30773 3.17243 2.39232
threshold=0.82000000000000017 1.0000000180025095e-35 0.46480350000000009 1.0000000180025095e-35 0.10347000000000002 0.72057050000000011 0.2511560000000001 0.63102250000000015
decision_type=2 2 2 2 2 2 2 2
left_child=1 4 6 -4 -1 7 -3 -2
right_child=5 2 3 -5 -6 -7 -8 -9
leaf_value=0.0010966179488675384 -0.0017297374665017897 0.0085149274987390347 -0.0019973596630226457 0.017877441293979321 -0.016490163732058478 0.0012855592814134333 -0.0014584583710604362 -0.019630578044170132
leaf_weight=16.176716853179645 8.7191693393269833 22.098522822430823 22.247458294208627 28.652773718466051 11.870822642466008 13.296074026213317 112.10484280988385 13.364034750059544
leaf_count=2414 1365 4620 536 442 1815 1186 6066 2322
internal_value=5.61243e-05 0.00149682 0.00283716 0.0093017 -0.00669936 -0.00803874 0.000229657 -0.0136048
internal_weight=248.53 213.151 185.104 50.9002 28.0475 35.3793 134.203 22.0832
internal_count=20766 15893 11664 978 4229 4873 10686 3687
is_linear=0
shrinkage=0.025


Tree=236
num_leaves=9
num_cat=0
split_feature=61 0 61 48 0 16 9 31
split_gain=3.75521 9.91911 4.72159 5.00428 4.19023 3.39903 5.63607 6.51297
threshold=0.48281650000000004 0.48933350000000003 0.26781650000000007 0.25536650000000005 0.81016700000000008 0.7148580000000001 0.87000000000000011 1.0000000180025095e-35
decision_type=2 2 2 2 2 2 2 2
left_child=1 2 3 -1 -3 6 7 -2
right_child=5 4 -4 -5 -6 -7 -8 -9
leaf_value=0.0087228469659062485 0.0081492307127875082 -0.019431224983925403 0.011975435730225449 -0.0071685243647432537 -0.00018863250889527942 -0.0046023092334835855 0.010631734350395428 -0.0077262979035946817
leaf_weight=15.765486136149773 26.974495550282882 25.438245175466363 17.715906093173544 37.892634446201555 10.655069739364988 32.339693460948183 47.521687083877623 34.31783135276055
leaf_count=3904 946 5007 955 5111 1011 1182 1156 1408
internal_value=-0.000424817 -0.00393218 0.0014324 -0.00221901 -0.0142557 0.00221075 0.0043498 -0.000584313
internal_weight=248.621 107.467 71.374 53.6581 36.0933 141.154 108.814 61.2923
internal_count=20680 15988 9970 9015 6018 4692 3510 2354
is_linear=0
shrinkage=0.025


Tree=237
num_leaves=9
num_cat=0
split_feature=21 64 48 0 0 34 9 31
split_gain=4.3609 4.76483 4.25503 4.20821 5.15718 3.17806 3.91995 4.43041
threshold=0.70400000000000007 0.25028250000000002 0.15416700000000003 0.48933350000000003 0.41233350000000007 0.34666650000000004 0.81800000000000006 1.0000000180025095e-35
decision_type=2 2 2 2 2 2 2 2
left_child=1 2 -1 4 -3 -2 7 -7
right_child=5 3 -4 -5 -6 6 -8 -9
leaf_value=0.0076201306542875054 0.0068432894619430739 -0.0018191400879458133 -0.017365155890048497 -0.0078551357859603498 0.014596061080954579 0.0045863728785927463 0.0029884371168394709 -0.016393201540046774
leaf_weight=3.5726481189340147 64.429314753953804 33.454958858495957 20.738278053778231 30.083437758894434 15.815914862859243 8.1880447218136414 56.192933460188215 14.759158697859673
leaf_count=1262 2595 1909 9281 2311 626 302 1616 834
internal_value=0 -0.00386943 -0.0131082 -0.000694187 0.00366767 0.00280272 -0.000481934 -0.00883907
internal_weight=247.235 103.665 24.3109 79.3543 49.2709 143.569 79.1401 22.9472
internal_count=20736 15389 10543 4846 2535 5347 2752 1136
is_linear=0
shrinkage=0.025


Tree=238
num_leaves=9
num_cat=0
split_feature=62 29 39 0 18 19 3 19
split_gain=8.15352 4.42819 3.70172 3.47717 3.25042 2.51037 2.9084 1.65996
threshold=0.91666666666666685 0.89118900000000012 1.0000000180025095e-35 0.80456700000000014 0.70559200000000011 0.80242750000000007 0.97958701848983776 0.68063400000000007
decision_type=2 2 2 2 2 2 2 2
left_child=1 2 4 -4 -1 6 -2 -3
right_child=5 7 3 -5 -6 -7 -8 -9
leaf_value=-0.015377784183273253 -0.021125693078748689 -0.0015172330842279369 -0.00082003043523155665 0.0065132417010272522 0 0.006547178719412565 0.0063662926390502771 0.016114872063984917
leaf_weight=14.660427288959001 15.722948314170031 2.8794932752643971 123.81420072978835 56.809789855884446 16.290645930159371 1.4850027293432493 1.40673867141595 13.739527682657352
leaf_count=3609 4036 130 9901 2049 588 78 122 120
internal_value=-0.000189122 0.001131 6.60753e-05 0.00149143 -0.00761004 -0.0152757 -0.0180464 0.0128222
internal_weight=246.809 228.194 211.575 180.624 30.9511 18.6147 17.1297 16.619
internal_count=20633 16397 16147 11950 4197 4236 4158 250
is_linear=0
shrinkage=0.025


Tree=239
num_leaves=9
num_cat=0
split_feature=39 22 62 0 2 14 48 58
split_gain=4.07167 4.56315 4.20142 5.25877 4.47894 3.20524 3.65213 3.64677
threshold=1.0000000180025095e-35 0.49192400000000008 0.41666666666666669 0.45106650000000009 0.67016366124153148 1.0000000180025095e-35 0.58133350000000006 0.66083300000000011
decision_type=2 2 2 2 2 2 2 2
left_child=-1 2 4 -4 -2 7 -7 -3
right_child=1 5 3 -5 -6 6 -8 -9
leaf_value=-0.0086660811875254942 -0.0039006906254489037 -0.012963978691700781 0.0035001033217436717 -0.0067690501612158926 0.014316627713615802 0.018758532995312487 0.0014608312190474201 0.0083216162508354691
leaf_weight=33.472477539499778 12.810581063075917 7.4854512343881678 43.959078845556178 92.32857260140554 17.38625031162519 17.12651799080777 14.98582037957385 8.5186790071893466
leaf_count=5442 984 212 5530 6602 328 209 1117 164
internal_value=-0.00080826 0.000451443 -0.00148607 -0.00339982 0.00659302 0.00709671 0.011465 -0.00155169
internal_weight=248.073 214.601 166.484 136.288 30.1968 48.1165 32.1123 16.0041
internal_count=20588 15146 13444 12132 1312 1702 1326 376
is_linear=0
shrinkage=0.025


Tree=240
num_leaves=9
num_cat=0
split_feature=4 0 22 16 1 75 33 47
split_gain=3.70258 3.44138 7.44171 5.07352 2.81544 2.88703 2.51606 1.91363
threshold=1.0000000180025095e-35 0.45856650000000004 0.35252900000000004 0.7148580000000001 0.45146444439888006 1.0000000180025095e-35 0.70000000000000007 0.23241500000000001
decision_type=2 2 2 2 2 2 2 2
left_child=1 4 6 -4 7 -6 -3 -1
right_child=-2 2 3 -5 5 -7 -8 -9
leaf_value=0.0034268570015868536 -0.013154288134151711 -0.018758907823482579 0.0031317312210893504 -0.0070142853916187412 0.0091358067265458111 -0.008364208907688667 0.005932864820758694 -0.016673055064239939
leaf_weight=3.9483582002594622 11.079265302020756 16.087894432537727 116.72581218577125 39.474856999964686 52.237598648622225 4.5977469938625282 1.5494536868736748 3.7963194628500787
leaf_count=2684 2611 4336 4947 1722 2541 234 217 1471
internal_value=-0.000180269 0.00049585 -0.00130717 0.000463973 0.00535538 0.00735645 -0.0158245 -0.00705597
internal_weight=249.497 238.418 173.838 156.201 64.58 56.8353 17.6373 7.74468
internal_count=20763 18152 11222 6669 6930 2775 4553 4155
is_linear=0
shrinkage=0.025


Tree=241
num_leaves=9
num_cat=0
split_feature=20 20 62 29 1 19 31 3
split_gain=3.58768 4.24056 3.79402 4.01268 3.44018 2.54527 2.48967 1.80085
threshold=0.61172500000000007 0.63088750000000016 0.41666666666666669 0.52868100000000007 0.67177072167396557 0.64445900000000012 0.5186845000000001 0.94367167353630077
decision_type=2 2 2 2 2 2 2 2
left_child=6 5 4 -4 -3 -2 -1 -7
right_child=1 2 3 -5 -6 7 -8 -9
leaf_value=-0.017589242585994484 -0.00020529602939467763 -0.0019803431946788914 -0.003278562134269867 0.006682857888536297 0.013385916083990299 -0.00047644655730539687 0.0057699372884775389 0.023865322836786079
leaf_weight=9.5758349681736927 5.0769912071827994 13.52426467254554 159.83495362733083 27.669920124157215 19.884730265941471 1.5393059358793815 2.1381364091375863 7.533472007016826
leaf_count=7350 1029 482 9441 532 353 469 312 764
internal_value=-0.000102322 0.000587513 -0.000280836 -0.00171397 0.00719319 0.0129649 -0.012559 0.019718
internal_weight=246.778 235.064 220.914 187.505 33.409 14.1498 11.714 9.07278
internal_count=20732 13070 10808 9973 835 2262 7662 1233
is_linear=0
shrinkage=0.025


Tree=242
num_leaves=9
num_cat=0
split_feature=49 61 0 0 34 46 47 47
split_gain=4.43585 8.92656 5.13241 5.06595 4.56867 4.26074 3.80601 3.73588
threshold=1.0000000180025095e-35 0.50715900000000003 0.41350000000000003 0.77566650000000015 0.30615750000000003 0.7758750000000002 0.6150960000000002 0.9999920000000001
decision_type=2 2 2 2 2 2 2 2
left_child=2 3 -1 -2 5 -3 -4 -6
right_child=1 4 6 -5 7 -7 -8 -9
leaf_value=0.00051808123331885684 -0.015692140794895639 0.012741382884153453 0.021203576921374472 -0.0018726878063728067 -0.0053845708864686381 -0.0047622385731341463 -0.0049398140847223652 0.0093655593017230778
leaf_weight=50.497197768638216 36.132642358596058 31.048297001063474 13.738985963254892 32.8470186480954 48.662035722882138 9.8645648358360614 3.0734608088969244 11.441304635256527
leaf_count=5911 8458 793 462 2026 2029 752 94 94
internal_value=-0.000460126 -0.00263651 0.00484577 -0.00945539 0.00204018 0.00832103 0.0160086 -0.00224477
internal_weight=237.306 169.996 67.3096 68.9797 101.016 40.9129 16.8124 60.1033
internal_count=20619 14152 6467 10484 3668 1545 556 2123
is_linear=0
shrinkage=0.025


Tree=243
num_leaves=9
num_cat=0
split_feature=18 43 32 20 19 6 20 22
split_gain=3.89351 3.75394 4.90642 3.21705 4.52407 2.94626 2.43415 2.1285
threshold=0.63366850000000008 1.0000000180025095e-35 1.0000000180025095e-35 0.63088750000000016 0.68236450000000015 0.69149100000000019 0.61429200000000017 0.50784000000000018
decision_type=2 2 2 2 2 2 2 2
left_child=-1 3 5 6 -5 -3 -2 -4
right_child=1 2 7 4 -6 -7 -8 -9
leaf_value=-0.010684745944930903 -0.0061254821386121858 -0.0044567960591742452 -0.019778836322726819 -0.007581005715707842 0.003273729600288035 0.016717352035601801 0.020256879083536298 -0.00062254795702934834
leaf_weight=16.535948688142525 1.2949623622080242 7.5454538056073961 12.058100827431192 25.87908122526278 162.13867307778855 5.0269927215776988 8.0948514395658986 6.1886021258251267
leaf_count=9517 243 928 993 2090 5569 167 492 571
internal_value=0.000300001 0.00121437 -0.00657299 0.00252147 0.00167613 0.00462726 0.0155233 -0.0143555
internal_weight=244.763 228.227 30.8191 197.408 188.018 12.5724 9.38981 18.2467
internal_count=20570 11053 2659 8394 7659 1095 735 1564
is_linear=0
shrinkage=0.025


Tree=244
num_leaves=9
num_cat=0
split_feature=21 0 0 17 85 0 61 16
split_gain=3.53529 4.10794 3.43636 4.2985 4.23854 3.38039 3.11449 4.9631
threshold=0.77400000000000013 0.47246700000000003 0.41233350000000007 0.63550400000000007 1.0000000180025095e-35 0.48566650000000006 0.71538450000000009 0.62588250000000012
decision_type=2 2 2 2 2 2 2 2
left_child=1 2 4 -4 -1 -2 7 -7
right_child=5 -3 3 -5 -6 6 -8 -9
leaf_value=0.00066588391240944545 0.016501833563337322 -0.0092484891777863242 -0.0048822569781947186 0.018989327733880249 -0.017601133320630076 -0.017736673214177878 0.0077790679579479247 0.0010814066415126145
leaf_weight=41.671133063174238 8.5592109033896104 40.573553094372073 5.976058656055101 10.005954123922491 7.5889370008189863 7.6443120551994062 35.396856607694644 90.521628077563946
leaf_count=6520 192 6368 1202 405 888 808 1307 3009
internal_value=0.000199094 -0.00319428 0.000622342 0.0100959 -0.00257893 0.00278691 0.00162219 -0.000633993
internal_weight=247.938 105.816 65.2421 15.982 49.2601 142.122 133.563 98.1659
internal_count=20699 15383 9015 1607 7408 5316 5124 3817
is_linear=0
shrinkage=0.025


Tree=245
num_leaves=9
num_cat=0
split_feature=47 22 16 60 6 34 39 62
split_gain=3.6539 3.46029 4.39034 3.40295 3.16924 2.84989 2.58948 2.54485
threshold=0.95024300000000006 0.50574450000000015 0.71197200000000016 0.82000000000000017 0.78474400000000011 0.80745100000000003 1.0000000180025095e-35 0.58333333333333337
decision_type=2 2 2 2 2 2 2 2
left_child=1 2 3 -1 6 -2 -3 -6
right_child=5 4 -4 -5 7 -7 -8 -9
leaf_value=0.00038688100603182131 0.01135460542185409 -0.0087142216168874225 -0.012249277728341437 -0.011006753129192186 0.0085668591823815764 -0.0012948509026711342 0.010734705378343187 -0.019062605004556889
leaf_weight=122.69420688580885 26.574779807022423 2.9927950509591019 24.622475806405419 16.72030887074925 1.4210418444126833 16.022861942416057 29.442380765249254 3.615505647729151
leaf_count=13819 285 318 1258 3382 218 175 992 305
internal_value=7.50981e-05 -0.00131511 -0.0029145 -0.00106289 0.0052893 0.00658372 0.00832046 -0.00998197
internal_weight=244.106 201.509 164.037 139.415 37.4717 42.5976 32.4352 5.03655
internal_count=20752 20292 18459 17201 1833 460 1310 523
is_linear=0
shrinkage=0.025


Tree=246
num_leaves=9
num_cat=0
split_feature=60 9 61 55 22 65 2 55
split_gain=3.63507 3.7409 4.60359 3.21887 4.54473 2.96941 2.962 2.78284
threshold=0.82000000000000017 0.95350000000000013 0.49346600000000007 1.0000000180025095e-35 0.40501500000000007 0.047110500000000007 0.73102048039436351 1.0000000180025095e-35
decision_type=2 2 2 2 2 2 2 2
left_child=1 3 -3 5 -5 -1 7 -2
right_child=6 2 -4 4 -6 -7 -8 -9
leaf_value=-0.0090021324641263289 0 -0.0030401915156619682 0.013337003020688257 -0.0025408770607169475 0.0094957205601979861 3.2757780845543693e-05 0.0073004326255028318 -0.015416268161511768
leaf_weight=33.813197610183124 10.333138017093008 14.416563794380634 29.082079876417993 36.11810900672026 37.555983822050621 57.77137165332897 5.4486270064953706 19.052595355850826
leaf_count=6122 870 455 466 5094 1124 2621 285 3678
internal_value=0.000202612 0.00149677 0.0078493 -0.000204342 0.00358457 -0.0033439 -0.00700961 -0.010198
internal_weight=243.592 208.757 43.4986 165.259 73.6741 91.5846 34.8344 29.3857
internal_count=20715 15882 921 14961 6218 8743 4833 4548
is_linear=0
shrinkage=0.025


Tree=247
num_leaves=9
num_cat=0
split_feature=19 60 39 22 0 32 20 17
split_gain=4.24938 3.53408 3.80844 4.75885 3.46084 3.16461 2.92112 3.05516
threshold=0.64445900000000012 0.82000000000000017 1.0000000180025095e-35 0.50574450000000015 0.71253350000000015 0.45310000000000006 0.67350250000000011 0.62604550000000014
decision_type=2 2 2 2 2 2 2 2
left_child=5 2 4 -4 -2 -1 -3 -8
right_child=1 6 3 -5 -6 -7 7 -9
leaf_value=-0.017023720764204869 0.0010928804014671259 -0.020628445983039687 0.0018892697566014992 0.012486585381012215 -0.016079615535852868 0.0048517860008955443 0.0066622557106719715 -0.0085968043439025692
leaf_weight=12.220733471585847 16.614329843396266 4.8942426879857512 135.98583968444473 32.052835210924968 9.9144895136123505 4.1261912281170217 12.2050319933187 16.882693098486925
leaf_count=7698 1766 1397 6378 541 614 291 582 1340
internal_value=0.00037417 0.00132183 0.00265638 0.00407787 -0.00573936 -0.0111663 -0.00583378 -0.00193624
internal_weight=244.896 228.549 194.567 168.039 26.5288 16.3469 33.982 29.0877
internal_count=20607 12618 9299 6919 2380 7989 3319 1922
is_linear=0
shrinkage=0.025


Tree=248
num_leaves=9
num_cat=0
split_feature=60 19 34 41 3 19 47 19
split_gain=4.18451 5.12392 3.15583 3.78685 4.07054 3.3716 4.6644 2.97136
threshold=0.68000000000000005 0.70712000000000008 0.6859375000000002 1.0000000180025095e-35 0.95768409967422496 0.7199040000000001 0.73013700000000015 0.75306550000000005
decision_type=2 2 2 2 2 2 2 2
left_child=2 -2 5 4 -4 6 -1 -3
right_child=1 7 3 -5 -6 -7 -8 -9
leaf_value=-0.0024207551198123386 -0.015902318490521376 0.0042500916830228294 0.012073639344662539 -0.0089772403202872369 -0.0070770320400952982 0.0089779688894362133 0.011568226841658195 -0.010573431609595209
leaf_weight=56.752450574509567 15.917217482724935 29.228248326231551 14.766855141941052 24.986762948181422 9.6147433446822088 63.479006779278279 17.831073630703031 9.5675510179426038
leaf_count=10144 4615 1386 490 794 437 1504 343 1017
internal_value=0.00107934 -0.00484035 0.00287982 -0.00237554 0.0042734 0.00481966 0.0010405 7.1434e-05
internal_weight=242.144 54.713 187.431 49.3684 24.3816 138.063 74.5835 38.7958
internal_count=20730 7018 13712 1721 927 11991 10487 2403
is_linear=0
shrinkage=0.025


Tree=249
num_leaves=9
num_cat=0
split_feature=19 28 4 0 61 30 62 6
split_gain=3.42472 3.5581 2.68031 2.90355 7.22827 2.75623 2.43588 0.715168
threshold=0.64445900000000012 0.75473800000000013 0.62500000000000011 0.48566650000000006 0.48281650000000004 0.75000000000000011 0.41666666666666669 0.49784900000000004
decision_type=2 2 2 2 2 2 2 2
left_child=1 6 3 5 -5 -2 7 -1
right_child=2 -3 -4 4 -6 -7 -8 -9
leaf_value=0.0074266549645636394 0.0097302691237657925 0.0097146838021168139 -0.017549141076668214 -0.010073548151438676 0.0025054360720033826 -0.0013067398593326863 -0.020817437140614566 -0.0080264099228101651
leaf_weight=2.6125973790021848 40.228138987891725 2.711044846520962 2.6746365385806703 34.495258241000556 128.74023767542531 18.947595057732542 9.9647947374046435 1.0080062326196637
leaf_count=623 2863 252 567 4296 4365 585 7046 163
internal_value=0.000218625 -0.0101494 0.00108508 0.001497 -0.000197145 0.00614652 -0.0153325 0.000464839
internal_weight=241.382 16.2964 225.086 222.411 163.235 59.1757 13.5854 3.6206
internal_count=20760 8084 12676 12109 8661 3448 7832 786
is_linear=0
shrinkage=0.025


Tree=250
num_leaves=9
num_cat=0
split_feature=4 49 61 15 47 32 65 17
split_gain=4.19706 3.29124 6.97247 3.48983 2.62496 2.48606 4.30378 2.84529
threshold=1.0000000180025095e-35 1.0000000180025095e-35 0.48363350000000005 0.71231850000000019 0.9999920000000001 0.024615000000000001 0.028164500000000002 0.60684250000000006
decision_type=2 2 2 2 2 2 2 2
left_child=1 5 3 -3 -4 7 -7 -1
right_child=-2 2 4 -5 -6 6 -8 -9
leaf_value=-0.0049031892918525426 -0.013140082484174101 -0.012728325635353683 0.00089991766644630295 0.0024433558975115064 0.01074665659399144 -0.0094856687446014058 0.007165354668568432 0.01828071064326911
leaf_weight=2.6649905831600362 11.077241570553268 32.785889579661671 105.72677310596191 11.189047895830297 18.819772660557646 11.062482957706377 34.325285814313247 14.011534358465722
leaf_count=1339 2633 8387 4188 743 148 557 1181 1466
internal_value=0.000593104 0.00139241 -0.000394979 -0.00876653 0.00259342 0.00622353 0.00271963 0.0140459
internal_weight=241.663 230.586 168.521 43.9749 124.547 62.0643 45.3878 16.6765
internal_count=20642 18009 13466 9130 4336 4543 1738 2805
is_linear=0
shrinkage=0.025


Tree=251
num_leaves=9
num_cat=0
split_feature=64 61 6 62 3 64 20 58
split_gain=2.84808 4.7428 3.29667 3.05424 3.01546 2.66092 2.65752 2.47785
threshold=0.24455000000000002 0.71629350000000003 0.49474250000000003 0.75000000000000011 0.95125827193260204 0.62642000000000009 0.7515765000000002 0.33916700000000005
decision_type=2 2 2 2 2 2 2 2
left_child=1 2 -1 4 -3 6 7 -2
right_child=5 3 -4 -5 -6 -7 -8 -9
leaf_value=0.003218625974892773 -0.00069868084382304304 -0.010243504914939826 -0.012952567398073409 -0.015153203810514784 0.01662453892367996 -0.0018012452795690235 -0.0064789845005802692 0.0097177427718529909
leaf_weight=8.2451450986477521 19.085139622167844 1.5190920130407892 35.174761192843107 1.3264395202277217 9.9153266967332438 111.9271587561143 9.7810521138017048 40.892769725584458
leaf_count=4775 1225 68 6649 54 212 5868 277 1518
internal_value=-0.000964499 -0.00579058 -0.00971013 0.00654655 0.0115032 0.000533786 0.00433061 0.00636661
internal_weight=237.867 56.1808 43.4199 12.7609 11.4344 181.686 69.759 59.9779
internal_count=20646 11758 11424 334 280 8888 3020 2743
is_linear=0
shrinkage=0.025


Tree=252
num_leaves=9
num_cat=0
split_feature=60 9 0 3 46 20 1 61
split_gain=4.60576 5.31487 3.68153 6.30258 3.94403 3.28895 2.80123 2.58842
threshold=0.82000000000000017 0.95350000000000013 0.80776700000000012 0.93800881505012523 0.65022750000000007 0.69720050000000011 0.75267314910888683 0.49346600000000007
decision_type=2 2 2 2 2 2 2 2
left_child=1 2 4 -4 -1 -2 7 -3
right_child=5 6 3 -5 -6 -7 -8 -9
leaf_value=-0.001096962270021798 -0.018334398211650154 0.00094801076184999498 -0.016196047819714274 0.01192429459461597 -0.01753633891963393 -0.0019672339772143512 -0.013508804941064529 0.014871823213231933
leaf_weight=121.78525242712294 10.969191947381203 13.723227949973078 4.0645694895793012 25.594144541144487 8.0495294329448352 23.25722901554218 1.2772085457108904 27.419085418310715
leaf_count=13390 3320 466 200 619 627 1545 37 410
internal_value=3.98077e-05 0.00152981 -0.000549255 0.00705394 -0.00242364 -0.00814238 0.00918853 0.0106606
internal_weight=236.139 201.913 159.493 29.6587 129.835 34.2264 42.4195 41.1423
internal_count=20614 15749 14836 819 14017 4865 913 876
is_linear=0
shrinkage=0.025


Tree=253
num_leaves=9
num_cat=0
split_feature=60 9 34 55 2 3 20 20
split_gain=3.84386 4.19016 4.5452 4.3553 2.92568 2.84539 2.78667 2.66874
threshold=0.82000000000000017 0.95350000000000013 0.31400150000000004 1.0000000180025095e-35 0.71571186184883129 0.95810607075691234 0.71724200000000005 0.67597450000000014
decision_type=2 2 2 2 2 2 2 2
left_child=1 3 -3 7 -5 -4 -2 -1
right_child=6 2 5 4 -6 -7 -8 -9
leaf_value=0.00025456281625728031 -0.015078312870305741 0.017042095893330545 0.005685406878346711 0.00021403240710142466 0.012750048774942645 -0.010994561139494661 -0.00013633535665384471 -0.0086359585877227689
leaf_weight=30.937269696070871 17.331564854960561 15.440787953353718 18.120841015857881 61.519280240383523 12.764128304901531 7.3368443339422802 14.87406252022083 54.548216346207482
leaf_count=6642 3557 376 355 5972 183 176 1320 2115
internal_value=-0.00105565 0.0002262 0.00720231 -0.00158019 0.00274422 0.000154444 -0.00880814 -0.00540048
internal_weight=232.873 200.667 40.8985 159.769 74.2834 25.4577 32.2056 85.4855
internal_count=20696 15819 907 14912 6155 531 4877 8757
is_linear=0
shrinkage=0.025


Tree=254
num_leaves=9
num_cat=0
split_feature=39 60 9 22 3 61 43 17
split_gain=3.31843 3.7321 4.0031 5.12919 2.68916 3.17955 2.64251 3.20107
threshold=1.0000000180025095e-35 0.68000000000000005 0.9235000000000001 0.5006885000000002 0.965154528617859 0.72100950000000008 1.0000000180025095e-35 0.66839800000000016
decision_type=2 2 2 2 2 2 2 2
left_child=6 2 3 -2 5 -3 7 -1
right_child=1 4 -4 -5 -6 -7 -8 -9
leaf_value=-0.010168989570731715 -0.0020395231615329933 -0.013696584416180586 0.0099187757182413339 0.010452529117112565 0.0019427133012460069 0.003773857459142535 -0.020688240199312872 0.0057248103478821574
leaf_weight=15.83998102852229 95.081509798566003 22.880242998306134 36.386553104617633 23.974953225697391 19.657398873106558 7.0097048331517717 5.5953248305086154 11.894629752285253
leaf_count=3013 8319 3544 678 412 1807 503 1881 527
internal_value=-0.00022658 0.00095199 0.00288518 0.000545233 -0.00484407 -0.00938456 -0.00733102 -0.00317376
internal_weight=238.32 204.99 155.443 119.056 49.5473 29.8899 33.3299 27.7346
internal_count=20684 15263 9409 8731 5854 4047 5421 3540
is_linear=0
shrinkage=0.025


Tree=255
num_leaves=9
num_cat=0
split_feature=60 20 2 4 3 0 31 55
split_gain=3.86797 3.50998 3.02434 2.74344 2.56972 6.09544 3.70157 2.39924
threshold=0.82000000000000017 0.67350250000000011 0.73102048039436351 1.0000000180025095e-35 0.93800881505012523 0.72783350000000013 0.31505900000000003 1.0000000180025095e-35
decision_type=2 2 2 2 2 2 2 2
left_child=3 -2 7 4 5 -1 -6 -3
right_child=1 2 -4 -5 6 -7 -8 -9
leaf_value=0.0027208439397259721 -0.022066680569581484 0.0028940966950284745 0.010621765460212703 -0.010570924671610978 0.0017430700721931085 -0.01656787597386571 0.011865075784370807 -0.012873750858600451
leaf_weight=32.930917786181453 6.1574662728230569 7.6570214041566986 5.8430359917692831 9.0518879471437668 120.02989472498302 12.34311467289808 26.950443588910275 13.881690250618703
leaf_count=3698 2869 162 282 2189 8340 637 952 1516
internal_value=9.9533e-05 -0.00747653 -0.00266157 0.00145979 0.00216784 -0.00285767 0.00378376 -0.00718003
internal_weight=234.845 33.5392 27.3817 201.306 192.254 45.274 146.98 21.5387
internal_count=20645 4829 1960 15816 13627 4335 9292 1678
is_linear=0
shrinkage=0.025


Tree=256
num_leaves=9
num_cat=0
split_feature=62 61 0 0 20 22 1 47
split_gain=2.75594 3.9969 4.94513 7.55672 3.74181 2.88487 5.71379 3.28773
threshold=0.58333333333333337 0.91961550000000014 0.43580000000000002 0.30946700000000005 0.7778965000000001 0.19813650000000002 0.59289580583572399 0.53914550000000017
decision_type=2 2 2 2 2 2 2 2
left_child=5 2 3 -2 -4 -1 7 -7
right_child=1 -3 4 -5 -6 6 -8 -9
leaf_value=0.015704182319799039 -0.013516181412095946 0.013726271538902858 -0.0091042391863813375 0.011734074738141717 0.0074579407587815677 -0.01593436091366535 0.0045660681849039519 0.00027185892533889436
leaf_weight=7.7122696292190076 8.5564663927170859 6.4151040064170948 72.569250689933142 22.349983570015866 7.6097389428759916 13.775230939718314 85.239768380502937 13.642795693627702
leaf_count=1055 3286 89 8230 2259 200 2496 2403 507
internal_value=-6.2232e-05 -0.00279227 -0.00403842 0.00411899 -0.00729782 0.00254352 0.00131894 -0.0081452
internal_weight=237.871 117.501 111.085 30.9064 80.179 120.37 112.658 27.418
internal_count=20525 14064 13975 5545 8430 6461 5406 3003
is_linear=0
shrinkage=0.025


Tree=257
num_leaves=9
num_cat=0
split_feature=21 0 34 0 0 17 46 9
split_gain=3.37696 4.13093 4.24345 3.75208 5.03206 3.75702 3.64053 3.40031
threshold=0.70400000000000007 0.43580000000000002 0.34666650000000004 0.48220000000000002 0.41233350000000007 0.63550400000000007 0.6739130000000001 0.81800000000000006
decision_type=2 2 2 2 2 2 2 2
left_child=3 -2 6 4 -1 -6 -3 -4
right_child=1 2 7 -5 5 -7 -8 -9
leaf_value=-0.003473825069539865 0.018898605619246195 0.0098439527871544679 -0.009886110204043029 -0.0087896464175805499 -0.0026060265866231051 0.019425230028608992 -0.0041417882264932144 0.00137670512363613
leaf_weight=45.23462887962296 7.6597093942982601 46.595873026228219 22.572053553842125 39.221473414327647 6.1587846329948688 11.013374091042349 13.184387824730946 48.845273552858998
leaf_count=7371 182 1549 1103 6201 1326 424 968 1605
internal_value=0.000475227 0.00301807 0.00176476 -0.00291794 0.000814214 0.011685 0.00660381 -0.00225319
internal_weight=240.486 138.857 131.198 101.628 62.4068 17.1722 59.7803 71.4173
internal_count=20729 5407 5225 15322 9121 1750 2517 2708
is_linear=0
shrinkage=0.025


Tree=258
num_leaves=9
num_cat=0
split_feature=39 29 16 61 19 19 34 1
split_gain=3.18281 3.21415 3.18682 3.43036 3.04523 2.81823 2.46462 2.30645
threshold=1.0000000180025095e-35 0.60023650000000017 0.70892750000000004 0.71538450000000009 0.64445900000000012 0.74607200000000018 0.99341650000000004 0.55251991748809826
decision_type=2 2 2 2 2 2 2 2
left_child=5 2 4 -4 -2 6 -1 -3
right_child=1 7 3 -5 -6 -7 -8 -9
leaf_value=-0.017049945721827477 -0.0089181624310899418 -0.0066446152499513127 -0.0093516446826364744 0.0082177611822072411 0.002836524536304637 0.0017752568406706184 0.0011498762089643478 0.012221163373491183
leaf_weight=15.467820094330365 13.261097926927958 3.0409854586478131 34.922402853204403 6.4721792218042529 126.37672403061879 11.790228337595179 4.9979989667735927 20.707931109704077
leaf_count=4719 5558 313 1415 691 7005 400 319 245
internal_value=-0.000225469 0.000913534 -0.000219197 -0.00617964 0.00155709 -0.00730666 -0.0125648 0.0091857
internal_weight=237.037 204.781 181.032 41.3946 139.638 32.256 20.4658 23.7489
internal_count=20665 15227 14669 2106 12563 5438 5038 558
is_linear=0
shrinkage=0.025


Tree=259
num_leaves=9
num_cat=0
split_feature=62 0 48 17 18 17 18 48
split_gain=2.95943 4.11846 2.75095 2.66199 5.10387 4.36731 3.37641 2.78634
threshold=0.91666666666666685 0.67670000000000019 0.36516700000000007 0.61923800000000007 0.70820500000000008 0.67207400000000017 0.72242750000000011 0.15416700000000003
decision_type=2 2 2 2 2 2 2 2
left_child=3 2 -2 4 -1 -5 -6 -7
right_child=1 -3 -4 5 6 7 -8 -9
leaf_value=-0.010181622442542844 -0.01410474335707272 -0.019131170037459108 0.01045485734089594 0.0066596843315828384 0.012632949276045958 0.01601714681454719 -0.0061676799871877097 -0.0026516209117458858
leaf_weight=35.669351058743359 2.1847947040132585 10.480068029201446 6.5637233298466526 63.018712471447543 12.096750807191713 3.2091309931420247 8.1380666068289411 93.930600420761039
leaf_count=7515 1360 1538 1358 4557 327 170 365 3620
internal_value=-0.000902533 -0.00980994 0.00214049 0 -0.00462799 0.00161612 0.00485973 -0.00164854
internal_weight=235.291 19.2286 8.74852 216.063 55.9042 160.158 20.2348 97.1397
internal_count=20810 4256 2718 16554 8207 8347 692 3790
is_linear=0
shrinkage=0.025


end of trees

feature_importances:
Column_0=139
Column_9=124
Column_62=122
Column_29=121
Column_1=120
Column_19=113
Column_2=111
Column_60=96
Column_39=91
Column_47=90
Column_61=90
Column_22=89
Column_17=62
Column_20=58
Column_64=51
Column_16=50
Column_43=49
Column_18=45
Column_48=44
Column_15=36
Column_31=34
Column_49=27
Column_34=25
Column_21=24
Column_3=23
Column_14=23
Column_6=22
Column_44=21
Column_4=18
Column_65=17
Column_32=16
Column_46=14
Column_58=13
Column_55=12
Column_24=10
Column_66=10
Column_30=8
Column_26=7
Column_28=7
Column_33=6
Column_54=6
Column_37=5
Column_8=4
Column_27=4
Column_41=4
Column_25=3
Column_59=3
Column_23=2
Column_40=2
Column_45=2
Column_75=2
Column_42=1
Column_74=1
Column_78=1
Column_81=1
Column_85=1

parameters:
[boosting: gbdt]
[objective: lambdarank]
[metric: ndcg]
[tree_learner: serial]
[device_type: cpu]
[data_sample_strategy: bagging]
[data: ]
[valid: ]
[num_iterations: 260]
[learning_rate: 0.025]
[num_leaves: 9]
[num_threads: 6]
[seed: 20260903]
[deterministic: 0]
[force_col_wise: 0]
[force_row_wise: 0]
[histogram_pool_size: -1]
[max_depth: 4]
[min_data_in_leaf: 24]
[min_sum_hessian_in_leaf: 0.001]
[bagging_fraction: 0.8]
[pos_bagging_fraction: 1]
[neg_bagging_fraction: 1]
[bagging_freq: 1]
[bagging_seed: 1721]
[bagging_by_query: 0]
[feature_fraction: 0.85]
[feature_fraction_bynode: 1]
[feature_fraction_seed: 12732]
[extra_trees: 0]
[extra_seed: 6506]
[early_stopping_round: 0]
[early_stopping_min_delta: 0]
[first_metric_only: 0]
[max_delta_step: 0]
[lambda_l1: 0.3]
[lambda_l2: 2]
[linear_lambda: 0]
[min_gain_to_split: 0]
[drop_rate: 0.1]
[max_drop: 50]
[skip_drop: 0.5]
[xgboost_dart_mode: 0]
[uniform_drop: 0]
[drop_seed: 14009]
[top_rate: 0.2]
[other_rate: 0.1]
[min_data_per_group: 100]
[max_cat_threshold: 32]
[cat_l2: 10]
[cat_smooth: 10]
[max_cat_to_onehot: 4]
[top_k: 20]
[monotone_constraints: ]
[monotone_constraints_method: basic]
[monotone_penalty: 0]
[feature_contri: ]
[forcedsplits_filename: ]
[refit_decay_rate: 0.9]
[cegb_tradeoff: 1]
[cegb_penalty_split: 0]
[cegb_penalty_feature_lazy: ]
[cegb_penalty_feature_coupled: ]
[path_smooth: 0]
[interaction_constraints: ]
[verbosity: -1]
[saved_feature_importance_type: 0]
[use_quantized_grad: 0]
[num_grad_quant_bins: 4]
[quant_train_renew_leaf: 0]
[stochastic_rounding: 1]
[linear_tree: 0]
[max_bin: 255]
[max_bin_by_feature: ]
[min_data_in_bin: 3]
[bin_construct_sample_cnt: 200000]
[data_random_seed: 5030]
[is_enable_sparse: 1]
[enable_bundle: 1]
[use_missing: 1]
[zero_as_missing: 0]
[feature_pre_filter: 1]
[pre_partition: 0]
[two_round: 0]
[header: 0]
[label_column: ]
[weight_column: ]
[group_column: ]
[ignore_column: ]
[categorical_feature: ]
[forcedbins_filename: ]
[precise_float_parser: 0]
[parser_config_file: ]
[objective_seed: 27550]
[num_class: 1]
[is_unbalance: 0]
[scale_pos_weight: 1]
[sigmoid: 1]
[boost_from_average: 1]
[reg_sqrt: 0]
[alpha: 0.9]
[fair_c: 1]
[poisson_max_delta_step: 0.7]
[tweedie_variance_power: 1.5]
[lambdarank_truncation_level: 30]
[lambdarank_norm: 1]
[label_gain: ]
[lambdarank_position_bias_regularization: 0]
[eval_at: 1,2,3,4,5]
[multi_error_top_k: 1]
[auc_mu_weights: ]
[num_machines: 1]
[local_listen_port: 12400]
[time_out: 120]
[machine_list_filename: ]
[machines: ]
[gpu_platform_id: -1]
[gpu_device_id: -1]
[gpu_device_id_list: ]
[gpu_use_dp: 0]
[num_gpu: 1]

end of parameters

pandas_categorical:null
