tree
version=v4
num_class=1
num_tree_per_iteration=1
label_index=0
max_feature_idx=82
objective=lambdarank
feature_names=Column_0 Column_1 Column_2 Column_3 Column_4 Column_5 Column_6 Column_7 Column_8 Column_9 Column_10 Column_11 Column_12 Column_13 Column_14 Column_15 Column_16 Column_17 Column_18 Column_19 Column_20 Column_21 Column_22 Column_23 Column_24 Column_25 Column_26 Column_27 Column_28 Column_29 Column_30 Column_31 Column_32 Column_33 Column_34 Column_35 Column_36 Column_37 Column_38 Column_39 Column_40 Column_41 Column_42 Column_43 Column_44 Column_45 Column_46 Column_47 Column_48 Column_49 Column_50 Column_51 Column_52 Column_53 Column_54 Column_55 Column_56 Column_57 Column_58 Column_59 Column_60 Column_61 Column_62 Column_63 Column_64 Column_65 Column_66 Column_67 Column_68 Column_69 Column_70 Column_71 Column_72 Column_73 Column_74 Column_75 Column_76 Column_77 Column_78 Column_79 Column_80 Column_81 Column_82
feature_infos=[0:1] [-0.035627521574497223:0.83773982524871826] [-0.035817231982946396:0.86836433410644531] [0.63048857450485229:0.99203497171401978] [0:1] [0:1] [0.29658499999999999:0.83450299999999999] [0:1] [0:1] [0.080000000000000002:1] [0:1] none [0:1] none [0:1] [0:0.85160000000000002] [0.52320800000000001:0.79572299999999996] [0:0.79816399999999998] [0.53391100000000002:0.79447900000000005] [0.52735900000000002:0.82273300000000005] [0.476688:0.82699] [0:1] [0.088976:0.645644] [0:1] [0:1] [0:1] [0:1] [0:1] [0:1] [0:1] [0:1] [0:0.80000000000000004] [0:1] [0:1] [0:1] [0:1] [0:1] [0:1] none [0:1] [0:1] [0:1] [0:1] [0:1] [0:1] [0:1] [0:1] [0:1] [0:1] [0:1] [0:1] [0:1] [0:1] [0.55000000000000004:0.90000000000000002] [0:1] [0:1] none [0:1] [0:1] [0:1] [0.059999999999999998:1] [0:1] [0.16666666666666666:1] [0:1] [0:1] [0:1] [0:1] [0:1] [0:1] [0:1] [0:1] [0:1] [0:1] [0:1] [0:1] [0:1] [0:1] [0:1] [0:1] [0:1] [0:1] [0:1] [0:1]
tree_sizes=891 894 896 888 893 890 894 892 898 898 892 900 896 897 896 897 893 895 899 898 896 897 893 895 892 896 899 893 892 891 896 895 898 900 898 899 898 898 897 876 891 898 898 896 890 898 901 899 904 898 896 892 892 903 899 896 900 899 903 898 893 891 894 902 896 903 892 905 901 895 901 893 899 898 895 902 898 893 903 895 897 895 904 897 907 901 899 901 898 907 897 897 907 892 907 904 910 897 900 905 898 897 898 907 900 898 904 895 901 890 901 903 895 903 903 898 903 903 899 899 906 901 904 900 901 899 896 895 895 904 898 904 902 902 904 902 900 897 900 900 905 902 902 900 910 903 903 908 899 906 904 906 893 903 901 879 895 903 899 902 900 896 902 903 903 899 911 905 902 908 901 908 899 895 907 903 910 891 902 899 911 899 896 881 906 905 901 903 904 901 903 902 898 905 889 901 896 899 905 896 905 900 913 881 907 902 904 903 897 886 901 900 906 904 904 906 907 911 880 904 906 903 903 904 911 900 912 907 909 905 899 898 912 904 910 902 910 909 906 913

Tree=0
num_leaves=7
num_cat=0
split_feature=9 62 1 19 48 39
split_gain=552.675 134.829 49.6744 36.466 30.4971 25.5134
threshold=0.58350000000000002 0.75000000000000011 0.56914222240448009 0.71643750000000017 0.66350000000000009 1.0000000180025095e-35
decision_type=2 2 2 2 2 2
left_child=3 2 5 -1 -3 -2
right_child=1 4 -4 -5 -6 -7
leaf_value=-0.044014354773013804 -0.022348435626503814 -0.022100200729168032 0.03507309157856784 0.0017366258683491631 0.012311622758839812 0.01599808051514055
leaf_weight=130.2268280133685 11.141862680611665 47.433961439310224 170.56338335213513 11.260225845544481 21.460746483062394 50.806432223325828
leaf_count=13460 863 3629 4407 632 978 2200
internal_value=0 0.0191152 0.0281594 -0.0403456 -0.0112026 0.00836603
internal_weight=442.893 301.406 232.512 141.487 68.8947 61.9483
internal_count=26169 12077 7470 14092 4607 3063
is_linear=0
shrinkage=0.025


Tree=1
num_leaves=7
num_cat=0
split_feature=1 47 60 39 18 1
split_gain=969.501 293.082 231.54 194.631 144.506 83.2098
threshold=0.50930187106132518 0.92324450000000013 0.68000000000000005 1.0000000180025095e-35 0.6623420000000001 0.71458289027214061
decision_type=2 2 2 2 2 2
left_child=4 2 3 -2 -1 -4
right_child=1 -3 5 -5 -6 -7
leaf_value=-0.043427107216499394 -0.020792203107027535 0.035918590499786025 -0.026585889528125097 0.02016521861317996 -0.0068104719960878097 0.023926333659575472
leaf_weight=274.25922887970228 85.033120008185506 259.21447337931022 151.42793477553641 424.34869439265458 91.201378998346627 21.329761498258449
leaf_count=12764 1716 697 3972 4559 2075 386
internal_value=0 0.0134192 0.00475665 0.0132428 -0.0344215 -0.0200471
internal_weight=1306.81 941.354 682.14 509.382 365.461 172.758
internal_count=26169 11330 10633 6275 14839 4358
is_linear=0
shrinkage=0.025


Tree=2
num_leaves=7
num_cat=0
split_feature=9 62 1 19 0 19
split_gain=984.619 287.195 97.3755 71.4473 64.0732 61.7342
threshold=0.57000000000000017 0.58333333333333337 0.45899933576583868 0.68318650000000003 0.38683350000000005 0.71974850000000001
decision_type=2 2 2 2 2 2
left_child=5 3 -3 -2 -4 -1
right_child=1 2 4 -5 -6 -7
leaf_value=-0.041875280409642883 0.0045123190279711331 -0.033767140591547125 0.025321616065135652 0.030008377972734902 -0.0021440637559107809 -0.0040537101596547489
leaf_weight=281.59014501504134 84.396717345458455 50.552040111098904 60.973836000892334 414.90057435911149 320.50784432608634 31.002739120041952
leaf_count=13479 1227 1906 621 2875 5531 530
internal_value=0 0.0128941 -0.00201758 0.0257601 0.00235939 -0.0382139
internal_weight=1243.92 931.331 432.034 499.297 381.482 312.593
internal_count=26169 12160 8058 4102 6152 14009
is_linear=0
shrinkage=0.025


Tree=3
num_leaves=7
num_cat=0
split_feature=9 62 19 47 29 47
split_gain=896.144 237.869 158.524 105.952 93.2349 38.9789
threshold=0.65000000000000013 0.75000000000000011 0.71974850000000001 0.94988050000000013 0.75473800000000013 0.6273510000000001
decision_type=2 2 2 2 2 2
left_child=2 3 -1 4 -2 -3
right_child=1 5 -4 -5 -6 -7
leaf_value=-0.040161613359751977 0.0083813224525089106 -0.0304550978275865 0.003877737150282526 0.033668754739767201 0.038441681929363335 -0.0024505784725077761
leaf_weight=302.21794253063854 436.43258372112177 66.254668670590036 60.446864154655486 223.44127260800451 74.068586972542107 58.860824994044378
leaf_count=14551 6346 2779 830 371 189 1103
internal_value=0 0.013911 -0.0328211 0.0193456 0.0129259 -0.017655
internal_weight=1221.72 859.058 362.665 733.942 510.501 125.115
internal_count=26169 10788 15381 6906 6535 3882
is_linear=0
shrinkage=0.025


Tree=4
num_leaves=7
num_cat=0
split_feature=1 9 62 9 29 0
split_gain=827.123 202.073 104.747 86.0024 67.3801 60.3619
threshold=0.50930187106132518 0.71000000000000008 0.75000000000000011 0.73000000000000009 1.0000000180025095e-35 0.43580000000000002
decision_type=2 2 2 2 2 2
left_child=3 5 4 -1 -3 -2
right_child=1 2 -4 -5 -6 -7
leaf_value=-0.041715138376370774 0.0082769288887330032 0.014253281125605869 -0.008454962281924357 -0.012342963156182621 0.031249559387612431 -0.020870467538940576
leaf_weight=235.79229225683957 68.231982451863587 309.71175761311315 74.675586662488058 89.311636320198886 292.01327386894263 117.47841145796701
leaf_count=12365 1264 3289 2127 2474 1522 3128
internal_value=0 0.0128178 0.01915 -0.0338286 0.0226111 -0.0101472
internal_weight=1187.21 862.111 676.401 325.104 601.725 185.71
internal_count=26169 11330 6938 14839 4811 4392
is_linear=0
shrinkage=0.025


Tree=5
num_leaves=7
num_cat=0
split_feature=9 1 44 39 60 31
split_gain=780.87 238.497 92.715 79.6395 60.1465 51.0443
threshold=0.63000000000000012 0.60620689392089855 0.10183150000000002 1.0000000180025095e-35 0.68000000000000005 0.5186845000000001
decision_type=2 2 2 2 2 2
left_child=5 2 -2 -4 -3 -1
right_child=1 4 3 -5 -6 -7
leaf_value=-0.037532843772755904 -0.019039792521941143 0.027783134486532097 -0.027672176047737418 0.0123625634292971 0.0068762525732313888 0.0084793406510786495
leaf_weight=278.65886205114657 141.14673596358625 386.09033080504742 34.066485374991316 203.2586735971272 114.54595269088168 14.720707788190337
leaf_count=13683 3684 2267 1111 2763 2164 497
internal_value=0 0.0117943 -0.00315817 0.0063508 0.023075 -0.0351424
internal_weight=1172.49 879.108 378.472 237.325 500.636 293.38
internal_count=26169 11989 7558 3874 4431 14180
is_linear=0
shrinkage=0.025


Tree=6
num_leaves=7
num_cat=0
split_feature=1 9 62 9 61 32
split_gain=741.821 168.235 92.7411 68.9636 60.2629 55.3821
threshold=0.50930187106132518 0.71000000000000008 0.75000000000000011 0.73000000000000009 0.49870650000000005 0.097470000000000015
decision_type=2 2 2 2 2 2
left_child=3 5 4 -1 -3 -2
right_child=1 2 -4 -5 -6 -7
leaf_value=-0.040163012791980993 -0.023123494909126255 0.01040984711246034 -0.0083113443143461013 -0.01330063663501738 0.027111961700526183 0.0046867192844520043
leaf_weight=224.24152922467329 89.120164476335049 219.45788153499598 73.805547859403305 87.114797842514236 378.80990285717417 85.296943613444455
leaf_count=12365 2881 2256 2127 2474 2555 1511
internal_value=0 0.0121407 0.0178104 -0.0328408 0.0210686 -0.00959969
internal_weight=1157.85 846.49 672.073 311.356 598.268 174.417
internal_count=26169 11330 6938 14839 4811 4392
is_linear=0
shrinkage=0.025


Tree=7
num_leaves=7
num_cat=0
split_feature=9 62 47 29 48 44
split_gain=674.599 205.383 104.829 111.749 41.3667 36.7236
threshold=0.57000000000000017 0.75000000000000011 0.8716965000000001 0.75473800000000013 0.66350000000000009 0.076556500000000013
decision_type=2 2 2 2 2 2
left_child=5 2 3 -2 -3 -1
right_child=1 4 -4 -5 -6 -7
leaf_value=-0.038815782529774225 0.0024274130355479481 -0.026053039227645611 0.027912563762870171 0.034131493680907871 0.0048562609047188565 -0.014929706780854705
leaf_weight=216.57659976481227 370.55819666804746 96.031592211103998 281.11683884169906 83.375777782406658 35.73401100182673 56.232231412315741
leaf_count=11656 6562 3674 747 199 978 2353
internal_value=0 0.0108007 0.015959 0.00842484 -0.0176711 -0.0341044
internal_weight=1139.63 866.816 735.051 453.934 131.766 272.809
internal_count=26169 12160 7508 6761 4652 14009
is_linear=0
shrinkage=0.025


Tree=8
num_leaves=7
num_cat=0
split_feature=1 9 2 9 29 44
split_gain=638.334 146.144 87.4634 62.4624 59.5016 49.701
threshold=0.50930187106132518 0.71000000000000008 0.67512935400009166 0.73000000000000009 1.0000000180025095e-35 0.077879000000000018
decision_type=2 2 2 2 2 2
left_child=3 5 4 -1 -3 -2
right_child=1 2 -4 -5 -6 -7
leaf_value=-0.038375980119747584 -0.024118629468265929 -7.5627569154427892e-05 0.027867962234799971 -0.012378017356354633 0.019260822741695105 0.0029652299870586351
leaf_weight=213.41985359619139 75.247880922921468 207.65999132796424 260.98732817475684 84.722248788224533 186.78918890783098 90.872220894845668
leaf_count=12365 2695 3472 1946 2474 1520 1697
internal_value=0 0.0113761 0.0166776 -0.0311817 0.00912263 -0.00942683
internal_weight=1119.7 821.557 655.437 298.142 394.449 166.12
internal_count=26169 11330 6938 14839 4992 4392
is_linear=0
shrinkage=0.025


Tree=9
num_leaves=7
num_cat=0
split_feature=2 9 15 62 43 32
split_gain=597.296 151.761 74.6633 74.3123 60.329 42.3404
threshold=0.51854240894317638 0.71000000000000008 0.67617700000000014 0.58333333333333337 1.0000000180025095e-35 0.097470000000000015
decision_type=2 2 2 2 2 2
left_child=2 5 -1 -3 -5 -2
right_child=1 3 -4 4 -6 -7
leaf_value=-0.035341079398230044 -0.022332590831511626 0.023366713548511275 -0.0025740469532693341 0.011068687031184826 -0.022786935172120867 0.0026372075426363654
leaf_weight=250.96962704954785 82.332069225085434 401.10030221170746 53.660725794150494 200.22937564022141 36.743424809887074 82.892391216417309
leaf_count=13426 3058 3092 1416 2732 935 1510
internal_value=0 0.0113071 -0.0296656 0.0168295 0.00559964 -0.0099006
internal_weight=1107.93 803.298 304.63 638.073 236.973 165.224
internal_count=26169 11327 14842 6759 3667 4568
is_linear=0
shrinkage=0.025


Tree=10
num_leaves=7
num_cat=0
split_feature=9 62 47 29 48 19
split_gain=570.464 177.574 84.6908 91.2559 36.6749 32.4292
threshold=0.57000000000000017 0.75000000000000011 0.92324450000000013 0.89118900000000012 0.66350000000000009 0.71974850000000001
decision_type=2 2 2 2 2 2
left_child=5 2 3 -2 -3 -1
right_child=1 4 -4 -5 -6 -7
leaf_value=-0.03499920576549282 0.0038705635771549038 -0.024854383392300266 0.027061732840429443 0.034025774959180993 0.0041530991776802416 -0.0042351553633478657
leaf_weight=235.27121436834568 395.92231042982894 92.455821131588891 238.96460539568216 72.467698580352589 36.624511635920499 25.071426788344979
leaf_count=13479 6844 3674 520 144 978 530
internal_value=0 0.0100691 0.0149959 0.00871053 -0.0166349 -0.0321383
internal_weight=1096.78 836.435 707.355 468.39 129.08 260.343
internal_count=26169 12160 7508 6988 4652 14009
is_linear=0
shrinkage=0.025


Tree=11
num_leaves=7
num_cat=0
split_feature=1 62 29 46 18 44
split_gain=534.484 132.687 72.2084 67.6604 54.9747 54.1625
threshold=0.50930187106132518 0.58333333333333337 0.60023650000000017 0.040641500000000004 0.66503600000000007 0.081609000000000015
decision_type=2 2 2 2 2 2
left_child=4 3 5 -2 -1 -3
right_child=1 2 -4 -5 -6 -7
leaf_value=-0.035182255261865004 -0.004913845033276236 -0.022858996423498115 0.025852264039955317 0.02260531428904982 -0.0082968981828722178 0.00069649477377476017
leaf_weight=220.3483300502121 63.081429876852781 86.22121645140578 47.683644091826864 409.67218305915594 63.937171379977372 192.72299841768108
leaf_count=12926 1542 2720 298 3134 1913 3636
internal_value=0 0.0104757 -0.00175386 0.0189084 -0.0292912 -0.00669176
internal_weight=1083.67 799.381 326.628 472.754 284.286 278.944
internal_count=26169 11330 6654 4676 14839 6356
is_linear=0
shrinkage=0.025


Tree=12
num_leaves=7
num_cat=0
split_feature=9 1 39 44 60 20
split_gain=516.334 156.637 64.4133 64.5811 44.8157 38.5096
threshold=0.57000000000000017 0.60620689392089855 1.0000000180025095e-35 0.10183150000000002 0.68000000000000005 0.69622600000000012
decision_type=2 2 2 2 2 2
left_child=-1 2 -2 -4 -3 -6
right_child=1 4 3 -5 5 -7
leaf_value=-0.031069187237631031 -0.02653109807233163 0.022992463591223915 -0.014984831378283171 0.010050341617010456 -0.025036308119881043 0.011669237091057973
leaf_weight=252.71143628773279 58.496452201536158 369.26331741618924 93.762941975612193 191.72664810559945 19.728246033191681 87.948343338794075
leaf_count=14009 2131 2283 2770 2807 473 1696
internal_value=0 0.00962954 -0.00319996 0.00173899 0.0188693 0.00444922
internal_weight=1073.64 820.926 343.986 285.49 476.94 107.677
internal_count=26169 12160 7708 5577 4452 2169
is_linear=0
shrinkage=0.025


Tree=13
num_leaves=7
num_cat=0
split_feature=1 47 29 62 18 15
split_gain=488.239 120.225 113.439 90.6539 50.0129 19.3565
threshold=0.50930187106132518 0.94988050000000013 0.75473800000000013 0.41666666666666669 0.68368300000000015 0.67617700000000014
decision_type=2 2 2 2 2 2
left_child=4 2 3 -2 -1 -6
right_child=1 -3 -4 -5 5 -7
leaf_value=-0.032676190173822131 0.022181942537506875 0.026050811025740563 0.029266900127030888 -0.0058053420712229388 -0.025299933128742937 0.0097942913204855844
leaf_weight=237.84678208135301 85.635416005272418 211.48060425615404 91.104886619606987 400.48939854188939 12.21372851214255 26.874985095113516
leaf_count=13831 1229 519 302 9280 512 496
internal_value=0 0.0100329 0.00406232 -0.000768947 -0.0284079 -0.00182259
internal_weight=1065.65 788.71 577.23 486.125 276.935 39.0887
internal_count=26169 11330 10811 10509 14839 1008
is_linear=0
shrinkage=0.025


Tree=14
num_leaves=7
num_cat=0
split_feature=9 62 47 39 48 30
split_gain=468.233 143.388 66.6256 90.4987 34.7843 29.6365
threshold=0.57000000000000017 0.75000000000000011 0.92324450000000013 1.0000000180025095e-35 0.66350000000000009 0.66500000000000015
decision_type=2 2 2 2 2 2
left_child=5 2 3 -2 -3 -1
right_child=1 4 -4 -5 -6 -7
leaf_value=-0.032371335930642772 -0.021565515979429937 -0.023600277904395915 0.024589857393902306 0.012176823109074648 0.0044646442085208675 0.0027231845710129453
leaf_weight=229.16858034822508 54.233620808226988 87.675576397043187 230.6956087006256 398.15829886682332 38.073114647791954 15.197394030867143
leaf_count=13487 1384 3674 520 5604 978 522
internal_value=0 0.00917311 0.0136956 0.0080162 -0.0151134 -0.0301478
internal_weight=1053.2 808.836 683.088 452.392 125.749 244.366
internal_count=26169 12160 7508 6988 4652 14009
is_linear=0
shrinkage=0.025


Tree=15
num_leaves=7
num_cat=0
split_feature=9 62 43 19 21 0
split_gain=446.754 138.297 63.7267 62.386 44.4471 36.4673
threshold=0.57000000000000017 0.58333333333333337 1.0000000180025095e-35 0.64414750000000021 0.70400000000000007 0.51966650000000014
decision_type=2 2 2 2 2 2
left_child=-1 4 3 -3 5 -2
right_child=1 2 -4 -5 -6 -7
leaf_value=-0.02964544425585643 0.015692262461817524 -0.036207603647678353 -0.025710062437498023 0.005517129805626287 0.023729023180061062 -0.0096976832932782284
leaf_weight=241.42974025776493 98.190732450573705 21.852484683564398 59.530521402368322 274.04604928308981 298.36345031601377 51.976163481362164
leaf_count=14009 1073 1043 2006 5009 2130 899
internal_value=0 0.00896686 -0.00265643 0.00212885 0.0181606 0.00683202
internal_weight=1045.39 803.959 355.429 295.899 448.53 150.167
internal_count=26169 12160 8058 6052 4102 1972
is_linear=0
shrinkage=0.025


Tree=16
num_leaves=7
num_cat=0
split_feature=2 9 29 47 15 22
split_gain=434.341 113.665 68.0074 57.6499 57.1382 40.5315
threshold=0.51854240894317638 0.71000000000000008 1.0000000180025095e-35 0.96388050000000014 0.67617700000000014 0.25230600000000009
decision_type=2 2 2 2 2 2
left_child=4 5 3 -3 -1 -2
right_child=1 2 -4 -5 -6 -7
leaf_value=-0.032012430484585692 0.011723004925896119 -0.001485715950857536 0.023037178212745785 0.021894737587569872 -0.0026453976430579661 -0.016342446626691372
leaf_weight=225.61532791506033 41.568374051305 200.80563659087056 304.1024792912649 94.979950776323676 51.982554308488034 117.23171981511405
leaf_count=13426 790 4455 2079 225 1416 3778
internal_value=0 0.00979443 0.0147671 0.00611325 -0.0266171 -0.0088738
internal_weight=1036.29 758.688 599.888 295.786 277.598 158.8
internal_count=26169 11327 6759 4680 14842 4568
is_linear=0
shrinkage=0.025


Tree=17
num_leaves=7
num_cat=0
split_feature=9 62 2 60 48 44
split_gain=421.689 129.421 65.3828 60.1452 30.6046 24.8632
threshold=0.57000000000000017 0.75000000000000011 0.67512935400009166 0.68000000000000005 0.66350000000000009 0.076556500000000013
decision_type=2 2 2 2 2 2
left_child=5 2 3 -2 -3 -1
right_child=1 4 -4 -5 -6 -7
leaf_value=-0.033179973358806299 0.01190946253391752 -0.022496195689618165 0.022942565549692026 -0.011188580329748343 0.0036022150237969295 -0.0121037284663038
leaf_weight=188.34326046321075 315.10839897126425 85.607243211765308 260.33533271041233 88.033698117651511 39.529813749541063 49.394491649465635
leaf_count=11656 3638 3674 1892 1978 978 2353
internal_value=0 0.00880914 0.0132132 0.00680613 -0.0142743 -0.0290089
internal_weight=1026.35 788.614 663.477 403.142 125.137 237.738
internal_count=26169 12160 7508 5616 4652 14009
is_linear=0
shrinkage=0.025


Tree=18
num_leaves=7
num_cat=0
split_feature=1 9 60 39 21 0
split_gain=404.009 99.668 56.6651 54.1032 41.0158 40.2775
threshold=0.50930187106132518 0.71000000000000008 0.68000000000000005 1.0000000180025095e-35 0.87400000000000011 0.84440000000000015
decision_type=2 2 2 2 2 2
left_child=4 -2 3 -3 -1 -4
right_child=1 2 5 -5 -6 -7
leaf_value=-0.029187286022742523 -0.0084962200411489979 -0.002399038725735058 0.0062372224972904976 0.021550261122394103 0.0084055319972652365 -0.027664370404469341
leaf_weight=245.21889755310258 153.88138422375778 67.855724191642366 110.90093643416185 396.8688853912754 18.131938258651644 24.639751982525922
leaf_count=14392 4392 1011 1783 2901 447 1243
internal_value=0 0.00931488 0.0139117 0.0180405 -0.0265114 -0.000251718
internal_weight=1017.5 754.147 600.265 464.725 263.351 135.541
internal_count=26169 11330 6938 3912 14839 3026
is_linear=0
shrinkage=0.025


Tree=19
num_leaves=7
num_cat=0
split_feature=1 44 62 49 29 47
split_gain=389.634 105.516 63.9933 55.9867 38.3288 50.9516
threshold=0.56914222240448009 0.094885000000000011 0.58333333333333337 1.0000000180025095e-35 0.60023650000000017 0.9099980000000002
decision_type=2 2 2 2 2 2
left_child=1 -1 -2 -3 5 -4
right_child=2 3 4 -5 -6 -7
leaf_value=-0.029112635238828618 0.018967949187498796 0.01002803623992639 -0.012361651734269306 -0.017954032936000008 0.024537974960081088 0.015722357272638439
leaf_weight=242.00853581129923 384.79456450068392 89.761096381989773 118.69970201852266 84.024490659998264 35.778581662103534 57.959757534437813
leaf_count=13720 3646 1834 3339 3096 204 330
internal_value=0 -0.0185194 0.0129167 -0.00351427 0.00182201 -0.00300798
internal_weight=1013.03 415.794 597.233 173.786 212.438 176.659
internal_count=26169 18650 7519 4930 3873 3669
is_linear=0
shrinkage=0.025


Tree=20
num_leaves=7
num_cat=0
split_feature=9 62 19 60 48 30
split_gain=380.432 115.274 64.7656 40.8088 26.6593 22.5404
threshold=0.57000000000000017 0.75000000000000011 0.68236450000000015 0.68000000000000005 0.66350000000000009 0.66500000000000015
decision_type=2 2 2 2 2 2
left_child=5 2 -2 -4 -3 -1
right_child=1 4 3 -5 -6 -7
leaf_value=-0.030179143756966523 -0.0041590065664962065 -0.021505855220319503 0.019884685580948455 0.0032228793310377607 0.0033229676831618518 0.0011233390147755234
leaf_weight=214.19306737807347 117.54628135880921 83.459593087260146 416.34498416003771 120.76539451407734 37.719975996646099 14.635599690023808
leaf_count=13487 2348 3674 2884 2276 978 522
internal_value=0 0.00836607 0.0125185 0.0161869 -0.0137956 -0.0281487
internal_weight=1004.66 775.836 654.657 537.11 121.18 228.829
internal_count=26169 12160 7508 5160 4652 14009
is_linear=0
shrinkage=0.025


Tree=21
num_leaves=7
num_cat=0
split_feature=2 47 44 0 15 61
split_gain=361.688 88.9265 82.641 54.1853 50.0334 38.0167
threshold=0.51854240894317638 0.74876200000000004 0.16417250000000003 0.48746700000000004 0.67617700000000014 0.71538450000000009
decision_type=2 2 2 2 2 2
left_child=4 2 5 -4 -1 -2
right_child=1 -3 3 -5 -6 -7
leaf_value=-0.030356652904937616 -0.016766146406950008 0.018080438285406529 0.025362549164216614 -3.4116265273708507e-05 -0.0021791254873835511 0.013448862529772796
leaf_weight=211.88902397651691 149.62315466359723 349.01404182706028 92.295820883708075 116.14342259336263 49.580178662901744 29.112167799845338
leaf_count=13426 4593 1962 927 2932 1416 913
internal_value=0 0.00897587 0.000682864 0.0113372 -0.025118 -0.0116789
internal_weight=997.658 736.189 387.175 208.439 261.469 178.735
internal_count=26169 11327 9365 3859 14842 5506
is_linear=0
shrinkage=0.025


Tree=22
num_leaves=7
num_cat=0
split_feature=9 62 29 62 16 48
split_gain=352.378 108.986 56.4592 60.884 51.7625 23.4401
threshold=0.57000000000000017 0.75000000000000011 1.0000000180025095e-35 0.41666666666666669 0.60695300000000019 0.66350000000000009
decision_type=2 2 2 2 2 2
left_child=-1 2 3 -2 -4 -3
right_child=1 5 4 -5 -6 -7
leaf_value=-0.027511186676835515 0.023213018322067069 -0.020943711589472492 -0.028170034498680996 -0.0012369808977674875 0.02174954167326909 0.0023973872703759967
leaf_weight=222.65845798949886 82.255853093811311 82.106673792994116 11.333147365134208 252.46729683910962 301.69661030499265 37.793117126566358
leaf_count=14009 759 3674 277 4385 2087 978
internal_value=0 0.00804305 0.0121026 0.00487303 0.0197056 -0.0136163
internal_weight=990.311 767.653 647.753 334.723 313.03 119.9
internal_count=26169 12160 7508 5144 2364 4652
is_linear=0
shrinkage=0.025


Tree=23
num_leaves=7
num_cat=0
split_feature=2 9 29 47 15 0
split_gain=342.623 91.7798 49.624 54.8558 45.0705 28.9559
threshold=0.51854240894317638 0.71000000000000008 1.0000000180025095e-35 0.8716965000000001 0.67617700000000014 0.46670000000000006
decision_type=2 2 2 2 2 2
left_child=4 5 3 -3 -1 -2
right_child=1 2 -4 -5 -6 -7
leaf_value=-0.029698518167827107 0.0044772475453750552 -0.004349485260701837 0.020519333816624751 0.017676954972150268 -0.0027612123171253528 -0.017370411618323235
leaf_weight=207.91642835742095 62.44393488537753 152.43693852442084 293.68362913650344 127.29625152854715 49.1709317691857 88.936361117463093
leaf_count=13426 1534 4158 2079 522 1416 3034
internal_value=0 0.00880037 0.0133665 0.00571073 -0.0246564 -0.00837513
internal_weight=981.884 724.797 573.417 279.733 257.087 151.38
internal_count=26169 11327 6759 4680 14842 4568
is_linear=0
shrinkage=0.025


Tree=24
num_leaves=7
num_cat=0
split_feature=9 1 44 0 60 16
split_gain=331.505 108.909 41.948 37.074 35.0007 34.142
threshold=0.57000000000000017 0.60620689392089855 0.10183150000000002 0.51350000000000018 0.68000000000000005 0.59306800000000004
decision_type=2 2 2 2 2 2
left_child=-1 2 -2 -4 5 -3
right_child=1 4 3 -5 -6 -7
leaf_value=-0.026904757487783232 -0.015504063735684782 -0.023607372769349998 0.014196689828052406 -0.0067535346529085521 0.0027260137425603017 0.021117836390785929
leaf_weight=218.92387831641827 110.68491445056861 8.8564491411671025 99.701325129659381 106.40236456663115 99.686550025362521 328.73759256314952
leaf_count=14009 3765 162 1355 2588 2169 2121
internal_value=0 0.00787417 -0.0032553 0.00338774 0.0159295 0.0197539
internal_weight=972.993 754.069 316.789 206.104 437.281 337.594
internal_count=26169 12160 7708 3943 4452 2283
is_linear=0
shrinkage=0.025


Tree=25
num_leaves=7
num_cat=0
split_feature=9 62 29 47 19 19
split_gain=317.887 102.767 48.123 55.8062 37.7937 22.425
threshold=0.57000000000000017 0.58333333333333337 0.60023650000000017 0.89648150000000015 0.68318650000000003 0.71643750000000017
decision_type=2 2 2 2 2 2
left_child=5 4 3 -3 -2 -1
right_child=1 2 -4 -5 -6 -7
leaf_value=-0.02929417552416172 -0.00092027325595962339 -0.012871754566518127 0.020386297299439252 0.012127286829946073 0.019251225905047516 -0.0022113173433230509
leaf_weight=193.20437440882961 68.305656038573943 214.88574611826334 46.105669313808903 72.563327136449516 348.59311405569315 22.431767910253257
leaf_count=13381 1227 7185 341 532 2875 628
internal_value=0 0.00769886 -0.00261693 -0.00648069 0.0159396 -0.0265746
internal_weight=966.09 750.454 333.555 287.449 416.899 215.636
internal_count=26169 12160 8058 7717 4102 14009
is_linear=0
shrinkage=0.025


Tree=26
num_leaves=7
num_cat=0
split_feature=1 62 29 47 18 21
split_gain=306.065 85.1301 44.2726 54.8888 35.8188 32.3765
threshold=0.50930187106132518 0.58333333333333337 0.75473800000000013 0.80572300000000008 0.68368300000000015 0.70400000000000007
decision_type=2 2 2 2 2 2
left_child=4 5 3 -3 -1 -2
right_child=1 2 -4 -5 -6 -7
leaf_value=-0.028197947358216499 0.0058086774460174156 -0.014897430365009682 0.023083256213413887 0.0084295410288588168 -0.00081341328716792163 0.020468406597121333
leaf_weight=205.37545341940131 149.95288144133519 157.99312319059391 35.56054786965251 101.2414412779035 35.807895996724255 272.87085773609579
leaf_count=13831 2511 5536 170 948 1008 2165
internal_value=0 0.00819527 -0.00208675 -0.00576039 -0.0242182 0.0153547
internal_weight=958.802 717.619 294.795 259.235 241.183 422.824
internal_count=26169 11330 6654 6484 14839 4676
is_linear=0
shrinkage=0.025


Tree=27
num_leaves=7
num_cat=0
split_feature=9 62 2 39 16 19
split_gain=296.618 98.9611 53.468 38.0594 23.0321 20.582
threshold=0.57000000000000017 0.75000000000000011 0.67512935400009166 1.0000000180025095e-35 0.60377350000000007 0.71643750000000017
decision_type=2 2 2 2 2 2
left_child=5 2 3 -2 -4 -1
right_child=1 -3 4 -5 -6 -7
leaf_value=-0.028745806405306724 -0.013831676834182996 -0.01338423163846069 -0.014959032558945677 0.008644639228208217 0.022015839742266442 -0.0027635775163643676
leaf_weight=187.28778812105884 52.423545167199336 117.25120216497453 9.0632252567447704 325.4007952795364 236.06486060284078 22.648295091697946
leaf_count=13381 1244 4652 128 4372 1764 628
internal_value=0 0.00745096 0.0114243 0.0054326 0.0204762 -0.0260495
internal_weight=950.14 740.204 622.952 377.824 245.128 209.936
internal_count=26169 12160 7508 5616 1892 14009
is_linear=0
shrinkage=0.025


Tree=28
num_leaves=7
num_cat=0
split_feature=1 62 29 47 46 22
split_gain=285.816 75.6764 43.4123 50.71 37.3373 33.7601
threshold=0.50930187106132518 0.58333333333333337 0.75473800000000013 0.80572300000000008 0.040641500000000004 0.25078350000000005
decision_type=2 2 2 2 2 2
left_child=-1 4 3 -3 5 -2
right_child=1 2 -4 -5 -6 -7
leaf_value=-0.023700783996043803 0.020842623335967148 -0.01449370292903867 0.022900572833258831 0.0081567959561744049 0.01759370771116231 -0.018258745012773685
leaf_weight=235.69002023676876 19.01875115733128 154.15756394033087 35.913943530991673 99.391359071363695 363.97241103090346 35.828797425841913
leaf_count=14839 247 5536 170 948 3134 1295
internal_value=0 0.00794236 -0.00185722 -0.00558757 0.0147068 -0.00422997
internal_weight=943.973 708.283 289.463 253.549 418.82 54.8475
internal_count=26169 11330 6654 6484 4676 1542
is_linear=0
shrinkage=0.025


Tree=29
num_leaves=7
num_cat=0
split_feature=9 62 1 61 0 33
split_gain=278.932 74.183 59.8121 47.8911 58.9945 30.9633
threshold=0.71000000000000008 0.75000000000000011 0.48921933770179754 0.49446450000000003 0.51600000000000013 0.50000000000000011
decision_type=2 2 2 2 2 2
left_child=2 3 -1 4 -2 -4
right_child=1 -3 5 -5 -6 -7
leaf_value=-0.03088768507891046 0.014545402497762656 -0.011337707698924901 -0.012893222267442567 0.019100937830815359 -0.011404776082764818 0.018463254073618363
leaf_weight=147.55982470573508 130.71311901370063 89.395013152214233 136.78571631613886 320.96975469135214 90.333774230210111 20.464833558828104
leaf_count=11559 1503 3383 4700 2725 1864 435
internal_value=0 0.00947583 -0.0195465 0.012961 0.00389243 -0.00853259
internal_weight=936.222 631.412 304.81 542.017 221.047 157.251
internal_count=26169 9475 16694 6092 3367 5135
is_linear=0
shrinkage=0.025


Tree=30
num_leaves=7
num_cat=0
split_feature=9 1 39 60 15 20
split_gain=268.594 90.0945 42.3492 31.8614 31.7251 26.9906
threshold=0.57000000000000017 0.60620689392089855 1.0000000180025095e-35 0.68000000000000005 0.67096900000000004 0.69622600000000012
decision_type=2 2 2 2 2 2
left_child=-1 2 -2 -3 -4 -5
right_child=1 3 4 5 -6 -7
leaf_value=-0.025272304607049358 -0.023436067681373272 0.018254458447376849 -0.0070058344109156599 -0.024507308895504627 0.010567617179554747 0.0081174902949462495
leaf_weight=202.65468100155704 51.038358648191206 326.31236715760315 137.9239534685621 17.134091533196624 115.62373795954045 79.12594133534003
leaf_count=14009 2131 2283 3965 473 1612 1696
internal_value=0 0.0071057 -0.0032246 0.0145474 0.000998835 0.00174837
internal_weight=929.813 727.158 304.586 422.572 253.548 96.26
internal_count=26169 12160 7708 4452 5577 2169
is_linear=0
shrinkage=0.025


Tree=31
num_leaves=7
num_cat=0
split_feature=9 62 2 60 19 16
split_gain=257.917 86.9291 45.5092 36.686 19.4695 17.8161
threshold=0.57000000000000017 0.75000000000000011 0.67512935400009166 0.68000000000000005 0.71974850000000001 0.60377350000000007
decision_type=2 2 2 2 2 2
left_child=4 2 3 -2 -1 -4
right_child=1 -3 5 -5 -6 -7
leaf_value=-0.027595069584775728 0.0092305190186721085 -0.012851881760033615 -0.013086063135072479 -0.0096996587352713957 -0.0010618795617224365 0.02048638321521223
leaf_weight=179.11710148802376 290.79832842038013 114.06902631887351 8.3735337723046523 79.226614705548855 20.090957765700296 231.20757053536363
leaf_count=13479 3638 4652 128 1978 530 1764
internal_value=0 0.00694664 0.010703 0.00511597 -0.0250088 0.0191538
internal_weight=922.883 723.675 609.606 370.025 199.208 239.581
internal_count=26169 12160 7508 5616 14009 1892
is_linear=0
shrinkage=0.025


Tree=32
num_leaves=7
num_cat=0
split_feature=2 47 29 62 15 49
split_gain=251.968 62.9564 65.9508 54.3079 39.9741 23.1032
threshold=0.52470874786376964 0.94988050000000013 0.89118900000000012 0.41666666666666669 0.67617700000000014 1.0000000180025095e-35
decision_type=2 2 2 2 2 2
left_child=4 2 3 -2 -1 -6
right_child=1 -3 -4 -5 5 -7
leaf_value=-0.027021627262302686 0.017804237673231905 0.020520224897031938 0.025496276826382658 -0.0047798008793327115 0.01305592817162851 -0.0191467564509805
leaf_weight=190.06253525552165 79.633769840234891 177.69644959841389 68.689079584088176 347.78848586679669 27.432902351662051 23.45461259665899
leaf_count=13646 1230 501 216 9071 458 1047
internal_value=0 0.00785071 0.00321508 -0.000472713 -0.0218094 -0.0018243
internal_weight=914.758 673.808 496.111 427.422 240.95 50.8875
internal_count=26169 11018 10517 10301 15151 1505
is_linear=0
shrinkage=0.025


Tree=33
num_leaves=7
num_cat=0
split_feature=1 62 29 47 18 46
split_gain=240.853 64.5942 38.8001 42.4448 30.4266 29.3788
threshold=0.50930187106132518 0.58333333333333337 0.60023650000000017 0.80572300000000008 0.68368300000000015 0.040641500000000004
decision_type=2 2 2 2 2 2
left_child=4 5 3 -3 -1 -2
right_child=1 2 -4 -5 -6 -7
leaf_value=-0.026526365124559283 -0.0034721956451816529 -0.01428118203294298 0.019292541710823716 0.0070650312258164032 -0.0008191093946766008 0.016279004863615755
leaf_weight=186.00106723234057 52.546638054773211 144.60041319823358 43.021660134196281 93.751795351970941 34.985902112559415 352.15026468480937
leaf_count=13831 1542 5435 298 921 1008 3134
internal_value=0 0.00731908 -0.00184947 -0.0058625 -0.0225503 0.0136874
internal_weight=907.058 686.071 281.374 238.352 220.987 404.697
internal_count=26169 11330 6654 6356 14839 4676
is_linear=0
shrinkage=0.025


Tree=34
num_leaves=7
num_cat=0
split_feature=2 62 44 19 15 43
split_gain=229.462 59.6688 47.16 58.5318 34.4214 32.7811
threshold=0.51854240894317638 0.75000000000000011 0.047175500000000009 0.71974850000000001 0.67881200000000008 1.0000000180025095e-35
decision_type=2 2 2 2 2 2
left_child=4 2 3 -2 -1 -4
right_child=1 -3 5 -5 -6 -7
leaf_value=-0.026567931409194574 -0.020584640159051149 -0.010976856739865003 0.016511300234084821 0.01235525905244503 -0.0015330509140594249 -0.0043014066423121642
leaf_weight=180.14630534991738 60.167091087263543 93.73011745500844 399.00859478156781 70.350165118463337 43.588558402960189 51.851369823154528
leaf_count=13521 2132 3521 3958 632 1321 1084
internal_value=0 0.00727846 0.010271 -0.00286539 -0.0218001 0.0140879
internal_weight=898.842 675.107 581.377 130.517 223.735 450.86
internal_count=26169 11327 7806 2764 14842 5042
is_linear=0
shrinkage=0.025


Tree=35
num_leaves=7
num_cat=0
split_feature=9 1 1 0 61 24
split_gain=229.095 63.7707 51.3368 35.907 29.3748 28.5756
threshold=0.71000000000000008 0.60620689392089855 0.48921933770179754 0.51600000000000013 0.48363350000000005 1.0000000180025095e-35
decision_type=2 2 2 2 2 2
left_child=2 3 -1 5 -5 -2
right_child=1 -3 -4 4 -6 -7
leaf_value=-0.029634482557192806 -0.0060612559031533071 0.015176875178542659 -0.0081907654904761224 -0.021987062986888149 0.00107459942684586 0.019925187220903574
leaf_weight=132.91773915608064 42.329032241017558 368.10544901690446 152.56810233590659 62.782789820688777 71.341394335846417 62.494402405805886
leaf_count=11559 1054 3790 5135 2572 1370 689
internal_value=0 0.00868162 -0.0183756 -0.00134179 -0.00986119 0.00945325
internal_weight=892.539 607.053 285.486 238.948 134.124 104.823
internal_count=26169 9475 16694 5685 3942 1743
is_linear=0
shrinkage=0.025


Tree=36
num_leaves=7
num_cat=0
split_feature=9 62 19 60 19 48
split_gain=220.431 74.3437 40.2738 35.3556 17.1754 15.5958
threshold=0.57000000000000017 0.75000000000000011 0.68236450000000015 0.68000000000000005 0.71643750000000017 0.66350000000000009
decision_type=2 2 2 2 2 2
left_child=4 2 -2 -4 -1 -3
right_child=1 5 3 -5 -6 -7
leaf_value=-0.026709752642047814 -0.0039011238315265744 -0.018416219778472194 0.016673766364713013 0.00049335037529352069 -0.0026429250434981434 0.0014135539720204428
leaf_weight=164.39527600121801 105.1203246206278 75.24541796714766 373.87634179135785 110.45308836281765 22.427087083924562 34.741081689513521
leaf_count=13381 2348 3674 2884 2276 628 978
internal_value=0 0.00645694 0.00998648 0.0130232 -0.0239399 -0.0121827
internal_weight=886.259 699.436 589.45 484.329 186.822 109.986
internal_count=26169 12160 7508 5160 14009 4652
is_linear=0
shrinkage=0.025


Tree=37
num_leaves=7
num_cat=0
split_feature=9 1 1 0 0 61
split_gain=212.483 59.0436 48.3067 32.7189 27.4999 46.2436
threshold=0.71000000000000008 0.60620689392089855 0.48921933770179754 0.51600000000000013 0.43580000000000002 0.71158400000000011
decision_type=2 2 2 2 2 2
left_child=2 3 -1 -2 -4 -6
right_child=1 -3 4 -5 5 -7
leaf_value=-0.029250832568087144 0.0089489852710188805 0.014577925812225121 0.0051874189988341535 -0.0095909921450896274 -0.028215068916859955 0.0086579708631018097
leaf_weight=127.13979425656726 103.89275008859113 366.60774538444821 57.673451384092914 132.16435120251845 62.995568148762686 29.582707924768329
leaf_count=11559 1743 3790 1556 3942 3111 468
internal_value=0 0.00833057 -0.0180119 -0.00138628 -0.00812132 -0.0164227
internal_weight=880.056 602.665 277.392 236.057 150.252 92.5783
internal_count=26169 9475 16694 5685 5135 3579
is_linear=0
shrinkage=0.025


Tree=38
num_leaves=7
num_cat=0
split_feature=9 1 39 44 9 61
split_gain=202.773 66.8388 42.4066 35.5039 28.6728 18.6247
threshold=0.57000000000000017 0.61158692836761486 1.0000000180025095e-35 0.10183150000000002 0.75000000000000011 0.50715900000000003
decision_type=2 2 2 2 2 2
left_child=-1 2 -2 -4 -3 -6
right_child=1 4 3 -5 5 -7
leaf_value=-0.023489491169745413 -0.02306413285056174 -0.0023675449129755303 -0.011700367273670402 0.008012144812413368 0.0069838711223300671 0.02005614244279667
leaf_weight=179.61952977013425 50.061696591234067 62.426952333131339 82.148246850003488 172.47937138946145 106.87022656504996 220.73737208824605
leaf_count=14009 2181 853 2823 2934 1073 2296
internal_value=0 0.00613561 -0.00260668 0.00156652 0.0129604 0.0159035
internal_weight=874.343 694.724 304.689 254.628 390.035 327.608
internal_count=26169 12160 7938 5757 4222 3369
is_linear=0
shrinkage=0.025


Tree=39
num_leaves=7
num_cat=0
split_feature=9 62 61 0 9 44
split_gain=196.052 68.292 40.1451 41.5341 23.2792 17.3335
threshold=0.57000000000000017 0.75000000000000011 0.50715900000000003 0.48566650000000006 0.75000000000000011 0.076556500000000013
decision_type=2 2 2 2 2 2
left_child=5 2 3 -2 -4 -1
right_child=1 -3 4 -5 -6 -7
leaf_value=-0.027480894476800202 0.011622203747337313 -0.011899084357963712 0 -0.0072965946596219066 0.018911077306938071 -0.0077875102402363049
leaf_weight=137.32888400155935 150.94373221410206 109.05422694436857 47.676778468769044 134.74229673645459 248.21056695398875 39.697400836827001
leaf_count=11656 2005 4652 668 2589 2246 2353
internal_value=0 0.00603061 0.00944424 0.002683 0.0158659 -0.0232834
internal_weight=867.654 690.628 581.573 285.686 295.887 177.026
internal_count=26169 12160 7508 4594 2914 14009
is_linear=0
shrinkage=0.025


Tree=40
num_leaves=7
num_cat=0
split_feature=1 9 60 43 33 6
split_gain=192.159 53.3142 36.1107 39.4232 30.449 25.7744
threshold=0.50930187106132518 0.73000000000000009 0.68000000000000005 1.0000000180025095e-35 0.50000000000000011 0.72744600000000015
decision_type=2 2 2 2 2 2
left_child=-1 4 3 -3 5 -2
right_child=1 2 -4 -5 -6 -7
leaf_value=-0.02129976925976966 -0.016661411851495406 0.016952174372814131 -0.0017678533167411405 -0.0061488101333974123 0.019109038238189609 0.011549499724072357
leaf_weight=200.27159035002114 103.50336454191711 344.38772611427703 117.3694181269675 51.356302925938508 21.824218080408173 22.752496421453543
leaf_count=14839 3870 2989 2992 770 393 316
internal_value=0 0.0065075 0.0103177 0.0139126 -0.00658918 -0.011384
internal_weight=861.465 661.194 513.113 395.744 148.08 126.256
internal_count=26169 11330 6751 3759 4579 4186
is_linear=0
shrinkage=0.025


Tree=41
num_leaves=7
num_cat=0
split_feature=2 9 29 18 2 0
split_gain=185.993 53.0602 37.7874 33.6007 29.9204 26.1097
threshold=0.53135663270950328 0.75000000000000011 1.0000000180025095e-35 0.6336885000000001 0.67512935400009166 0.43580000000000002
decision_type=2 2 2 2 2 2
left_child=3 5 4 -1 -3 -2
right_child=1 2 -4 -5 -6 -7
leaf_value=-0.028968804091973333 0.0077651888098289939 -0.0041052032441810252 0.018390396569540272 -0.0093610187887851817 0.014241347546060318 -0.011983902902091392
leaf_weight=111.98077812850534 63.923398450919194 124.58181224674627 235.34501798453857 114.59531840157433 95.928105788188986 110.03879545355448
leaf_count=10652 1324 2761 1766 4912 1248 3506
internal_value=0 0.00699214 0.011463 -0.0193004 0.00390701 -0.0046702
internal_weight=856.393 629.817 455.855 226.576 220.51 173.962
internal_count=26169 10605 5775 15564 4009 4830
is_linear=0
shrinkage=0.025


Tree=42
num_leaves=7
num_cat=0
split_feature=9 62 43 19 21 24
split_gain=181.443 63.36 36.2374 32.6229 27.5196 21.3022
threshold=0.57000000000000017 0.58333333333333337 1.0000000180025095e-35 0.64414750000000021 0.70400000000000007 0.25000000000000006
decision_type=2 2 2 2 2 2
left_child=-1 4 3 -3 5 -2
right_child=1 2 -4 -5 -6 -7
leaf_value=-0.022790078464807476 -0.011475888369433624 -0.029613215792902201 -0.021772903672666887 0.0037626172014543699 0.017423975604513586 0.0099402047711073336
leaf_weight=171.42282186992088 40.30220073624514 17.31243957040715 49.167011856945464 235.21829798820545 249.47748439654242 87.077279139310122
leaf_count=14009 879 1043 2006 5009 2130 1093
internal_value=0 0.00581997 -0.00268644 0.00117234 0.0126258 0.00300643
internal_weight=849.978 678.555 301.698 252.531 376.857 127.379
internal_count=26169 12160 8058 6052 4102 1972
is_linear=0
shrinkage=0.025


Tree=43
num_leaves=7
num_cat=0
split_feature=9 62 29 16 62 44
split_gain=174.542 61.2238 37.5283 36.2611 35.9944 16.2876
threshold=0.57000000000000017 0.75000000000000011 1.0000000180025095e-35 0.60695300000000019 0.41666666666666669 0.076556500000000013
decision_type=2 2 2 2 2 2
left_child=5 2 4 -4 -2 -1
right_child=1 -3 3 -5 -6 -7
leaf_value=-0.026795966826052193 0.017599424197661442 -0.011409132787208485 -0.026119376025460734 0.017499164124422328 -0.002318126654496622 -0.007452171228853232
leaf_weight=129.73824572555895 73.326862580841407 107.17500673848554 10.1637092649471 262.95727142109536 221.25575211517571 39.00853307282523
leaf_count=11656 759 4652 277 2087 4385 2353
internal_value=0 0.0057007 0.00898201 0.015622 0.00271663 -0.0225495
internal_weight=843.625 674.879 567.704 273.121 294.583 168.747
internal_count=26169 12160 7508 2364 5144 14009
is_linear=0
shrinkage=0.025


Tree=44
num_leaves=7
num_cat=0
split_feature=2 62 43 18 44 19
split_gain=172.03 45.027 35.0523 31.6542 22.3917 29.594
threshold=0.53135663270950328 0.58333333333333337 1.0000000180025095e-35 0.6336885000000001 0.047175500000000009 0.72066550000000007
decision_type=2 2 2 2 2 2
left_child=3 4 -3 -1 5 -2
right_child=1 2 -4 -5 -6 -7
leaf_value=-0.028610665911619534 -0.018333868674354353 0.0026093650506112563 -0.022637037254989667 -0.0092458038471019046 0.015307304916468232 0.012670214335707307
leaf_weight=106.42928291109274 30.048593303887174 209.30844993505161 38.48409076227108 112.68809149134177 295.77437162189744 44.565778399002738
leaf_count=10652 1023 4479 1570 4912 3175 358
internal_value=0 0.00675112 -0.00146358 -0.0189078 0.0122432 0
internal_weight=837.299 618.181 247.793 219.117 370.389 74.6144
internal_count=26169 10605 6049 15564 4556 1381
is_linear=0
shrinkage=0.025


Tree=45
num_leaves=7
num_cat=0
split_feature=9 2 1 39 29 31
split_gain=164.894 49.0333 42.2105 38.8138 39.0153 22.902
threshold=0.71000000000000008 0.67512935400009166 0.48921933770179754 1.0000000180025095e-35 1.0000000180025095e-35 0.52852950000000021
decision_type=2 2 2 2 2 2
left_child=2 3 -1 -2 -5 -4
right_child=1 -3 5 4 -6 -7
leaf_value=-0.028124966777076051 -0.01697221803567903 0.016995504210048844 -0.010404756832098488 -0.002687520604684729 0.014882052128367296 0.024304196958576871
leaf_weight=111.09848312863323 55.311508221479016 208.64508791582193 132.30721660272684 171.46907407330582 141.94972391531337 10.536818396387387
leaf_count=11559 1901 1946 4906 4024 1604 229
internal_value=0 0.00738217 -0.0166928 0.0018411 0.00529697 -0.00741026
internal_weight=831.318 577.375 253.943 368.73 313.419 142.844
internal_count=26169 9475 16694 7529 5628 5135
is_linear=0
shrinkage=0.025


Tree=46
num_leaves=7
num_cat=0
split_feature=1 60 43 60 34 20
split_gain=159.505 47.6236 46.9501 44.0842 39.9761 35.8858
threshold=0.50930187106132518 0.68000000000000005 1.0000000180025095e-35 0.49000000000000005 0.082925500000000013 0.68995650000000019
decision_type=2 2 2 2 2 2
left_child=-1 2 4 -4 -2 -3
right_child=1 5 3 -5 -6 -7
leaf_value=-0.020209516899189314 -0.0032711457504842182 -0.023584041246128982 0.006406442531283434 -0.035019686485767823 0.016595577553028391 0.0018493436876373698
leaf_weight=186.15087341962499 75.913477922091261 46.707805371566792 39.056431183416862 23.767239440348931 339.48701378109399 114.55953512439737
leaf_count=14839 1900 1942 546 840 3382 2720
internal_value=0 0.00593862 0.00989461 -0.00987225 0.0129462 -0.00571106
internal_weight=825.642 639.492 478.224 62.8237 415.4 161.267
internal_count=26169 11330 6668 1386 5282 4662
is_linear=0
shrinkage=0.025


Tree=47
num_leaves=7
num_cat=0
split_feature=9 61 0 1 24 0
split_gain=156.754 47.4365 61.2763 39.8443 28.8152 22.3802
threshold=0.71000000000000008 0.49446450000000003 0.51600000000000013 0.48921933770179754 1.0000000180025095e-35 0.46670000000000006
decision_type=2 2 2 2 2 2
left_child=3 2 4 -1 -2 -5
right_child=1 -3 -4 5 -6 -7
leaf_value=-0.027841850970871079 -0.0038522107815139534 0.013633666376338638 -0.013588600224589357 0.0038380191578906812 0.019617768662613031 -0.015909071622203078
leaf_weight=107.22500229658908 50.906552371219732 316.54621904069791 120.84464997860778 60.618282458279282 82.99136873614043 80.701401633355999
leaf_count=11559 1134 3856 3619 1777 866 3358
internal_value=0 0.00720885 -0.000795609 -0.0164766 0.0107235 -0.00745835
internal_weight=819.833 571.289 254.743 248.545 133.898 141.32
internal_count=26169 9475 5619 16694 2000 5135
is_linear=0
shrinkage=0.025


Tree=48
num_leaves=7
num_cat=0
split_feature=1 44 60 39 43 20
split_gain=152.587 49.6819 45.6661 33.1073 36.4226 32.6493
threshold=0.56367313861846935 0.094885000000000011 0.68000000000000005 1.0000000180025095e-35 1.0000000180025095e-35 0.69418650000000015
decision_type=2 2 2 2 2 2
left_child=1 -1 3 4 -2 -4
right_child=2 -3 5 -5 -6 -7
leaf_value=-0.023311836442591358 0.0073785729262581968 -0.0028950824789350429 -0.02676015748436722 0.015636798429889683 -0.033331928103966756 0.0024187065873553879
leaf_weight=162.86015227374446 47.58588586084079 138.98877140123659 29.431425206057611 327.27033369778655 16.390456269495189 93.109465422196081
leaf_count=13570 625 4771 1182 3296 528 2197
internal_value=0 -0.0140405 0.00827682 0.0124356 -0.00378094 -0.0049143
internal_weight=815.636 301.849 513.788 391.247 63.9763 122.541
internal_count=26169 18341 7828 4449 1153 3379
is_linear=0
shrinkage=0.025


Tree=49
num_leaves=7
num_cat=0
split_feature=2 9 29 18 22 61
split_gain=148.154 47.0783 32.9389 28.2688 26.2848 30.5519
threshold=0.53135663270950328 0.75000000000000011 1.0000000180025095e-35 0.6336885000000001 0.25230600000000009 0.70542100000000008
decision_type=2 2 2 2 2 2
left_child=3 4 -3 -1 -2 -6
right_child=1 2 -4 -5 5 -7
leaf_value=-0.027861561589302714 0.010975073674422024 0.0034275596190826846 0.01725970833709313 -0.008972513668693425 -0.019296808743020949 0.0067621942108482451
leaf_weight=97.401662589982152 44.882458218897227 212.44029808740015 222.87844040326308 108.95033279957715 83.371312661780394 39.643940240843222
leaf_count=10652 773 4009 1766 4912 3402 655
internal_value=0 0.00626061 0.0105876 -0.0181571 -0.00489755 -0.0108617
internal_weight=809.568 603.216 435.319 206.352 167.898 123.015
internal_count=26169 10605 5775 15564 4830 4057
is_linear=0
shrinkage=0.025


Tree=50
num_leaves=7
num_cat=0
split_feature=9 62 61 0 21 31
split_gain=143.561 54.0282 33.9932 36.0728 19.4383 15.3559
threshold=0.57000000000000017 0.75000000000000011 0.50715900000000003 0.48566650000000006 0.77400000000000013 0.5186845000000001
decision_type=2 2 2 2 2 2
left_child=5 2 3 -2 -4 -1
right_child=1 -3 4 -5 -6 -7
leaf_value=-0.023237436333332612 0.010552076336053219 -0.010885023628825492 -0.0063526998451199955 -0.0076864227442365795 0.016525104453758599 0.010366353143991584
leaf_weight=147.23769600666128 141.12187700497452 106.66495430629584 23.661448823288083 125.57879346887057 252.28617837105412 7.2739117806195273
leaf_count=13529 2005 4652 372 2589 2542 480
internal_value=0 0.00516935 0.00837655 0.00194016 0.0144926 -0.0214599
internal_weight=803.825 649.313 542.648 266.701 275.948 154.512
internal_count=26169 12160 7508 4594 2914 14009
is_linear=0
shrinkage=0.025


Tree=51
num_leaves=7
num_cat=0
split_feature=9 62 61 31 61 0
split_gain=138.637 44.2081 31.8277 29.8775 29.7823 38.0336
threshold=0.71000000000000008 0.75000000000000011 0.71158400000000011 0.5186845000000001 0.49446450000000003 0.51233350000000011
decision_type=2 2 2 2 2 2
left_child=2 4 3 -1 5 -2
right_child=1 -3 -4 -5 -6 -7
leaf_value=-0.02164405233783798 0.011249382391191056 -0.009637738802591422 0.0081746097547573063 0.015068445511793772 0.014957309282217985 -0.010908994312333735
leaf_weight=197.38156428408547 115.73706882924307 84.168408160403487 28.428128678991925 12.883320839799124 280.35492983454606 79.330311743193306
leaf_count=15676 1496 3383 470 548 2725 1871
internal_value=0 0.00680338 -0.015855 -0.0192029 0.0097676 0.00216968
internal_weight=798.284 559.591 238.693 210.265 475.422 195.067
internal_count=26169 9475 16694 16224 6092 3367
is_linear=0
shrinkage=0.025


Tree=52
num_leaves=7
num_cat=0
split_feature=2 47 29 62 15 15
split_gain=138.489 42.807 49.1198 38.7794 26.2303 18.9348
threshold=0.52470874786376964 0.94988050000000013 0.75473800000000013 0.41666666666666669 0.67617700000000014 0.50632550000000009
decision_type=2 2 2 2 2 2
left_child=4 2 3 -2 -1 -3
right_child=1 5 -4 -5 -6 -7
leaf_value=-0.023714477372400219 0.01453938614179805 -0.0066922675518976474 0.020889358316137443 -0.0054066148920046946 -0.0015464637845233073 0.020469079026372551
leaf_weight=143.54382925604295 72.941912038484588 16.4741231193766 69.835191862192005 312.59256593968894 44.828762199962512 132.72564797045197
leaf_count=13646 1220 86 293 9004 1505 415
internal_value=0 0.00584002 0.00197508 -0.00154098 -0.0185741 0.0173515
internal_weight=792.942 604.569 455.37 385.534 188.373 149.2
internal_count=26169 11018 10517 10224 15151 501
is_linear=0
shrinkage=0.025


Tree=53
num_leaves=7
num_cat=0
split_feature=1 44 60 16 21 49
split_gain=132.962 44.7694 41.6383 29.9028 29.4492 25.7503
threshold=0.56914222240448009 0.076556500000000013 0.68000000000000005 0.59306800000000004 0.87400000000000011 1.0000000180025095e-35
decision_type=2 2 2 2 2 2
left_child=1 4 3 -2 -1 -3
right_child=2 5 -4 -5 -6 -7
leaf_value=-0.026401808867788812 -0.017152739383577104 0.0068426450774849452 -0.0050098279719896959 0.013731971815459413 0.0068461946597542876 -0.013763805038354166
leaf_weight=134.54077661951305 18.410534618422389 76.243031446960231 114.50941735263041 354.21699605844333 17.46211330848746 70.311148413471528
leaf_count=12960 561 1970 3261 3697 476 3244
internal_value=0 -0.0130741 0.00803873 0.0120786 -0.0224767 -0.00304988
internal_weight=785.694 298.557 487.137 372.628 152.003 146.554
internal_count=26169 18650 7519 4258 13436 5214
is_linear=0
shrinkage=0.025


Tree=54
num_leaves=7
num_cat=0
split_feature=2 2 44 22 0 18
split_gain=129.664 40.1878 35.4064 35.0716 33.5129 25.6663
threshold=0.53135663270950328 0.68277427554130565 0.047175500000000009 0.41060950000000002 0.48566650000000006 0.6336885000000001
decision_type=2 2 2 2 2 2
left_child=5 2 3 -2 -4 -1
right_child=1 -3 4 -5 -6 -7
leaf_value=-0.027319398766091275 -0.022455841823559551 0.014634793578216907 0.016860649747754964 0.012497005743941643 -0.00087789401131824901 -0.0087519759270864982
leaf_weight=89.198316648580658 62.407700163923437 208.18683954197331 97.927732086362084 22.590431405231357 194.25679552103975 105.5908857522445
leaf_count=10652 2746 2312 1149 378 4020 4912
internal_value=0 0.00588549 0.000968686 -0.0129746 0.00513022 -0.0175372
internal_weight=780.159 585.369 377.183 84.9981 292.185 194.789
internal_count=26169 10605 8293 3124 5169 15564
is_linear=0
shrinkage=0.025


Tree=55
num_leaves=7
num_cat=0
split_feature=1 47 29 1 15 18
split_gain=125.402 49.7123 54.2783 37.3262 14.9249 11.0253
threshold=0.46851216256618505 0.94988050000000013 0.75473800000000013 0.71458289027214061 0.50632550000000009 0.69517750000000011
decision_type=2 2 2 2 2 2
left_child=5 2 3 -2 -3 -1
right_child=1 4 -4 -5 -6 -7
leaf_value=-0.025223427954688005 -0.0053579662586313555 -0.0048923393114891928 0.020341018177568122 0.017847239100027407 0.019647384121038263 0.0017030876190796598
leaf_weight=111.92550005359954 387.54408756105113 15.872655125334857 71.741390441660769 46.167869322467595 132.79672676383052 9.3738650140294322
leaf_count=11997 12272 94 350 730 459 267
internal_value=0 0.0043514 0.000568732 -0.00277963 0.0169319 -0.0230795
internal_weight=775.422 654.123 505.453 433.712 148.669 121.299
internal_count=26169 13905 13352 13002 553 12264
is_linear=0
shrinkage=0.025


Tree=56
num_leaves=7
num_cat=0
split_feature=19 62 32 43 29 2
split_gain=121.398 46.5672 33.7946 31.966 21.5179 19.6655
threshold=0.68236450000000015 0.58333333333333337 0.33500000000000008 1.0000000180025095e-35 0.60023650000000017 0.68277427554130565
decision_type=2 2 2 2 2 2
left_child=2 -2 5 4 -3 -1
right_child=1 3 -4 -5 -6 -7
leaf_value=-0.022222292884994502 0.013023772404243482 -0.0011398063181848848 0.0035488873079436104 -0.021607336205269775 0.02065582431292725 0.0089188430390477851
leaf_weight=169.51049133233028 298.25004639988765 172.28201019945845 46.267424206496798 39.248753632069565 31.199539876775816 11.958434672560541
leaf_count=14636 3447 4772 1244 1723 209 138
internal_value=0 0.00644539 -0.0152146 -0.00165235 0.00236975 -0.0200293
internal_weight=768.717 540.98 227.736 242.73 203.482 181.469
internal_count=26169 10151 16018 6704 4981 14774
is_linear=0
shrinkage=0.025


Tree=57
num_leaves=7
num_cat=0
split_feature=9 47 29 1 33 19
split_gain=118.691 46.9722 47.1484 30.2741 13.8191 11.0003
threshold=0.57000000000000017 0.93479450000000008 0.9893010000000001 0.68300354480743419 0.70000000000000007 0.71974850000000001
decision_type=2 2 2 2 2 2
left_child=4 2 3 -2 5 -1
right_child=1 -3 -4 -5 -6 -7
leaf_value=-0.024954490833540843 -0.0053723663466137836 0.016320440166143448 0.022827026647458719 0.011978532423478452 0.010527758527254681 -0.0022807462976948685
leaf_weight=117.52217073276552 339.17936204237049 158.92805997858522 50.632512291893363 74.38607922726078 6.7290344075736348 16.620506656588987
leaf_count=13025 10019 635 152 1354 477 507
internal_value=0 0.00470175 0.000638985 -0.00217729 -0.0205169 -0.0223023
internal_weight=763.998 623.126 464.198 413.565 140.872 134.143
internal_count=26169 12160 11525 11373 14009 13532
is_linear=0
shrinkage=0.025


Tree=58
num_leaves=7
num_cat=0
split_feature=9 47 29 19 62 24
split_gain=114.971 34.1175 38.2789 31.1996 21.9297 20.864
threshold=0.73000000000000009 0.94988050000000013 1.0000000180025095e-35 0.72668250000000012 0.41666666666666669 1.0000000180025095e-35
decision_type=2 2 2 2 2 2
left_child=3 2 5 4 -1 -2
right_child=1 -3 -4 -5 -6 -7
leaf_value=0.0023926118581512872 -0.016375135437598411 0.017386160755664619 0.010625902666097265 0.0027432904888848716 -0.022514544619304581 0.00066742965558607456
leaf_weight=24.331327319465345 63.94443018885795 132.07117617671611 192.59990985767217 50.21971751563251 159.69114779443044 135.09505486550916
leaf_count=1370 2264 437 2790 988 14586 3734
internal_value=0 0.00650944 0.00273231 -0.0144686 -0.0191865 -0.00489954
internal_weight=757.953 523.711 391.639 234.242 184.022 199.039
internal_count=26169 9225 8788 16944 15956 5998
is_linear=0
shrinkage=0.025


Tree=59
num_leaves=7
num_cat=0
split_feature=1 2 44 0 19 16
split_gain=111.771 46.0266 39.8108 39.2679 25.9217 15.197
threshold=0.47157165408134466 0.68277427554130565 0.047175500000000009 0.48566650000000006 0.72170150000000011 0.60854950000000008
decision_type=2 2 2 2 2 2
left_child=-1 2 4 -4 -2 -3
right_child=1 5 3 -5 -6 -7
leaf_value=-0.022098459450311983 -0.022520863044835956 -0.0068655208509262912 0.015279890865755031 -0.0025835115072763747 0.0033475996543467289 0.016106936628735007
leaf_weight=117.81260366911738 68.274312272260431 17.98052228288725 117.23431750654709 211.80186596482235 35.090268255677074 183.77179126493866
leaf_count=12470 4085 354 1697 4972 633 1958
internal_value=0 0.00417609 -0.000421787 0.00382198 -0.0137847 0.0139578
internal_weight=751.966 634.153 432.401 329.036 103.365 201.752
internal_count=26169 13699 11387 6669 4718 2312
is_linear=0
shrinkage=0.025


Tree=60
num_leaves=7
num_cat=0
split_feature=9 62 29 62 16 31
split_gain=109.141 45.2906 29.0308 28.7884 28.2185 14.0361
threshold=0.57000000000000017 0.75000000000000011 1.0000000180025095e-35 0.41666666666666669 0.60695300000000019 0.5186845000000001
decision_type=2 2 2 2 2 2
left_child=5 2 3 -2 -4 -1
right_child=1 -3 4 -5 -6 -7
leaf_value=-0.022044191400150463 0.015963641545519755 -0.01046716980739505 -0.024593445000188674 -0.0028929513157666866 0.015527014145581384 0.010252470114495836
leaf_weight=128.10566204426868 64.752034492208622 102.21162455647573 9.1439080794807506 200.83100365742575 234.85571333314874 7.2009060901254989
leaf_count=13529 759 4652 277 4385 2087 480
internal_value=0 0.00451069 0.00756845 0.00177785 0.0137538 -0.0201071
internal_weight=747.101 611.794 509.583 265.583 244 135.307
internal_count=26169 12160 7508 5144 2364 14009
is_linear=0
shrinkage=0.025


Tree=61
num_leaves=7
num_cat=0
split_feature=9 1 1 6 33 6
split_gain=107.272 37.0464 30.8654 22.0752 17.3027 22.0805
threshold=0.71000000000000008 0.60620689392089855 0.48921933770179754 0.53097800000000006 0.50000000000000011 0.72744600000000015
decision_type=2 2 2 2 2 2
left_child=2 3 -1 -2 5 -4
right_child=1 -3 4 -5 -6 -7
leaf_value=-0.026428891261180171 0.012083668612765056 0.011437173611565099 -0.015441789105705594 -0.0065892126330637599 0.014653599046890493 0.012894576875419828
leaf_weight=84.227642241239664 49.67567109974334 316.88691543217283 94.245137104269816 160.03965187488939 17.515349192311987 18.566063460777514
leaf_count=11559 802 3790 4460 4883 435 240
internal_value=0 0.00607132 -0.0147998 -0.00203465 -0.00686221 -0.010524
internal_weight=741.156 526.602 214.554 209.715 130.327 112.811
internal_count=26169 9475 16694 5685 5135 4700
is_linear=0
shrinkage=0.025


Tree=62
num_leaves=7
num_cat=0
split_feature=1 62 29 47 21 0
split_gain=104.604 41.0236 28.2543 23.222 23.1504 24.9921
threshold=0.47157165408134466 0.58333333333333337 0.60023650000000017 0.80572300000000008 0.70400000000000007 0.48220000000000002
decision_type=2 2 2 2 2 2
left_child=-1 4 3 -3 5 -2
right_child=1 2 -4 -5 -6 -7
leaf_value=-0.02193065834305883 0.0093598031018440695 -0.012105364522811649 0.016300610606339076 0.0039330053057588842 0.014696997992643429 -0.013014284658122014
leaf_weight=112.36759136217734 84.33538050862262 153.55671074062411 37.592905113415327 85.775097908452153 216.50177079427522 46.11278310068883
leaf_count=12470 1586 7092 347 1017 2227 1430
internal_value=0 0.00402175 -0.00311675 -0.00633989 0.00972606 0.00128886
internal_weight=736.242 623.875 276.925 239.332 346.95 130.448
internal_count=26169 13699 8456 8109 5243 3016
is_linear=0
shrinkage=0.025


Tree=63
num_leaves=7
num_cat=0
split_feature=1 60 43 60 34 20
split_gain=100.664 41.2366 40.4416 34.5375 30.2005 28.937
threshold=0.47157165408134466 0.68000000000000005 1.0000000180025095e-35 0.49000000000000005 0.054835500000000002 0.68995650000000019
decision_type=2 2 2 2 2 2
left_child=-1 2 4 -4 -2 -3
right_child=1 5 3 -5 -6 -7
leaf_value=-0.021750601687243003 -0.0033624004171345515 -0.022543028873802863 0.0042864051461606939 -0.032829965563656145 0.013913932904700966 0.00015375837733667798
leaf_weight=110.12647572391143 76.382547447516117 48.402494500740431 36.582859351590741 23.863504551816732 324.63757598042139 110.6155023190513
leaf_count=12470 2584 2445 675 1065 4014 2916
internal_value=0 0.00393219 0.00771564 -0.0109496 0.0106012 -0.00694259
internal_weight=730.611 620.484 461.466 60.4464 401.02 159.018
internal_count=26169 13699 8338 1740 6598 5361
is_linear=0
shrinkage=0.025


Tree=64
num_leaves=7
num_cat=0
split_feature=19 29 47 39 32 2
split_gain=97.3813 40.8369 45.064 45.6023 27.7959 17.5774
threshold=0.68236450000000015 0.91839300000000013 0.92324450000000013 1.0000000180025095e-35 0.33500000000000008 0.68277427554130565
decision_type=2 2 2 2 2 2
left_child=4 2 3 -2 5 -1
right_child=1 -3 -4 -5 -6 -7
leaf_value=-0.021268468558976728 -0.022955100963779399 0.025880176848060699 0.014697496827797861 0.0022440811731678422 0.002893595734882078 0.0086864752084631867
leaf_weight=152.621170413855 51.364703602070222 54.198931217193604 146.01120800571516 265.3194477064244 44.629423753751325 11.53402538760565
leaf_count=14636 2271 159 673 7048 1244 138
internal_value=0 0.00582103 0.00332609 -0.00196348 -0.0143097 -0.0190125
internal_weight=725.679 516.894 462.695 316.684 208.785 164.155
internal_count=26169 10151 9992 9319 16018 14774
is_linear=0
shrinkage=0.025


Tree=65
num_leaves=7
num_cat=0
split_feature=9 1 1 39 33 24
split_gain=95.1917 34.2622 30.8566 21.2399 19.7137 19.5184
threshold=0.73000000000000009 0.61158692836761486 0.48921933770179754 1.0000000180025095e-35 0.50000000000000011 1.0000000180025095e-35
decision_type=2 2 2 2 2 2
left_child=2 3 -1 -2 -4 -5
right_child=1 -3 4 5 -6 -7
leaf_value=-0.026007820599364146 -0.018775439102636751 0.011570332977654313 -0.010365502772859473 -0.0094297972391434864 0.014641489203169367 0.0077883100304969137
leaf_weight=78.774535483840737 34.731542374793207 288.71179910126375 118.32061471289489 59.560160162945976 21.017070416535717 118.88715950131882
leaf_count=11609 1641 3505 4873 1827 462 2252
internal_value=0 0.00599102 -0.0136974 -0.0015711 -0.00634029 0.0019422
internal_weight=720.003 501.891 218.112 213.179 139.338 178.447
internal_count=26169 9225 16944 5720 5335 4079
is_linear=0
shrinkage=0.025


Tree=66
num_leaves=7
num_cat=0
split_feature=9 62 29 21 47 31
split_gain=91.2107 38.8778 24.4312 21.6504 20.5252 19.9089
threshold=0.63000000000000012 0.58333333333333337 0.60023650000000017 0.70400000000000007 0.96388050000000014 0.5186845000000001
decision_type=2 2 2 2 2 2
left_child=5 3 4 -2 -3 -1
right_child=1 2 -4 -5 -6 -7
leaf_value=-0.021516841748244891 0.00098075314334006986 -0.00901325013563831 0.015873021462351242 0.014812589564372165 0.010689417131510901 0.013112508578191266
leaf_weight=120.46444759619044 109.23174680524971 195.56802430365497 35.322984684025869 207.855816969648 37.096499629085883 9.3718003167305124
leaf_count=13683 1931 7359 337 2116 246 497
internal_value=0 0.0042231 -0.00275099 0.0101201 -0.00575437 -0.0187506
internal_weight=714.911 585.075 267.988 317.088 232.665 129.836
internal_count=26169 11989 7942 4047 7605 14180
is_linear=0
shrinkage=0.025


Tree=67
num_leaves=7
num_cat=0
split_feature=9 29 39 1 60 0
split_gain=88.8484 33.1567 29.9418 27.7455 27.2958 17.9248
threshold=0.71000000000000008 1.0000000180025095e-35 1.0000000180025095e-35 0.48921933770179754 0.68000000000000005 0.43580000000000002
decision_type=2 2 2 2 2 2
left_child=3 4 -3 -1 -2 -5
right_child=1 2 -4 5 -6 -7
leaf_value=-0.025856546946785425 0.0042660898483239829 -0.0080253423955965221 0.015934921462844278 0.0050691605687180862 -0.013612571980729894 -0.01386775893477192
leaf_weight=74.736755700432695 196.97917472253903 36.564341618941398 204.85789213923272 48.828886430506827 70.319305458076997 77.169225729245227
leaf_count=11559 3759 882 2123 1556 2711 3579
internal_value=0 0.00555869 0.0122251 -0.0139824 -0.000487445 -0.00650507
internal_weight=709.456 508.721 241.422 200.735 267.298 125.998
internal_count=26169 9475 3005 16694 6470 5135
is_linear=0
shrinkage=0.025


Tree=68
num_leaves=7
num_cat=0
split_feature=1 60 44 20 21 16
split_gain=88.2588 35.1512 31.5323 26.0435 23.0476 23.0354
threshold=0.56914222240448009 0.68000000000000005 0.094885000000000011 0.69418650000000015 0.87400000000000011 0.59306800000000004
decision_type=2 2 2 2 2 2
left_child=2 5 4 -3 -1 -2
right_child=1 3 -4 -5 -6 -7
leaf_value=-0.024280418606687108 -0.016025168188747156 -0.026145252498476875 -0.0026895247339086799 0.0014826589859830369 0.0058096023566145925 0.012180445407559755
leaf_weight=111.78067878158254 16.799434699118137 26.107559564537951 129.87666417973378 80.869956352020381 16.965868172905175 322.61892989237094
leaf_count=13238 561 1116 4930 2145 482 3697
internal_value=0 0.00672255 -0.0115567 -0.00562301 -0.0202134 0.0106519
internal_weight=705.019 446.396 258.623 106.978 128.747 339.418
internal_count=26169 7519 18650 3261 13720 4258
is_linear=0
shrinkage=0.025


Tree=69
num_leaves=7
num_cat=0
split_feature=1 2 44 0 22 16
split_gain=84.0022 38.1085 32.8992 34.2192 30.7467 12.2141
threshold=0.46851216256618505 0.68277427554130565 0.047175500000000009 0.48566650000000006 0.41060950000000002 0.60854950000000008
decision_type=2 2 2 2 2 2
left_child=-1 2 4 -4 -2 -3
right_child=1 5 3 -5 -6 -7
leaf_value=-0.021211395716000739 -0.021083870059215512 -0.0060845023067538605 0.014038847413554482 -0.0029696897160770858 0.01053107891090542 0.014737177507460992
leaf_weight=97.612651133142208 73.8265132866145 17.592891851672903 113.06132943043485 201.90493615428568 23.563051005708985 172.15975798960426
leaf_count=12264 4345 354 1730 5026 492 1958
internal_value=0 0.00351224 -0.000748953 0.00317066 -0.013275 0.0127072
internal_weight=699.721 602.108 412.356 314.966 97.3896 189.753
internal_count=26169 13905 11593 6756 4837 2312
is_linear=0
shrinkage=0.025


Tree=70
num_leaves=7
num_cat=0
split_feature=1 60 9 39 43 20
split_gain=81.7993 32.338 31.0771 24.9295 27.4643 23.7513
threshold=0.56914222240448009 0.68000000000000005 0.41000000000000009 1.0000000180025095e-35 1.0000000180025095e-35 0.69418650000000015
decision_type=2 2 2 2 2 2
left_child=2 3 -1 4 -2 -3
right_child=1 5 -4 -5 -6 -7
leaf_value=-0.02422536474950102 0.0058236381012425151 -0.025494439930750585 -0.0052308003446920083 0.013302423517899396 -0.031310224308829987 0.0012709351334980066
leaf_weight=77.627677122221939 42.073128664749674 25.076257422420895 175.42368372443161 280.02375963889062 14.733010752592234 80.382134233412216
leaf_count=11510 586 1116 7140 3177 495 2145
internal_value=0 0.00647624 -0.0112719 0.0102504 -0.00457358 -0.00545537
internal_weight=695.34 442.288 253.051 336.83 56.8061 105.458
internal_count=26169 7519 18650 4258 1081 3261
is_linear=0
shrinkage=0.025


Tree=71
num_leaves=7
num_cat=0
split_feature=1 29 2 44 26 19
split_gain=79.8591 36.5671 34.5088 29.3238 10.801 8.27619
threshold=0.46851216256618505 0.91839300000000013 0.67512935400009166 0.049005000000000007 0.58520000000000005 0.6772625000000001
decision_type=2 2 2 2 2 2
left_child=-1 2 3 -2 -4 -3
right_child=1 5 4 -5 -6 -7
leaf_value=-0.0210640329448607 -0.01544539512787293 -0.0029567986014216465 0.012263088635876952 0.00093032134333352167 -0.0065846818244520051 0.024832608939809053
leaf_weight=94.334584278036345 88.723340068354446 6.4301624763756982 161.11710154823959 268.20244816264312 19.281841703807004 52.629017648752779
leaf_count=12264 4785 76 2032 6328 523 161
internal_value=0 0.00340588 0.00129141 -0.00319507 0.0101382 0.0216676
internal_weight=690.718 596.384 537.325 356.926 180.399 59.0592
internal_count=26169 13905 13668 11113 2555 237
is_linear=0
shrinkage=0.025


Tree=72
num_leaves=7
num_cat=0
split_feature=1 29 47 39 20 19
split_gain=77.2581 35.6766 40.8111 37.182 13.6386 7.62848
threshold=0.46851216256618505 0.91839300000000013 0.93479450000000008 1.0000000180025095e-35 0.69645100000000004 0.72231300000000009
decision_type=2 2 2 2 2 2
left_child=5 2 3 -2 -4 -1
right_child=1 -3 4 -5 -6 -7
leaf_value=-0.022704259285359529 -0.019780948491714433 0.021442639655189451 -0.0071471972218358094 0.00061404245553672713 0.015994265813068866 0.0041705515005073281
leaf_weight=87.200165994490817 64.327639127077418 58.671294332016259 16.315253873821348 335.57841370139067 118.19511724938639 5.776607231469824
leaf_count=12084 2958 237 145 10070 495 180
internal_value=0 0.00334679 0.00125324 -0.0027474 0.0130443 -0.0208774
internal_weight=686.064 593.088 534.416 399.906 134.51 92.9768
internal_count=26169 13905 13668 13028 640 12264
is_linear=0
shrinkage=0.025


Tree=73
num_leaves=7
num_cat=0
split_feature=9 61 0 1 31 24
split_gain=75.8168 30.6299 34.3224 26.4573 20.6389 20.023
threshold=0.73000000000000009 0.50715900000000003 0.51600000000000013 0.48921933770179754 0.5186845000000001 1.0000000180025095e-35
decision_type=2 2 2 2 2 2
left_child=3 2 5 -1 -5 -2
right_child=1 -3 -4 4 -6 -7
leaf_value=-0.025290681562280905 -0.0040104382057991415 0.011962277489414844 -0.0091004173084957268 -0.0094000987843054929 0.021230419181426166 0.017094186163320309
leaf_weight=67.588212590977491 42.726935498707462 229.13842301617842 135.4197110936002 121.20328971512936 12.947811470250597 72.482925584889017
leaf_count=11609 1126 3456 3782 5092 243 861
internal_value=0 0.00540662 -0.000611286 -0.0127666 -0.00604539 0.00927401
internal_weight=681.507 479.768 250.63 201.739 134.151 115.21
internal_count=26169 9225 5769 16944 5335 1987
is_linear=0
shrinkage=0.025


Tree=74
num_leaves=7
num_cat=0
split_feature=19 29 47 39 32 2
split_gain=73.2336 34.5603 33.7101 33.1014 24.1199 16.9662
threshold=0.68236450000000015 0.91839300000000013 0.94988050000000013 1.0000000180025095e-35 0.43680000000000002 0.68277427554130565
decision_type=2 2 2 2 2 2
left_child=4 2 3 -2 5 -1
right_child=1 -3 -4 -5 -6 -7
leaf_value=-0.019968563979937771 -0.018508301866201407 0.024335834116625425 0.014226509100034502 0.0022899592237282068 0.0045450085789007092 0.0092803587468133861
leaf_weight=139.53277208156214 55.488750539261673 49.809884692076594 115.423530123604 268.9877164081845 36.864864077419043 11.719245461514218
leaf_count=14898 2318 159 500 7174 977 143
internal_value=0 0.00509502 0.00277139 -0.00135431 -0.0131563 -0.0175314
internal_weight=677.827 489.71 439.9 324.476 188.117 151.252
internal_count=26169 10151 9992 9492 16018 15041
is_linear=0
shrinkage=0.025


Tree=75
num_leaves=7
num_cat=0
split_feature=9 29 1 39 60 31
split_gain=71.3191 29.0743 25.2377 24.9016 23.3665 19.3885
threshold=0.73000000000000009 1.0000000180025095e-35 0.48921933770179754 1.0000000180025095e-35 0.68000000000000005 0.5186845000000001
decision_type=2 2 2 2 2 2
left_child=2 4 -1 -3 -2 -4
right_child=1 3 5 -5 -6 -7
leaf_value=-0.025088076026028739 0.0039585819439876754 -0.0072177104949736025 -0.0092537763833617642 0.015270575606792123 -0.013101865548822159 0.02064036197185826
leaf_weight=64.769189452028513 184.72864358502557 34.517625607724767 119.95348418345384 189.93357297882903 65.984022461918357 12.72653664392419
leaf_count=11609 3613 866 5092 2079 2667 243
internal_value=0 0.00524748 -0.0125358 0.0117322 -0.000581956 -0.00599294
internal_weight=672.613 475.164 197.449 224.451 250.713 132.68
internal_count=26169 9225 16944 2945 6280 5335
is_linear=0
shrinkage=0.025


Tree=76
num_leaves=7
num_cat=0
split_feature=19 29 47 39 44 2
split_gain=69.1572 33.0757 30.9883 36.4044 22.39 17.5522
threshold=0.68236450000000015 0.91839300000000013 0.92324450000000013 1.0000000180025095e-35 0.43680000000000002 0.68425273895263683
decision_type=2 2 2 2 2 2
left_child=4 2 3 -2 5 -1
right_child=1 -3 -4 -5 -6 -7
leaf_value=-0.020147241222481366 -0.021355001524573813 0.023991366601293345 0.012537590389638715 0.0020142213139006599 0.0028269549499865183 0.010755740433487527
leaf_weight=131.39691668727392 47.189200600820186 48.714781715767458 134.76442001800751 253.79488497157581 41.801644531013153 10.643254552502183
leaf_count=14667 2271 159 673 7048 1238 113
internal_value=0 0.00495633 0.00268361 -0.00176658 -0.0129523 -0.0176251
internal_weight=668.305 484.463 435.749 300.984 183.842 142.04
internal_count=26169 10151 9992 9319 16018 14780
is_linear=0
shrinkage=0.025


Tree=77
num_leaves=7
num_cat=0
split_feature=9 62 29 62 16 31
split_gain=67.1497 33.517 24.3462 25.4909 23.861 16.851
threshold=0.63000000000000012 0.75000000000000011 1.0000000180025095e-35 0.41666666666666669 0.60695300000000019 0.5186845000000001
decision_type=2 2 2 2 2 2
left_child=5 2 3 -2 -4 -1
right_child=1 -3 4 -5 -6 -7
leaf_value=-0.020099352525087714 0.015014298491661627 -0.009566623438683846 -0.024028236774033328 -0.0037131587285577361 0.014305080633780885 0.013174199630320764
leaf_weight=104.77328699360805 57.881177664385177 96.262707548623439 8.2939425371587259 180.2598886703272 207.0265158021939 8.4152993640600453
leaf_count=13683 747 4575 269 4331 2067 497
internal_value=0 0.00362819 0.00648552 0.000910961 0.0125295 -0.0173187
internal_weight=662.913 549.724 453.462 238.141 215.32 113.189
internal_count=26169 11989 7414 5078 2336 14180
is_linear=0
shrinkage=0.025


Tree=78
num_leaves=7
num_cat=0
split_feature=1 2 49 47 24 16
split_gain=66.4777 33.6705 31.673 39.0275 13.1836 12.5081
threshold=0.45557285845279699 0.68277427554130565 1.0000000180025095e-35 0.80572300000000008 1.0000000180025095e-35 0.60854950000000008
decision_type=2 2 2 2 2 2
left_child=-1 2 4 -4 -2 -3
right_child=1 5 3 -5 -6 -7
leaf_value=-0.02164400645728104 -0.00034947075845897894 -0.0069385512016939118 -0.013563336994296783 0.0054412091232794689 0.015627545572234922 0.01400667674083237
leaf_weight=75.741294393967109 53.474034323109663 17.885826245183125 164.4329367700775 110.7964246365591 74.722722963022534 162.00090542333783
leaf_count=11440 1554 354 8679 1147 1037 1958
internal_value=0 0.00289078 -0.00111278 -0.00590124 0.00901698 0.0118096
internal_weight=659.054 583.313 403.426 275.229 128.197 179.887
internal_count=26169 14729 12417 9826 2591 2312
is_linear=0
shrinkage=0.025


Tree=79
num_leaves=7
num_cat=0
split_feature=1 29 47 62 20 9
split_gain=63.9375 33.176 31.0023 31.906 11.9528 4.08524
threshold=0.45557285845279699 0.96721250000000014 0.8716965000000001 0.41666666666666669 0.66624450000000013 0.75000000000000011
decision_type=2 2 2 2 2 2
left_child=5 2 3 -2 -4 -1
right_child=1 -3 4 -5 -6 -7
leaf_value=-0.02514958505596078 0.012732282160654015 0.02186991868750671 -0.020445288588509365 -0.0066429590781519367 0.0109899471101415 -0.0093651569032810727
leaf_weight=54.212080462802987 61.937706411699764 49.620818960480392 5.4864939919207236 297.33177102963236 165.06801500380971 20.114577217165788
leaf_count=10397 1385 200 113 12022 1009 1043
internal_value=0 0.00282986 0.000935889 -0.0032136 0.00964741 -0.0214356
internal_weight=653.771 579.445 529.824 359.269 170.555 74.3267
internal_count=26169 14729 14529 13407 1122 11440
is_linear=0
shrinkage=0.025


Tree=80
num_leaves=7
num_cat=0
split_feature=19 29 47 39 32 2
split_gain=62.5266 30.3147 25.0902 29.7601 19.4533 14.6648
threshold=0.68236450000000015 0.91839300000000013 0.94988050000000013 1.0000000180025095e-35 0.43680000000000002 0.68425273895263683
decision_type=2 2 2 2 2 2
left_child=4 2 3 -2 5 -1
right_child=1 -3 -4 -5 -6 -7
leaf_value=-0.019134954173525693 -0.01776279053917636 0.023275056237731694 0.012644304535222615 0.0024115885486637738 0.0035192468095532345 0.0084341975913308758
leaf_weight=129.30599774907387 52.67485664972628 47.061708252644166 110.78516728320392 262.31288172726636 35.57169626456016 11.412852239562197
leaf_count=14914 2318 159 500 7174 977 127
internal_value=0 0.0047404 0.00254738 -0.00104788 -0.0126029 -0.0167297
internal_weight=649.125 472.835 425.773 314.988 176.291 140.719
internal_count=26169 10151 9992 9492 16018 15041
is_linear=0
shrinkage=0.025


Tree=81
num_leaves=7
num_cat=0
split_feature=1 62 0 61 21 0
split_gain=61.361 31.2764 19.6263 24.6159 18.6452 19.1621
threshold=0.45557285845279699 0.58333333333333337 0.38213350000000007 0.71538450000000009 0.70400000000000007 0.48220000000000002
decision_type=2 2 2 2 2 2
left_child=-1 4 -3 -4 5 -2
right_child=1 2 3 -5 -6 -7
leaf_value=-0.021366883313508583 0.0076594519988811942 0.012386806823904622 -0.010478865893340189 0.010242283139306099 0.012906578281395704 -0.012713722586061108
leaf_weight=71.875986680708593 77.963392152043525 38.163646741544653 180.6971249118651 42.012113824719563 190.87096883007325 42.453829829464667
leaf_count=11440 1722 966 7338 928 2246 1529
internal_value=0 0.00276543 -0.00357895 -0.00646085 0.00809633 0.000293083
internal_weight=644.037 572.161 260.873 222.709 311.288 120.417
internal_count=26169 14729 9232 8266 5497 3251
is_linear=0
shrinkage=0.025


Tree=82
num_leaves=7
num_cat=0
split_feature=19 62 60 39 32 29
split_gain=59.5012 31.2252 21.7211 26.2979 18.6106 15.8619
threshold=0.68236450000000015 0.75000000000000011 0.68000000000000005 1.0000000180025095e-35 0.43680000000000002 1.0000000180025095e-35
decision_type=2 2 2 2 2 2
left_child=4 2 3 -2 -1 -4
right_child=1 -3 5 -5 -6 -7
leaf_value=-0.016582273755631524 -0.0057057761496397252 -0.0090482903651969999 -0.01181837509354765 0.01433922486942496 0.0033700041437246088 0.0080646333288801539
leaf_weight=136.88587607001682 47.008097430341877 82.958297730147024 51.423284072123352 242.29937265603803 35.143614493714267 44.124764425156172
leaf_count=15041 910 3898 1790 2693 977 860
internal_value=0 0.00462611 0.00763569 0.0110312 -0.0124662 -0.00257551
internal_weight=639.843 467.814 384.856 289.307 172.029 95.548
internal_count=26169 10151 6253 3603 16018 2650
is_linear=0
shrinkage=0.025


Tree=83
num_leaves=7
num_cat=0
split_feature=9 2 39 60 31 16
split_gain=59.4221 29.0244 20.8545 23.8732 15.2604 11.5561
threshold=0.63000000000000012 0.68277427554130565 1.0000000180025095e-35 0.68000000000000005 0.5186845000000001 0.60854950000000008
decision_type=2 2 2 2 2 2
left_child=4 2 -2 -4 -1 -3
right_child=1 5 3 -5 -6 -7
leaf_value=-0.01965040742137468 -0.014423039261704138 -0.01067417422100188 0.0060445699675681563 -0.0097076093444745815 0.01237535764116115 0.013861849631998414
leaf_weight=97.842857012608874 54.414309477360803 10.787171357776968 233.17832702807937 78.047692961292341 8.2312486065493413 153.88485932449112
leaf_count=13683 2449 179 4547 2993 497 1821
internal_value=0 0.00343503 -0.000484133 0.00202055 -0.0168569 0.0120666
internal_weight=636.386 530.312 365.64 311.226 106.074 164.672
internal_count=26169 11989 9989 7540 14180 2000
is_linear=0
shrinkage=0.025


Tree=84
num_leaves=7
num_cat=0
split_feature=1 60 39 43 44 20
split_gain=57.0082 30.9937 32.4571 26.509 23.9392 19.8055
threshold=0.45557285845279699 0.68000000000000005 1.0000000180025095e-35 1.0000000180025095e-35 0.047175500000000009 0.68995650000000019
decision_type=2 2 2 2 2 2
left_child=-1 2 3 -2 -4 -3
right_child=1 5 4 -5 -6 -7
leaf_value=-0.021003112713404302 0.0011663025707051222 -0.020641329424389208 -0.0029979018006796553 -0.030783641002563797 0.012747897895592783 -0.00084665115119293569
leaf_weight=69.178967437939718 49.558274997121771 44.163400573423132 75.299137884983793 21.1713732907956 270.82425115293881 101.6445264955546
leaf_count=11440 1358 2705 2829 1169 3706 2962
internal_value=0 0.00266381 0.00613886 -0.00900216 0.00930037 -0.00714809
internal_weight=631.84 562.661 416.853 70.7296 346.123 145.808
internal_count=26169 14729 9062 2527 6535 5667
is_linear=0
shrinkage=0.025


Tree=85
num_leaves=7
num_cat=0
split_feature=9 62 29 24 31 48
split_gain=56.0054 28.2169 21.3734 21.4968 14.5795 10.8935
threshold=0.63000000000000012 0.75000000000000011 0.31620650000000006 1.0000000180025095e-35 0.5186845000000001 0.66350000000000009
decision_type=2 2 2 2 2 2
left_child=4 2 3 -2 -1 -3
right_child=1 5 -4 -5 -6 -7
leaf_value=-0.019364804718207299 -0.0067513300965536486 -0.01495336000022774 0.014698200120235753 0.0070944699312490006 0.012127081237224778 0.0027348282286387467
leaf_weight=95.344481319327315 102.99159062135732 61.285943021292042 124.02973855880555 205.02388061903912 8.1183110887286585 30.851886602926243
leaf_count=13683 2697 3599 1010 3707 497 976
internal_value=0 0.00333639 0.00602888 0.00241957 -0.0165834 -0.00902232
internal_weight=627.646 524.183 432.045 308.015 103.463 92.1378
internal_count=26169 11989 7414 6404 14180 4575
is_linear=0
shrinkage=0.025


Tree=86
num_leaves=7
num_cat=0
split_feature=9 2 1 29 0 6
split_gain=54.8559 24.0244 21.2112 18.4476 15.116 22.9745
threshold=0.73000000000000009 0.68277427554130565 0.48921933770179754 1.0000000180025095e-35 0.46670000000000006 0.70334900000000011
decision_type=2 2 2 2 2 2
left_child=2 3 -1 -2 -4 -6
right_child=1 -3 4 -5 5 -7
leaf_value=-0.024407647911496289 -0.0049711364430676461 0.013030879313448313 0.0046433334827151035 0.0073473897304634356 -0.024602453727072718 0.002587852441614082
leaf_weight=53.885682193336834 163.65766965986404 143.52965980698355 50.713387617048284 137.26987690170063 41.229097754257964 33.205726628744742
leaf_count=11609 5103 1729 1780 2393 2866 689
internal_value=0 0.00470704 -0.0115893 0.000633434 -0.00563153 -0.0126691
internal_weight=623.491 444.457 179.034 300.928 125.148 74.4348
internal_count=26169 9225 16944 7496 5335 3555
is_linear=0
shrinkage=0.025


Tree=87
num_leaves=7
num_cat=0
split_feature=1 9 39 60 20 0
split_gain=53.6623 30.5538 20.4478 18.0583 13.8787 13.6651
threshold=0.61158692836761486 0.41000000000000009 1.0000000180025095e-35 0.68000000000000005 0.69622600000000012 0.48566650000000006
decision_type=2 2 2 2 2 2
left_child=1 -1 -3 -2 -5 -4
right_child=3 2 5 4 -6 -7
leaf_value=-0.021870791833193459 0.010961996858345752 -0.018707897676877416 0.0073050961414084185 -0.023201128985784955 0.0023102643544627858 -0.0054599539169889882
leaf_weight=67.133837434088491 227.78689656876668 40.52101191230031 92.039838084361691 14.188447014028496 62.575597680872306 115.01895925970166
leaf_count=11993 2613 2607 2323 605 1726 4302
internal_value=0 -0.0072114 -0.00302247 0.00745008 -0.00287771 0.000191949
internal_weight=619.265 314.714 247.58 304.551 76.764 207.059
internal_count=26169 21225 9232 4944 2331 6625
is_linear=0
shrinkage=0.025


Tree=88
num_leaves=7
num_cat=0
split_feature=19 62 43 32 0 29
split_gain=52.0104 27.6698 20.6523 16.6359 15.3957 12.5375
threshold=0.68236450000000015 0.58333333333333337 1.0000000180025095e-35 0.43680000000000002 0.48566650000000006 0.31620650000000006
decision_type=2 2 2 2 2 2
left_child=3 5 4 -1 -3 -2
right_child=1 2 -4 -5 -6 -7
leaf_value=-0.016099135030814747 0.0061010096895702144 0.014702852763173294 -0.019940723955192169 0.0029526092951318106 -0.0027409743951984952 0.018621264172554212
leaf_weight=128.30523884863214 170.30579391762149 38.165703532315092 32.11783538365853 34.844656822595425 138.5926315553952 73.310171301942319
leaf_count=15041 2977 915 1723 977 4066 470
internal_value=0 0.00436675 -0.00226674 -0.0119942 0.00112921 0.0100551
internal_weight=615.642 452.492 208.876 163.15 176.758 243.616
internal_count=26169 10151 6704 16018 4981 3447
is_linear=0
shrinkage=0.025


Tree=89
num_leaves=7
num_cat=0
split_feature=1 60 39 43 44 20
split_gain=51.1052 28.8481 28.1372 23.4694 21.0784 17.9412
threshold=0.45557285845279699 0.68000000000000005 1.0000000180025095e-35 1.0000000180025095e-35 0.047175500000000009 0.68995650000000019
decision_type=2 2 2 2 2 2
left_child=-1 2 3 -2 -4 -3
right_child=1 5 4 -5 -6 -7
leaf_value=-0.0206208320912174 0.0010452866861222318 -0.020300125991995006 -0.0027855483808304853 -0.029772816165455847 0.012152756038527958 -0.0010797942709020721
leaf_weight=64.468302003582721 48.733838256215677 42.015963518257195 73.630811951763462 19.669791778142098 264.09651638392825 99.780137734473101
leaf_count=11440 1358 2705 2829 1169 3706 2962
internal_value=0 0.00250886 0.00590401 -0.0084305 0.00887367 -0.0070887
internal_weight=612.395 547.927 406.131 68.4036 337.727 141.796
internal_count=26169 14729 9062 2527 6535 5667
is_linear=0
shrinkage=0.025


Tree=90
num_leaves=7
num_cat=0
split_feature=19 29 47 39 32 2
split_gain=49.8977 26.6278 23.685 23.738 16.4018 11.7393
threshold=0.68236450000000015 0.91839300000000013 0.94988050000000013 1.0000000180025095e-35 0.43680000000000002 0.68277427554130565
decision_type=2 2 2 2 2 2
left_child=4 2 3 -2 5 -1
right_child=1 -3 -4 -5 -6 -7
leaf_value=-0.018385328263626557 -0.01675515393446007 0.022375932200317236 0.012451711328816232 0.0017936951911376176 0.0029393311910569098 0.0069733806481362022
leaf_weight=114.46919132397306 49.280273216369096 43.308392262086272 102.32446495458134 253.42383927712217 34.803325770237279 10.823212523013352
leaf_count=14898 2318 159 500 7174 977 143
internal_value=0 0.00428195 0.00220035 -0.0013099 -0.0118728 -0.0160327
internal_weight=608.433 448.337 405.029 302.704 160.096 125.292
internal_count=26169 10151 9992 9492 16018 15041
is_linear=0
shrinkage=0.025


Tree=91
num_leaves=7
num_cat=0
split_feature=9 61 0 1 0 6
split_gain=48.3766 21.9662 25.6633 21.3558 21.3501 20.3956
threshold=0.75000000000000011 0.50715900000000003 0.51600000000000013 0.45899933576583868 0.4233670000000001 0.70334900000000011
decision_type=2 2 2 2 2 2
left_child=3 2 -2 -1 -5 -6
right_child=1 -3 -4 4 5 -7
leaf_value=-0.024437189748958043 0.0098737363434745051 0.011084724264705074 -0.0081302847644066437 0.0063562747970349401 -0.020027356962739759 0.0023076029890944662
leaf_weight=45.084033448096307 81.882144514005631 194.84655912534799 116.9543340152959 60.724031287762045 67.014966269402066 38.624985566479154
leaf_count=10564 1512 3240 3418 2020 4593 822
internal_value=0 0.00517312 -0.000642113 -0.00957944 -0.00519905 -0.0119156
internal_weight=605.131 393.683 198.836 211.448 166.364 105.64
internal_count=26169 8170 4930 17999 7435 5415
is_linear=0
shrinkage=0.025


Tree=92
num_leaves=7
num_cat=0
split_feature=19 29 62 44 43 17
split_gain=47.1403 25.4517 22.1618 15.6218 14.0042 13.1601
threshold=0.68236450000000015 0.91839300000000013 0.58333333333333337 0.43680000000000002 1.0000000180025095e-35 0.64648450000000013
decision_type=2 2 2 2 2 2
left_child=3 2 -2 5 -4 -1
right_child=1 -3 4 -5 -6 -7
leaf_value=-0.022448320784655355 0.0076510190166520307 0.021973526312146229 -0.00085775190814404718 0.0017964246553764151 -0.018734946243495594 -0.004659970032265922
leaf_weight=74.056710167484198 212.10241013212362 42.687504770699888 159.4044693664182 38.840438257768255 30.956670206505805 43.877673462870007
leaf_count=11989 3376 159 4898 1238 1718 2791
internal_value=0 0.00415597 0.00212055 -0.0116806 -0.00401549 -0.0161369
internal_weight=601.926 445.151 402.464 156.775 190.361 117.934
internal_count=26169 10151 9992 16018 6616 14780
is_linear=0
shrinkage=0.025


Tree=93
num_leaves=7
num_cat=0
split_feature=1 44 60 22 39 34
split_gain=46.1746 29.4349 17.652 17.5221 16.7107 13.5497
threshold=0.60620689392089855 0.10004450000000001 0.68000000000000005 0.41060950000000002 1.0000000180025095e-35 0.29069600000000007
decision_type=2 2 2 2 2 2
left_child=1 3 -2 -1 -3 -4
right_child=2 4 5 -5 -6 -7
leaf_value=-0.020505019663548632 0.010068477408774019 -0.018147249124015895 -0.020349957966203085 0.0024608060895522687 0.0034752817632583929 0.0025508445221474412
leaf_weight=102.60690467562927 233.24759566115972 24.148435345512553 19.372053848928772 24.432286077411845 135.62977428446175 58.352768778626341
leaf_count=14251 2815 1728 903 984 3953 1535
internal_value=0 -0.0072023 0.00664732 -0.0160584 0 -0.00350415
internal_weight=597.79 286.817 310.972 127.039 159.778 77.7248
internal_count=26169 20916 5253 15235 5681 2438
is_linear=0
shrinkage=0.025


Tree=94
num_leaves=7
num_cat=0
split_feature=1 60 39 43 31 20
split_gain=45.5778 25.3745 25.772 21.5773 18.2304 17.0248
threshold=0.45557285845279699 0.68000000000000005 1.0000000180025095e-35 1.0000000180025095e-35 0.31505900000000003 0.68995650000000019
decision_type=2 2 2 2 2 2
left_child=-1 2 3 -2 -4 -3
right_child=1 5 4 -5 -6 -7
leaf_value=-0.020278979859243568 0.00075329103184500147 -0.019908387284953505 0.0042564943431937594 -0.02936351572843739 0.016897361403271801 -0.00090030407004171743
leaf_weight=59.593679925726974 47.743708575799246 40.378473463460978 223.75620702410379 18.675255757014384 105.98969465569826 98.27522188405419
leaf_count=11440 1358 2705 4935 1169 1600 2962
internal_value=0 0.00234348 0.00557126 -0.00834577 0.00844254 -0.00675235
internal_weight=594.412 534.819 396.165 66.419 329.746 138.654
internal_count=26169 14729 9062 2527 6535 5667
is_linear=0
shrinkage=0.025


Tree=95
num_leaves=7
num_cat=0
split_feature=1 44 62 39 22 21
split_gain=43.8192 30.4478 17.0156 16.8523 15.0946 10.8583
threshold=0.61158692836761486 0.10004450000000001 0.58333333333333337 1.0000000180025095e-35 0.41060950000000002 0.33000000000000007
decision_type=2 2 2 2 2 2
left_child=1 4 5 -3 -1 -2
right_child=2 3 -4 -5 -6 -7
leaf_value=-0.019894313460381355 -0.004788190592654896 -0.018030944852842418 -0.0016560378463957772 0.0036514817066282028 0.0011813930483310967 0.013046892470620981
leaf_weight=103.84418082084994 22.176495821680874 23.969588896801724 97.580434529161721 142.92303131164226 25.239635592501145 175.45638629281893
leaf_count=14359 399 1754 2180 4102 1010 2365
internal_value=0 -0.00676899 0.00678634 0.000265583 -0.0157628 0.0109671
internal_weight=591.19 295.976 295.213 166.893 129.084 197.633
internal_count=26169 21225 4944 5856 15369 2764
is_linear=0
shrinkage=0.025


Tree=96
num_leaves=7
num_cat=0
split_feature=1 60 39 43 44 20
split_gain=43.3824 24.5412 23.6081 20.0365 18.4798 15.7389
threshold=0.45557285845279699 0.68000000000000005 1.0000000180025095e-35 1.0000000180025095e-35 0.047175500000000009 0.68995650000000019
decision_type=2 2 2 2 2 2
left_child=-1 2 3 -2 -4 -3
right_child=1 5 4 -5 -6 -7
leaf_value=-0.020083469656404493 0.00071501015541733078 -0.01945291035064093 -0.0028940179563727688 -0.028739032326945208 0.011318631012591434 -0.0010590022641833118
leaf_weight=57.876829916745919 47.35445145588892 39.843982285128732 71.081450517463963 17.858465355500812 256.43069394578197 97.423067104289657
leaf_count=11440 1358 2705 2829 1169 3706 2962
internal_value=0 0.00227717 0.00546425 -0.00798498 0.00820893 -0.00671319
internal_weight=587.869 529.992 392.725 65.2129 327.512 137.267
internal_count=26169 14729 9062 2527 6535 5667
is_linear=0
shrinkage=0.025


Tree=97
num_leaves=7
num_cat=0
split_feature=19 44 29 2 6 2
split_gain=42.2677 25.1377 19.804 13.8954 16.2139 12.7051
threshold=0.7009645000000001 0.24873000000000003 1.0000000180025095e-35 0.75944644212722789 0.54787700000000006 0.67772752046585094
decision_type=2 2 2 2 2 2
left_child=1 5 3 4 -2 -1
right_child=2 -3 -4 -5 -6 -7
leaf_value=-0.017768002482051539 0.018828334091959973 0.0015972859311379727 0.011521075638010726 0.017367338453167552 -0.0055771211129625664 0.0054492662193250316
leaf_weight=120.8407723070959 16.61752617941238 92.956380975490902 168.80470089177834 21.916541595943272 148.09834506794869 14.949570903554557
leaf_count=15575 207 3037 2419 323 4379 229
internal_value=0 -0.00833076 0.00538212 -0.000203052 -0.00281794 -0.0150964
internal_weight=584.184 228.747 355.437 186.632 164.716 135.79
internal_count=26169 18841 7328 4909 4586 15804
is_linear=0
shrinkage=0.025


Tree=98
num_leaves=7
num_cat=0
split_feature=19 31 62 9 29 2
split_gain=41.0576 23.9068 18.8473 13.2342 11.0766 10.7908
threshold=0.7009645000000001 0.27463300000000007 0.58333333333333337 0.65000000000000013 1.0000000180025095e-35 0.61679986119270336
decision_type=2 2 2 2 2 2
left_child=1 3 4 -1 -2 -3
right_child=2 5 -4 -5 -6 -7
leaf_value=-0.023205153125201192 0.0041101272945519261 -0.0035599176703160298 -0.00086800708374387659 -0.0076497278724778342 0.016412797030765394 0.015703313840724951
leaf_weight=57.610901997526526 92.500644778716378 49.02209178391422 163.76634883250517 94.592704234528355 97.771628334070556 25.385684888577089
leaf_count=11783 1681 3068 4799 3462 848 528
internal_value=0 -0.00825748 0.00530625 -0.013874 0.0106081 0.00319517
internal_weight=580.65 226.611 354.039 152.204 190.272 74.4078
internal_count=26169 18841 7328 15245 2529 3596
is_linear=0
shrinkage=0.025


Tree=99
num_leaves=7
num_cat=0
split_feature=1 60 39 43 31 20
split_gain=40.3231 24.1049 22.628 18.5594 15.8413 15.5189
threshold=0.45557285845279699 0.68000000000000005 1.0000000180025095e-35 1.0000000180025095e-35 0.31505900000000003 0.68995650000000019
decision_type=2 2 2 2 2 2
left_child=-1 2 3 -2 -4 -3
right_child=1 5 4 -5 -6 -7
leaf_value=-0.019756576569093472 0.0004379983088115552 -0.019616236049833296 0.0041014532542824151 -0.028300370480620857 0.015998082446253503 -0.0011589036452038972
leaf_weight=55.62414616361275 46.815652105797199 38.850047361665929 218.25242371650529 17.176521894085454 104.5432295970968 96.233863519439183
leaf_count=11440 1358 2705 4935 1169 1600 2962
internal_value=0 0.00218992 0.00537235 -0.00791827 0.00807463 -0.0067908
internal_weight=577.496 521.872 386.788 63.9922 322.796 135.084
internal_count=26169 14729 9062 2527 6535 5667
is_linear=0
shrinkage=0.025


Tree=100
num_leaves=7
num_cat=0
split_feature=19 44 62 60 0 16
split_gain=39.0991 22.9562 17.8105 14.5021 10.6682 16.189
threshold=0.7009645000000001 0.047175500000000009 0.58333333333333337 0.68000000000000005 0.84440000000000015 0.61839550000000021
decision_type=2 2 2 2 2 2
left_child=1 -1 -2 -3 -4 -6
right_child=2 3 4 -5 5 -7
leaf_value=-0.018893708600943939 0.010376043865919275 0.0021486015097702494 0.001630313743800365 -0.016165958903391991 0.019364361760041224 -0.027383125549195104
leaf_weight=77.640971878818164 188.27552606514655 112.84942134786979 142.56663065368775 32.657502693265997 3.9411388691514757 16.300006299075903
leaf_count=12810 2529 4083 3717 1948 40 1042
internal_value=0 -0.0081307 0.00518881 -0.00210642 -0.000823133 -0.016768
internal_weight=574.231 223.148 351.083 145.507 162.808 20.2411
internal_count=26169 18841 7328 6031 4799 1082
is_linear=0
shrinkage=0.025


Tree=101
num_leaves=7
num_cat=0
split_feature=1 9 62 0 47 48
split_gain=38.671 24.3597 16.5812 13.9517 14.2607 10.8471
threshold=0.60620689392089855 0.41000000000000009 0.58333333333333337 0.48566650000000006 0.79605500000000007 0.37386650000000005
decision_type=2 2 2 2 2 2
left_child=1 -1 5 -3 -5 -2
right_child=2 3 -4 4 -6 -7
leaf_value=-0.021603583754332547 -0.019507928019171429 0.0041626648673353337 -0.0019202665536221701 -0.015052860753873108 0.0019942993813539308 0.011385273510839178
leaf_weight=53.190912666912482 4.9663924998603752 94.325781900057336 102.42854800848727 75.55152523763536 48.294038743129931 193.32883043237962
leaf_count=11936 149 2964 2363 5214 802 2741
internal_value=0 -0.0068097 0.00615031 -0.00295936 -0.00842808 0.0103347
internal_weight=572.086 271.362 300.724 218.171 123.846 198.295
internal_count=26169 20916 5253 8980 6016 2890
is_linear=0
shrinkage=0.025


Tree=102
num_leaves=7
num_cat=0
split_feature=1 29 47 62 15 9
split_gain=37.5561 23.0384 22.6615 19.067 8.77969 3.24304
threshold=0.45557285845279699 0.96721250000000014 0.9999920000000001 0.41666666666666669 0.50324300000000011 0.75000000000000011
decision_type=2 2 2 2 2 2
left_child=5 2 3 -2 -4 -1
right_child=1 -3 4 -5 -6 -7
leaf_value=-0.023790979908528818 0.010035519001602182 0.019280258742094866 -0.0093404175350827318 -0.0040570806516783816 0.018046235680463742 -0.0079604679960085228
leaf_weight=36.321432210175772 69.899553715251386 42.115932774380781 6.4200119972228995 344.26221410203289 52.436968054971658 17.055438153271098
leaf_count=10397 1451 200 42 12805 231 1043
internal_value=0 0.00210191 0.000460684 -0.00161168 0.0146575 -0.0194717
internal_weight=568.512 515.135 473.019 414.162 58.857 53.3769
internal_count=26169 14729 14529 14256 273 11440
is_linear=0
shrinkage=0.025


Tree=103
num_leaves=7
num_cat=0
split_feature=1 60 39 44 20 47
split_gain=36.3042 22.7474 21.6761 16.6089 14.0388 11.8436
threshold=0.45557285845279699 0.68000000000000005 1.0000000180025095e-35 0.047175500000000009 0.68995650000000019 0.93479450000000008
decision_type=2 2 2 2 2 2
left_child=-1 2 5 -4 -3 -2
right_child=1 4 3 -5 -6 -7
leaf_value=-0.019320529023056227 -0.01434754144385925 -0.019162003382569615 -0.0028443264133505394 0.010834636528958859 -0.0013642189482784136 0.0087771369541072616
leaf_weight=52.430615711102291 46.187014568728046 37.673188468885201 68.848977941263001 248.64157330554735 94.626111524390581 16.901494373101741
leaf_count=11440 2424 2705 2829 3706 2962 103
internal_value=0 0.00205924 0.00517149 0.00784191 -0.00675857 -0.00792059
internal_weight=565.309 512.878 380.579 317.491 132.299 63.0885
internal_count=26169 14729 9062 6535 5667 2527
is_linear=0
shrinkage=0.025


Tree=104
num_leaves=7
num_cat=0
split_feature=9 29 1 0 6 2
split_gain=35.3885 18.3399 16.7567 17.5575 20.1819 15.6553
threshold=0.75000000000000011 1.0000000180025095e-35 0.45899933576583868 0.43580000000000002 0.70334900000000011 0.68277427554130565
decision_type=2 2 2 2 2 2
left_child=2 5 -1 -4 -5 -2
right_child=1 -3 3 4 -6 -7
leaf_value=-0.023610268149431794 -0.0059055064881567091 0.010221560353921785 0.0049865275294525922 -0.020971064614670045 0.0023015034026884849 0.0090673599775928076
leaf_weight=35.574692599024274 127.23332792506699 178.71867888992711 64.17844284378225 55.431728738243692 37.14366300535039 63.137966485694051
leaf_count=10564 4435 2596 2349 4264 822 1139
internal_value=0 0.00452477 -0.00862995 -0.00485801 -0.0117265 -0.00084112
internal_weight=561.419 369.09 192.329 156.754 92.5754 190.371
internal_count=26169 8170 17999 7435 5086 5574
is_linear=0
shrinkage=0.025


Tree=105
num_leaves=7
num_cat=0
split_feature=1 44 62 22 21 9
split_gain=34.3768 23.6518 13.9711 13.8117 12.0803 11.612
threshold=0.61158692836761486 0.10004450000000001 0.58333333333333337 0.41060950000000002 0.33000000000000007 0.83150000000000002
decision_type=2 2 2 2 2 2
left_child=1 3 4 -1 -2 -6
right_child=2 -3 -4 -5 5 -7
leaf_value=-0.018936430993605091 -0.0069545620952709015 3.7905455503959072e-06 -0.0016477479725251561 0.0017492401066843671 0.0020362450985701224 0.016610677627189669
leaf_weight=92.781619899396901 20.956891129724681 159.92019182489457 93.886353010850144 24.130458690808155 51.203345221583731 115.55326381733175
leaf_count=14359 399 5856 2180 1010 875 1490
internal_value=0 -0.00622769 0.00612318 -0.0146464 0.0100264 0.0122834
internal_weight=558.432 276.832 281.6 116.912 187.714 166.757
internal_count=26169 21225 4944 15369 2764 2365
is_linear=0
shrinkage=0.025


Tree=106
num_leaves=7
num_cat=0
split_feature=1 60 49 20 1 16
split_gain=33.2089 19.5504 17.7204 15.8221 15.247 13.1649
threshold=0.56367313861846935 0.68000000000000005 1.0000000180025095e-35 0.69418650000000015 0.43721100687980657 0.59306800000000004
decision_type=2 2 2 2 2 2
left_child=2 5 4 -3 -1 -2
right_child=1 3 -4 -5 -6 -7
leaf_value=-0.016413200734215424 -0.014215737302662602 -0.023649875153588955 -0.016043295965476566 2.9151059657083184e-05 0.0063299982713797042 0.0087685272587764967
leaf_weight=23.561306838777455 14.041960497037506 20.459294511485496 95.042446064151591 72.90414096188033 60.246417099697283 268.9434821580071
leaf_count=5166 586 1182 11147 2197 2028 3863
internal_value=0 0.00421135 -0.00879771 -0.00554994 -0.000252755 0.00748288
internal_weight=555.199 376.349 178.85 93.3634 83.8077 282.985
internal_count=26169 7828 18341 3379 7194 4449
is_linear=0
shrinkage=0.025


Tree=107
num_leaves=7
num_cat=0
split_feature=9 1 47 0 31 19
split_gain=32.8139 19.6337 18.4175 20.5656 12.8427 9.85386
threshold=0.63000000000000012 0.68300354480743419 0.94988050000000013 0.48566650000000006 0.5186845000000001 0.76890650000000005
decision_type=2 2 2 2 2 2
left_child=4 2 3 -2 -1 -3
right_child=1 5 -4 -5 -6 -7
leaf_value=-0.017552357450777056 0.005703881757961631 0.0078972092515184507 0.011264913665706984 -0.0078447767045021245 0.013149526792009512 0.028057998465525109
leaf_weight=74.466917459154502 107.33034847809904 87.100871690287022 68.338979775086045 189.45416811737596 7.419141371632576 17.745747343637049
leaf_count=13683 2663 1219 421 7399 497 287
internal_value=0 0.00256475 -0.000173774 -0.00290903 -0.0143598 0.011965
internal_weight=551.856 469.97 365.123 296.785 81.8861 104.847
internal_count=26169 11989 10483 10062 14180 1506
is_linear=0
shrinkage=0.025


Tree=108
num_leaves=7
num_cat=0
split_feature=1 44 39 62 6 16
split_gain=32.6295 21.2817 13.9327 13.7647 10.3868 9.4836
threshold=0.61158692836761486 0.10004450000000001 1.0000000180025095e-35 0.58333333333333337 0.74606800000000006 0.60854950000000008
decision_type=2 2 2 2 2 2
left_child=1 4 -3 5 -1 -2
right_child=3 2 -4 -5 -6 -7
leaf_value=-0.016373778943173625 -0.0073795114198687804 -0.017396169113921882 0.0029149280872064888 -0.0016988569915733405 0.01043154957578088 0.01170490359812945
leaf_weight=105.53003690080186 15.732607676414771 22.383119062629703 136.36896025549504 93.43850488778844 7.7807358200661829 168.02488463779446
leaf_count=15192 327 1754 4102 2180 177 2437
internal_value=0 -0.00612226 -0.000119861 0.0060099 -0.0142721 0.00994687
internal_weight=549.259 272.063 158.752 277.196 113.311 183.757
internal_count=26169 21225 5856 4944 15369 2764
is_linear=0
shrinkage=0.025


Tree=109
num_leaves=7
num_cat=0
split_feature=19 44 29 2 6 2
split_gain=31.3768 19.2017 16.0259 13.1443 14.5977 10.4709
threshold=0.7009645000000001 0.24873000000000003 0.91839300000000013 0.75944644212722789 0.54787700000000006 0.67772752046585094
decision_type=2 2 2 2 2 2
left_child=1 5 3 4 -2 -1
right_child=2 -3 -4 -5 -6 -7
leaf_value=-0.016572586338050616 0.018293269973794338 0.0012369220859372004 0.020616771062218538 0.017335724733447796 -0.00096886401672998952 0.0051190870941982972
leaf_weight=106.92421793183166 24.730584666016512 88.09453947755901 33.166576577816159 32.029121262719855 247.14003005473933 14.094317614159079
leaf_count=15575 346 3037 128 452 6402 229
internal_value=0 -0.00755594 0.00470876 0.00279 0.000902134 -0.013923
internal_weight=546.179 209.113 337.066 303.9 271.871 121.019
internal_count=26169 18841 7328 7200 6748 15804
is_linear=0
shrinkage=0.025


Tree=110
num_leaves=7
num_cat=0
split_feature=1 29 47 62 15 37
split_gain=31.068 21.0376 17.4094 20.7898 10.9209 3.72995
threshold=0.45557285845279699 0.96721250000000014 0.9099980000000002 0.41666666666666669 0.48619900000000005 1.0000000180025095e-35
decision_type=2 2 2 2 2 2
left_child=5 2 3 -2 -4 -1
right_child=1 -3 4 -5 -6 -7
leaf_value=-0.020920304329196442 0.010786874061754992 0.018647052036615361 -0.010645673636721607 -0.0055376616320498605 0.010973494662789601 0.00030487967823433532
leaf_weight=43.11067492834627 56.482640514266677 40.335328007815406 14.368763229576869 275.20642879849765 109.19022949045757 4.8462230274235472
leaf_count=10682 1400 200 119 12291 719 758
internal_value=0 0.00189366 0.000296444 -0.00267171 0.00822871 -0.0186932
internal_weight=543.54 495.583 455.248 331.689 123.559 47.9569
internal_count=26169 14729 14529 13691 838 11440
is_linear=0
shrinkage=0.025


Tree=111
num_leaves=7
num_cat=0
split_feature=1 29 47 39 15 37
split_gain=29.7308 20.441 17.7752 16.9117 7.42549 3.64829
threshold=0.45557285845279699 0.96721250000000014 0.9999920000000001 1.0000000180025095e-35 0.50324300000000011 1.0000000180025095e-35
decision_type=2 2 2 2 2 2
left_child=5 2 3 -2 -4 -1
right_child=1 -3 4 -5 -6 -7
leaf_value=-0.020681000049936452 -0.013243101100105304 0.018429531062809458 -0.0090038606973509606 0.00065569820922984896 0.016539056949441442 0.00035857178661112722
leaf_weight=42.319500774272456 62.634645045349316 39.995794059359469 6.16464646346867 335.26745739767648 48.983621938561555 4.8078118018092928
leaf_count=10682 3275 200 42 10981 231 758
internal_value=0 0.00184754 0.000271351 -0.00157932 0.0132654 -0.0184483
internal_weight=540.173 493.046 453.05 397.902 55.1483 47.1273
internal_count=26169 14729 14529 14256 273 11440
is_linear=0
shrinkage=0.025


Tree=112
num_leaves=7
num_cat=0
split_feature=9 62 61 0 2 61
split_gain=29.2349 18.9431 12.9674 20.2535 10.4418 10.0361
threshold=0.57000000000000017 0.75000000000000011 0.50715900000000003 0.48566650000000006 0.70846572518348705 0.91961550000000014
decision_type=2 2 2 2 2 2
left_child=-1 2 3 -2 -4 -3
right_child=1 5 4 -5 -6 -7
leaf_value=-0.014193108671889297 0.0079139374484897412 -0.010340380649700586 0.0043684187875119686 -0.0080889586405852587 0.01666946867869214 0.023464673248784901
leaf_weight=75.198978391172204 100.1637074003811 79.943352968046383 111.96319705003407 92.777750404879043 73.459517484297976 3.4038231978192917
leaf_count=14009 2005 4594 2063 2589 851 58
internal_value=0 0.00237562 0.00477008 0.000168983 0.00944526 -0.00821476
internal_weight=536.91 461.711 378.364 192.941 185.423 83.3472
internal_count=26169 12160 7508 4594 2914 4652
is_linear=0
shrinkage=0.025


Tree=113
num_leaves=7
num_cat=0
split_feature=1 44 22 39 62 16
split_gain=29.3359 19.0256 13.1269 12.6309 12.5955 10.0567
threshold=0.61158692836761486 0.10004450000000001 0.41060950000000002 1.0000000180025095e-35 0.58333333333333337 0.60854950000000008
decision_type=2 2 2 2 2 2
left_child=1 2 -1 -3 5 -2
right_child=4 3 -4 -5 -6 -7
leaf_value=-0.018203363952092651 -0.008222685013566676 -0.01696614441417733 0.0022538023039057279 0.0027091858292551379 -0.0016658418630048515 0.011494798962011365
leaf_weight=85.59993553345339 15.621763717266729 21.451910614745429 23.616942295338959 134.33850875876669 91.069835756716202 162.28195884125307
leaf_count=14359 327 1754 1010 4102 2180 2437
internal_value=0 -0.00587555 -0.01375 -0.000169945 0.00578971 0.00962495
internal_weight=533.981 265.007 109.217 155.79 268.974 177.904
internal_count=26169 21225 15369 5856 4944 2764
is_linear=0
shrinkage=0.025


Tree=114
num_leaves=7
num_cat=0
split_feature=1 9 39 62 0 48
split_gain=28.6729 18.0694 12.9515 12.5998 9.77316 9.693
threshold=0.61158692836761486 0.41000000000000009 1.0000000180025095e-35 0.58333333333333337 0.48566650000000006 0.37386650000000005
decision_type=2 2 2 2 2 2
left_child=1 -1 -3 5 -4 -2
right_child=3 2 4 -5 -6 -7
leaf_value=-0.019532033779847316 -0.020440425879244935 -0.016394190796279864 0.0064372382098640771 -0.0017284468628551587 -0.005042362542341871 0.010613734138425488
leaf_weight=46.818528319148754 4.0825024018995455 33.295746948650049 80.791842179052765 90.999600414099405 101.99294345325325 173.05213166226167
leaf_count=11993 132 2607 2323 2180 4302 2632
internal_value=0 -0.00583877 -0.00264234 0.00572583 2.85034e-06 0.00957479
internal_weight=531.033 262.899 216.081 268.134 182.785 177.135
internal_count=26169 21225 9232 4944 6625 2764
is_linear=0
shrinkage=0.025


Tree=115
num_leaves=7
num_cat=0
split_feature=19 44 29 62 48 6
split_gain=28.5814 17.0667 14.5466 12.8534 12.1511 9.77171
threshold=0.7009645000000001 0.24873000000000003 0.91839300000000013 0.75000000000000011 0.66350000000000009 0.54787700000000006
decision_type=2 2 2 2 2 2
left_child=1 -1 3 5 -5 -2
right_child=2 -3 -4 4 -6 -7
leaf_value=-0.013544651547990994 0.020637575617113317 0.00097449116414730129 0.01988115393467068 -0.016681269712754725 0.0054518534541035061 0.0035316601472131443
leaf_weight=115.33341373007352 21.262502450554166 86.268649176425242 32.344476480502635 34.338612055726117 24.316534184865304 215.08167067199247
leaf_count=15804 210 3037 128 2057 803 4130
internal_value=0 -0.00735298 0.00454991 0.00268659 -0.00751474 0.00530712
internal_weight=528.946 201.602 327.344 294.999 58.6551 236.344
internal_count=26169 18841 7328 7200 2860 4340
is_linear=0
shrinkage=0.025


Tree=116
num_leaves=7
num_cat=0
split_feature=1 60 43 61 44 20
split_gain=27.4711 18.6332 19.6811 20.3307 15.1648 11.663
threshold=0.45557285845279699 0.68000000000000005 1.0000000180025095e-35 0.71629350000000003 0.047175500000000009 0.68995650000000019
decision_type=2 2 2 2 2 2
left_child=-1 2 4 -4 -2 -3
right_child=1 5 3 -5 -6 -7
leaf_value=-0.018202964381954925 -0.0037228698727362081 -0.018233749658441916 -0.019475632606463709 0.01583454902291296 0.009746490965057036 -0.0014022873666833984
leaf_weight=44.711018270099885 63.508013058191864 34.798306321281416 34.723372385196853 11.643564586527644 247.90088467611349 88.836830910026038
leaf_count=11440 3078 2705 1803 85 4096 2962
internal_value=0 0.00177591 0.00467711 -0.0100731 0.00696393 -0.00647653
internal_weight=526.122 481.411 357.776 46.3669 311.409 123.635
internal_count=26169 14729 9062 1888 7174 5667
is_linear=0
shrinkage=0.025


Tree=117
num_leaves=7
num_cat=0
split_feature=9 29 21 0 1 61
split_gain=27.0935 16.2077 14.0624 15.5287 15.589 13.1649
threshold=0.75000000000000011 1.0000000180025095e-35 0.87400000000000011 0.43580000000000002 0.45899933576583868 0.50715900000000003
decision_type=2 2 2 2 2 2
left_child=2 5 3 4 -1 -2
right_child=1 -3 -4 -5 -6 -7
leaf_value=-0.022097601637877697 -0.0076669562544622039 0.009638570068662462 0.0056615655486369557 -0.019999585225661407 0.0032452667966179106 0.005638394502880892
leaf_weight=17.832616514169786 91.803909566267976 166.00913378415862 35.644727870414499 66.642229991339264 56.518159488172387 88.787744227331132
leaf_count=6850 3378 2596 764 8071 2314 2196
internal_value=0 0.00405579 -0.00790386 -0.0114332 -0.00324034 -0.00108993
internal_weight=523.239 346.601 176.638 140.993 74.3508 180.592
internal_count=26169 8170 17999 17235 9164 5574
is_linear=0
shrinkage=0.025


Tree=118
num_leaves=7
num_cat=0
split_feature=1 9 62 39 6 21
split_gain=26.1661 16.6934 12.574 12.4212 8.73535 8.57825
threshold=0.61158692836761486 0.41000000000000009 0.58333333333333337 1.0000000180025095e-35 0.53097800000000006 0.33000000000000007
decision_type=2 2 2 2 2 2
left_child=1 -1 5 -3 -5 -2
right_child=2 3 -4 4 -6 -7
leaf_value=-0.019192364251738779 -0.0050554567356042345 -0.016229865759726902 -0.0019792088011213113 0.009215943480032792 -0.0031737453031920695 0.01140297621868374
leaf_weight=44.45323094413834 20.427088540047407 32.44378362189309 90.072821800909878 45.633187342944439 133.6614645710506 153.79282295878511
leaf_count=11993 399 2607 2180 1440 5185 2365
internal_value=0 -0.00566534 0.00549331 -0.00259375 1.4857e-05 0.00937951
internal_weight=520.484 256.192 264.293 211.738 179.295 174.22
internal_count=26169 21225 4944 9232 6625 2764
is_linear=0
shrinkage=0.025


Tree=119
num_leaves=7
num_cat=0
split_feature=1 29 47 62 20 37
split_gain=25.2341 18.6071 16.1619 18.8994 9.31465 3.40705
threshold=0.45557285845279699 0.9893010000000001 0.9099980000000002 0.41666666666666669 0.7023815000000001 1.0000000180025095e-35
decision_type=2 2 2 2 2 2
left_child=5 2 3 -2 -4 -1
right_child=1 -3 4 -5 -6 -7
leaf_value=-0.02012365781176954 0.010309460218484754 0.018121928744416729 -0.0064184327743229685 -0.0054562898469675955 0.011364107068388125 0.00064483045323842009
leaf_weight=38.318632051334134 55.024415413790848 37.029180269921198 20.263609044020995 267.00922397337854 95.64915007824311 4.5239669150978434
leaf_count=10682 1402 185 246 12303 593 758
internal_value=0 0.00169253 0.00018855 -0.00267684 0.00811163 -0.017823
internal_weight=517.818 474.976 437.946 322.034 115.913 42.8426
internal_count=26169 14729 14544 13705 839 11440
is_linear=0
shrinkage=0.025


Tree=120
num_leaves=7
num_cat=0
split_feature=9 29 1 22 61 61
split_gain=25.2994 14.7732 12.8928 12.8555 12.262 11.6614
threshold=0.75000000000000011 1.0000000180025095e-35 0.45899933576583868 0.25230600000000009 0.50715900000000003 0.70542100000000008
decision_type=2 2 2 2 2 2
left_child=2 4 -1 -4 -2 -5
right_child=1 -3 3 5 -6 -7
leaf_value=-0.022654631066113862 -0.0074284809855467079 0.0092860932363929959 0.0066404732234485887 -0.014643017440783675 0.005505039170507404 0.0032638112598975181
leaf_weight=27.877409751676169 90.246480318674003 164.28984372600098 42.929264586091449 71.702385120879626 87.679745214118157 30.593341344792861
leaf_count=10564 3378 2596 1666 5099 2196 670
internal_value=0 0.00393455 -0.00772372 -0.00446346 -0.00101855 -0.00925406
internal_weight=515.318 342.216 173.102 145.225 177.926 102.296
internal_count=26169 8170 17999 7435 5574 5769
is_linear=0
shrinkage=0.025


Tree=121
num_leaves=7
num_cat=0
split_feature=1 9 60 39 20 48
split_gain=23.8625 15.8117 12.0319 11.9206 9.43657 9.05681
threshold=0.61158692836761486 0.41000000000000009 0.68000000000000005 1.0000000180025095e-35 0.70180650000000011 0.37386650000000005
decision_type=2 2 2 2 2 2
left_child=1 -1 5 -3 -4 -2
right_child=2 3 4 -5 -6 -7
leaf_value=-0.018930432992458671 -0.013396531636538004 -0.015948091877593003 -0.018402211318269957 7.9740476279930119e-05 0.0018780921377144983 0.0096310458545878566
leaf_weight=42.62290526409015 8.875078729586674 31.938960149185732 17.220348389382707 176.90839374116331 49.075826147571206 186.0876437802508
leaf_count=11993 234 2607 712 6625 1619 2379
internal_value=0 -0.00546964 0.00526665 -0.00248964 -0.0037398 0.00838214
internal_weight=512.729 251.47 261.259 208.847 66.2962 194.963
internal_count=26169 21225 4944 9232 2331 2613
is_linear=0
shrinkage=0.025


Tree=122
num_leaves=7
num_cat=0
split_feature=9 19 60 39 31 21
split_gain=23.5253 14.2699 13.883 15.9403 13.7645 12.3806
threshold=0.73000000000000009 0.64414750000000021 0.68000000000000005 1.0000000180025095e-35 0.5186845000000001 0.87400000000000011
decision_type=2 2 2 2 2 2
left_child=4 -2 3 -3 5 -1
right_child=1 2 -4 -5 -6 -7
leaf_value=-0.015253956086524132 -0.018686359797928296 -0.0064780219356324253 -0.0043479438220190014 0.0096833309427479947 0.015210102726561446 0.0033455721073871883
leaf_weight=98.830133949008086 15.105133461271178 43.126785112253856 84.922000852020574 230.18975689797662 11.174499830689454 26.758405344327912
leaf_count=15716 1011 1354 3367 3493 573 655
internal_value=0 0.00325217 0.00432456 0.00706589 -0.00877698 -0.0112348
internal_weight=510.107 373.344 358.239 273.317 136.763 125.589
internal_count=26169 9225 8214 4847 16944 16371
is_linear=0
shrinkage=0.025


Tree=123
num_leaves=7
num_cat=0
split_feature=2 9 0 61 44 9
split_gain=22.8634 18.9037 13.9488 17.3392 10.2953 7.14229
threshold=0.68277427554130565 0.29000000000000009 0.48566650000000006 0.48363350000000005 0.16662500000000002 0.87000000000000011
decision_type=2 2 2 2 2 2
left_child=1 -1 4 -4 -3 -2
right_child=5 2 3 -5 -6 -7
leaf_value=-0.01878216288400248 0.0011364269468307744 -0.0035340595028729689 -0.01443928387190919 0.00034705440503308223 0.011456798150145376 0.012762199222257459
leaf_weight=41.157488584265593 55.863062668708153 44.215988842232036 75.323496576093021 133.16161710536107 70.906543505174341 87.267712498782203
leaf_count=11604 984 2332 4839 3697 1385 1328
internal_value=0 -0.00332378 -0.00120199 -0.00506142 0.00567202 0.00838222
internal_weight=507.896 364.765 323.608 208.485 115.123 143.131
internal_count=26169 23857 12253 8536 3717 2312
is_linear=0
shrinkage=0.025


Tree=124
num_leaves=7
num_cat=0
split_feature=62 21 44 0 48 16
split_gain=22.937 16.9242 18.6101 13.5026 13.1023 10.4412
threshold=0.75000000000000011 0.70400000000000007 0.047175500000000009 0.48220000000000002 0.66350000000000009 0.59306800000000004
decision_type=2 2 2 2 2 2
left_child=1 2 -1 -4 -2 -3
right_child=4 5 3 -5 -6 -7
leaf_value=-0.016294384460568682 -0.016144014888078036 -0.021752016326072224 0.0077503730942289229 -0.0087034948406356904 0.0033171058077165038 0.0080447684266232427
leaf_weight=46.308585749062331 71.55126359341557 5.0986525427433653 83.201374320098694 46.280477042659186 28.52153690677369 224.01587758015376
leaf_count=7639 9446 245 2276 1781 1015 3767
internal_value=0 0.00266033 -0.00311654 0.00174954 -0.0105665 0.00711627
internal_weight=504.978 404.905 175.79 129.482 100.073 229.115
internal_count=26169 15708 11696 4057 10461 4012
is_linear=0
shrinkage=0.025


Tree=125
num_leaves=7
num_cat=0
split_feature=1 29 62 61 32 37
split_gain=22.3188 17.5108 14.5832 18.4029 13.1248 3.28646
threshold=0.45557285845279699 0.9893010000000001 0.41666666666666669 0.71538450000000009 0.10193000000000001 1.0000000180025095e-35
decision_type=2 2 2 2 2 2
left_child=5 2 4 -4 -2 -1
right_child=1 -3 3 -5 -6 -7
leaf_value=-0.019758363739901225 -0.004139832201311827 0.017789806696378016 -0.0046877314049233159 0.0098607371481693688 0.01751852293759595 0.00097667954425912197
leaf_weight=35.496379915397483 24.669920281972736 35.741341410786845 290.0155677547591 64.06269479682669 47.870029779034667 4.2962604195345184
leaf_count=10682 722 185 11181 1878 763 758
internal_value=0 0.00158189 0.000107901 -0.00198029 0.0101437 -0.0173874
internal_weight=502.152 462.36 426.618 354.078 72.54 39.7926
internal_count=26169 14729 14544 13059 1485 11440
is_linear=0
shrinkage=0.025


Tree=126
num_leaves=7
num_cat=0
split_feature=19 31 29 2 6 9
split_gain=22.2491 15.2298 11.7406 11.4353 11.7296 9.65233
threshold=0.7009645000000001 0.27463300000000007 0.91839300000000013 0.75944644212722789 0.54787700000000006 0.65000000000000013
decision_type=2 2 2 2 2 2
left_child=1 5 3 4 -2 -1
right_child=2 -3 -4 -5 -6 -7
leaf_value=-0.02157531657256816 0.016799477379202159 0.0027215821921645635 0.018367366803561529 0.016537722748788296 -0.0011617556272181708 -0.0064031243859236338
leaf_weight=41.029557269004727 22.658164247928653 66.631598037216463 30.038878157734871 29.266866008751094 229.33365784247144 80.904360332264332
leaf_count=11783 346 3596 128 452 6402 3462
internal_value=0 -0.00672578 0.0040952 0.00239169 0.000568034 -0.0119096
internal_weight=499.863 188.566 311.298 281.259 251.992 121.934
internal_count=26169 18841 7328 7200 6748 15245
is_linear=0
shrinkage=0.025


Tree=127
num_leaves=7
num_cat=0
split_feature=9 61 0 62 0 1
split_gain=21.2703 13.099 21.7498 11.8466 13.2975 11.6316
threshold=0.75000000000000011 0.49446450000000003 0.51600000000000013 0.58333333333333337 0.85073300000000007 0.45899933576583868
decision_type=2 2 2 2 2 2
left_child=5 2 -2 -3 -5 -1
right_child=1 3 -4 4 -6 -7
leaf_value=-0.022211668611654509 0.0081513466053577763 0.012460194384027165 -0.010799410072262965 0.0039447383205304335 -0.02663413808265927 -0.0041830126646790087
leaf_weight=25.149934404436863 68.66461321990937 122.85685686155921 78.05247082679125 54.74971150897909 8.0040775369852764 139.8151425466931
leaf_count=10564 1509 1809 3174 1130 548 7435
internal_value=0 0.00363831 -0.00188371 0.00801677 -0.000692403 -0.0072744
internal_weight=497.293 332.328 146.717 185.611 62.7538 164.965
internal_count=26169 8170 4683 3487 1678 17999
is_linear=0
shrinkage=0.025


Tree=128
num_leaves=7
num_cat=0
split_feature=1 9 62 39 19 6
split_gain=21.1148 13.8804 11.2507 10.6211 8.49916 7.37985
threshold=0.61158692836761486 0.41000000000000009 0.58333333333333337 1.0000000180025095e-35 0.76571650000000013 0.53097800000000006
decision_type=2 2 2 2 2 2
left_child=1 -1 4 -3 -2 -5
right_child=2 3 -4 5 -6 -7
leaf_value=-0.018509990119073651 0.0061562518076000369 -0.015419753404223602 -0.0021346103093732179 0.0086253800362447019 0.022017800489806613 -0.0030127389552979532
leaf_weight=38.836905481362919 141.93699452222791 30.746961819691933 87.231088826360065 43.534584901717608 24.115773111931048 128.33793457975844
leaf_count=11993 2289 2607 2180 1440 475 5185
internal_value=0 -0.00526188 0.00501857 -0.00248526 0.00880413 0
internal_weight=494.74 241.456 253.284 202.619 166.053 171.873
internal_count=26169 21225 4944 9232 2764 6625
is_linear=0
shrinkage=0.025


Tree=129
num_leaves=7
num_cat=0
split_feature=19 29 47 39 17 9
split_gain=20.5459 15.1177 13.702 18.6755 10.3955 8.61662
threshold=0.68236450000000015 0.89118900000000012 0.93479450000000008 1.0000000180025095e-35 0.64358250000000006 0.78000000000000014
decision_type=2 2 2 2 2 2
left_child=4 2 3 -2 5 -1
right_child=1 -3 -4 -5 -6 -7
leaf_value=-0.021661248931010357 -0.017649032192329498 0.017752482934400109 0.0095199866468627312 0.0010516825185708657 -0.0010667065797182252 -0.00035761653627391091
leaf_weight=43.409012944670394 36.875054085350712 35.926074102520943 87.785918456502259 213.69422775077692 57.360256798157934 17.256150285364129
leaf_count=11632 2293 167 593 7098 3658 728
internal_value=0 0.00287399 0.00114992 -0.001813 -0.00898454 -0.015994
internal_weight=492.307 374.281 338.355 250.569 118.025 60.6652
internal_count=26169 10151 9984 9391 16018 12360
is_linear=0
shrinkage=0.025


Tree=130
num_leaves=7
num_cat=0
split_feature=62 60 16 61 48 1
split_gain=19.9618 15.4841 13.3541 12.3648 12.0719 11.8468
threshold=0.75000000000000011 0.68000000000000005 0.59306800000000004 0.71629350000000003 0.66350000000000009 0.67171064019203197
decision_type=2 2 2 2 2 2
left_child=1 2 -1 -4 -2 -3
right_child=4 5 3 -5 -6 -7
leaf_value=-0.014247404535334983 -0.015607834909500512 -0.011820714398059593 0.0045118167120592649 0.019767092910632417 0.0032619515984887398 0.006525293608300984
leaf_weight=17.767131930952019 68.114289226214169 66.603533455599973 242.00366370941992 37.248928656103089 28.200344996614149 29.678432924440131
leaf_count=2785 9446 4425 7302 348 1015 848
internal_value=0 0.00250945 0.00534229 0.00673508 -0.0100516 -0.00605505
internal_weight=489.616 393.302 297.02 279.253 96.3146 96.282
internal_count=26169 15708 10435 7650 10461 5273
is_linear=0
shrinkage=0.025


Tree=131
num_leaves=7
num_cat=0
split_feature=19 31 29 2 6 9
split_gain=19.7852 14.1808 10.6799 11.6067 10.2711 8.95827
threshold=0.7009645000000001 0.27463300000000007 1.0000000180025095e-35 0.75944644212722789 0.54787700000000006 0.65000000000000013
decision_type=2 2 2 2 2 2
left_child=1 5 3 4 -2 -1
right_child=2 -3 -4 -5 -6 -7
leaf_value=-0.021197371176647047 0.015431563233703042 0.0027266730521561624 0.0088185229204124707 0.016553273310851012 -0.0054151404501163007 -0.0062361542636997624
leaf_weight=38.637672607748755 14.064269973139742 65.417075683086296 142.82905179966474 19.142852320335805 128.2722247408019 79.158851541476906
leaf_count=11783 207 3596 2419 323 4379 3462
internal_value=0 -0.00644035 0.00389839 -0.000468213 -0.00306406 -0.0115548
internal_weight=487.522 183.214 304.308 161.479 142.336 117.797
internal_count=26169 18841 7328 4909 4586 15245
is_linear=0
shrinkage=0.025


Tree=132
num_leaves=7
num_cat=0
split_feature=2 17 22 39 60 19
split_gain=19.5995 14.466 11.6029 10.3146 12.4769 9.77709
threshold=0.68277427554130565 0.60436650000000014 0.51730250000000011 1.0000000180025095e-35 0.68000000000000005 0.77163700000000002
decision_type=2 2 2 2 2 2
left_child=1 2 -1 -3 -5 -2
right_child=5 3 -4 4 -6 -7
leaf_value=-0.016518249890140117 0.004794399106611294 -0.010877713119230699 0.011989637616516374 0.0050543950023356939 -0.0081895775119106475 0.023058826048126965
leaf_weight=64.081185879975237 115.57380030804779 46.788956261110798 8.1061406391672772 173.68784141524702 56.7315932110414 20.419981700368226
leaf_count=8805 1930 4415 360 6618 3659 382
internal_value=0 -0.00313545 -0.0129057 -0.000467308 0.00170313 0.00796679
internal_weight=485.389 349.396 72.1873 277.208 230.419 135.994
internal_count=26169 23857 9165 14692 10277 2312
is_linear=0
shrinkage=0.025


Tree=133
num_leaves=7
num_cat=0
split_feature=62 15 22 48 62 34
split_gain=19.2227 14.8586 15.8767 11.0718 8.32685 7.48668
threshold=0.75000000000000011 0.66562750000000015 0.47295250000000005 0.66350000000000009 0.41666666666666669 0.47791200000000006
decision_type=2 2 2 2 2 2
left_child=1 2 4 -2 -1 -5
right_child=3 -3 -4 5 -6 -7
leaf_value=0.0049626715881110443 -0.015350508697789481 0.0070845672000750849 0.012911394703701163 0.016234468546482968 -0.0090044212690446844 -0.007591369354074601
leaf_weight=31.425499085460615 66.66738566150525 204.56826119183097 31.065513689740328 12.045085566911441 120.71900234471468 16.250127376406454
leaf_count=1406 9446 4430 758 361 9114 654
internal_value=0 0.00248018 -0.00264001 -0.00993162 -0.00602934 0.00276155
internal_weight=482.741 387.778 183.21 94.9626 152.145 28.2952
internal_count=26169 15708 11278 10461 10520 1015
is_linear=0
shrinkage=0.025


Tree=134
num_leaves=7
num_cat=0
split_feature=2 49 19 60 20 43
split_gain=19.0434 16.6093 12.7256 11.6407 15.8214 12.7356
threshold=0.57366925477981578 1.0000000180025095e-35 0.64414750000000021 0.68000000000000005 0.69418650000000015 1.0000000180025095e-35
decision_type=2 2 2 2 2 2
left_child=1 2 -1 5 -5 -2
right_child=3 -3 -4 4 -6 -7
leaf_value=-0.0161035923584875 0.0085207734135863862 -0.015107150111219523 0.0069339241154922973 -0.022958754392729888 0.0015089978724361275 -0.007319482128475662
leaf_weight=17.423184008050157 208.6410601065727 78.04364817597525 57.461559820236289 19.217411185207311 65.655998085800093 34.760386747148004
leaf_count=4914 3689 10853 2277 1339 2145 952
internal_value=0 -0.0072178 0.00111371 0.00339158 -0.00442935 0.00617161
internal_weight=481.203 152.928 74.8847 328.275 84.8734 243.401
internal_count=26169 18044 7191 8125 3484 4641
is_linear=0
shrinkage=0.025


Tree=135
num_leaves=7
num_cat=0
split_feature=15 48 0 32 60 22
split_gain=17.8876 17.0114 11.8992 12.0194 9.9287 8.14583
threshold=0.66562750000000015 0.65910000000000013 0.84223300000000012 0.33500000000000008 0.82000000000000017 0.43410050000000006
decision_type=2 2 2 2 2 2
left_child=1 4 3 -2 -1 -3
right_child=2 5 -4 -5 -6 -7
leaf_value=-0.006007123316239725 0.0019161906952808079 -0.00020656700994618992 -0.0096281308126534466 0.014191336665270568 -0.024216470318971218 0.019383793218941237
leaf_weight=169.97437990836261 126.61690200447629 31.119110135194205 28.487401714388398 82.991320402827114 19.672516206883301 19.498356743133627
leaf_count=14984 3841 732 1451 1320 3251 590
internal_value=0 -0.00478776 0.00483092 0.00692759 -0.00823206 0.00773224
internal_weight=478.36 240.264 238.096 209.608 189.647 50.6175
internal_count=26169 19557 6612 5161 18235 1322
is_linear=0
shrinkage=0.025


Tree=136
num_leaves=7
num_cat=0
split_feature=2 9 0 61 44 9
split_gain=19.0953 15.1062 11.0741 13.9769 9.16061 6.1377
threshold=0.68277427554130565 0.29000000000000009 0.48566650000000006 0.48363350000000005 0.16662500000000002 0.87000000000000011
decision_type=2 2 2 2 2 2
left_child=1 -1 4 -4 -3 -2
right_child=5 2 3 -5 -6 -7
leaf_value=-0.018013777631284381 0.0010803781559181264 -0.0038121503053218653 -0.013496290037841705 0.00016358844553941051 0.010609254124847645 0.012207728229678704
leaf_weight=35.511586913038627 53.297016505792271 42.527724197207135 70.632528365196777 126.51263240017579 67.542511273088166 80.248145049670711
leaf_count=11604 984 2332 4839 3697 1385 1328
internal_value=0 -0.00312606 -0.00124539 -0.00479432 0.00499862 0.00793265
internal_weight=476.272 342.727 307.215 197.145 110.07 133.545
internal_count=26169 23857 12253 8536 3717 2312
is_linear=0
shrinkage=0.025


Tree=137
num_leaves=7
num_cat=0
split_feature=19 29 47 6 17 9
split_gain=17.1922 14.6258 12.4276 13.1878 8.61369 8.71361
threshold=0.68236450000000015 0.60023650000000017 0.98135300000000014 0.53097800000000006 0.64358250000000006 0.83150000000000002
decision_type=2 2 2 2 2 2
left_child=4 2 3 -2 5 -1
right_child=1 -3 -4 -5 -6 -7
leaf_value=-0.019859047140127123 0.014929458070630484 0.014955924043271141 0.011444869208119032 -0.0035467218935730533 -0.0011658023842649344 0.0031668167955420067
leaf_weight=45.094644186261576 24.297848986199824 49.441816152713727 52.14150646654889 234.9208582223946 55.947202029376058 11.507071401516439
leaf_count=11944 711 402 325 8713 3658 416
internal_value=0 0.0026671 0.000584262 -0.00165536 -0.00842219 -0.0150939
internal_weight=473.351 360.802 311.36 259.219 112.549 56.6017
internal_count=26169 10151 9749 9424 16018 12360
is_linear=0
shrinkage=0.025


Tree=138
num_leaves=7
num_cat=0
split_feature=1 60 43 61 31 0
split_gain=18.1704 14.0702 17.5377 17.2428 11.5571 9.49265
threshold=0.45557285845279699 0.68000000000000005 1.0000000180025095e-35 0.71629350000000003 0.31505900000000003 0.80776700000000012
decision_type=2 2 2 2 2 2
left_child=-1 2 4 -4 -2 -3
right_child=1 5 3 -5 -6 -7
leaf_value=-0.016665417323679068 0.002682178774181775 -0.013403480859364603 -0.019585146025862088 0.014592112930427718 0.013483969388477382 0.00081322535658952884
leaf_weight=35.158308111040242 189.65681662870338 53.908480729071016 31.312607672371087 10.329895811155437 92.798362970206654 58.395549011765979
leaf_count=11440 5441 3031 1803 85 1733 2636
internal_value=0 0.00142991 0.00408496 -0.0105626 0.00634889 -0.00607817
internal_weight=471.56 436.402 324.098 41.6425 282.455 112.304
internal_count=26169 14729 9062 1888 7174 5667
is_linear=0
shrinkage=0.025


Tree=139
num_leaves=7
num_cat=0
split_feature=1 60 43 61 31 0
split_gain=17.5842 13.4048 15.2371 15.7711 11.0698 8.611
threshold=0.46851216256618505 0.68000000000000005 1.0000000180025095e-35 0.71629350000000003 0.31505900000000003 0.80776700000000012
decision_type=2 2 2 2 2 2
left_child=-1 2 4 -4 -2 -3
right_child=1 5 3 -5 -6 -7
leaf_value=-0.015114802647251561 0.0026172147626086191 -0.012979469370741703 -0.018808412902850794 0.014199699079191228 0.013260643914271905 0.00067541732140731557
leaf_weight=41.174585816490435 185.81683111592429 52.236032218650507 29.635244890770991 10.204675702843813 91.914948857127456 58.157490616627911
leaf_count=12264 5025 2806 1689 85 1681 2619
internal_value=0 0.00153353 0.00415409 -0.00980777 0.00625774 -0.00585264
internal_weight=469.14 427.965 317.572 39.8399 277.732 110.394
internal_count=26169 13905 8480 1774 6706 5425
is_linear=0
shrinkage=0.025


Tree=140
num_leaves=7
num_cat=0
split_feature=1 9 62 39 16 6
split_gain=17.5066 11.085 10.0131 9.19493 7.9294 6.92813
threshold=0.61158692836761486 0.41000000000000009 0.58333333333333337 1.0000000180025095e-35 0.60854950000000008 0.52384150000000007
decision_type=2 2 2 2 2 2
left_child=1 -1 4 -3 -2 -5
right_child=2 3 -4 5 -6 -7
leaf_value=-0.017609265871210051 -0.0080905180437223969 -0.014887412382751887 -0.0021983660408772185 0.0091317596330028686 0.010193461891905398 -0.0028634517189538525
leaf_weight=34.095616713171694 14.119895214273127 28.793769531061116 83.05499374793726 36.593040906751412 142.29638490342768 128.06434306043957
leaf_count=11993 327 2607 2180 1328 2437 5297
internal_value=0 -0.00493783 0.00469449 -0.00246367 0.00838657 -4.86155e-05
internal_weight=467.018 227.547 239.471 193.451 156.416 164.657
internal_count=26169 21225 4944 9232 2764 6625
is_linear=0
shrinkage=0.025


Tree=141
num_leaves=7
num_cat=0
split_feature=1 29 62 61 32 17
split_gain=16.8273 13.1933 11.6435 14.6446 11.1114 3.13254
threshold=0.46851216256618505 0.9893010000000001 0.41666666666666669 0.71629350000000003 0.10193000000000001 0.64282500000000009
decision_type=2 2 2 2 2 2
left_child=5 2 4 -4 -2 -1
right_child=1 -3 3 -5 -6 -7
leaf_value=-0.021319315089668302 -0.0042866111510505966 0.01617032248224054 -0.0043129686158940054 0.0092648622077891839 0.016398388968100742 -0.0057936093915619893
leaf_weight=21.235282725847355 22.511797151266364 32.668728423304856 266.24352479553636 58.206500459229574 44.784390590910334 19.152591422011028
leaf_count=9702 692 179 10455 1820 759 2562
internal_value=0 0.00149964 0.000159233 -0.00179812 0.00944782 -0.0149277
internal_weight=464.803 424.415 391.746 324.45 67.2962 40.3879
internal_count=26169 13905 13726 12275 1451 12264
is_linear=0
shrinkage=0.025


Tree=142
num_leaves=7
num_cat=0
split_feature=1 29 62 61 32 18
split_gain=16.3625 12.6404 11.1307 14.0649 10.7891 3.96221
threshold=0.46851216256618505 0.9893010000000001 0.41666666666666669 0.71629350000000003 0.10193000000000001 0.68450250000000012
decision_type=2 2 2 2 2 2
left_child=5 2 4 -4 -2 -1
right_child=1 -3 3 -5 -6 -7
leaf_value=-0.018347632228252721 -0.0042527200620103133 0.01584312306882394 -0.0042266563251051326 0.009088509785490197 0.016153962878160032 0.00048029891916277474
leaf_weight=32.473830929537144 22.493384384957608 32.628489385941066 265.30716409852903 58.151467893389054 44.460426626319531 7.4569003543001591
leaf_count=11800 692 179 10455 1820 759 464
internal_value=0 0.00147613 0.000159984 -0.00175466 0.00926597 -0.0148042
internal_weight=462.972 423.041 390.412 323.459 66.9538 39.9307
internal_count=26169 13905 13726 12275 1451 12264
is_linear=0
shrinkage=0.025


Tree=143
num_leaves=7
num_cat=0
split_feature=1 60 43 44 14 0
split_gain=16.1929 14.6439 16.2566 13.5372 11.5907 14.5257
threshold=0.68300354480743419 0.68000000000000005 1.0000000180025095e-35 0.047175500000000009 1.0000000180025095e-35 0.77566650000000015
decision_type=2 2 2 2 2 2
left_child=1 2 3 -1 5 -3
right_child=-2 4 -4 -5 -6 -7
leaf_value=-0.0074434681735339771 0.0093392043259833777 -0.014196194086625591 -0.015151458187053504 0.0061720287644554013 -0.017694943601922877 0.014847350603581118
leaf_weight=57.44061432023409 90.409647513588425 19.481468271536869 33.256418556265999 186.00993398275023 56.022437529605668 18.587364718900062
leaf_count=7888 1648 2150 3590 4897 5699 297
internal_value=0 -0.00232442 0.000566106 0.00288096 -0.0107102 0
internal_weight=461.208 370.798 276.707 243.451 94.0913 38.0688
internal_count=26169 24521 16375 12785 8146 2447
is_linear=0
shrinkage=0.025


Tree=144
num_leaves=7
num_cat=0
split_feature=1 60 43 44 14 0
split_gain=15.9266 14.5964 15.8226 13.3824 11.9702 14.5063
threshold=0.68300354480743419 0.68000000000000005 1.0000000180025095e-35 0.047175500000000009 1.0000000180025095e-35 0.77566650000000015
decision_type=2 2 2 2 2 2
left_child=1 2 3 -1 5 -3
right_child=-2 4 -4 -5 -6 -7
leaf_value=-0.0074295476583789728 0.0092623837875898084 -0.014197204950720575 -0.014997253691927196 0.0061356060747804475 -0.017819582135075281 0.01489249673681349
leaf_weight=57.172032048260007 90.338453746284358 19.125384507337003 32.963994884561544 185.45000967048691 55.763531011662053 18.725985731172841
leaf_count=7888 1648 2150 3590 4897 5699 297
internal_value=0 -0.00231343 0.000577118 0.00286021 -0.0107074 8.37412e-06
internal_weight=459.539 369.201 275.586 242.622 93.6149 37.8514
internal_count=26169 24521 16375 12785 8146 2447
is_linear=0
shrinkage=0.025


Tree=145
num_leaves=7
num_cat=0
split_feature=1 29 47 39 15 37
split_gain=15.5306 12.6939 11.0371 12.5906 8.49179 3.01829
threshold=0.45557285845279699 0.9893010000000001 0.98135300000000014 1.0000000180025095e-35 0.50324300000000011 1.0000000180025095e-35
decision_type=2 2 2 2 2 2
left_child=5 2 3 -2 -4 -1
right_child=1 -3 4 -5 -6 -7
leaf_value=-0.018563370875811943 -0.012753237489990061 0.015770963482570569 -0.012757696487082956 0.0003742901585584017 0.01378451842933805 0.0019344589122900675
leaf_weight=28.923584671563731 51.601826827143668 32.375709062151145 6.4713144591078153 284.94945889504015 48.943357947515324 3.8425906151605878
leaf_count=10682 3255 185 58 10925 306 758
internal_value=0 0.00131737 8.96064e-06 -0.00169188 0.0101169 -0.0159447
internal_weight=457.108 424.342 391.966 336.551 55.4147 32.7662
internal_count=26169 14729 14544 14180 364 11440
is_linear=0
shrinkage=0.025


Tree=146
num_leaves=7
num_cat=0
split_feature=1 60 43 44 6 32
split_gain=15.2037 13.8563 14.7787 12.9729 7.41679 7.21576
threshold=0.68300354480743419 0.68000000000000005 1.0000000180025095e-35 0.047175500000000009 0.71247950000000004 0.10193000000000001
decision_type=2 2 2 2 2 2
left_child=1 2 3 -1 5 -2
right_child=4 -3 -4 -5 -6 -7
leaf_value=-0.0074121611076885009 -0.0098861973356733964 -0.010544337416935485 -0.014625598182836499 0.0059750519005298576 0.016142610370186324 0.0093706955622877824
leaf_weight=56.885123713185749 17.615860494028311 91.753163705188854 32.477099294652362 184.6178820545756 43.991333928366657 27.877576272236183
leaf_count=7888 338 8146 3590 4897 938 372
internal_value=0 -0.00227106 0.000538216 0.00274225 0.00909152 0.00160521
internal_weight=455.218 365.733 273.98 241.503 89.4848 45.4934
internal_count=26169 24521 16375 12785 1648 710
is_linear=0
shrinkage=0.025


Tree=147
num_leaves=7
num_cat=0
split_feature=15 22 21 62 43 60
split_gain=14.9903 15.3171 9.81696 10.4996 9.56937 12.4825
threshold=0.66562750000000015 0.46925750000000005 0.9840000000000001 0.41666666666666669 1.0000000180025095e-35 0.68000000000000005
decision_type=2 2 2 2 2 2
left_child=1 2 3 -1 5 -2
right_child=4 -3 -4 -5 -6 -7
leaf_value=0.0044978159341118899 0.0098043824028390802 0.0094443391698946534 0.016709642223815165 -0.011314456195646236 -0.0086903869056354378 -0.004950829007525092
leaf_weight=29.295602427682752 154.67690693102486 38.076154849550221 7.5357006748672566 152.72400452302281 27.182501939765643 43.848518843471538
leaf_count=1406 3196 1126 134 16891 1509 1907
internal_value=0 -0.00450224 -0.00743573 -0.00869563 0.00454019 0.00648082
internal_weight=453.339 227.631 189.555 182.02 225.708 198.525
internal_count=26169 19557 18431 18297 6612 5103
is_linear=0
shrinkage=0.025


Tree=148
num_leaves=7
num_cat=0
split_feature=1 60 43 61 9 31
split_gain=14.5154 12.1876 13.1474 14.8013 10.4408 8.60778
threshold=0.45557285845279699 0.68000000000000005 1.0000000180025095e-35 0.71629350000000003 0.95350000000000013 0.39143400000000006
decision_type=2 2 2 2 2 2
left_child=-1 2 4 -4 -2 -3
right_child=1 5 3 -5 -6 -7
leaf_value=-0.015601738447473593 0.0027688658501678447 -0.0032929616570197781 -0.01831203269992698 0.014248726297976117 0.013990206220037833 -0.026514911353354955
leaf_weight=31.959686578746187 205.32993235246977 98.306023588811513 28.539410251411027 9.7340688332915288 69.102910449088085 8.9949118759541289
leaf_count=11440 6368 5018 1803 85 806 649
internal_value=0 0.00127248 0.00378123 -0.00945038 0.00572681 -0.0058787
internal_weight=451.967 420.007 312.706 38.2735 274.433 107.301
internal_count=26169 14729 9062 1888 7174 5667
is_linear=0
shrinkage=0.025


Tree=149
num_leaves=7
num_cat=0
split_feature=15 48 60 62 0 32
split_gain=14.9672 15.1352 9.2463 9.23808 9.12347 11.3198
threshold=0.66562750000000015 0.65910000000000013 0.82000000000000017 0.75000000000000011 0.84223300000000012 0.33500000000000008
decision_type=2 2 2 2 2 2
left_child=1 2 3 -1 5 -2
right_child=4 -3 -4 -5 -6 -7
leaf_value=-0.0023927319542376038 0.0013854645006135952 0.0074409939824882435 -0.023956531592956395 -0.017023420666936066 -0.0084408853905312935 0.013594611853749904
leaf_weight=125.14990491107164 118.97719590565248 48.712404514466471 18.099514469622591 33.053073010540174 26.958806389084202 79.311430289657437
leaf_count=8636 3841 1322 3251 6348 1451 1320
internal_value=0 -0.00453526 -0.00795101 -0.00572122 0.00453063 0.00642092
internal_weight=450.262 225.015 176.302 158.203 225.247 198.289
internal_count=26169 19557 18235 14984 6612 5161
is_linear=0
shrinkage=0.025


Tree=150
num_leaves=7
num_cat=0
split_feature=2 49 0 60 20 39
split_gain=14.5065 14.928 9.41995 9.2516 13.7015 9.62899
threshold=0.57366925477981578 1.0000000180025095e-35 0.29846700000000009 0.68000000000000005 0.69418650000000015 1.0000000180025095e-35
decision_type=2 2 2 2 2 2
left_child=1 2 -1 5 -5 -2
right_child=3 -3 -4 4 -6 -7
leaf_value=-0.0097313011159127806 -0.0051890078720925395 -0.014432309786013751 0.0087324077823820699 -0.022252231135109889 0.0014143040465304135 0.0079254604025505073
leaf_weight=25.260383532870037 40.11624091383419 71.295360200587311 42.74447350018454 17.417145779152634 62.329342853598064 189.47464062095969
leaf_count=5472 1300 10853 1719 1339 2145 3341
internal_value=0 -0.00662967 0.00164809 0.00301468 -0.0041675 0.00556507
internal_weight=448.638 139.3 68.0049 309.337 79.7465 229.591
internal_count=26169 18044 7191 8125 3484 4641
is_linear=0
shrinkage=0.025


Tree=151
num_leaves=7
num_cat=0
split_feature=2 49 19 60 20 16
split_gain=14.3088 14.7792 11.4619 8.61953 13.2177 9.48843
threshold=0.57366925477981578 1.0000000180025095e-35 0.64414750000000021 0.68000000000000005 0.69418650000000015 0.60695300000000019
decision_type=2 2 2 2 2 2
left_child=1 2 -1 5 -5 -2
right_child=3 -3 -4 4 -6 -7
leaf_value=-0.015949138208685806 -0.0084279147353579567 -0.014386987623884483 0.007259723284097009 -0.021876282301635824 0.0015099209285037328 0.0072590365561451906
leaf_weight=14.927828763062278 24.66630413880921 70.910016015299334 52.909848960676754 17.133759445925534 61.961419391969685 204.37799850295414
leaf_count=4914 1092 10853 2277 1339 2145 3549
internal_value=0 -0.00659726 0.00164281 0.00299977 -0.00396386 0.00545913
internal_weight=446.887 138.748 67.8377 308.139 79.0952 229.044
internal_count=26169 18044 7191 8125 3484 4641
is_linear=0
shrinkage=0.025


Tree=152
num_leaves=7
num_cat=0
split_feature=9 2 0 48 31 21
split_gain=13.6968 9.92117 8.91486 9.9061 8.85813 10.5779
threshold=0.75000000000000011 0.75944644212722789 0.86900000000000011 0.67393350000000007 0.5186845000000001 0.87400000000000011
decision_type=2 2 2 2 2 2
left_child=4 2 3 -2 5 -1
right_child=1 -3 -4 -5 -6 -7
leaf_value=-0.011965917907069022 0.00023381136688731014 0.017432177169639275 -0.016219697127717633 0.012413746531754243 0.013144610848280178 0.0040669160475251629
leaf_weight=102.35246913057381 211.00018762810214 24.897928084246814 13.97941049026849 50.047958147712052 10.940214117406866 31.724796300230082
leaf_count=16561 5879 395 909 987 682 756
internal_value=0 0.00304637 0.00156721 0.00269775 -0.00624536 -0.00810323
internal_weight=444.943 299.925 275.028 261.048 145.017 134.077
internal_count=26169 8170 7775 6866 17999 17317
is_linear=0
shrinkage=0.025


Tree=153
num_leaves=7
num_cat=0
split_feature=1 29 61 32 32 18
split_gain=13.8238 11.4678 9.23243 15.4295 6.74987 3.47343
threshold=0.46851216256618505 0.9893010000000001 0.71629350000000003 0.10023000000000001 0.12793500000000005 0.63779750000000013
decision_type=2 2 2 2 2 2
left_child=5 2 3 -2 -4 -1
right_child=1 -3 4 -5 -6 -7
leaf_value=-0.022226790074153669 -0.0081215664373204509 0.015412220160022095 0.013890639738450098 0.0029695449080243499 -0.004386415175505828 -0.0054963763860594733
leaf_weight=16.492545044007784 130.63987750520755 30.819820639095269 43.320142898708582 187.11550128006638 15.177573669003321 19.939576017030049
leaf_count=9842 7235 179 1048 4649 794 2422
internal_value=0 0.00135319 8.43486e-05 -0.00159086 0.00901968 -0.0142358
internal_weight=443.505 407.073 376.253 317.755 58.4977 36.4321
internal_count=26169 13905 13726 11884 1842 12264
is_linear=0
shrinkage=0.025


Tree=154
num_leaves=7
num_cat=0
split_feature=39 60 22 31 47 0
split_gain=13.6323 14.2548 14.5832 14.7664 13.7538 12.331
threshold=1.0000000180025095e-35 0.68000000000000005 0.47295250000000005 0.43579550000000006 0.93479450000000008 0.80776700000000012
decision_type=2 2 2 2 2 2
left_child=4 2 3 -2 -1 -3
right_child=1 5 -4 -5 -6 -7
leaf_value=-0.016246092505002998 -0.0018996462739459563 -0.014669377687251899 0.014064721867782777 0.015589376813225142 0.0075171483953922541 0.0027037900791110872
leaf_weight=52.476937404202545 165.09235450945562 49.135616889581797 75.131967516499572 34.2123992126144 18.776175029808655 47.839492909668479
leaf_count=6632 9903 5221 969 1082 164 2198
internal_value=0 0.00193755 0.0048597 0.00121507 -0.00982297 -0.00615837
internal_weight=442.665 371.412 274.437 199.305 71.2531 96.9751
internal_count=26169 19373 11954 10985 6796 7419
is_linear=0
shrinkage=0.025


Tree=155
num_leaves=7
num_cat=0
split_feature=2 49 19 29 19 2
split_gain=13.4886 14.384 10.7611 8.17045 8.97894 7.54583
threshold=0.57366925477981578 1.0000000180025095e-35 0.64414750000000021 0.31620650000000006 0.77163700000000002 0.68750262260437023
decision_type=2 2 2 2 2 2
left_child=1 2 -1 4 -2 -6
right_child=3 -3 -4 -5 5 -7
leaf_value=-0.015610390899615485 -0.0015048379673018898 -0.014249712435228285 0.0071436033842767173 0.0095759953742050284 0 0.025776831729910202
leaf_weight=14.449664245341408 196.01586205975036 69.383869570636307 52.311414640062139 81.436077550228219 14.717994469101543 12.415208814432843
leaf_count=4914 6170 10853 2277 1124 536 295
internal_value=0 -0.00647239 0.00170673 0.0029222 0.000375995 0.0132394
internal_weight=440.73 136.145 66.7611 304.585 223.149 27.1332
internal_count=26169 18044 7191 8125 7001 831
is_linear=0
shrinkage=0.025


Tree=156
num_leaves=7
num_cat=0
split_feature=1 60 31 47 14 0
split_gain=13.2651 12.6891 11.6848 13.1788 10.2856 12.8806
threshold=0.67976158857345592 0.68000000000000005 0.34591200000000005 0.79605500000000007 1.0000000180025095e-35 0.77566650000000015
decision_type=2 2 2 2 2 2
left_child=1 2 3 -1 5 -3
right_child=-2 4 -4 -5 -6 -7
leaf_value=-0.0065386775591381426 0.0083999100636344606 -0.014045250733716244 0.01012010268226623 0.0070196451760926194 -0.017148764397911406 0.014180458596820312
leaf_weight=140.88988294454794 90.454757880128454 17.604673004629149 58.877596447404358 62.360810182464775 51.969154621865528 17.811406469641952
leaf_count=13644 1751 2143 1976 710 5650 295
internal_value=0 -0.00221813 0.000524763 -0.00230148 -0.010329 0
internal_weight=439.968 349.514 262.128 203.251 87.3852 35.4161
internal_count=26169 24418 16330 14354 8088 2438
is_linear=0
shrinkage=0.025


Tree=157
num_leaves=7
num_cat=0
split_feature=19 32 49 58 2 61
split_gain=13.163 11.3143 9.28746 8.23557 7.78644 7.4956
threshold=0.7009645000000001 0.40703000000000006 1.0000000180025095e-35 0.33916700000000005 0.61679986119270336 0.71629350000000003
decision_type=2 2 2 2 2 2
left_child=1 2 3 -1 -3 -2
right_child=5 4 -4 -5 -6 -7
leaf_value=-0.0094738222463922606 0.0010535733923993072 -0.0038377713716181809 -0.016295473808813559 0.0096472639328999358 0.015801372927936461 0.010982435566635661
leaf_weight=33.054898369260627 217.28364854631945 27.272440947868745 61.076300105447444 20.625451018429885 19.177519634482451 59.523246936500072
leaf_count=5679 5586 1206 10506 1112 338 1742
internal_value=0 -0.00562882 -0.00980541 -0.00186886 0.00448468 0.00329915
internal_weight=438.014 161.207 114.757 53.6803 46.45 276.807
internal_count=26169 18841 17297 6791 1544 7328
is_linear=0
shrinkage=0.025


Tree=158
num_leaves=7
num_cat=0
split_feature=1 60 31 47 19 47
split_gain=12.8949 13.3278 11.9185 11.5571 8.58244 8.3537
threshold=0.68300354480743419 0.68000000000000005 0.34591200000000005 0.79605500000000007 0.76890650000000005 0.9099980000000002
decision_type=2 2 2 2 2 2
left_child=1 2 3 -1 -2 -3
right_child=4 5 -4 -5 -6 -7
leaf_value=-0.0062142284850031301 0.0044773437095547413 -0.015067659552588972 0.01023633588286635 0.0064831803971111407 0.024969911158964058 0.0016443359418425252
leaf_weight=140.03831895512667 72.771023551351391 63.524621497255794 60.037023968172434 62.489346005022526 13.998674147529526 24.185496819380205
leaf_count=13667 1358 7817 1993 715 290 329
internal_value=0 -0.00214793 0.00066294 -0.00222252 0.00848815 -0.0104446
internal_weight=437.045 350.275 262.565 202.528 86.7697 87.7101
internal_count=26169 24521 16375 14382 1648 8146
is_linear=0
shrinkage=0.025


Tree=159
num_leaves=7
num_cat=0
split_feature=1 60 43 61 31 17
split_gain=12.4504 10.0039 10.9311 12.0868 9.87755 8.42383
threshold=0.46851216256618505 0.68000000000000005 1.0000000180025095e-35 0.71629350000000003 0.31505900000000003 0.63418550000000007
decision_type=2 2 2 2 2 2
left_child=-1 2 4 -4 -2 -3
right_child=1 5 3 -5 -6 -7
leaf_value=-0.013805822806528159 0.0018276182285247606 0.00079212744356457927 -0.017144007222171902 0.013085384245399742 0.012103054474507345 -0.013322170329431587
leaf_weight=34.862186257005305 174.00654316256987 58.39686866482225 26.644338519865414 9.1183837938588095 88.491118321107933 43.844524077372625
leaf_count=12264 5025 2844 1689 85 1681 2581
internal_value=0 0.00127993 0.00360748 -0.00885639 0.00540611 -0.00535053
internal_weight=435.364 400.502 298.26 35.7627 262.498 102.241
internal_count=26169 13905 8480 1774 6706 5425
is_linear=0
shrinkage=0.025


Tree=160
num_leaves=7
num_cat=0
split_feature=1 60 31 61 19 47
split_gain=12.4249 11.8969 11.2104 12.3843 8.67726 8.09163
threshold=0.68300354480743419 0.82000000000000017 0.34591200000000005 0.71629350000000003 0.76890650000000005 0.80572300000000008
decision_type=2 2 2 2 2 2
left_child=1 2 3 -1 -2 -3
right_child=4 5 -4 -5 -6 -7
leaf_value=-0.0049210106759918241 0.0043086116883032559 -0.01981119673381098 0.0093625981648705545 0.011551665254411163 0.024912943319123856 -0.0013130213749200461
leaf_weight=194.84034855288337 72.958035883610137 33.226590923468393 60.669987445689912 30.702113203587942 13.944993763230739 27.687687786878087
leaf_count=16225 1358 5082 2111 628 290 475
internal_value=0 -0.00212673 1.3373e-05 -0.00253823 0.00831697 -0.0119243
internal_weight=434.03 347.127 286.212 225.542 86.903 60.9143
internal_count=26169 24521 18964 16853 1648 5557
is_linear=0
shrinkage=0.025


Tree=161
num_leaves=7
num_cat=0
split_feature=62 21 60 16 1 24
split_gain=12.6958 10.7974 10.092 10.1371 9.13738 7.61879
threshold=0.75000000000000011 0.9840000000000001 0.68000000000000005 0.59306800000000004 0.67171064019203197 0.25000000000000006
decision_type=2 2 2 2 2 2
left_child=2 -2 3 -1 -4 -5
right_child=1 -3 4 5 -6 -7
leaf_value=-0.013927804280399853 -0.010662560465041965 0.022955353875910828 -0.010953725851864105 -0.00031979948425786699 0.0060382839995146483 0.0088792109391301523
leaf_weight=14.756891457634991 82.534821545083105 3.9511961054522535 55.956385743898863 81.549618449516856 27.213295463705435 165.92453097779071
leaf_count=2785 10383 78 4425 3659 848 3991
internal_value=0 -0.0084266 0.00215535 0.0045735 -0.00527781 0.00584
internal_weight=431.887 86.486 345.401 262.231 83.1697 247.474
internal_count=26169 10461 15708 10435 5273 7650
is_linear=0
shrinkage=0.025


Tree=162
num_leaves=7
num_cat=0
split_feature=1 49 61 62 3 48
split_gain=12.056 8.957 13.7017 8.73717 7.07388 6.98017
threshold=0.61158692836761486 1.0000000180025095e-35 0.50029400000000013 0.58333333333333337 0.92985242605209362 0.37386650000000005
decision_type=2 2 2 2 2 2
left_child=1 -1 -3 5 -4 -2
right_child=3 2 4 -5 -6 -7
leaf_value=0.0017931322309562348 -0.019137215426821948 -0.015079735090846572 -0.018251831002487888 -0.0026190601824405309 0.0060322978581359909 0.008648149690092392
leaf_weight=85.650869023804262 3.3975426552351555 74.959612472928711 6.5104717670765231 77.341933818206599 40.763309298316017 141.36985948425718
leaf_count=7758 132 11824 248 2180 1395 2632
internal_value=0 -0.00430039 -0.00859073 0.00402804 0.00176337 0.00762284
internal_weight=429.994 207.884 122.233 222.109 47.2738 144.767
internal_count=26169 21225 13467 4944 1643 2764
is_linear=0
shrinkage=0.025


Tree=163
num_leaves=7
num_cat=0
split_feature=29 19 32 21 62 61
split_gain=12.2658 10.3179 13.7239 7.81712 7.65498 8.83913
threshold=0.43853150000000002 0.71974850000000001 0.40703000000000006 0.33000000000000007 0.58333333333333337 0.71629350000000003
decision_type=2 2 2 2 2 2
left_child=1 2 -1 -4 -3 -6
right_child=-2 4 3 -5 5 -7
leaf_value=-0.010059119043419062 0.0092587289356188315 0.0076070230999864853 -0.00872940800619325 0.010419189523004387 -0.0085969541883833874 0.0091373109854249075
leaf_weight=136.51493422966996 71.624025492481451 87.763945640792372 16.934152141879167 39.097976825541991 53.276947483638651 22.937120052753016
leaf_count=17657 1969 1842 765 1086 2239 611
internal_value=0 -0.00191155 -0.00581705 0.0043569 0.00264032 -0.00302786
internal_weight=428.149 356.525 192.547 56.0321 163.978 76.2141
internal_count=26169 24200 19508 1851 4692 2850
is_linear=0
shrinkage=0.025


Tree=164
num_leaves=7
num_cat=0
split_feature=62 48 60 16 20 61
split_gain=11.707 9.94819 9.82149 10.2157 8.87111 8.63764
threshold=0.75000000000000011 0.66350000000000009 0.68000000000000005 0.59306800000000004 0.69622600000000012 0.71629350000000003
decision_type=2 2 2 2 2 2
left_child=2 -2 3 -1 -4 -5
right_child=1 -3 4 5 -6 -7
leaf_value=-0.01418191833641343 -0.013936066939325182 0.0036058017286149306 -0.017009882874083806 0.0037741625590279994 0.00015441503525741716 0.017460681013848681
leaf_weight=14.581629674379654 57.445850757667358 28.138335451905732 24.867161804399075 212.34759794662023 56.971037203678861 32.085883211577311
leaf_count=2785 9446 1015 3388 7302 1885 348
internal_value=0 -0.00813067 0.00208585 0.00448354 -0.00530695 0.00576476
internal_weight=426.437 85.5842 340.853 259.015 81.8382 244.433
internal_count=26169 10461 15708 10435 5273 7650
is_linear=0
shrinkage=0.025


Tree=165
num_leaves=7
num_cat=0
split_feature=1 29 62 47 32 16
split_gain=11.5581 9.67205 8.71437 10.844 9.72393 4.78629
threshold=0.45557285845279699 0.43853150000000002 0.41666666666666669 0.9999920000000001 0.10193000000000001 0.60854950000000008
decision_type=2 2 2 2 2 2
left_child=-1 2 4 -4 -2 -3
right_child=1 5 3 -5 -6 -7
leaf_value=-0.014759580775803936 -0.0059103813119712224 -0.011245722209643233 -0.0044069150592317176 0.010852400348612901 0.014827319230147724 0.01132139628466133
leaf_weight=28.284282912632989 19.031781487850822 4.0722198654693775 239.37356898352664 30.431115591432899 38.938838112459052 64.487432614405407
leaf_count=11440 646 235 11998 224 731 895
internal_value=0 0.00113923 -0.000643762 -0.00256986 0.00791154 0.00950936
internal_weight=424.619 396.335 327.775 269.805 57.9706 68.5597
internal_count=26169 14729 13599 12222 1377 1130
is_linear=0
shrinkage=0.025


Tree=166
num_leaves=7
num_cat=0
split_feature=39 60 22 31 43 0
split_gain=11.3315 12.8995 13.8979 13.5841 11.3789 10.2294
threshold=1.0000000180025095e-35 0.68000000000000005 0.47295250000000005 0.43579550000000006 1.0000000180025095e-35 0.80776700000000012
decision_type=2 2 2 2 2 2
left_child=4 2 3 -2 -1 -3
right_child=1 5 -4 -5 -6 -7
leaf_value=-0.0030568095278386441 -0.0020986310378224948 -0.014224954965998036 0.013783314645880238 0.014858072139697507 -0.026833405075649332 0.0019898781986299034
leaf_weight=52.529066187553326 157.58437752084137 45.576953212133958 72.172765443916433 33.626870570151368 14.891512224203323 46.484662217349978
leaf_count=4296 9903 5221 969 1082 2500 2198
internal_value=0 0.00179814 0.00462629 0.000991515 -0.00920526 -0.00610892
internal_weight=422.866 355.446 263.384 191.211 67.4206 92.0616
internal_count=26169 19373 11954 10985 6796 7419
is_linear=0
shrinkage=0.025


Tree=167
num_leaves=7
num_cat=0
split_feature=1 49 61 62 3 19
split_gain=11.4917 8.69901 12.383 7.44483 6.69164 6.66436
threshold=0.61158692836761486 1.0000000180025095e-35 0.50029400000000013 0.58333333333333337 0.9381731152534486 0.68892700000000018
decision_type=2 2 2 2 2 2
left_child=1 5 -3 -2 -4 -1
right_child=3 2 4 -5 -6 -7
leaf_value=-0.0043841081664885481 0.0073281073583377253 -0.014784500650111963 -0.014483651179151728 -0.0022152784274151421 0.006523868107353452 0.0092872010772277313
leaf_weight=46.061198269941087 141.73412900452968 73.014054159164516 9.9168237124686112 75.822581511827593 36.734811835834989 38.255713273902074
leaf_count=6632 2764 11824 373 2180 1270 1126
internal_value=0 -0.00423623 -0.00851561 0.00397492 0.00137069 0.00180678
internal_weight=421.539 203.983 119.666 217.557 46.6516 84.3169
internal_count=26169 21225 13467 4944 1643 7758
is_linear=0
shrinkage=0.025


Tree=168
num_leaves=7
num_cat=0
split_feature=19 16 60 29 1 6
split_gain=11.5265 10.0213 7.92765 6.58501 7.39918 8.98201
threshold=0.7009645000000001 0.62610650000000012 0.68000000000000005 1.0000000180025095e-35 0.72597524523735057 0.54787700000000006
decision_type=2 2 2 2 2 2
left_child=1 -1 -3 4 5 -2
right_child=3 2 -4 -5 -6 -7
leaf_value=-0.015578342711338705 0.01536292976967637 0.0021141747720185679 -0.013286810527929427 0.0073965177259190567 0.012328763933333767 -0.0052888117063422425
leaf_weight=41.15076438918004 12.308362415642476 89.003220333308491 24.433149304521066 120.98931380396243 21.227189709985396 110.52333699820883
leaf_count=10826 207 4659 3356 2419 418 4284
internal_value=0 -0.00537541 -0.00134256 0.0031561 -0.000410977 -0.00288442
internal_weight=419.635 154.587 113.436 265.048 144.059 122.832
internal_count=26169 18841 8015 7328 4909 4491
is_linear=0
shrinkage=0.025


Tree=169
num_leaves=7
num_cat=0
split_feature=1 49 61 62 3 59
split_gain=11.2797 7.9815 11.3967 7.36896 6.73578 5.99461
threshold=0.61158692836761486 1.0000000180025095e-35 0.50029400000000013 0.58333333333333337 0.93153274059295665 1.0000000180025095e-35
decision_type=2 2 2 2 2 2
left_child=1 5 -3 -2 -4 -1
right_child=3 2 4 -5 -6 -7
leaf_value=-0.0053892862296346508 0.0072906128109519498 -0.014448282080557012 -0.017740146664559271 -0.0022188758810186616 0.0055640508582345269 0.0076236900765089127
leaf_weight=38.277542728306798 140.85581626623753 71.676610910337331 6.9695290460949755 75.69469095041859 39.27633306424832 45.263516449995223
leaf_count=5730 2764 11824 264 2180 1379 2028
internal_value=0 -0.00423065 -0.00836447 0.00393926 0.00114276 0.00157625
internal_weight=418.014 201.464 117.922 216.551 46.2459 83.5411
internal_count=26169 21225 13467 4944 1643 7758
is_linear=0
shrinkage=0.025


Tree=170
num_leaves=7
num_cat=0
split_feature=62 21 0 48 34 16
split_gain=10.6907 9.39376 13.4188 9.29472 7.67518 7.46746
threshold=0.75000000000000011 0.70400000000000007 0.47246700000000003 0.66350000000000009 0.47791200000000006 0.59306800000000004
decision_type=2 2 2 2 2 2
left_child=1 2 -1 -2 -5 -3
right_child=3 5 -4 4 -6 -7
leaf_value=0.0030007220757839481 -0.013618073751042495 -0.020318539609381417 -0.012468198290094882 0.016560666248731062 -0.0076429760690035599 0.0065772862636661964
leaf_weight=91.950399866926091 55.524103324756652 4.1548918205662622 52.922144051448413 12.575337901362218 15.176332820992684 184.07865685978322
leaf_count=7092 9446 245 4604 361 654 3767
internal_value=0 0.00201313 -0.00270637 -0.00787657 0.00349759 0.0056792
internal_weight=416.382 333.106 144.873 83.2758 27.7517 188.234
internal_count=26169 15708 11696 10461 1015 4012
is_linear=0
shrinkage=0.025


Tree=171
num_leaves=7
num_cat=0
split_feature=1 60 48 31 19 55
split_gain=10.6432 10.0399 9.65197 10.0864 8.03772 8.0112
threshold=0.67519137263298046 0.82000000000000017 0.67393350000000007 0.34591200000000005 0.76890650000000005 1.0000000180025095e-35
decision_type=2 2 2 2 2 2
left_child=1 2 3 -1 -2 -3
right_child=4 5 -4 -5 -6 -7
leaf_value=-0.0047837145665709201 0.0035330158079066249 0.00057529570696788406 0.012210732263892731 0.0074055518441200931 0.022315537793261401 -0.018358656092159278
leaf_weight=179.16445820962872 79.377776974957669 20.456637783179758 32.109795897500589 52.577170948767161 15.787286358419804 35.535460479022731
leaf_count=16206 1540 1048 569 2031 417 4358
internal_value=0 -0.00219057 -7.90051e-05 -0.00193136 0.00722998 -0.0115626
internal_weight=415.009 319.844 263.851 231.742 95.1651 55.9921
internal_count=26169 24212 18806 18237 1957 5406
is_linear=0
shrinkage=0.025


Tree=172
num_leaves=7
num_cat=0
split_feature=19 39 47 60 0 31
split_gain=10.5464 9.7396 10.4305 9.64806 10.2623 9.31435
threshold=0.68318650000000003 1.0000000180025095e-35 0.93479450000000008 0.68000000000000005 0.80776700000000012 0.31505900000000003
decision_type=2 2 2 2 2 2
left_child=-1 2 -2 5 -5 -3
right_child=1 3 -4 4 -6 -7
leaf_value=-0.0070783053033373552 -0.015227376116328127 0.0032839324015927693 0.007291266459828436 -0.0144551338847979 0.0040954574504196836 0.015306436980236197
leaf_weight=97.613482112272322 33.929999799387588 135.21984415360203 17.39789834455587 28.841461328149308 42.947098100441508 57.879294278885936
leaf_count=16120 2283 3146 147 1601 1958 914
internal_value=0 0.0022234 -0.00744786 0.00418226 -0.00347521 0.00708185
internal_weight=413.829 316.216 51.3279 264.888 71.7886 193.099
internal_count=26169 10049 2430 7619 3559 4060
is_linear=0
shrinkage=0.025


Tree=173
num_leaves=7
num_cat=0
split_feature=1 60 9 47 44 19
split_gain=10.4238 9.85363 10.4696 8.20732 7.90803 7.80932
threshold=0.68300354480743419 0.82000000000000017 0.95350000000000013 0.80572300000000008 0.047175500000000009 0.76890650000000005
decision_type=2 2 2 2 2 2
left_child=1 2 4 -3 -1 -2
right_child=5 3 -4 -5 -6 -7
leaf_value=-0.0096563191068316824 0.0039083565016966391 -0.019323984788373234 0.010082053785454202 -0.00027271522468418714 0.00061686777101290001 0.023958991205612547
leaf_weight=62.940123021673571 69.802499479206745 31.296060183676673 49.863325943588279 26.047032623173436 159.04040862994589 13.104068708315024
leaf_count=11701 1358 5082 839 475 6424 290
internal_value=0 -0.00200548 0 -0.0111894 -0.0023321 0.00778853
internal_weight=412.094 329.187 271.844 57.3431 221.981 82.9066
internal_count=26169 24521 18964 5557 18125 1648
is_linear=0
shrinkage=0.025


Tree=174
num_leaves=7
num_cat=0
split_feature=29 62 47 32 19 44
split_gain=10.2109 9.70704 11.9212 9.19642 9.09788 5.20381
threshold=0.31620650000000006 0.41666666666666669 0.77426000000000006 0.17014000000000004 0.7009645000000001 0.15442000000000003
decision_type=2 2 2 2 2 2
left_child=1 3 4 -1 -3 -2
right_child=5 2 -4 -5 -6 -7
leaf_value=-0.0043610545069564443 -0.00045032818032861353 -0.014661077661067397 0.0027025458282905162 0.015689057900763938 -0.0026698294731258669 0.011073227153961997
leaf_weight=22.674042292153899 36.493746464193464 74.439829048049432 93.910062087408733 30.618515795817075 88.689219965315715 63.192228788757348
leaf_count=1275 2389 14458 1634 663 4720 1030
internal_value=0 -0.00224119 -0.00428039 0.00718847 -0.00833326 0.00686117
internal_weight=410.018 310.332 257.039 53.2926 163.129 99.686
internal_count=26169 22750 20812 1938 19178 3419
is_linear=0
shrinkage=0.025


Tree=175
num_leaves=7
num_cat=0
split_feature=1 29 2 0 44 37
split_gain=10.0931 8.65655 7.93885 8.50918 5.24514 3.51017
threshold=0.43721100687980657 0.9893010000000001 0.75944644212722789 0.48566650000000006 0.10564500000000002 1.0000000180025095e-35
decision_type=2 2 2 2 2 2
left_child=5 2 3 -2 -4 -1
right_child=1 -3 4 -5 -6 -7
leaf_value=-0.019556225949857849 0.0048872661378111483 0.013782064413234429 -0.0016713887702698175 -0.0037612867507971536 0.020491508723278998 0.0042158466675532606
leaf_weight=18.507155663843154 98.496067653297359 27.908045722928364 8.8228950995835493 235.12553475579261 15.969394199084489 3.1044285327116077
leaf_count=9629 4757 188 139 10449 339 668
internal_value=0 0.000973308 -8.83655e-05 -0.00116456 0.0128531 -0.0156955
internal_weight=407.934 386.322 358.414 333.622 24.7923 21.6116
internal_count=26169 15872 15684 15206 478 10297
is_linear=0
shrinkage=0.025


Tree=176
num_leaves=7
num_cat=0
split_feature=39 22 44 43 47 61
split_gain=10.0087 11.6222 11.2995 10.2425 7.56975 6.68755
threshold=1.0000000180025095e-35 0.49268850000000003 0.054404500000000001 1.0000000180025095e-35 0.93479450000000008 0.69013150000000001
decision_type=2 2 2 2 2 2
left_child=3 2 5 4 -1 -2
right_child=1 -3 -4 -5 -6 -7
leaf_value=-0.0093299863003712315 -0.012844685754456407 0.01029421778994484 0.0024586744791588134 -0.026123601116290657 0.010344134452069026 0.004026200708095464
leaf_weight=34.939193527528914 57.34983954522977 74.361143949143298 193.19329004933024 13.896333711125406 15.478050307719966 17.196489042369649
leaf_count=4186 10406 2131 6291 2500 110 545
internal_value=0 0.00171698 -0.000706056 -0.00885555 -0.00292135 -0.00883495
internal_weight=406.414 342.101 267.74 64.3136 50.4172 74.5463
internal_count=26169 19373 17242 6796 4296 10951
is_linear=0
shrinkage=0.025


Tree=177
num_leaves=7
num_cat=0
split_feature=9 19 31 21 2 0
split_gain=10.2452 7.49428 7.35134 8.58754 6.63029 8.40825
threshold=0.75000000000000011 0.64166050000000008 0.5186845000000001 0.87400000000000011 0.75944644212722789 0.86206650000000018
decision_type=2 2 2 2 2 2
left_child=2 -2 3 -1 5 -3
right_child=1 4 -4 -5 -6 -7
leaf_value=-0.011287872498915172 -0.017412261511042526 0.0034470308237692961 0.01225670328547819 0.0035891298123900545 0.01606313896238324 -0.015890672644346664
leaf_weight=90.90062896012023 8.4835208052390936 230.39761006328627 10.451469216412077 30.325219971011393 22.01524357451126 12.374191230199356
leaf_count=16561 707 6177 682 756 394 892
internal_value=0 0.00275678 -0.00566592 -0.00749827 0.00359253 0.00227378
internal_weight=404.948 273.271 131.677 121.226 264.787 242.772
internal_count=26169 8170 17999 17317 7463 7069
is_linear=0
shrinkage=0.025


Tree=178
num_leaves=7
num_cat=0
split_feature=21 44 0 62 39 47
split_gain=9.74409 13.5526 10.6494 9.85445 7.7713 10.0489
threshold=0.70400000000000007 0.047175500000000009 0.48220000000000002 0.91666666666666685 1.0000000180025095e-35 0.93479450000000008
decision_type=2 2 2 2 2 2
left_child=1 -1 -3 4 5 -2
right_child=3 2 -4 -5 -6 -7
leaf_value=-0.016135610628365472 -0.016776077288847092 0.0054239224079189472 -0.0085219987433287816 -0.013553062086589244 0.0071933889989602333 0.0084899629522343159
leaf_weight=42.988688206971347 19.00684464231017 80.05698166437287 55.87206660773154 16.900907237992215 173.10513145700679 15.51514987106202
leaf_count=12911 1115 3340 3184 1407 4086 126
internal_value=0 -0.0043196 -0.000295559 0.00345178 0.0050224 -0.00537795
internal_weight=403.446 178.918 135.929 224.528 207.627 34.522
internal_count=26169 19435 6524 6734 5327 1241
is_linear=0
shrinkage=0.025


Tree=179
num_leaves=7
num_cat=0
split_feature=19 29 6 47 17 22
split_gain=9.47401 8.90725 7.91809 9.42569 7.6497 5.2575
threshold=0.68318650000000003 0.60023650000000017 0.53097800000000006 0.98135300000000014 0.62125900000000012 0.45232850000000008
decision_type=2 2 2 2 2 2
left_child=4 2 -2 -4 5 -1
right_child=1 -3 3 -5 -6 -7
leaf_value=-0.021026107081004462 0.014479007800300453 0.012781876061260682 -0.003135360633800933 0.0094539986860020034 -0.0015826602573100756 0.0039015461381074049
leaf_weight=25.317875593773355 20.450053423614008 39.927690306009026 204.58134591718408 42.675925627932884 64.102696071748142 4.9696757592319036
leaf_count=9686 694 398 8635 322 6165 269
internal_value=0 0.00213187 0.000407511 -0.000854556 -0.00682388 -0.0166834
internal_weight=402.025 307.635 267.707 247.257 94.3902 30.2876
internal_count=26169 10049 9651 8957 16120 9955
is_linear=0
shrinkage=0.025


Tree=180
num_leaves=7
num_cat=0
split_feature=39 22 43 1 17 18
split_gain=9.44226 11.0511 9.11224 7.84691 7.88946 6.80114
threshold=1.0000000180025095e-35 0.49268850000000003 1.0000000180025095e-35 0.68595391511917125 0.60436650000000014 0.72332150000000006
decision_type=2 2 2 2 2 2
left_child=2 3 5 4 -2 -1
right_child=1 -3 -4 -5 -6 -7
leaf_value=-0.008762037305827473 -0.011653774121412738 0.010059602980241299 -0.025411471225025337 0.008613023840216642 -0.00015981926718062786 0.010556505618626068
leaf_weight=36.062770770313364 45.613896853339611 73.806725983136857 13.221795492927411 43.772006203653291 174.03803923600935 13.501302457472773
leaf_count=4019 6856 2131 2500 700 9686 277
internal_value=0 0.00167334 -0.00870762 -0.000715922 -0.00269038 -0.00307737
internal_weight=400.017 337.231 62.7859 263.424 219.652 49.5641
internal_count=26169 19373 6796 17242 16542 4296
is_linear=0
shrinkage=0.025


Tree=181
num_leaves=7
num_cat=0
split_feature=62 21 21 0 16 17
split_gain=9.46756 8.21695 8.14168 11.7733 6.73328 6.28658
threshold=0.75000000000000011 0.9840000000000001 0.70400000000000007 0.48220000000000002 0.59306800000000004 0.71556600000000004
decision_type=2 2 2 2 2 2
left_child=2 5 3 -1 -4 -2
right_child=1 -3 4 -5 -6 -7
leaf_value=0.0028222393068424844 -0.012736015658772193 0.02005724921011659 -0.019737786128145217 -0.012004754783385786 0.0063075598304440901 0.0057321617108444696
leaf_weight=89.46542399311511 63.981276186508694 3.7879093482624731 3.8933100283611557 49.805881131043861 175.85742110348656 11.700390833939307
leaf_count=7181 9775 78 245 4515 3767 608
internal_value=0 -0.00758439 0.00193358 -0.00253663 0.00543241 -0.00967692
internal_weight=398.492 79.4696 319.022 139.271 179.751 75.6817
internal_count=26169 10461 15708 11696 4012 10383
is_linear=0
shrinkage=0.025


Tree=182
num_leaves=7
num_cat=0
split_feature=29 61 0 0 1 47
split_gain=9.15329 9.11908 15.7765 9.09725 7.94009 11.8813
threshold=0.9893010000000001 0.50715900000000003 0.47246700000000003 0.77566650000000015 0.71458289027214061 0.96388050000000014
decision_type=2 2 2 2 2 2
left_child=1 2 -1 -4 5 -3
right_child=-2 4 3 -5 -6 -7
leaf_value=0.0021958137367928416 0.013431379964835533 -0.0043397767800282894 -0.017937006796602102 -0.0027818741728131142 0.013485277417841467 0.012470216602122596
leaf_weight=106.63327196863611 26.896425781931612 91.774020324883168 56.250120729615446 47.320265233458485 34.902855304651894 33.899882152210921
leaf_count=11491 232 3803 7173 2561 675 234
internal_value=0 -0.00105774 -0.00447928 -0.011324 0.00336758 0.000281151
internal_weight=397.677 370.78 210.204 103.57 160.577 125.674
internal_count=26169 25937 21225 9734 4712 4037
is_linear=0
shrinkage=0.025


Tree=183
num_leaves=7
num_cat=0
split_feature=62 60 21 16 61 20
split_gain=9.13306 8.37992 8.02253 8.00652 7.54666 7.32591
threshold=0.75000000000000011 0.68000000000000005 0.9840000000000001 0.59306800000000004 0.53044100000000005 0.69622600000000012
decision_type=2 2 2 2 2 2
left_child=1 3 -2 -1 -5 -3
right_child=2 5 -4 4 -6 -7
leaf_value=-0.013179008660860182 -0.0095579260804716602 -0.016202389853524724 0.019815839384173473 0.0020529120349786806 0.011780737373265841 0
leaf_weight=12.967196200712349 75.141159079073987 22.975083845933113 3.7918488057330242 154.37135616184787 74.312484554247931 52.568782758025918
leaf_count=2785 10383 3388 78 6644 1006 1885
internal_value=0 0.00190388 -0.00747437 0.00419047 0.0053451 -0.00519834
internal_weight=396.128 317.195 78.933 241.651 228.684 75.5439
internal_count=26169 15708 10461 10435 7650 5273
is_linear=0
shrinkage=0.025


Tree=184
num_leaves=7
num_cat=0
split_feature=62 29 19 21 62 17
split_gain=9.13744 8.28167 8.13769 7.92058 7.10677 5.99003
threshold=0.75000000000000011 0.31620650000000006 0.77163700000000002 0.9840000000000001 0.41666666666666669 0.71556600000000004
decision_type=2 2 2 2 2 2
left_child=1 2 4 5 -1 -2
right_child=3 -3 -4 -5 -6 -7
leaf_value=0.0063626334320387974 -0.012592369751658297 0.0086553314539050113 0.015623006984355814 0.019686478830905248 -0.0042243670212122244 0.0054906466516817165
leaf_weight=48.484839455872134 63.068660258006275 81.342891511756534 15.582283885159994 3.7603329767007372 171.26063567133133 11.635705872977267
leaf_count=1923 9775 2187 532 78 11066 608
internal_value=0 0.00190277 -0.000460969 -0.00750088 -0.00180378 -0.00957589
internal_weight=395.135 316.671 235.328 78.4647 219.745 74.7044
internal_count=26169 15708 13521 10461 12989 10383
is_linear=0
shrinkage=0.025


Tree=185
num_leaves=7
num_cat=0
split_feature=61 44 60 43 3 22
split_gain=8.82012 14.8848 9.70336 8.3798 5.85007 4.7331
threshold=0.71538450000000009 0.054404500000000001 0.82000000000000017 1.0000000180025095e-35 0.96434980630874645 0.46480350000000009
decision_type=2 2 2 2 2 2
left_child=1 5 3 -3 -4 -1
right_child=-2 2 4 -5 -6 -7
leaf_value=-0.012876846316989612 0.0087040712847509336 0.0055650805769938147 -0.015352503086641154 -0.0089024506294382057 0.0032891251613267475 0.0041442753323558861
leaf_weight=72.262858991271059 59.030711003928445 184.36588430636039 28.153003788942442 26.19620251748529 13.826643050982964 9.7663030593103013
leaf_count=14373 1923 5277 1950 1773 500 373
internal_value=0 -0.00158889 0.00140686 0.00364076 -0.00917611 -0.0106842
internal_weight=393.602 334.571 252.542 210.562 41.9796 82.0292
internal_count=26169 24246 9500 7050 2450 14746
is_linear=0
shrinkage=0.025


Tree=186
num_leaves=7
num_cat=0
split_feature=62 21 0 21 16 31
split_gain=8.76536 7.77683 11.4047 7.43368 6.43778 5.79959
threshold=0.75000000000000011 0.70400000000000007 0.48220000000000002 0.9840000000000001 0.59306800000000004 0.31926400000000005
decision_type=2 2 2 2 2 2
left_child=1 2 5 -2 -3 -1
right_child=3 4 -4 -5 -6 -7
leaf_value=-0.0020821061171965301 -0.0094011433035855532 -0.019481606557009232 -0.011895154370674628 0.018924408966421009 0.0062006227962050639 0.010652072771951128
leaf_weight=55.399421165500826 74.089742085956459 3.7844001327757715 49.142901186183735 3.7726662019267669 172.41957597405417 33.431739470597677
leaf_count=6000 10383 245 4515 78 3767 1181
internal_value=0 0.00187122 -0.00250655 -0.00737378 0.00533525 0.00277501
internal_weight=392.04 314.178 137.974 77.8624 176.204 88.8312
internal_count=26169 15708 11696 10461 4012 7181
is_linear=0
shrinkage=0.025


Tree=187
num_leaves=7
num_cat=0
split_feature=19 39 60 22 0 47
split_gain=8.72395 9.62445 10.2916 9.89031 8.08174 7.39699
threshold=0.64414750000000021 1.0000000180025095e-35 0.68000000000000005 0.47295250000000005 0.80776700000000012 0.93479450000000008
decision_type=2 2 2 2 2 2
left_child=-1 5 3 -3 -4 -2
right_child=1 2 4 -5 -6 -7
leaf_value=-0.011803799558505322 -0.0141275472200148 0.0021523559567695029 -0.013101329717978517 0.013670389057424296 0.0024773505272863219 0.0049742444822385911
leaf_weight=33.116724659197644 37.802847587081487 160.57198614760273 35.805063508745661 65.360368305409793 42.544330434757285 16.122567209327826
leaf_count=10126 3789 6082 3018 874 2119 161
internal_value=0 0.00116552 0.00292442 0.00563588 -0.00471873 -0.00829408
internal_weight=391.324 358.207 304.282 225.932 78.3494 53.9254
internal_count=26169 16043 12093 6956 5137 3950
is_linear=0
shrinkage=0.025


Tree=188
num_leaves=7
num_cat=0
split_feature=1 60 39 22 43 0
split_gain=8.51219 7.2017 8.12566 9.91281 9.53595 5.56685
threshold=0.43721100687980657 0.68000000000000005 1.0000000180025095e-35 0.47295250000000005 1.0000000180025095e-35 0.80776700000000012
decision_type=2 2 2 2 2 2
left_child=-1 2 4 -4 -2 -3
right_child=1 5 3 -5 -6 -7
leaf_value=-0.014981352920285294 0.0002485957953987306 -0.011323627074230713 0.0014389404458334549 0.012807028918188308 -0.024666687792841847 0.00062005428290755457
leaf_weight=19.86130685358512 33.069801358738914 43.196535193630552 167.67367159084824 66.358694969443604 10.628064094285945 49.0138930434332
leaf_count=10297 1473 3336 6173 925 1280 2685
internal_value=0 0.000899479 0.00292799 0.00480059 -0.00662873 -0.00503386
internal_weight=389.802 369.941 277.73 234.032 43.6979 92.2104
internal_count=26169 15872 9851 7098 2753 6021
is_linear=0
shrinkage=0.025


Tree=189
num_leaves=7
num_cat=0
split_feature=62 48 61 0 34 15
split_gain=8.24704 7.3764 7.21843 13.3011 6.66912 6.19596
threshold=0.75000000000000011 0.66350000000000009 0.50715900000000003 0.48220000000000002 0.47791200000000006 0.65596050000000006
decision_type=2 2 2 2 2 2
left_child=2 -2 3 5 -3 -1
right_child=1 4 -4 -5 -6 -7
leaf_value=-0.0023712573379495155 -0.012645613090032716 0.01549121995004682 0.0060318406232251964 -0.0092585898171800851 -0.0074260576458287098 0.0099833358307038263
leaf_weight=42.985755956700814 50.39196214162439 12.00459740682345 138.68424010253511 75.928194024305412 14.749256451003021 53.933388438646944
leaf_count=5812 9446 361 3204 5212 654 1480
internal_value=0 -0.00718495 0.00182227 -0.00154322 0.00300302 0.00449395
internal_weight=388.677 77.1458 311.532 172.847 26.7539 96.9191
internal_count=26169 10461 15708 12504 1015 7292
is_linear=0
shrinkage=0.025


Tree=190
num_leaves=7
num_cat=0
split_feature=29 62 61 49 32 0
split_gain=8.46697 8.57023 10.2159 9.31156 7.36243 5.89301
threshold=0.60023650000000017 0.41666666666666669 0.71538450000000009 1.0000000180025095e-35 0.17014000000000004 0.38213350000000007
decision_type=2 2 2 2 2 2
left_child=1 4 3 -3 -1 -6
right_child=-2 2 -4 -5 5 -7
leaf_value=-0.0026110566807075442 0.0097947984595058227 0.0019887525074785283 0.0069328231731490501 -0.008640220771425091 -0.004577166573178814 0.019600332413024255
leaf_weight=25.178654069519325 45.856653922288388 71.825518460927924 48.49689781293273 163.29091416968549 6.3222809455110101 26.140354588198534
leaf_count=1464 996 6859 1822 14316 163 549
internal_value=0 -0.00137785 -0.00319315 -0.0053696 0.00716993 0.0146508
internal_weight=387.111 341.255 283.613 235.116 57.6413 32.4626
internal_count=26169 25173 22997 21175 2176 712
is_linear=0
shrinkage=0.025


Tree=191
num_leaves=7
num_cat=0
split_feature=29 2 60 48 17 32
split_gain=8.3084 7.82823 7.31132 7.07646 6.52029 4.46038
threshold=0.9893010000000001 0.75944644212722789 0.82000000000000017 0.67393350000000007 0.63418550000000007 0.097470000000000015
decision_type=2 2 2 2 2 2
left_child=1 2 3 -1 -4 -3
right_child=-2 5 4 -5 -6 -7
leaf_value=-0.0018599765607426072 0.013007079073558329 -0.0042417765000285742 -0.0018086294703368571 0.0096529756091237977 -0.018384271342281155 0.018190314242391498
leaf_weight=240.00307200612588 25.957776240684325 5.7936715151299749 33.897438777812567 36.146244579227641 26.85111129926554 17.137068771757185
leaf_count=18837 232 111 3545 633 2444 367
internal_value=0 -0.00102159 -0.00203943 -0.000248516 -0.00971055 0.0123187
internal_weight=385.786 359.829 336.898 276.149 60.7486 22.9307
internal_count=26169 25937 25459 19470 5989 478
is_linear=0
shrinkage=0.025


Tree=192
num_leaves=7
num_cat=0
split_feature=1 20 15 49 61 61
split_gain=8.10947 6.79922 7.69146 7.65659 13.9172 4.19087
threshold=0.43721100687980657 0.78483350000000007 0.50324300000000011 1.0000000180025095e-35 0.49346600000000007 0.26781650000000007
decision_type=2 2 2 2 2 2
left_child=-1 3 -3 5 -5 -2
right_child=1 2 -4 4 -6 -7
leaf_value=-0.014721813417745661 0.0021657994366193565 -0.017015423658937184 0.018693771076092637 -0.010208999613108774 0.0019609963544193107 0.013861562649082525
leaf_weight=19.562822864367263 62.415017584440648 2.2371821976266828 20.31199546251446 87.357961163474101 165.52622650587 27.618242074095178
leaf_count=10297 2362 34 214 7701 4969 592
internal_value=0 0.000882702 0.013457 -1.02261e-05 -0.00226761 0.00612568
internal_weight=385.029 365.467 22.5492 342.917 252.884 90.0333
internal_count=26169 15872 248 15624 12670 2954
is_linear=0
shrinkage=0.025


Tree=193
num_leaves=7
num_cat=0
split_feature=29 62 61 49 32 0
split_gain=8.08723 8.21939 9.89087 8.15456 6.41126 5.54415
threshold=0.60023650000000017 0.41666666666666669 0.71538450000000009 1.0000000180025095e-35 0.17014000000000004 0.38213350000000007
decision_type=2 2 2 2 2 2
left_child=1 4 3 -3 -1 -6
right_child=-2 2 -4 -5 5 -7
leaf_value=-0.002096848723939262 0.0095981272519569134 0.0016221645260658954 0.0068713611748306234 -0.0083583025450802272 -0.0044461088498028642 0.019056602873299827
leaf_weight=24.745742629034794 45.574253847506043 71.309369914550189 48.063319011242129 161.87733174203095 6.3048743432227665 25.461463193605596
leaf_count=1464 996 6859 1822 14316 163 549
internal_value=0 -0.00135608 -0.00313391 -0.00528428 0.00710148 0.0141525
internal_weight=383.336 337.762 281.25 233.187 56.5121 31.7663
internal_count=26169 25173 22997 21175 2176 712
is_linear=0
shrinkage=0.025


Tree=194
num_leaves=7
num_cat=0
split_feature=9 19 0 61 1 32
split_gain=7.94319 7.00557 6.73555 10.5857 8.48938 6.6199
threshold=0.75000000000000011 0.64166050000000008 0.43580000000000002 0.70270150000000009 0.45899933576583868 0.17014000000000004
decision_type=2 2 2 2 2 2
left_child=2 -2 4 -4 -1 -5
right_child=1 -3 3 5 -6 -7
leaf_value=-0.018591022014829921 -0.017251610004997007 0.0033213586345428696 -0.01788694311919363 0.0091412563339291833 0.0056651378415536538 -0.0164081510309259
leaf_weight=8.4907999205024662 8.213077747350324 251.02336659969296 41.307120375529848 19.816819267580289 46.838834823713114 6.2812213744036844
leaf_count=6853 707 7463 8100 498 2349 199
internal_value=0 0.00247758 -0.00517807 -0.010352 0.00114874 0.00178929
internal_weight=381.971 259.236 122.735 67.4052 55.3296 26.098
internal_count=26169 8170 17999 8797 9202 697
is_linear=0
shrinkage=0.025


Tree=195
num_leaves=7
num_cat=0
split_feature=29 61 0 0 15 62
split_gain=7.85656 7.62066 12.5103 8.36898 6.51949 6.02965
threshold=0.9893010000000001 0.50715900000000003 0.47246700000000003 0.77566650000000015 0.65596050000000006 0.91666666666666685
decision_type=2 2 2 2 2 2
left_child=1 2 4 -4 -1 -3
right_child=-2 5 3 -5 -6 -7
leaf_value=-0.0043030297061065325 0.012722802392893829 0.0046490160239097541 -0.016991962752977121 -0.0021786699922387675 0.0079491221591874404 -0.012594632841872497
leaf_weight=50.993329214856203 25.623297736983659 141.92504971468588 53.078452147114149 45.850717765519221 51.953471773162164 11.270802302911759
leaf_count=9581 232 3913 7173 2561 1910 799
internal_value=0 -0.00100066 -0.0041874 -0.0104356 0.00183907 0.00314232
internal_weight=380.695 355.072 201.876 98.9292 102.947 153.196
internal_count=26169 25937 21225 9734 11491 4712
is_linear=0
shrinkage=0.025


Tree=196
num_leaves=7
num_cat=0
split_feature=60 22 39 44 47 61
split_gain=7.72417 8.7133 10.94 9.29873 8.69307 8.29219
threshold=0.82000000000000017 0.47295250000000005 1.0000000180025095e-35 0.39047500000000007 0.22830250000000005 0.69013150000000001
decision_type=2 2 2 2 2 2
left_child=1 3 -3 5 -4 -1
right_child=-2 2 4 -5 -6 -7
leaf_value=-0.0069476743210798502 -0.007584955474551707 -0.01403862698861591 -0.017715873881294832 0.0067874106771129211 0.014090217432271568 0.0065089209505792694
leaf_weight=129.76282384924161 66.377086504979161 9.2969204888795485 3.468713031965307 67.57301106077648 69.17028272835887 33.756090517446864
leaf_count=15165 6284 622 185 1995 1010 908
internal_value=0 0.00165573 0.00853898 -0.0008126 0.011916 -0.00406087
internal_weight=379.405 313.028 81.9359 231.092 72.639 163.519
internal_count=26169 19885 1817 18068 1195 16073
is_linear=0
shrinkage=0.025


Tree=197
num_leaves=7
num_cat=0
split_feature=29 2 60 48 17 32
split_gain=7.54917 7.38593 6.60753 6.22266 5.80791 4.0563
threshold=0.9893010000000001 0.75944644212722789 0.82000000000000017 0.67393350000000007 0.63418550000000007 0.097470000000000015
decision_type=2 2 2 2 2 2
left_child=1 2 3 -1 -4 -3
right_child=-2 5 4 -5 -6 -7
leaf_value=-0.0017918548345242616 0.012499207766559691 -0.0038443206794052721 -0.00182344994804385 0.009085291686190853 -0.017675876385883537 0.017809779390774896
leaf_weight=235.40797719804141 25.49414973810417 5.6254320393200059 33.357051873841556 35.589329720067326 26.075544875729975 16.635963322129101
leaf_count=18837 232 111 3545 633 2444 367
internal_value=0 -0.000985116 -0.00198082 -0.000261406 -0.00935261 0.0121488
internal_weight=378.185 352.691 330.43 270.997 59.4326 22.2614
internal_count=26169 25937 25459 19470 5989 478
is_linear=0
shrinkage=0.025


Tree=198
num_leaves=7
num_cat=0
split_feature=9 61 61 16 22 0
split_gain=7.56756 6.70833 9.20813 8.41116 6.28596 9.92634
threshold=0.82350000000000001 0.49446450000000003 0.44390600000000008 0.71197200000000016 0.40872900000000006 0.46670000000000006
decision_type=2 2 2 2 2 2
left_child=4 2 -2 -3 5 -1
right_child=1 3 -4 -5 -6 -7
leaf_value=-0.00013655481147953967 0.0048636415606728191 0.012846253724683574 -0.01136108024273026 -0.0015972218940946102 0.0027012029463162725 -0.01431900661358935
leaf_weight=67.786218976039891 51.815220544696786 67.030613904993515 33.859359150366799 37.169985227286816 63.292705482352176 56.184646651485309
leaf_count=10171 1865 1341 1372 1332 2276 7812
internal_value=0 0.00349413 -0.00158959 0.00769533 -0.00354222 -0.00678934
internal_weight=377.139 189.875 85.6746 104.201 187.264 123.971
internal_count=26169 5910 3237 2673 20259 17983
is_linear=0
shrinkage=0.025


Tree=199
num_leaves=7
num_cat=0
split_feature=9 2 46 21 61 16
split_gain=7.34863 6.34902 8.48658 5.64363 5.59275 5.44133
threshold=0.82350000000000001 0.59900724887847911 0.19735400000000003 0.77400000000000013 0.23577600000000001 0.71133700000000011
decision_type=2 2 2 2 2 2
left_child=-1 2 -2 -3 -4 -5
right_child=1 3 4 5 -6 -7
leaf_value=-0.0034962185138119289 0.010104269071406284 -0.0023379074697040857 0.0087074196489271734 0.013977182385220669 -0.013722735272324857 0.0018182111269278403
leaf_weight=186.81847845636366 17.355561712574854 32.166941374511225 6.293686981254722 59.858346537512261 33.429933148276177 40.654323451744858
leaf_count=20259 901 894 200 1062 1674 1179
internal_value=0 0.00344275 -0.00332936 0.00642855 -0.0096566 0.00930767
internal_weight=376.577 189.759 57.0792 132.68 39.7236 100.513
internal_count=26169 5910 2775 3135 1874 2241
is_linear=0
shrinkage=0.025


Tree=200
num_leaves=7
num_cat=0
split_feature=22 39 17 1 28 61
split_gain=7.91852 10.5304 8.22181 6.42079 8.03244 6.36609
threshold=0.49268850000000003 1.0000000180025095e-35 0.60414850000000009 0.73073196411132824 1.0000000180025095e-35 0.50715900000000003
decision_type=2 2 2 2 2 2
left_child=2 -2 3 4 -1 -4
right_child=1 -3 5 -5 -6 -7
leaf_value=-0.02252763106347816 -0.015519882255634089 0.010333613968610211 -0.0029657449561044645 0.0098528614454003547 -0.0027031107051488021 0.005340136643622294
leaf_weight=25.31785579512507 8.8918332447938138 69.907596465476672 147.56522922870499 6.6037087843869804 27.163541297653865 91.042517949914327
leaf_count=4911 580 2131 12334 91 3992 2130
internal_value=0 0.00692111 -0.0018744 -0.0100212 -0.0130154 0.000189644
internal_weight=376.492 78.7994 297.693 59.0851 52.4814 238.608
internal_count=26169 2711 23458 8994 8903 14464
is_linear=0
shrinkage=0.025


Tree=201
num_leaves=7
num_cat=0
split_feature=60 22 39 31 47 20
split_gain=7.53132 8.74833 10.29 8.6299 8.21731 6.7608
threshold=0.82000000000000017 0.47295250000000005 1.0000000180025095e-35 0.6286845000000002 0.22830250000000005 0.69749450000000013
decision_type=2 2 2 2 2 2
left_child=1 3 -3 -1 -4 -2
right_child=5 2 4 -5 -6 -7
leaf_value=-0.0021655696864864931 -0.01695333194069466 -0.013700623955177897 -0.017220645204549703 0.016944657385148828 0.013942547505750094 -0.00065140284372727265
leaf_weight=215.12869430292449 25.585954814372599 8.9351067462412157 3.3787638398935078 13.302870975458061 68.607845990132773 39.876080475965864
leaf_count=17373 4315 622 185 695 1010 1969
internal_value=0 0.00164342 0.00858314 -0.000843392 0.0118335 -0.00754104
internal_weight=374.815 309.353 80.9217 228.432 71.9866 65.462
internal_count=26169 19885 1817 18068 1195 6284
is_linear=0
shrinkage=0.025


Tree=202
num_leaves=7
num_cat=0
split_feature=1 39 22 43 31 0
split_gain=7.32007 5.89611 8.56991 8.35823 6.25798 5.63595
threshold=0.43721100687980657 1.0000000180025095e-35 0.49268850000000003 1.0000000180025095e-35 0.31505900000000003 0.84440000000000015
decision_type=2 2 2 2 2 2
left_child=-1 3 4 -2 -3 -4
right_child=1 2 5 -5 -6 -7
leaf_value=-0.014295335484783621 -0.00089738864318994948 -0.0026050484947199031 0.013017423659614689 -0.023942569780236293 0.0064346244150528991 -0.0047543588889310123
leaf_weight=18.635964622846586 42.142178335594508 169.17188661355976 56.938344439433422 10.788004727408405 63.840582746081054 11.54839887737762
leaf_count=10297 2300 8166 1372 1373 1951 710
internal_value=0 0.000846514 0.0022298 -0.00662023 -4.91985e-05 0.00983554
internal_weight=373.065 354.429 301.499 52.9302 233.012 68.4867
internal_count=26169 15872 12199 3673 10117 2082
is_linear=0
shrinkage=0.025


Tree=203
num_leaves=7
num_cat=0
split_feature=61 44 62 0 0 25
split_gain=7.36241 12.2076 7.29068 8.8556 7.87661 4.79486
threshold=0.71538450000000009 0.054404500000000001 0.41666666666666669 0.48566650000000006 0.38213350000000007 0.41666650000000005
decision_type=2 2 2 2 2 2
left_child=1 -1 4 -4 -3 -2
right_child=5 2 3 -5 -6 -7
leaf_value=-0.0099700404059273606 0.014193211816288916 -0.0082525344616545381 0.0065710772903302241 -0.0046313611247153297 0.015104834126441561 0
leaf_weight=77.416937625139326 31.668981976574287 9.4407606848762935 63.684316200757166 128.75443332410578 36.63507739227498 24.417354343109764
leaf_count=14746 739 302 2777 5645 776 1184
internal_value=0 -0.00149851 0.00128977 -0.000842492 0.00996045 0.00814477
internal_weight=372.018 315.932 238.515 192.439 46.0758 56.0863
internal_count=26169 24246 9500 8422 1078 1923
is_linear=0
shrinkage=0.025


Tree=204
num_leaves=7
num_cat=0
split_feature=61 44 60 43 0 25
split_gain=7.16387 11.8215 7.82176 7.14417 5.25062 4.69674
threshold=0.71538450000000009 0.054404500000000001 0.82000000000000017 1.0000000180025095e-35 0.84223300000000012 0.41666650000000005
decision_type=2 2 2 2 2 2
left_child=1 -1 3 -3 -4 -2
right_child=5 2 4 -5 -6 -7
leaf_value=-0.0098415403896341593 0.014027785416755685 0.0051574625133330044 -0.0027865800963466276 -0.0085333062163158446 -0.023870898988348703 -7.9070210223265787e-06
leaf_weight=77.001917003835842 31.637673533405177 174.1062170190562 31.001090436409868 24.818648846843644 8.155703236390762 24.247621075599454
leaf_count=14746 739 5277 1470 1773 980 1184
internal_value=0 -0.00147966 0.00126259 0.0033212 -0.00855718 0.00804851
internal_weight=370.969 315.084 238.082 198.925 39.1568 55.8853
internal_count=26169 24246 9500 7050 2450 1923
is_linear=0
shrinkage=0.025


Tree=205
num_leaves=7
num_cat=0
split_feature=61 44 62 0 0 25
split_gain=7.28071 11.7598 7.63311 7.99975 7.37883 4.8208
threshold=0.71538450000000009 0.054404500000000001 0.41666666666666669 0.48566650000000006 0.38213350000000007 0.41666650000000005
decision_type=2 2 2 2 2 2
left_child=1 -1 4 -4 -3 -2
right_child=5 2 3 -5 -6 -7
leaf_value=-0.0098386026193998926 0.014144120411379663 -0.0076551402800657704 0.0060864759508338934 -0.0045656888561643261 0.01507635135057999 -9.3087688362814691e-05
leaf_weight=76.893202684248536 31.769503724062815 9.3050350678313389 63.777478117985083 127.83964372156152 36.613733773876447 24.067310811486095
leaf_count=14746 739 302 2777 5645 776 1184
internal_value=0 -0.00149399 0.00124514 -0.000942441 0.0101319 0.00811647
internal_weight=370.266 314.429 237.536 191.617 45.9188 55.8368
internal_count=26169 24246 9500 8422 1078 1923
is_linear=0
shrinkage=0.025


Tree=206
num_leaves=7
num_cat=0
split_feature=21 44 22 44 60 3
split_gain=7.19622 8.56129 6.54654 10.3526 6.05449 5.61179
threshold=0.70400000000000007 0.047175500000000009 0.38669450000000005 0.40177200000000007 0.82000000000000017 0.96527212858200084
decision_type=2 2 2 2 2 2
left_child=1 -1 3 5 -4 -2
right_child=2 -3 4 -5 -6 -7
leaf_value=-0.014033972820317601 -0.018206582159128726 -0.00062989235371119093 0.0088484839704719067 0.0095776898023485751 -0.0025527345704330659 0.0004663062823592408
leaf_weight=37.048736904154794 23.71202495675243 128.03306899959534 109.62605719309067 20.769899802573491 36.59527557851834 14.680479234128141
leaf_count=12911 1327 6524 2295 469 2011 632
internal_value=0 -0.00385482 0.00310749 -0.00371131 0.00594128 -0.0112605
internal_weight=370.466 165.082 205.384 59.1624 146.221 38.3925
internal_count=26169 19435 6734 2428 4306 1959
is_linear=0
shrinkage=0.025


Tree=207
num_leaves=7
num_cat=0
split_feature=39 60 31 19 0 44
split_gain=7.06972 7.91768 8.28625 10.8289 8.0394 9.33251
threshold=1.0000000180025095e-35 0.68000000000000005 0.31505900000000003 0.64414750000000021 0.80776700000000012 0.16367100000000004
decision_type=2 2 2 2 2 2
left_child=-1 2 3 -2 5 -3
right_child=1 4 -4 -5 -6 -7
leaf_value=-0.0079324757684209653 -0.020496244336390506 -0.025056597710696328 0.010641603641770424 0.0025251256126287221 0.0023839671524551946 -0.0006139780465520046
leaf_weight=56.589680047887668 11.437171622386812 17.894150144243213 73.301470953309035 147.68401772005382 40.430078468256397 20.434897597067902
leaf_count=6796 4373 4176 2168 5413 2198 1045
internal_value=0 0.00149428 0.003832 0.000524831 -0.00520244 -0.013075
internal_weight=367.771 311.182 232.423 159.121 78.7591 38.329
internal_count=26169 19373 11954 9786 7419 5221
is_linear=0
shrinkage=0.025


Tree=208
num_leaves=7
num_cat=0
split_feature=62 21 21 0 44 47
split_gain=6.83987 6.76793 6.4267 7.21072 5.82511 6.92512
threshold=0.75000000000000011 0.9840000000000001 0.70400000000000007 0.48220000000000002 0.49641000000000007 0.96388050000000014
decision_type=2 2 2 2 2 2
left_child=2 -2 3 -1 5 -4
right_child=1 -3 4 -5 -6 -7
leaf_value=0.0018560694226577201 -0.0087956209368645726 0.018348088975175283 -0.0016112803111277656 -0.010224794609937693 0.012616956679477227 0.011404117927341646
leaf_weight=84.306538370068665 69.119487650593328 3.7327288417145601 88.939904228551313 44.973484029589599 43.256889543146826 32.674970131833106
leaf_count=7181 10383 78 2804 4515 972 236
internal_value=0 -0.00672614 0.0017085 -0.00239443 0.00496569 0.00197441
internal_weight=367.004 72.8522 294.152 129.28 164.872 121.615
internal_count=26169 10461 15708 11696 4012 3040
is_linear=0
shrinkage=0.025


Tree=209
num_leaves=7
num_cat=0
split_feature=2 60 14 0 3 39
split_gain=7.43735 7.34809 6.59077 7.61604 6.60182 5.96051
threshold=0.75944644212722789 0.68000000000000005 1.0000000180025095e-35 0.77566650000000015 0.96598929166793834 1.0000000180025095e-35
decision_type=2 2 2 2 2 2
left_child=1 5 3 -3 -4 -1
right_child=-2 2 4 -5 -6 -7
leaf_value=-0.0073055714152331433 0.012797031179893129 -0.011211307492155112 -0.019126978458403693 0.011215063293486569 0 0.0027392633690561941
leaf_weight=41.564156249489315 23.868718037614599 14.672054476628544 32.609963244904066 18.435036889190087 15.727025112625595 219.44167628700052
leaf_count=5174 485 2183 4610 341 1559 11817
internal_value=0 -0.000978233 -0.00742737 0.000941289 -0.0130958 0.00105232
internal_weight=366.319 342.45 81.4441 33.1071 48.337 261.006
internal_count=26169 25684 8693 2524 6169 16991
is_linear=0
shrinkage=0.025


Tree=210
num_leaves=7
num_cat=0
split_feature=22 39 15 3 17 0
split_gain=7.24679 9.64852 7.05955 6.22741 9.31286 5.51977
threshold=0.49268850000000003 1.0000000180025095e-35 0.66768450000000013 0.94652107357978832 0.60436650000000014 0.84440000000000015
decision_type=2 2 2 2 2 2
left_child=2 -2 3 -1 -5 -3
right_child=1 5 -4 4 -6 -7
leaf_value=-0.013621458046643518 -0.015463406693698056 0.013187168528118321 0.0023859893410396529 -0.013756443304234223 0.0018279428117779523 -0.0046739512966767162
leaf_weight=39.954328112231451 8.1685177129402273 56.202464499234338 132.33909340262471 29.895921711525261 87.98058730476896 11.101559126807841
leaf_count=7100 580 1421 4587 5440 6331 710
internal_value=0 0.00677257 -0.00180433 -0.00535486 -0.0022555 0.0100538
internal_weight=365.642 75.4725 290.17 157.831 117.877 67.304
internal_count=26169 2711 23458 18871 11771 2131
is_linear=0
shrinkage=0.025


Tree=211
num_leaves=7
num_cat=0
split_feature=61 44 62 0 0 25
split_gain=6.70261 10.3078 7.51015 7.91754 7.38784 4.50563
threshold=0.71538450000000009 0.054404500000000001 0.41666666666666669 0.48566650000000006 0.38213350000000007 0.41666650000000005
decision_type=2 2 2 2 2 2
left_child=1 -1 4 -4 -3 -2
right_child=5 2 3 -5 -6 -7
leaf_value=-0.0093841637392303758 0.013718072406242059 -0.0077922468876898479 0.0059253590655334795 -0.004726998393000459 0.01492023911736437 -0.00015425104939774606
leaf_weight=74.679530610572328 31.263407801394351 9.346246885139406 63.333388213632134 125.44166235821467 36.431679353467189 23.56731408345513
leaf_count=14746 739 302 2777 5645 776 1184
internal_value=0 -0.00144482 0.00111839 -0.00107669 0.00993852 0.00785614
internal_weight=364.063 309.233 234.553 188.775 45.7779 54.8307
internal_count=26169 24246 9500 8422 1078 1923
is_linear=0
shrinkage=0.025


Tree=212
num_leaves=7
num_cat=0
split_feature=1 60 22 39 33 17
split_gain=6.70732 5.62833 6.29265 10.1946 6.72196 4.84558
threshold=0.43721100687980657 0.82000000000000017 0.46480350000000009 1.0000000180025095e-35 0.70000000000000007 0.63418550000000007
decision_type=2 2 2 2 2 2
left_child=-1 2 4 -4 -2 -3
right_child=1 5 3 -5 -6 -7
leaf_value=-0.014032861972859471 -0.0018041745373394936 0.0004349845531225428 -0.014172451736896364 0.011336929181080972 0.011374732959805952 -0.013304480376819054
leaf_weight=17.622496556206897 179.65632607183215 32.064736076874397 8.8197424553800357 71.811851050937548 25.388442993862554 27.15395052144595
leaf_count=10297 8921 2123 563 1195 894 2176
internal_value=0 0.000812839 0.00229676 0.00809908 -1.28561e-05 -0.00600702
internal_weight=362.518 344.895 285.676 80.6316 205.045 59.2187
internal_count=26169 15872 11573 1758 9815 4299
is_linear=0
shrinkage=0.025


Tree=213
num_leaves=7
num_cat=0
split_feature=4 60 9 20 49 19
split_gain=6.76953 6.79047 6.6039 5.89314 5.70361 5.0432
threshold=0.62500000000000011 0.82000000000000017 0.95350000000000013 0.69749450000000013 1.0000000180025095e-35 0.76312300000000011
decision_type=2 2 2 2 2 2
left_child=1 2 4 -3 -1 -4
right_child=-2 3 5 -5 -6 -7
leaf_value=0.0053833381754580523 -0.022378097268772136 -0.015951450296174535 0.0051707494046735972 -0.00028503558976415027 -0.0027502796080822295 0.023360713613480938
leaf_weight=80.872831025501 5.7584643039463108 23.721887105761198 53.071419256739318 38.065350432902051 149.61520329413179 10.581268603214992
leaf_count=6068 1572 4103 1050 1948 11340 88
internal_value=0 0.000515609 0.00213102 -0.00682234 9.32014e-05 0.00909538
internal_weight=361.686 355.928 294.141 61.7872 230.488 63.6527
internal_count=26169 24597 18546 6051 17408 1138
is_linear=0
shrinkage=0.025


Tree=214
num_leaves=7
num_cat=0
split_feature=62 21 0 17 0 39
split_gain=6.53205 7.30558 6.665 5.80355 4.80819 4.54693
threshold=0.91666666666666685 0.70400000000000007 0.47246700000000003 0.71556600000000004 0.41233350000000007 1.0000000180025095e-35
decision_type=2 2 2 2 2 2
left_child=1 2 4 -2 -1 -3
right_child=3 5 -4 -5 -6 -7
leaf_value=-0.0021921651052108897 -0.015141788650885496 -0.0041851461842333827 -0.0097672486116266548 0.0089794584859506071 0.010634912864943301 0.0061006216915456433
leaf_weight=67.597898774835812 26.568522429716722 29.498554046323989 54.538508738300152 5.6538177867332697 22.020192195755953 154.79651876015123
leaf_count=7452 5196 1241 6329 257 1608 4086
internal_value=0 0.00108228 -0.00306843 -0.0103156 0.00106769 0.00437344
internal_weight=360.674 328.452 144.157 32.2223 89.6181 184.295
internal_count=26169 20716 15389 5453 9060 5327
is_linear=0
shrinkage=0.025


Tree=215
num_leaves=7
num_cat=0
split_feature=4 60 9 20 49 19
split_gain=6.54529 6.59134 6.29915 5.52227 5.45901 4.79291
threshold=0.62500000000000011 0.82000000000000017 0.95350000000000013 0.69749450000000013 1.0000000180025095e-35 0.76312300000000011
decision_type=2 2 2 2 2 2
left_child=1 2 4 -3 -1 -4
right_child=-2 3 5 -5 -6 -7
leaf_value=0.0052877085346519437 -0.022159456984935804 -0.015652484875128336 0.0050885002225005103 -0.00040389255113295686 -0.0026778064994892534 0.022938397543734709
leaf_weight=80.75880447570762 5.6449024743906184 23.432050503815844 52.604656192212133 37.929638862966385 149.06322203574018 10.433576242998241
leaf_count=6068 1572 4103 1050 1948 11340 88
internal_value=0 0.000505959 0.00209987 -0.00674865 0.00011037 0.00893868
internal_weight=359.867 354.222 292.86 61.3617 229.822 63.0382
internal_count=26169 24597 18546 6051 17408 1138
is_linear=0
shrinkage=0.025


Tree=216
num_leaves=7
num_cat=0
split_feature=1 29 62 3 49 0
split_gain=6.32563 5.68434 6.11144 6.68214 4.73615 4.61366
threshold=0.43721100687980657 0.43853150000000002 0.41666666666666669 0.92985242605209362 1.0000000180025095e-35 0.38213350000000007
decision_type=2 2 2 2 2 2
left_child=-1 2 5 -4 -3 -2
right_child=1 4 3 -5 -6 -7
leaf_value=-0.013780783261909841 -0.0057406677893878308 0.018384055825208283 -0.01286255122178119 -0.00064929859883007502 0.0026624948382951612 0.011021480209245147
leaf_weight=17.190822513486637 11.144185721772372 16.112652326599346 30.401808637667273 203.42484036122914 41.589183899675845 38.853452242561616
leaf_count=10297 338 215 2297 10915 997 1110
internal_value=0 0.000788762 -0.000657326 -0.00239354 0.00777905 0.00702316
internal_weight=358.717 341.526 283.824 233.827 57.7018 49.9976
internal_count=26169 15872 14660 13212 1212 1448
is_linear=0
shrinkage=0.025


Tree=217
num_leaves=7
num_cat=0
split_feature=4 60 22 39 31 20
split_gain=6.74395 6.29179 5.96704 9.01103 8.32949 5.09983
threshold=1.0000000180025095e-35 0.82000000000000017 0.47295250000000005 1.0000000180025095e-35 0.6286845000000002 0.69749450000000013
decision_type=2 2 2 2 2 2
left_child=1 2 4 -4 -1 -3
right_child=-2 5 3 -5 -6 -7
leaf_value=-0.0012092184753939479 -0.013280744333222048 -0.015258268261447406 -0.013035302370194859 0.011539088822295554 0.017584611123962951 -0.00028275377270563549
leaf_weight=190.82996671271394 19.923872592040425 21.781365761633424 8.3336768384906446 66.871845154557377 13.443951325494707 37.500335928169079
leaf_count=14714 3326 3799 604 1145 647 1934
internal_value=0 0.000872663 0.00247219 0.00837158 0.000183002 -0.00632148
internal_weight=358.685 338.761 279.479 75.2055 204.274 59.2817
internal_count=26169 22843 17110 1749 15361 5733
is_linear=0
shrinkage=0.025


Tree=218
num_leaves=7
num_cat=0
split_feature=19 17 62 58 0 6
split_gain=6.27829 7.13266 5.50168 6.27325 5.7669 6.32669
threshold=0.68318650000000003 0.62125900000000012 0.58333333333333337 0.17833350000000001 0.48566650000000006 0.69780400000000009
decision_type=2 2 2 2 2 2
left_child=1 -1 3 -2 -4 -6
right_child=2 -3 4 -5 5 -7
leaf_value=-0.016396114422601832 -0.011773105415656661 -0.00079170499766130292 0.0080374121859055729 0.0067607976894909563 -0.01263057470429114 0
leaf_weight=25.031091804665266 9.8897952659754065 59.40119472772858 26.476819774441537 132.21406868570921 35.817557652131654 68.368702795814897
leaf_count=9955 231 6165 1245 3190 2752 2631
internal_value=0 -0.00585698 0.0018497 0.00522917 -0.00178914 -0.0044982
internal_weight=357.199 84.4323 272.767 142.104 130.663 104.186
internal_count=26169 16120 10049 3421 6628 5383
is_linear=0
shrinkage=0.025


Tree=219
num_leaves=7
num_cat=0
split_feature=29 4 21 62 0 49
split_gain=6.22663 6.727 4.91826 7.9292 5.65151 4.2803
threshold=0.43853150000000002 1.0000000180025095e-35 0.70400000000000007 0.91666666666666685 0.48566650000000006 1.0000000180025095e-35
decision_type=2 2 2 2 2 2
left_child=1 2 4 -4 -1 -2
right_child=5 -3 3 -5 -6 -7
leaf_value=4.8942880208637063e-05 0.017242841069114483 -0.01641018825289425 0.0040234557170260952 -0.016479225917352274 -0.010541045503909132 0.0024191606133143841
leaf_weight=76.019316249398798 16.506018903501172 15.282167514061255 146.7457395982492 10.223002333892508 49.362120989779214 41.879284071914299
leaf_count=8923 564 3102 4700 1177 6298 1405
internal_value=0 -0.00147878 -0.000502965 0.00239588 -0.00417643 0.00728958
internal_weight=356.018 297.632 282.35 156.969 125.381 58.3853
internal_count=26169 24200 21098 5877 15221 1969
is_linear=0
shrinkage=0.025


Tree=220
num_leaves=7
num_cat=0
split_feature=61 44 2 46 25 14
split_gain=5.99661 8.763 5.72273 5.80938 4.30832 5.34036
threshold=0.71538450000000009 0.054404500000000001 0.75098425149917614 0.58423250000000004 0.41666650000000005 1.0000000180025095e-35
decision_type=2 2 2 2 2 2
left_child=1 -1 3 -3 -2 -6
right_child=4 2 -4 -5 5 -7
leaf_value=-0.0088507179550944282 0.013328157220114501 0.0017580974130928962 0.015056318475928582 -0.0089444565436114076 0.010852462829324361 -0.010933075028539687
leaf_weight=71.979990202349654 30.451587901101448 179.40796272880107 14.271642381732816 35.868211251916364 10.804267078405246 12.341659967787564
leaf_count=14746 739 7300 186 2014 161 1023
internal_value=0 -0.00138574 0.000987505 -6.71372e-05 0.00751019 -0.000356038
internal_weight=355.125 301.528 229.548 215.276 53.5975 23.1459
internal_count=26169 24246 9500 9314 1923 1184
is_linear=0
shrinkage=0.025


Tree=221
num_leaves=7
num_cat=0
split_feature=29 62 19 47 32 0
split_gain=6.33328 6.18419 8.91461 5.31515 4.91607 3.76026
threshold=0.91839300000000013 0.41666666666666669 0.64414750000000021 0.98135300000000014 0.17192500000000002 0.40213350000000003
decision_type=2 2 2 2 2 2
left_child=1 4 -3 -4 -1 -6
right_child=-2 2 3 -5 5 -7
leaf_value=-0.0016302560626782496 0.011189722628618084 -0.017464694671258368 -0.002623626907911198 0.0075830818891366785 -0.00087605300570961432 0.017734106281486802
leaf_weight=23.727951251941704 26.554820756933623 20.524281364163471 218.66744132896019 34.539927808131324 7.8522583352205428 22.139419633138459
leaf_count=1522 321 8989 14287 333 239 478
internal_value=0 -0.000985344 -0.00253952 -0.00113659 0.00653919 0.0128999
internal_weight=354.006 327.451 273.732 253.207 53.7196 29.9917
internal_count=26169 25848 23609 14620 2239 717
is_linear=0
shrinkage=0.025


Tree=222
num_leaves=7
num_cat=0
split_feature=60 1 49 22 20 61
split_gain=6.09476 6.85918 6.40766 7.20035 5.29323 4.87922
threshold=0.82000000000000017 0.58794724941253673 1.0000000180025095e-35 0.41060950000000002 0.69749450000000013 0.26513150000000008
decision_type=2 2 2 2 2 2
left_child=1 2 5 -4 -2 -1
right_child=4 -3 3 -5 -6 -7
leaf_value=-0.0012956117434506195 -0.01573755873873094 0.004580092686557939 -0.016657370603264231 0.0009118178087997779 -0.00072755758144288818 0.015076940196741703
leaf_weight=47.168589541671281 23.425261335240975 177.76550125444192 31.072314865015869 23.747645639363327 37.508000667876331 12.08322511895676
leaf_count=6195 4315 4114 7991 1278 1969 307
internal_value=0 0.00151479 -0.0031828 -0.00918604 -0.00702878 0.00237676
internal_weight=352.771 291.837 114.072 54.82 60.9333 59.2518
internal_count=26169 19885 15771 9269 6284 6502
is_linear=0
shrinkage=0.025


Tree=223
num_leaves=7
num_cat=0
split_feature=60 1 49 20 61 48
split_gain=5.95876 6.5298 6.25908 4.9489 4.8457 4.64823
threshold=0.82000000000000017 0.58794724941253673 1.0000000180025095e-35 0.69749450000000013 0.26513150000000008 0.37386650000000005
decision_type=2 2 2 2 2 2
left_child=1 2 4 -2 -1 -3
right_child=3 5 -4 -5 -6 -7
leaf_value=-0.0012705671293876009 -0.015457159089800145 -0.0096799689196268388 -0.0090584468850866268 -0.00086905139462370147 0.015048892372620824 0.0055871541619904388
leaf_weight=47.157780890188405 23.149045123568612 10.813440583006011 54.440930484197452 37.502068048874207 12.07505301517085 166.79915983759565
leaf_count=6195 4315 437 9269 1969 307 3677
internal_value=0 0.0014976 -0.00309495 -0.00696702 0.00238924 0.00448762
internal_weight=351.937 291.286 113.674 60.6511 59.2328 177.613
internal_count=26169 19885 15771 6284 6502 4114
is_linear=0
shrinkage=0.025


Tree=224
num_leaves=7
num_cat=0
split_feature=39 22 43 18 44 31
split_gain=6.05986 7.55171 6.71896 5.52757 5.14455 5.63346
threshold=1.0000000180025095e-35 0.49268850000000003 1.0000000180025095e-35 0.72332150000000006 0.40177200000000007 0.4765890000000001
decision_type=2 2 2 2 2 2
left_child=2 4 3 -1 5 -2
right_child=1 -3 -4 -5 -6 -7
leaf_value=-0.0079092231504131402 -0.0044316781833756208 0.0087653318380784186 -0.023175208965400512 0.010740683402490708 0.0045826388825330978 0.015135278891317383
leaf_weight=30.779473804603185 150.88518192575157 65.165170057371142 10.817902821191636 11.498912874551023 74.463765523067195 7.1926560621977833
leaf_count=4019 14652 2131 2500 277 2193 397
internal_value=0 0.00140404 -0.00758148 -0.00232494 -0.00069288 -0.0032651
internal_weight=350.803 297.707 53.0963 42.2784 232.542 158.078
internal_count=26169 19373 6796 4296 17242 15049
is_linear=0
shrinkage=0.025


Tree=225
num_leaves=7
num_cat=0
split_feature=29 61 0 0 47 1
split_gain=5.8687 5.81079 8.11913 8.40854 5.52905 10.2995
threshold=0.91839300000000013 0.50715900000000003 0.48566650000000006 0.77566650000000015 0.96388050000000014 0.71458289027214061
decision_type=2 2 2 2 2 2
left_child=1 2 -1 -4 5 -3
right_child=-2 4 3 -5 -6 -7
leaf_value=0.00094379601547123866 0.01087871876983205 -0.0044167954276135464 -0.01680572226552185 -0.001005775142330528 0.010861482886924815 0.013806632152138624
leaf_weight=98.860844201498367 26.005893022153032 80.938316093292087 43.472395870629043 41.770103146283873 36.417595253617037 22.736475589219481
leaf_count=12348 321 3789 6257 2552 283 619
internal_value=0 -0.000949224 -0.00386628 -0.00941249 0.00282346 -0.000106892
internal_weight=350.202 324.196 184.103 85.2425 140.092 103.675
internal_count=26169 25848 21157 8809 4691 4408
is_linear=0
shrinkage=0.025


Tree=226
num_leaves=7
num_cat=0
split_feature=60 22 44 22 39 55
split_gain=5.99202 6.57001 9.70635 6.5745 6.49404 5.58695
threshold=0.82000000000000017 0.38669450000000005 0.39047500000000007 0.25836500000000007 1.0000000180025095e-35 1.0000000180025095e-35
decision_type=2 2 2 2 2 2
left_child=1 2 3 -1 -3 -6
right_child=-2 4 -4 -5 5 -7
leaf_value=0.00075846913008717747 -0.0070192211842933158 -0.0076168868006663759 0.0069090895498197932 -0.011643417270754328 0.00027241485336629496 0.01165966593411677
leaf_weight=44.492430721129494 60.064574436890325 17.837748743753764 48.469633523469383 59.03455185301209 43.971587651991285 74.803398973497679
leaf_count=8193 6284 1057 1617 6250 1038 1730
internal_value=0 0.00150856 -0.00201413 -0.00633877 0.00545659 0.00760867
internal_weight=348.674 288.609 151.997 103.527 136.613 118.775
internal_count=26169 19885 16060 14443 3825 2768
is_linear=0
shrinkage=0.025


Tree=227
num_leaves=7
num_cat=0
split_feature=29 19 32 21 34 34
split_gain=6.1939 5.74194 7.68821 5.36654 4.82848 4.6117
threshold=0.43853150000000002 0.71974850000000001 0.40703000000000006 0.33000000000000007 0.99341650000000004 0.62024400000000013
decision_type=2 2 2 2 2 2
left_child=1 2 4 -4 -1 -3
right_child=-2 5 3 -5 -6 -7
leaf_value=-0.011130594872890538 0.0073519737713005602 0.0055101543680440412 -0.0077794946753243673 0.0091561341042083987 0.00086197635654687056 -0.0040409853275707834
leaf_weight=84.344518773481468 57.048722265386459 89.463274855865166 14.928148739512833 32.076022046323487 25.483304757572114 44.956926464074058
leaf_count=16345 1969 3107 765 1086 1312 1585
internal_value=0 -0.00149037 -0.00472447 0.00347951 -0.00831281 0.00223641
internal_weight=348.301 291.252 156.832 47.0042 109.828 134.42
internal_count=26169 24200 19508 1851 17657 4692
is_linear=0
shrinkage=0.025


Tree=228
num_leaves=7
num_cat=0
split_feature=39 43 60 0 44 17
split_gain=5.81967 6.49368 6.4523 7.05478 8.82671 8.59989
threshold=1.0000000180025095e-35 1.0000000180025095e-35 0.68000000000000005 0.80776700000000012 0.16367100000000004 0.63093400000000011
decision_type=2 2 2 2 2 2
left_child=1 -1 -2 4 -4 -5
right_child=2 -3 3 5 -6 -7
leaf_value=-0.0023114508703790666 0.0035478881067062523 -0.023051319597493063 -0.024763413395595759 0.012468356759377099 -0.00033193557945616588 -0.0098217932875327065
leaf_weight=41.814659039448088 220.38213822626494 10.472992078765854 16.21556121732192 21.512748536886647 19.866274125666678 17.002472646272508
leaf_count=4296 11954 2500 4176 859 1045 1339
internal_value=0 -0.00748756 0.00137901 -0.0048223 -0.0124316 0.00241618
internal_weight=347.267 52.2877 294.979 74.5971 36.0818 38.5152
internal_count=26169 6796 19373 7419 5221 2198
is_linear=0
shrinkage=0.025


Tree=229
num_leaves=7
num_cat=0
split_feature=60 22 44 22 21 39
split_gain=5.71711 6.17232 8.61676 6.25391 5.94443 5.00609
threshold=0.82000000000000017 0.38669450000000005 0.39047500000000007 0.25836500000000007 0.70400000000000007 1.0000000180025095e-35
decision_type=2 2 2 2 2 2
left_child=1 2 3 -1 -3 -6
right_child=-2 4 -4 -5 5 -7
leaf_value=0.00082371430048474865 -0.0068840415468244837 -0.0033494643076579867 0.00644918897048529 -0.011290288861040762 -0.0050340939159636364 0.010445594041850484
leaf_weight=44.712573243168663 59.585198079214024 34.137212494053529 48.47968833016057 58.08252743268531 12.888162768649634 88.70155976935348
leaf_count=8193 6284 1530 1617 6250 569 1726
internal_value=0 0.00147632 -0.00194328 -0.00604353 0.00531715 0.00832396
internal_weight=346.587 287.002 151.275 102.795 135.727 101.59
internal_count=26169 19885 16060 14443 3825 2295
is_linear=0
shrinkage=0.025


Tree=230
num_leaves=7
num_cat=0
split_feature=29 9 6 62 2 0
split_gain=5.72362 5.65062 5.34667 10.1697 4.84853 5.31234
threshold=0.91839300000000013 0.73000000000000009 0.74606800000000006 0.58333333333333337 0.75944644212722789 0.86206650000000018
decision_type=2 2 2 2 2 2
left_child=1 2 3 -1 5 -3
right_child=-2 4 -4 -5 -6 -7
leaf_value=0.00032889765465645652 0.010818473774634241 0.00089506119255697335 0.009667838106931172 -0.017595007397145115 0.01297169779129481 -0.015700142479101238
leaf_weight=37.636470707877379 25.61291492325654 209.2406895249369 8.8009372998494637 36.947122640999623 16.956218911218457 10.281659421310904
leaf_count=4702 321 7657 163 11931 397 998
internal_value=0 -0.000943467 -0.00645187 -0.00871939 0.00100941 -1.08232e-05
internal_weight=345.476 319.863 83.3845 74.5836 236.479 219.522
internal_count=26169 25848 16796 16633 9052 8655
is_linear=0
shrinkage=0.025


Tree=231
num_leaves=7
num_cat=0
split_feature=60 9 19 20 8 17
split_gain=5.61978 5.93428 4.8118 4.9646 4.76371 8.05387
threshold=0.82000000000000017 0.95350000000000013 0.76312300000000011 0.73524800000000012 1.0000000180025095e-35 0.63418550000000007
decision_type=2 2 2 2 2 2
left_child=1 -1 3 -3 -2 -6
right_child=4 2 -4 -5 5 -7
leaf_value=-0.00038075345886946337 -0.018829046836944325 0.0093401719382859832 0.022549169387942644 -0.0068179984348406553 0.0069111611474355116 -0.012927587928848317
leaf_weight=225.12468788522892 13.253769768753953 35.512628377269721 9.8866712136077677 14.557691277237607 24.398648968794078 21.627303578021383
leaf_count=18720 3196 734 89 342 1091 1997
internal_value=0 0.00146962 0.00829458 0.004375 -0.00684101 -0.00241638
internal_weight=344.361 285.082 59.957 50.0703 59.2797 46.026
internal_count=26169 19885 1165 1076 6284 3088
is_linear=0
shrinkage=0.025


Tree=232
num_leaves=7
num_cat=0
split_feature=39 43 22 1 18 17
split_gain=5.57058 6.39557 6.15653 5.78419 5.20103 4.97228
threshold=1.0000000180025095e-35 1.0000000180025095e-35 0.50584150000000017 0.68595391511917125 0.72332150000000006 0.60436650000000014
decision_type=2 2 2 2 2 2
left_child=1 4 3 5 -1 -2
right_child=2 -3 -4 -5 -6 -7
leaf_value=-0.0076939463710545067 -0.0097576290907697028 -0.02295138463377823 0.0090472180189705466 0.0079927807676397344 0.010571904372870797 -4.634979792545327e-05
leaf_weight=30.151657544985937 39.54682395625241 10.260688994888367 50.836212052614428 40.422307045519119 11.224246438912813 161.06968002680242
leaf_count=4019 6925 2500 1914 747 277 9787
internal_value=0 -0.00737032 0.00135543 -0.000307097 -0.00221941 -0.00210032
internal_weight=343.512 51.6366 291.875 241.039 41.3759 200.617
internal_count=26169 6796 19373 17459 4296 16712
is_linear=0
shrinkage=0.025


Tree=233
num_leaves=7
num_cat=0
split_feature=29 4 62 47 32 22
split_gain=5.54303 5.31318 4.34565 6.51953 3.77847 2.39953
threshold=0.60023650000000017 1.0000000180025095e-35 0.41666666666666669 0.77426000000000006 0.15442000000000003 0.50584150000000017
decision_type=2 2 2 2 2 2
left_child=1 2 4 -4 -1 -2
right_child=5 -3 3 -5 -6 -7
leaf_value=-0.0020724690622751832 0.002959027356948315 -0.014321411007674227 -0.0050205885511832443 0.0033874029130456593 0.011344568842350267 0.016072307129931584
leaf_weight=19.006770794047043 26.074682486814709 15.622580444083722 146.41994067739688 90.663270387420198 30.64970744081802 14.101529401028527
leaf_count=1303 830 3232 18166 1744 728 166
internal_value=0 -0.00118128 -0.000317512 -0.00176696 0.00618805 0.00843862
internal_weight=342.538 302.362 286.74 237.083 49.6565 40.1762
internal_count=26169 25173 21941 19910 2031 996
is_linear=0
shrinkage=0.025


Tree=234
num_leaves=7
num_cat=0
split_feature=39 43 22 14 46 1
split_gain=5.48759 6.36741 5.93108 4.83857 4.98562 4.76882
threshold=1.0000000180025095e-35 1.0000000180025095e-35 0.49268850000000003 1.0000000180025095e-35 0.83257000000000014 0.68595391511917125
decision_type=2 2 2 2 2 2
left_child=1 -1 5 -4 -5 -2
right_child=2 -3 3 4 -6 -7
leaf_value=-0.0021863838421770673 -0.0021725864298834199 -0.022947353081134381 -0.0011339651178637576 0.017214585819701925 -0.0019665733036922884 0.0074192070346416382
leaf_weight=41.094824107656677 190.23783064932832 10.164357376757833 22.072751938423607 32.040843155999028 9.55483997549163 36.302419400628423
leaf_count=4296 16542 2500 464 481 1186 700
internal_value=0 -0.0073416 0.00134837 0.00794238 0.0127484 -0.000533122
internal_weight=341.468 51.2592 290.209 63.6684 41.5957 226.54
internal_count=26169 6796 19373 2131 1667 17242
is_linear=0
shrinkage=0.025


Tree=235
num_leaves=7
num_cat=0
split_feature=29 4 9 19 6 19
split_gain=5.68777 4.93073 4.26562 4.82541 4.50336 3.00441
threshold=0.60023650000000017 1.0000000180025095e-35 0.73000000000000009 0.64166050000000008 0.74606800000000006 0.6772625000000001
decision_type=2 2 2 2 2 2
left_child=1 2 4 -4 -1 -2
right_child=5 -3 3 -5 -6 -7
leaf_value=-0.0077248598775375918 -0.0046065876522846851 -0.01393250012363933 -0.015401779217420627 0.0022885051354829115 0.0091898424586065765 0.011534051068422903
leaf_weight=66.561151550102295 6.6840198909903838 15.43662095806121 7.5422304492567482 202.27546814713423 8.8675277712754887 33.568800342298346
leaf_count=13643 564 3232 769 7371 158 432
internal_value=0 -0.00120377 -0.000369459 0.00143752 -0.00539303 0.00853657
internal_weight=340.936 300.683 285.246 209.818 75.4287 40.2528
internal_count=26169 25173 21941 8140 13801 996
is_linear=0
shrinkage=0.025


Tree=236
num_leaves=7
num_cat=0
split_feature=39 43 60 22 31 14
split_gain=5.67286 6.56533 6.04087 6.61505 8.02548 6.81816
threshold=1.0000000180025095e-35 1.0000000180025095e-35 0.68000000000000005 0.46480350000000009 0.43579550000000006 1.0000000180025095e-35
decision_type=2 2 2 2 2 2
left_child=1 -1 3 4 -2 -5
right_child=2 -3 -4 5 -6 -7
leaf_value=-0.0022271059433315206 -0.0020095240995110474 -0.023317840115090787 -0.0047024297010846983 0.00064273632410278008 0.01234668207250266 0.01749727942384682
leaf_weight=40.945934853925792 127.61332551036321 10.158859395291982 72.757021987571534 28.04299873803393 27.361350551502255 33.375462744908873
leaf_count=4296 9854 2500 7419 624 1075 401
internal_value=0 -0.00747482 0.00137386 0.00348721 0.000625324 0.0102647
internal_weight=340.255 51.1048 289.15 216.393 154.975 61.4185
internal_count=26169 6796 19373 11954 10929 1025
is_linear=0
shrinkage=0.025


Tree=237
num_leaves=7
num_cat=0
split_feature=29 4 9 34 19 16
split_gain=5.42749 4.96816 4.21333 4.92467 4.59067 2.70026
threshold=0.52868100000000007 1.0000000180025095e-35 0.73000000000000009 0.29077600000000009 0.64166050000000008 0.60854950000000008
decision_type=2 2 2 2 2 2
left_child=1 2 3 -1 -4 -2
right_child=5 -3 4 -5 -6 -7
leaf_value=0.00025933332261278891 -0.0094110137564010279 -0.014247365987400219 -0.015103413087872204 -0.012259276637796268 0.0022427241959958569 0.0096951091322122155
leaf_weight=40.686228926403601 2.7156456283319121 14.845124158516226 7.4377498063040539 33.066452067767386 198.71091273756247 41.708844841245082
leaf_count=11050 412 3191 760 2581 7283 892
internal_value=0 -0.00124737 -0.000406877 -0.00545646 0.00140148 0.00790153
internal_weight=339.171 294.746 279.901 73.7527 206.149 44.4245
internal_count=26169 24865 21674 13631 8043 1304
is_linear=0
shrinkage=0.025


Tree=238
num_leaves=7
num_cat=0
split_feature=60 1 49 22 20 48
split_gain=5.36692 5.36286 6.43162 5.78755 4.42403 4.38661
threshold=0.82000000000000017 0.58794724941253673 1.0000000180025095e-35 0.41060950000000002 0.69749450000000013 0.37386650000000005
decision_type=2 2 2 2 2 2
left_child=1 2 -1 -4 -2 -3
right_child=4 5 3 -5 -6 -7
leaf_value=0.00280345836111719 -0.014967964475861004 -0.0096489124743259491 -0.016019826086396551 0.00012371404861191522 -0.00086289305112153256 0.0053179429696692468
leaf_weight=57.728936170240559 22.039001732874567 10.58175263047451 28.795900525539764 22.968387666827766 36.158023587893695 160.1542651890486
leaf_count=6502 4315 437 7991 1278 1969 3677
internal_value=0 0.00144805 -0.00278459 -0.00901982 -0.00674509 0.00421397
internal_weight=338.426 280.229 109.493 51.7643 58.197 170.736
internal_count=26169 19885 15771 9269 6284 4114
is_linear=0
shrinkage=0.025


Tree=239
num_leaves=7
num_cat=0
split_feature=39 1 60 43 29 47
split_gain=5.40176 5.74312 5.7421 5.62705 5.50503 4.24357
threshold=1.0000000180025095e-35 0.68300354480743419 0.82000000000000017 1.0000000180025095e-35 0.31620650000000006 0.80572300000000008
decision_type=2 2 2 2 2 2
left_child=3 2 4 -1 -2 -4
right_child=1 -3 5 -5 -6 -7
leaf_value=-0.0024835252340520884 -0.0010532483225915064 0.00827073330522771 -0.016049825232865821 -0.022403694521769074 0.0085822884303411416 0.00028328361735132057
leaf_weight=40.770335565021014 147.21776200390741 57.039449059753679 20.604258379949897 9.6609409473494434 46.395818289380259 15.500819080276413
leaf_count=4296 12353 1468 3721 2500 1529 302
internal_value=0 0.00134365 -0.000409192 -0.00734278 0.00129108 -0.00924671
internal_weight=337.189 286.758 229.719 50.4313 193.614 36.1051
internal_count=26169 19373 17905 6796 13882 4023
is_linear=0
shrinkage=0.025


end of trees

feature_importances:
Column_1=124
Column_62=105
Column_9=98
Column_0=93
Column_29=88
Column_60=87
Column_19=72
Column_39=71
Column_61=64
Column_44=63
Column_47=61
Column_2=57
Column_22=42
Column_43=41
Column_31=38
Column_21=37
Column_20=34
Column_16=32
Column_32=29
Column_48=28
Column_15=23
Column_49=23
Column_6=22
Column_17=20
Column_18=15
Column_24=9
Column_34=9
Column_3=8
Column_4=7
Column_14=7
Column_33=6
Column_37=6
Column_46=6
Column_25=5
Column_30=2
Column_55=2
Column_58=2
Column_8=1
Column_26=1
Column_28=1
Column_59=1

parameters:
[boosting: gbdt]
[objective: lambdarank]
[metric: ndcg]
[tree_learner: serial]
[device_type: cpu]
[data_sample_strategy: bagging]
[data: ]
[valid: ]
[num_iterations: 240]
[learning_rate: 0.025]
[num_leaves: 7]
[num_threads: 6]
[seed: 20260903]
[deterministic: 0]
[force_col_wise: 0]
[force_row_wise: 0]
[histogram_pool_size: -1]
[max_depth: 4]
[min_data_in_leaf: 28]
[min_sum_hessian_in_leaf: 0.001]
[bagging_fraction: 1]
[pos_bagging_fraction: 1]
[neg_bagging_fraction: 1]
[bagging_freq: 0]
[bagging_seed: 1721]
[bagging_by_query: 0]
[feature_fraction: 0.9]
[feature_fraction_bynode: 1]
[feature_fraction_seed: 12732]
[extra_trees: 0]
[extra_seed: 6506]
[early_stopping_round: 0]
[early_stopping_min_delta: 0]
[first_metric_only: 0]
[max_delta_step: 0]
[lambda_l1: 0.35]
[lambda_l2: 2.5]
[linear_lambda: 0]
[min_gain_to_split: 0]
[drop_rate: 0.1]
[max_drop: 50]
[skip_drop: 0.5]
[xgboost_dart_mode: 0]
[uniform_drop: 0]
[drop_seed: 14009]
[top_rate: 0.2]
[other_rate: 0.1]
[min_data_per_group: 100]
[max_cat_threshold: 32]
[cat_l2: 10]
[cat_smooth: 10]
[max_cat_to_onehot: 4]
[top_k: 20]
[monotone_constraints: ]
[monotone_constraints_method: basic]
[monotone_penalty: 0]
[feature_contri: ]
[forcedsplits_filename: ]
[refit_decay_rate: 0.9]
[cegb_tradeoff: 1]
[cegb_penalty_split: 0]
[cegb_penalty_feature_lazy: ]
[cegb_penalty_feature_coupled: ]
[path_smooth: 0]
[interaction_constraints: ]
[verbosity: -1]
[saved_feature_importance_type: 0]
[use_quantized_grad: 0]
[num_grad_quant_bins: 4]
[quant_train_renew_leaf: 0]
[stochastic_rounding: 1]
[linear_tree: 0]
[max_bin: 255]
[max_bin_by_feature: ]
[min_data_in_bin: 3]
[bin_construct_sample_cnt: 200000]
[data_random_seed: 5030]
[is_enable_sparse: 1]
[enable_bundle: 1]
[use_missing: 1]
[zero_as_missing: 0]
[feature_pre_filter: 1]
[pre_partition: 0]
[two_round: 0]
[header: 0]
[label_column: ]
[weight_column: ]
[group_column: ]
[ignore_column: ]
[categorical_feature: ]
[forcedbins_filename: ]
[precise_float_parser: 0]
[parser_config_file: ]
[objective_seed: 27550]
[num_class: 1]
[is_unbalance: 0]
[scale_pos_weight: 1]
[sigmoid: 1]
[boost_from_average: 1]
[reg_sqrt: 0]
[alpha: 0.9]
[fair_c: 1]
[poisson_max_delta_step: 0.7]
[tweedie_variance_power: 1.5]
[lambdarank_truncation_level: 30]
[lambdarank_norm: 1]
[label_gain: ]
[lambdarank_position_bias_regularization: 0]
[eval_at: 1,2,3,4,5]
[multi_error_top_k: 1]
[auc_mu_weights: ]
[num_machines: 1]
[local_listen_port: 12400]
[time_out: 120]
[machine_list_filename: ]
[machines: ]
[gpu_platform_id: -1]
[gpu_device_id: -1]
[gpu_device_id_list: ]
[gpu_use_dp: 0]
[num_gpu: 1]

end of parameters

pandas_categorical:null
