tree
version=v4
num_class=1
num_tree_per_iteration=1
label_index=0
max_feature_idx=90
objective=lambdarank
feature_names=Column_0 Column_1 Column_2 Column_3 Column_4 Column_5 Column_6 Column_7 Column_8 Column_9 Column_10 Column_11 Column_12 Column_13 Column_14 Column_15 Column_16 Column_17 Column_18 Column_19 Column_20 Column_21 Column_22 Column_23 Column_24 Column_25 Column_26 Column_27 Column_28 Column_29 Column_30 Column_31 Column_32 Column_33 Column_34 Column_35 Column_36 Column_37 Column_38 Column_39 Column_40 Column_41 Column_42 Column_43 Column_44 Column_45 Column_46 Column_47 Column_48 Column_49 Column_50 Column_51 Column_52 Column_53 Column_54 Column_55 Column_56 Column_57 Column_58 Column_59 Column_60 Column_61 Column_62 Column_63 Column_64 Column_65 Column_66 Column_67 Column_68 Column_69 Column_70 Column_71 Column_72 Column_73 Column_74 Column_75 Column_76 Column_77 Column_78 Column_79 Column_80 Column_81 Column_82 Column_83 Column_84 Column_85 Column_86 Column_87 Column_88 Column_89 Column_90
feature_infos=[0:1] [-0.035627521574497223:0.83773982524871826] [-0.035817231982946396:0.86836433410644531] [0.63048857450485229:0.99203497171401978] [0:1] [0:1] [0.29658499999999999:0.83450299999999999] [0:1] [0:1] [0.080000000000000002:1] [0:1] none [0:1] none [0:1] [0:0.85160000000000002] [0.52320800000000001:0.79572299999999996] [0:0.79816399999999998] [0.53391100000000002:0.79447900000000005] [0.52735900000000002:0.82273300000000005] [0.476688:0.82313800000000004] [0:1] [0.088976:0.645644] [0:1] [0:1] [0:1] [0:1] [0:1] [0:1] [0:1] [0:1] [0:0.80000000000000004] [0:1] [0:1] [0:1] [0:1] [0:1] [0:1] none [0:1] [0:1] [0:1] [0:1] [0:1] [0:1] [0:1] [0:1] [0:1] [0:1] [0:1] [0:1] [0:1] [0:1] [0.55000000000000004:0.90000000000000002] [0:1] [0:1] none [0:1] [0:1] [0:1] [0.059999999999999998:1] [0:1] [0.16666666666666666:1] [0:1] [0:1] [-0.52621499999999999:0.96963299999999997] [-0.54000000000000004:1] [-0.68000000000000005:1] [-0.90000000000000002:1] [-0.52837699999999999:1] [-0.68000000000000005:1] [0:1] [0:1] [0:1] [0:1] [0:1] [0:1] [0:1] [0:1] [0:1] [0:1] [0:1] [0:1] [0:1] [0:1] [0:1] [0:1] [0:1] [0:1] [0:1] [0:1]
tree_sizes=1112 1107 1112 1123 1111 1115 1118 1107 1105 1091 1117 1115 1109 1120 1114 1114 1126 1118 1119 1111 1115 1119 1122 1099 1105 1109 1121 1117 1101 1097 1125 1119 1107 1112 1117 1121 1121 1115 1122 1120 1114 1117 1107 1120 1118 1107 1116 1116 1112 1120 1129 1115 1109 1105 1117 1117 1095 1127 1127 1109 1110 1114 1110 1111 1125 1106 1125 1105 1123 1123 1123 1114 1120 1114 1120 1107 1127 1119 1130 1122 1113 1105 1103 1118 1122 1099 1116 1095 1092 1114 1108 1117 1132 1117 1121 1102 1099 1126 1098 1121 1102 1102 1123 1124 1122 1118 1123 1095 1120 1122 1111 1126 1117 1127 1123 1111 1104 1128 1126 1129 1099 1126 1120 1126 1111 1120 1107 1124 1117 1128 1127 1118 1115 1120 1130 1133 1131 1099 1122 1097 1129 1123 1116 1124 1119 1135 1136 1111 1117 1120 1100 1131 1126 1116 1111 1127 1120 1128 1110 1127 1121 1130 1123 1122 1118 1123 1124 1126 1122 1114 1123 1117 1130 1129 1116 1127 1123 1112 1105 1117 1134 1122 1131 1107 1118 1102 1122 1125 1129 1131 1126 1133 1126 1099 1114 1118 1131 1112 1133 1099 1130 1094 1117 1118 1120 1091 1120 1119 1130 1129 1101 1131 1104 1131 1118 1126 1085 1126 1117 1135 1108 1137 1105 1128 1133 1126 1126 1125 1106 1106 1120 1098 1112 1134 1100 1100 1106 1126 1114 1121 1126 1131 1130 1124 1122 1128 1098 1126 1125 1124 1132 1123 1123 1121 1106 1126 1120 1126 1128 1101

Tree=0
num_leaves=9
num_cat=0
split_feature=9 62 1 1 48 0 22 60
split_gain=452.153 107.587 40.1231 32.6818 25.6721 20.4498 14.5825 10.1114
threshold=0.57000000000000017 0.75000000000000011 0.56950846314430248 0.60710546374320995 0.66350000000000009 0.51233350000000011 0.49383500000000008 0.68000000000000005
decision_type=2 2 2 2 2 2 2 2
left_child=3 2 5 -1 6 -2 -3 -4
right_child=1 4 7 -5 -6 -7 -8 -9
leaf_value=-0.045330260616477679 0.021127171225183827 -0.02836662268074322 0.039907354074503874 0.00080307647687889467 0.013997196037653712 -0.010281081838534711 0.0067268923728669959 0.020914819933190942
leaf_weight=99.345974707044661 31.387532794033177 31.38901878069737 103.59249136940343 10.173368133051552 17.331068014958873 19.246302031824598 8.2362092658295278 32.474878629000159
leaf_count=10448 1153 2650 1869 609 791 1277 343 1560
internal_value=0.000689638 0.0196583 0.0287725 -0.0410401 -0.0100531 0.00910914 -0.0209194 0.0357974
internal_weight=353.177 243.658 186.701 109.519 56.9563 50.6338 39.6252 136.067
internal_count=20700 9643 5859 11057 3784 2430 2993 3429
is_linear=0
shrinkage=0.025


Tree=1
num_leaves=9
num_cat=0
split_feature=9 47 39 60 67 19 2 16
split_gain=805.274 246.433 186.983 129.733 39.9472 23.6007 22.9886 21.1779
threshold=0.57000000000000017 0.92356600000000011 1.0000000180025095e-35 0.68000000000000005 0.40703000000000006 0.7359595000000001 0.54343473911285411 0.6141350000000001
decision_type=2 2 2 2 2 2 2 2
left_child=4 2 5 -4 -1 -2 -6 -3
right_child=1 7 3 -5 6 -7 -8 -9
leaf_value=-0.044291424225920889 -0.037050508077136279 -0.00056801383800565101 0.016355384449584037 -0.014396873075472289 -0.032916391947339925 -0.0098617027067293989 0.025004455908496155 0.038273561561105694
leaf_weight=219.52995352220023 63.656422347761691 8.7748836022801679 379.90717451763339 108.62427026947262 5.5255992466118169 32.559792863321491 7.9388463373761624 173.17398729524575
leaf_count=10569 1665 66 4034 2973 299 446 157 499
internal_value=-0.00124539 0.0111306 0.00316605 0.00947155 -0.0417503 -0.0283143 0 0.0363738
internal_weight=999.691 766.697 584.748 488.531 232.994 96.2162 13.4644 181.949
internal_count=20708 9683 9118 7007 11025 2111 456 565
is_linear=0
shrinkage=0.025


Tree=2
num_leaves=9
num_cat=0
split_feature=1 9 9 29 2 0 61 24
split_gain=760.624 146.036 130.267 81.7127 69.6572 65.8804 80.234 52.2851
threshold=0.51961117982864391 0.71000000000000008 0.73000000000000009 0.31620650000000006 0.66155844926834118 0.43580000000000002 0.71970600000000007 0.35000000000000003
decision_type=2 2 2 2 2 2 2 2
left_child=2 5 -1 4 -3 -2 -7 -4
right_child=1 3 7 -5 -6 6 -8 -9
leaf_value=-0.043356193996017811 0.013824439778631887 0.0040688424358003052 -0.026559962777352425 0.035488560140432161 0.025835857731203633 -0.038150877831902782 0.0096785200560445591 0.0077121760139054049
leaf_weight=208.06348135578446 55.670995309017599 199.10146779182833 52.683032254280988 166.12384282291168 171.65642464125995 56.066846907022409 33.787676491774619 54.742972478503361
leaf_count=10091 912 2858 1324 741 1703 1888 338 874
internal_value=9.23147e-05 0.0149357 -0.0318824 0.0209439 0.0142514 -0.00716256 -0.020265 -0.00920501
internal_weight=997.897 682.407 315.489 536.882 370.758 145.526 89.8545 107.426
internal_count=20729 8440 12289 5302 4561 3138 2226 2198
is_linear=0
shrinkage=0.025


Tree=3
num_leaves=9
num_cat=0
split_feature=1 64 49 62 1 43 20 29
split_gain=720.762 198.509 86.2436 82.2711 65.8137 63.4711 42.7637 42.3136
threshold=0.56389477849006664 0.25505100000000008 1.0000000180025095e-35 0.58333333333333337 0.43643447756767279 1.0000000180025095e-35 0.70774300000000012 0.60023650000000017
decision_type=2 2 2 2 2 2 2 2
left_child=1 -1 4 -2 -3 7 -4 -5
right_child=3 2 6 5 -6 -7 -8 -9
leaf_value=-0.040766237008731922 0.025874899089694415 -0.025421396617035713 -0.037679885623544462 0.0059854492122884241 0.023493997269849482 -0.025393742774090722 -0.00032051164877322253 0.034805141074213612
leaf_weight=230.13608590408694 335.07173350534867 20.814526664442383 49.106799794360995 166.59576047805604 68.406743831932545 31.561062200227752 31.331883913720958 38.067237903829664
leaf_count=10420 2911 803 2072 2333 748 772 607 128
internal_value=-5.38636e-05 -0.0257358 -0.00506655 0.0179325 0.0116931 0.00651247 -0.0235797 0.0116671
internal_weight=971.092 399.796 169.66 571.296 89.2213 236.224 80.4387 204.663
internal_count=20794 14650 4230 6144 1551 3233 2679 2461
is_linear=0
shrinkage=0.025


Tree=4
num_leaves=9
num_cat=0
split_feature=9 62 47 29 29 66 67 2
split_gain=700.666 200.843 92.8497 82.5984 45.3233 50.4103 35.86 19.4273
threshold=0.57000000000000017 0.75000000000000011 0.87193500000000013 0.75473800000000013 0.60023650000000017 0.66350000000000009 0.40703000000000006 0.6687772572040559
decision_type=2 2 2 2 2 2 2 2
left_child=6 2 3 -2 5 -3 7 -1
right_child=1 4 -4 -5 -6 -7 -8 -9
leaf_value=-0.042499451258907299 0.0047028973647163111 -0.032342716274372248 0.030802486412403737 0.036318737584856257 0.019093166717216208 0.0043034174036077656 -0.0011752618453940537 -0.0080825779717963678
leaf_weight=198.81152208289132 292.974406803085 78.532137645641342 231.74646323907655 61.150041996501386 18.181796087883413 32.017200047033839 16.020832453039475 12.491711624898015
leaf_count=10285 5136 2880 604 155 139 711 474 282
internal_value=0.000143172 0.0123225 0.0185342 0.0103567 -0.0157415 -0.0217748 -0.0378839 -0.0405948
internal_weight=941.926 714.602 585.871 354.124 128.731 110.549 227.324 211.303
internal_count=20666 9625 5895 5291 3730 3591 11041 10567
is_linear=0
shrinkage=0.025


Tree=5
num_leaves=9
num_cat=0
split_feature=9 1 39 44 62 19 0 0
split_gain=601.699 173.659 74.7032 67.2661 37.1925 35.7269 24.7326 24.2861
threshold=0.57000000000000017 0.60710546374320995 1.0000000180025095e-35 0.10082500000000001 0.58333333333333337 0.71647950000000005 0.45106650000000009 0.83443300000000009
decision_type=2 2 2 2 2 2 2 2
left_child=5 2 -2 -4 -3 -1 -7 -6
right_child=1 4 3 -5 7 6 -8 -9
leaf_value=-0.03986299575135837 -0.031047019791554106 0.027079856154567591 -0.01557718115248197 0.011535570481337368 0.015388742292004652 0.018677628119572281 -0.034087368266804412 -0.011924255227211009
leaf_weight=200.84158381959423 49.925596533692442 257.76595349097624 86.501024369557854 159.42468884564005 105.15017873037141 11.396568580763416 7.4531373903155318 23.230606708326377
leaf_count=10604 1726 1879 2233 2211 1024 142 304 595
internal_value=-0.00100037 0.0105941 -0.00378916 0.00192005 0.0215961 -0.0367984 -0.00309436 0.0102818
internal_weight=901.689 681.998 295.851 245.926 386.147 219.691 18.8497 128.381
internal_count=20718 9668 6170 4444 3498 11050 446 1619
is_linear=0
shrinkage=0.025


Tree=6
num_leaves=9
num_cat=0
split_feature=1 62 18 30 20 60 49 24
split_gain=527.17 127.278 88.7511 82.133 56.5499 39.8063 30.8749 32.0845
threshold=0.50965696573257457 0.75000000000000011 0.6636065000000001 1.0000000180025095e-35 0.69953950000000009 0.68000000000000005 1.0000000180025095e-35 0.55000000000000016
decision_type=2 2 2 2 2 2 2 2
left_child=2 3 -1 4 -2 -5 7 -4
right_child=1 -3 6 5 -6 -7 -8 -9
leaf_value=-0.038510677205797095 -0.029160201784385699 -0.01419281447394297 -0.015556448693227823 0.02428967390995471 0.012434254592448214 0.0063608595434042157 -0.023879870409112956 0.028550597631845111
leaf_weight=195.2900521576521 36.175638643093407 97.639891202677973 16.268041012343019 368.33877681999002 41.923873074352741 101.58701441407902 27.948542908881791 21.758797071699519
leaf_count=10113 1290 2890 437 2499 439 1809 972 175
internal_value=-0.000270326 0.0118473 -0.0301076 0.0165352 -0.00698567 0.0204732 -0.00472267 0.00965957
internal_weight=906.931 645.665 261.265 548.025 78.0995 469.926 65.9754 38.0268
internal_count=20624 8927 11697 6037 1729 4308 1584 612
is_linear=0
shrinkage=0.025


Tree=7
num_leaves=9
num_cat=0
split_feature=1 9 18 47 29 0 6 0
split_gain=566.772 129.418 76.8555 68.9463 96.1503 62.8374 39.8873 24.1503
threshold=0.50965696573257457 0.71000000000000008 0.66227400000000014 0.92356600000000011 0.60023650000000017 0.4233670000000001 0.74374300000000015 0.47246700000000003
decision_type=2 2 2 2 2 2 2 2
left_child=2 5 -1 4 -3 -2 -7 -4
right_child=1 3 7 -5 -6 6 -8 -9
leaf_value=-0.039953699192722097 0.012051712294675748 0.0024040305199690697 0.0063030312699050217 0.02954468321897254 0.032832336765303241 -0.030298429509812676 0.017393533227831867 -0.024477303547345623
leaf_weight=186.0549055202282 48.953447744715959 240.90233022195753 34.625183500320418 195.33667640364729 87.348151228390634 69.558905710349791 11.382713519968091 26.179384060378652
leaf_count=10193 828 4820 607 439 250 2491 118 1002
internal_value=7.6506e-05 0.0122794 -0.0320357 0.0178138 0.0106736 -0.00990388 -0.0232435 -0.00718747
internal_weight=900.342 653.482 246.859 523.587 328.25 129.895 80.9416 60.8046
internal_count=20748 8946 11802 5509 5070 3437 2609 1609
is_linear=0
shrinkage=0.025


Tree=8
num_leaves=9
num_cat=0
split_feature=9 62 47 29 1 61 22 47
split_gain=510.69 138.342 73.4241 63.6334 42.4726 30.1318 28.1956 30.7069
threshold=0.57000000000000017 0.75000000000000011 0.95024300000000006 0.75473800000000013 0.60710546374320995 0.46085700000000007 0.49192400000000008 0.67020050000000009
decision_type=2 2 2 2 2 2 2 2
left_child=4 2 3 -2 -1 -6 7 -3
right_child=1 6 -4 -5 5 -7 -8 -9
leaf_value=-0.037568836582606936 0.0054058749626982828 -0.032612503269047126 0.029976697359321833 0.031479635136287855 0.020816542328084151 -0.031986179934192269 0.005526066869181433 -0.0015795061593443093
leaf_weight=182.657758053625 319.24117424918222 51.037082359602209 171.3541015246883 70.325191374868155 13.857091738027522 9.7463264586403948 34.457617219071835 33.104442539159209
leaf_count=10330 5459 2366 308 166 203 384 730 619
internal_value=0.000724598 0.0112011 0.0163877 0.0102687 -0.03353 -0.00148927 -0.0131315 -0.0208102
internal_weight=885.781 679.52 560.92 389.566 206.261 23.6034 118.599 84.1415
internal_count=20565 9648 5933 5625 10917 587 3715 2985
is_linear=0
shrinkage=0.025


Tree=9
num_leaves=9
num_cat=0
split_feature=9 62 1 20 22 1 19 69
split_gain=480.296 109.18 92.4079 57.1977 46.6003 33.5616 27.9842 22.0329
threshold=0.71000000000000008 0.75000000000000011 0.56114724278450023 0.62684700000000004 0.25227950000000005 0.60710546374320995 0.71647950000000005 0.47279200000000005
decision_type=2 2 2 2 2 2 2 2
left_child=2 3 6 -2 -4 -5 -1 -3
right_child=1 7 4 5 -6 -7 -8 -9
leaf_value=-0.037865779868523325 -0.0322529961798802 -0.024922581138631161 0.021534470170409933 0.0096090347231903486 -0.016524918071352073 0.023962527606069168 0 0.00020811089523745747
leaf_weight=188.3289681795286 12.032723135896957 42.768372750433628 27.05437234416604 159.08410149133124 63.10281336546177 314.7266208975343 13.139358704211189 41.30251432955265
leaf_count=10838 378 1615 256 2119 1767 2299 344 1089
internal_value=-8.49664e-05 0.0132504 -0.0260842 0.0178025 -0.00480319 0.0192197 -0.0354297 -0.0127712
internal_weight=861.54 569.914 291.626 485.843 90.1572 473.811 201.468 84.0709
internal_count=20705 7500 13205 4796 2023 4418 11182 2704
is_linear=0
shrinkage=0.025


Tree=10
num_leaves=9
num_cat=0
split_feature=9 62 43 1 29 1 47 22
split_gain=443.048 126.329 56.0023 65.0966 31.7897 25.0899 23.8879 20.0322
threshold=0.57000000000000017 0.58333333333333337 1.0000000180025095e-35 0.45805792510509497 0.31620650000000006 0.60874295234680187 0.87193500000000013 0.25133350000000004
decision_type=2 2 2 2 2 2 2 2
left_child=5 4 3 -3 6 -1 -2 -7
right_child=1 2 -4 -5 -6 7 -8 -9
leaf_value=-0.036149659592382845 0.0067857007253933239 -0.033560241926634343 -0.027097384882005578 0.0067143577460465429 0.030759146131117288 0.023858509323493884 0.022803952684047196 -0.022579769234116438
leaf_weight=176.29002906061942 130.41360974102281 26.18353102565743 46.37398308457341 224.78425740939565 110.69811753556132 6.9733705045655396 109.68946347013116 14.388461378635837
leaf_count=10353 2515 1165 1559 3748 390 42 266 559
internal_value=-0.000481303 0.00951411 -0.00245186 0.00225074 0.0196342 -0.033063 0.0142624 -0.00635466
internal_weight=845.795 648.143 297.342 250.968 350.801 197.652 240.103 21.3618
internal_count=20597 9643 6472 4913 3171 10954 2781 601
is_linear=0
shrinkage=0.025


Tree=11
num_leaves=9
num_cat=0
split_feature=9 1 62 1 39 29 47 22
split_gain=425.828 132.267 56.1264 38.5727 36.3986 30.6761 33.7547 26.9535
threshold=0.57000000000000017 0.61030724644660961 0.75000000000000011 0.60710546374320995 1.0000000180025095e-35 0.31620650000000006 0.96386200000000011 0.25133350000000004
decision_type=2 2 2 2 2 2 2 2
left_child=3 2 4 -1 -2 6 -3 -5
right_child=1 5 -4 7 -6 -7 -8 -9
leaf_value=-0.036022258718454922 -0.019597836586131023 0.006581192375557438 -0.020179809215648076 0.026627315883432763 0.0087752275833079801 0.029716741640156075 0.026422289227623449 -0.023027321025230765
leaf_weight=169.98319646937307 31.518927608558442 142.35947954485891 79.060116670269053 9.9241853542625922 176.68938400328625 133.56485390593298 87.277345489710569 13.956567407818509
leaf_count=10289 859 2655 3029 54 2461 497 167 555
internal_value=0.000434495 0.0101466 -0.00250506 -0.0318851 0.00429879 0.0201328 0.0143175 -0.00163936
internal_weight=844.334 650.47 287.268 193.864 208.208 363.202 229.637 23.8808
internal_count=20566 9668 6349 10898 3320 3319 2822 609
is_linear=0
shrinkage=0.025


Tree=12
num_leaves=9
num_cat=0
split_feature=1 2 64 0 18 18 24 62
split_gain=431.68 92.093 94.0803 42.377 42.2562 36.4227 18.5508 15.0279
threshold=0.50965696573257457 0.68278563022613536 0.24455000000000002 0.48566650000000006 0.69391950000000013 0.66227400000000014 0.35000000000000003 0.75000000000000011
decision_type=2 2 2 2 2 2 2 2
left_child=5 2 4 -4 -2 -1 -7 -8
right_child=1 -3 3 -5 -6 6 7 -9
leaf_value=-0.035221968823516865 -0.032716535624935691 0.023789810905356687 0.023500856958225982 0.0037350400356128094 0.00094366538242552582 -0.026542544282180759 0.012990514542518912 -0.0229796303442182
leaf_weight=169.54037575010443 51.919819008791819 219.33735079551116 100.04195494262967 208.45573706901632 40.123452024883591 23.789512138231657 21.889609870035205 8.3926145854638872
leaf_count=10154 2153 1834 962 3375 611 923 306 373
internal_value=8.32645e-05 0.0108388 0.00364513 0.0102791 -0.0182556 -0.0295307 -0.0109324 0.00198313
internal_weight=843.49 619.878 400.541 308.498 92.0433 223.612 54.0717 30.2822
internal_count=20691 8935 7101 4337 2764 11756 1602 679
is_linear=0
shrinkage=0.025


Tree=13
num_leaves=9
num_cat=0
split_feature=9 1 62 29 22 47 16 61
split_gain=392.882 85.5977 76.4606 57.8771 34.4634 29.1295 26.8512 25.6303
threshold=0.71000000000000008 0.56114724278450023 0.75000000000000011 1.0000000180025095e-35 0.26363950000000008 0.87193500000000013 0.60695300000000019 0.72100950000000008
decision_type=2 2 2 2 2 2 2 2
left_child=1 -1 3 5 -3 -2 -5 -6
right_child=2 4 -4 6 7 -7 -8 -9
leaf_value=-0.033827024899607781 -0.00024330666452053147 0.018252030175609429 -0.0095485328881094456 -0.021552970190562265 -0.02641488484092315 0.017135745549701174 0.026022025582386133 0.0062470430695242812
leaf_weight=187.41702132648788 140.56997425941518 27.847011337988079 85.906385590846185 6.0526616801507762 38.121418032154907 102.37731245579198 230.60689975356217 22.456670009531081
leaf_count=11127 2972 305 2725 129 1417 336 1393 302
internal_value=1.09032e-05 -0.0243382 0.0119449 0.015834 -0.00384022 0.00712968 0.0246034 -0.0143744
internal_weight=841.355 275.842 565.513 479.607 88.4251 242.947 236.66 60.5781
internal_count=20706 13151 7555 4830 2024 3308 1522 1719
is_linear=0
shrinkage=0.025


Tree=14
num_leaves=9
num_cat=0
split_feature=9 1 1 43 9 61 15 65
split_gain=368.413 116.404 53.0094 49.2735 26.485 24.7804 22.5766 22.39
threshold=0.57000000000000017 0.61030724644660961 0.45299632847309118 1.0000000180025095e-35 0.75000000000000011 0.49346600000000007 0.70919750000000004 0.43296600000000002
decision_type=2 2 2 2 2 2 2 2
left_child=6 2 -2 -4 7 -6 -1 -3
right_child=1 4 3 -5 5 -7 -8 -9
leaf_value=-0.033114883693154372 -0.030539059743536875 0.01879416298534678 0.0054323403531737592 -0.027541983467762123 0.0071565639572329313 0.024767272340747652 0.0055207145895102127 -0.01210899494209515
leaf_weight=177.96678348793648 37.398487673723139 24.752470429055393 200.54135324151139 30.914283906226046 67.666843800223432 233.09685459744651 9.0720283994451147 30.291387272125576
leaf_count=10728 1644 176 3587 1021 709 1961 273 503
internal_value=-0.000565122 0.00865477 -0.00372689 0.000797791 0.0180001 0.0209034 -0.0311627 0.00182796
internal_weight=811.7 624.662 268.854 231.456 355.808 300.764 187.039 55.0439
internal_count=20602 9601 6252 4608 3349 2670 11001 679
is_linear=0
shrinkage=0.025


Tree=15
num_leaves=9
num_cat=0
split_feature=9 62 29 47 66 67 2 0
split_gain=360.302 108.795 48.2067 51.4662 29.7938 21.5314 19.0784 17.8221
threshold=0.57000000000000017 0.75000000000000011 0.31620650000000006 0.93492100000000011 0.66350000000000009 0.076556500000000013 0.57966452836990368 0.83220000000000016
decision_type=2 2 2 2 2 2 2 2
left_child=5 2 3 -2 -3 -1 -7 -6
right_child=1 4 -4 -5 7 6 -8 -9
leaf_value=-0.034715351952159489 0.0014441057864078726 -0.022327665168311726 0.024595685395815914 0.021333136734579521 0.017200564648120843 -0.026325685791237625 0.0091605033693881784 -0.021189433386317801
leaf_weight=150.10710271651624 238.49305478969472 75.112271011283156 167.31814767510514 122.36378257256001 23.313976778299548 20.567446328059305 14.533855079032945 8.7479756392422114
leaf_count=9336 4769 3017 801 310 348 1362 362 401
internal_value=-6.96603e-05 0.00887786 0.0135424 0.0082894 -0.0138683 -0.0305707 -0.0117286 0.00587668
internal_weight=820.558 635.349 528.175 360.857 107.174 185.208 35.1013 32.062
internal_count=20706 9646 5880 5079 3766 11060 1724 749
is_linear=0
shrinkage=0.025


Tree=16
num_leaves=9
num_cat=0
split_feature=1 64 60 20 49 39 43 1
split_gain=326.269 106.309 59.2638 52.9555 50.9758 42.4084 35.0948 30.5818
threshold=0.56950846314430248 0.25505100000000008 0.68000000000000005 0.69374750000000007 1.0000000180025095e-35 1.0000000180025095e-35 1.0000000180025095e-35 0.45805792510509497
decision_type=2 2 2 2 2 2 2 2
left_child=1 -1 5 -4 7 6 -2 -3
right_child=2 4 3 -5 -6 -7 -8 -9
leaf_value=-0.031674875812946909 0.0090150048990461293 -0.01520649752021431 -0.032338782867697605 0.0070969394420458652 -0.018580966584226848 0.021770687778437235 -0.03608109762916089 0.018756331698181503
leaf_weight=180.99631356965983 41.829352326400112 20.530700638715643 26.160931639606133 84.852092679357156 71.062160666770069 309.51469503520639 12.286809032317249 61.234646843397059
leaf_count=10435 465 899 829 1720 2780 2500 355 656
internal_value=5.14603e-05 -0.0188135 0.0133584 -0.00253782 -0.00332065 0.0182193 -0.00201122 0.00997951
internal_weight=808.468 333.824 474.644 111.013 152.828 363.631 54.1162 81.7653
internal_count=20639 14770 5869 2549 4335 3320 820 1555
is_linear=0
shrinkage=0.025


Tree=17
num_leaves=9
num_cat=0
split_feature=9 2 2 39 46 22 0 19
split_gain=322.222 80.3879 71.3976 58.7387 39.9418 28.997 25.2916 24.2377
threshold=0.71000000000000008 0.59162637591362011 0.67779147624969494 1.0000000180025095e-35 0.58423250000000004 0.26363950000000008 0.81273350000000011 0.72722150000000008
decision_type=2 2 2 2 2 2 2 2
left_child=1 7 3 -2 -5 -3 -7 -1
right_child=2 5 -4 4 -6 6 -8 -9
leaf_value=-0.033329239336953066 -0.020005130202889604 0.019352365534088166 0.023567247494588162 0.012676835707925386 -0.011452808183308041 -0.022180725728012964 0.012987364933856056 0.0087527636337981895
leaf_weight=175.4518833324546 50.088134422898293 25.877235717605799 188.81767134135589 255.89263080817182 49.475086333462968 39.797954847686924 16.564711481390987 7.9172338875941923
leaf_count=11081 1538 241 1489 3162 1334 1336 242 176
internal_value=0.000197936 -0.0222677 0.0112164 0.00453958 0.00869391 -0.00156116 -0.0116256 -0.031397
internal_weight=809.883 265.609 544.274 355.456 305.368 82.2399 56.3627 183.369
internal_count=20599 13076 7523 6034 4496 1819 1578 11257
is_linear=0
shrinkage=0.025


Tree=18
num_leaves=9
num_cat=0
split_feature=1 64 43 19 60 20 16 2
split_gain=305.473 110.883 32.6783 34.2871 31.3272 34.1262 28.4449 19.6804
threshold=0.60710546374320995 0.24455000000000002 1.0000000180025095e-35 0.68493100000000007 0.68000000000000005 0.69720050000000011 0.60695300000000019 0.6421392858028413
decision_type=2 2 2 2 2 2 2 2
left_child=1 -1 3 -3 6 -6 -2 -7
right_child=4 2 -4 -5 5 7 -8 -9
leaf_value=-0.029846572893770153 -0.0058824753128969773 -0.013077955936854613 -0.028225955217706475 0.0087582682373904038 -0.027960895454109264 -0.02125948779401932 0.021295873100889141 0.01472669277486055
leaf_weight=189.68493253667839 25.10459825466387 71.266722957341699 26.986680305126356 114.19261137754074 16.984498801873997 9.1690308761317265 270.20441833988298 62.841502018040046
leaf_count=10851 418 2540 1204 1943 503 279 1758 1142
internal_value=-0.000850837 -0.0160526 -0.003538 0.000277218 0.0150374 0.00188614 0.0189362 0.00959259
internal_weight=786.435 402.131 212.446 185.459 384.304 88.995 295.309 72.0105
internal_count=20638 16538 5687 4483 4100 1924 2176 1421
is_linear=0
shrinkage=0.025


Tree=19
num_leaves=9
num_cat=0
split_feature=2 62 9 29 47 0 61 9
split_gain=315.625 74.0307 43.7701 41.0411 35.7713 28.3809 27.2083 43.9999
threshold=0.53145480155944835 0.58333333333333337 0.73000000000000009 0.86170750000000018 0.81695950000000017 0.66263350000000021 0.49446450000000003 0.73000000000000009
decision_type=2 2 2 2 2 2 2 2
left_child=2 6 -1 4 -3 -4 -2 -8
right_child=1 3 5 -5 -6 -7 7 -9
leaf_value=-0.032776665822260513 0.0072216825932680702 -0.013046155932336807 0.0016314524358895942 0.026892751267386234 0.0084909454741058012 -0.027309103690173558 -0.017057395348945657 0.02545121118722329
leaf_weight=148.61833431129344 116.98265149176586 128.04694868309889 52.046092637872789 26.5717210508883 74.449542440241203 32.970935383171309 14.857378936954772 204.49353408371098
leaf_count=9923 1833 4024 1051 94 666 1403 307 1437
internal_value=-0.000300245 0.00979132 -0.0246297 -0.001143 -0.00508558 -0.00987567 0.0172233 0.02241
internal_weight=799.037 565.402 233.635 229.068 202.496 85.017 336.334 219.351
internal_count=20738 8361 12377 4784 4690 2454 3577 1744
is_linear=0
shrinkage=0.025


Tree=20
num_leaves=9
num_cat=0
split_feature=9 62 29 19 61 24 9 1
split_gain=294.921 105.884 44.7238 28.4344 25.4758 20.9616 16.4259 15.043
threshold=0.57000000000000017 0.58333333333333337 0.75473800000000013 0.64445900000000012 0.50715900000000003 0.25000000000000006 0.78000000000000014 0.60874295234680187
decision_type=2 2 2 2 2 2 2 2
left_child=7 4 3 -3 5 -2 -6 -1
right_child=1 2 -4 -5 6 -7 -8 -9
leaf_value=-0.031915199343180663 -0.0045782916013524478 -0.035048494312564134 0.024134216723241321 -0.0048675596768911963 0.00044400211489554748 0.015249216069721412 0.025284489557548376 -0.007449570424594024
leaf_weight=153.66753961742506 47.98159405682236 19.638738273759373 29.277031754609197 225.43387833589804 19.164071976440027 98.474795966874808 171.48597403476015 19.979618517449126
leaf_count=10422 753 1005 151 5312 206 950 1290 614
internal_value=-0.000690218 0.00747996 -0.00401885 -0.00758058 0.0168287 0.0087287 0.022857 -0.0292598
internal_weight=785.103 611.456 274.35 245.073 337.106 146.456 190.65 173.647
internal_count=20703 9667 6468 6317 3199 1703 1496 11036
is_linear=0
shrinkage=0.025


Tree=21
num_leaves=9
num_cat=0
split_feature=9 62 29 47 69 17 43 1
split_gain=293.656 79.0898 41.4847 50.3172 21.7693 16.8864 16.5202 16.5005
threshold=0.57000000000000017 0.75000000000000011 0.91839300000000013 0.92356600000000011 0.46761350000000007 0.68666850000000013 1.0000000180025095e-35 0.60710546374320995
decision_type=2 2 2 2 2 2 2 2
left_child=7 2 3 -2 5 -3 -6 -1
right_child=1 4 -4 -5 6 -7 -8 -9
leaf_value=-0.031173972770072656 0.0034687053287158903 -0.033330140928512476 0.030561174698761014 0.021543635477933407 0.0055782576405138777 -0.0030902589169742398 -0.029760292056422933 -0.006144364046044422
leaf_weight=152.72613510661176 288.57644786388846 31.322706400591414 67.6504408987239 144.18364854808897 48.784587840898894 19.223065000027418 7.8738226364366701 20.534642566344701
leaf_count=10461 5417 1609 121 383 1123 579 382 608
internal_value=0.00015605 0.00836439 0.0125412 0.00957942 -0.0109363 -0.0225277 -5.2138e-05 -0.0283543
internal_weight=780.875 607.615 500.411 432.76 107.204 50.5458 56.6584 173.261
internal_count=20683 9614 5921 5800 3693 2188 1505 11069
is_linear=0
shrinkage=0.025


Tree=22
num_leaves=9
num_cat=0
split_feature=1 62 18 47 29 29 62 24
split_gain=252.961 77.1073 39.179 37.9182 46.3177 25.7256 36.7496 17.5673
threshold=0.50965696573257457 0.58333333333333337 0.66500550000000003 0.80616900000000002 0.60023650000000017 1.0000000180025095e-35 0.41666666666666669 0.55000000000000016
decision_type=2 2 2 2 2 2 2 2
left_child=2 5 -1 4 -3 6 -2 -4
right_child=1 3 7 -5 -6 -7 -8 -9
leaf_value=-0.030665461457493451 0.023175176379122604 -0.017532454570385717 -0.021026689060571042 0.0097150162462923233 0.017948488313342705 0.022960477570573481 -0.00012715548595281225 0.0074719136650147448
leaf_weight=152.92220248762169 66.479887949768454 118.74706810439238 21.873152875603409 88.243151685455814 26.491209666244686 157.73008479969576 108.92937725828961 29.004141818004427
leaf_count=10278 779 4266 884 768 207 1079 1804 633
internal_value=-0.000640288 0.0079473 -0.0243979 -0.00303168 -0.010854 0.0156365 0.00882382 -0.00497024
internal_weight=770.42 566.621 203.799 233.481 145.238 333.139 175.409 50.8773
internal_count=20698 8903 11795 5241 4473 3662 2583 1517
is_linear=0
shrinkage=0.025


Tree=23
num_leaves=9
num_cat=0
split_feature=9 1 0 64 60 1 39 61
split_gain=265.222 80.6676 42.6228 40.3437 33.7617 27.6883 26.4059 25.7256
threshold=0.57000000000000017 0.57105824351310741 0.50913350000000013 0.37513750000000007 0.68000000000000005 0.65922337770462047 1.0000000180025095e-35 0.48281650000000004
decision_type=2 2 2 2 2 2 2 2
left_child=-1 2 3 -2 6 -6 -3 -4
right_child=1 4 7 -5 5 -7 -8 -9
leaf_value=-0.02767260459272591 -0.016385583962703936 0 -0.032647847825372445 0.016702492538164356 -0.012623887900925519 0.013064020177178205 0.020423314599143559 -0.0032373210557692083
leaf_weight=167.1973120503535 34.457599767192733 46.776910256419796 43.012929265009006 60.355306429322809 47.639739810663741 53.516889244550839 277.39064494101331 33.530473540595267
leaf_count=10974 1157 595 2174 720 1150 1057 1937 885
internal_value=-2.53683e-05 0.00777577 -0.00662213 0.00450983 0.0135978 0.000883387 0.0175127 -0.0202703
internal_weight=763.878 596.68 171.356 94.8129 425.324 101.157 324.168 76.5434
internal_count=20649 9675 4936 1877 4739 2207 2532 3059
is_linear=0
shrinkage=0.025


Tree=24
num_leaves=9
num_cat=0
split_feature=2 9 29 62 9 0 61 67
split_gain=252.788 61.5466 40.3186 32.6696 31.599 25.7684 33.597 18.3086
threshold=0.53145480155944835 0.71000000000000008 1.0000000180025095e-35 0.41666666666666669 0.73000000000000009 0.45106650000000009 0.71970600000000007 0.024163
decision_type=2 2 2 2 2 2 2 2
left_child=4 5 3 -3 -1 7 -7 -2
right_child=1 2 -4 -5 -6 6 -8 -9
leaf_value=-0.03002968527982755 -0.011429863835467166 0.022412242978153214 0.020299799218597925 -0.00048376937115870983 -0.010004695393192778 -0.032045297726309561 0.0055463362837712285 0.019303206407619001
leaf_weight=139.74371164140757 19.546242162585258 49.029727122280747 223.48565485572908 161.6818851265125 81.816769816912711 38.797316407202743 22.073575681075454 25.571521799254697
leaf_count=9935 650 501 1541 3039 2420 1908 311 357
internal_value=-0.000446685 0.00876807 0.0129341 0.0049692 -0.0228242 -0.00815265 -0.0185514 0.00590962
internal_weight=761.746 540.186 434.197 210.712 221.56 105.989 60.8709 45.1178
internal_count=20662 8307 5081 3540 12355 3226 2219 1007
is_linear=0
shrinkage=0.025


Tree=25
num_leaves=9
num_cat=0
split_feature=9 62 2 61 0 22 29 0
split_gain=256.16 75.3587 46.9317 41.7928 38.0556 35.4212 19.3 16.9192
threshold=0.73000000000000009 0.75000000000000011 0.53308916091918956 0.49346600000000007 0.51633350000000011 0.26363950000000008 0.60023650000000017 0.80115350000000018
decision_type=2 2 2 2 2 2 2 2
left_child=2 3 -1 4 -2 -4 -3 -7
right_child=1 6 5 -5 -6 7 -8 -9
leaf_value=-0.030015354525188255 0.014512527752339958 -0.016565624137623202 0.011113361951964808 0.020984855796682786 -0.0090791906764777774 -0.024340533225416173 0.017622829270528568 0.0022803670738611097
leaf_weight=137.83245595576591 103.35675445199013 68.664306404942181 37.961138613987714 255.95151021599304 69.769353071926162 57.672207887691911 10.197703261859713 18.803682990663219
leaf_count=9989 1173 2579 636 2111 1373 2306 110 386
internal_value=0.000231942 0.0104617 -0.0202562 0.0145924 0.00496719 -0.0081238 -0.0117254 -0.0178082
internal_weight=760.209 507.94 252.269 429.078 173.126 114.437 78.862 76.4759
internal_count=20663 7346 13317 4657 2546 3328 2689 2692
is_linear=0
shrinkage=0.025


Tree=26
num_leaves=9
num_cat=0
split_feature=2 62 15 9 29 22 66 60
split_gain=218.825 56.0857 45.9384 42.5972 23.4194 21.8958 17.4286 16.7174
threshold=0.53145480155944835 0.75000000000000011 0.67870050000000015 0.73000000000000009 1.0000000180025095e-35 0.19813650000000002 0.66350000000000009 0.68000000000000005
decision_type=2 2 2 2 2 2 2 2
left_child=2 3 -1 5 -5 -2 -3 -4
right_child=1 6 7 4 -6 -7 -8 -9
leaf_value=-0.026915701592562929 0.025821778793545913 -0.019718576637728032 0.0097537181577798133 0.0084976183997329553 0.021479042371885085 -0.0083095282239461273 0.005089516027926913 -0.026107562870610598
leaf_weight=176.04452477858285 11.669200119882587 50.142259296088014 34.417694406816736 170.14472705963999 191.28319803718477 80.347278423549142 25.118654045043513 8.4318279935978335
leaf_count=11168 49 1962 770 2394 1095 2251 603 419
internal_value=-0.000402123 0.00829161 -0.0213194 0.0116162 0.015469 -0.00344412 -0.0114243 0.00168025
internal_weight=747.599 528.705 218.894 453.444 361.428 92.0165 75.2609 42.8495
internal_count=20711 8354 12357 5789 3489 2300 2565 1189
is_linear=0
shrinkage=0.025


Tree=27
num_leaves=9
num_cat=0
split_feature=2 1 44 18 43 54 0 47
split_gain=240.453 53.4549 34.2522 30.0106 26.1624 19.7868 17.6905 17.2765
threshold=0.5186261534690858 0.61249238252639782 0.10004450000000001 0.66227400000000014 1.0000000180025095e-35 1.0000000180025095e-35 0.66773350000000009 0.87193500000000013
decision_type=2 2 2 2 2 2 2 2
left_child=3 2 -2 -1 -4 7 -5 -3
right_child=1 5 4 6 -6 -7 -8 -9
leaf_value=-0.029940446870327864 -0.01452824053154099 0.009792595915951996 0.0099168803881011201 0.0030804943232313905 -0.024962791376315671 -0.029788255086176964 -0.025416461422910704 0.021423642996750251
leaf_weight=140.29155880813778 78.202305440907367 187.51367610570742 119.58179607466445 34.894039258550038 13.09293830959359 4.3477941993623963 19.578323021618417 151.59526594541967
leaf_count=10110 2785 3334 1765 789 520 76 927 469
internal_value=-9.85257e-05 0.0082928 -0.00157954 -0.0238614 0.00609951 0.01435 -0.0075664 0.0151093
internal_weight=749.098 554.334 210.877 194.764 132.675 343.457 54.4724 339.109
internal_count=20775 8949 5070 11826 2285 3879 1716 3803
is_linear=0
shrinkage=0.025


Tree=28
num_leaves=9
num_cat=0
split_feature=9 2 19 39 47 31 15 66
split_gain=227.892 71.9608 46.4854 32.5369 16.3926 15.6056 11.3002 8.54288
threshold=0.57000000000000017 0.6687772572040559 0.68569600000000008 1.0000000180025095e-35 0.74884650000000008 0.58100750000000001 0.70919750000000004 0.73303350000000012
decision_type=2 2 2 2 2 2 2 2
left_child=5 2 4 -4 -2 6 -1 -3
right_child=1 7 3 -5 -6 -7 -8 -9
leaf_value=-0.02913229123984809 -0.019095195767667147 0.019880619109669252 -0.014247248985699686 0.0096831756302523803 0.0056498387013164033 0.013028282689765157 0.0011481368198265698 0
leaf_weight=146.9479328821908 78.304011086351238 205.25977711111773 40.080117131903535 224.12770614672627 19.607197337085381 4.7686599043372544 7.4651781823486081 14.744142756797372
leaf_count=10542 2928 1580 1194 3313 248 272 224 396
internal_value=9.32294e-05 0.00736479 0.000470354 0.00594501 -0.0140509 -0.0262135 -0.0276245 0.0185725
internal_weight=741.305 582.123 362.119 264.208 97.9112 159.182 154.413 220.004
internal_count=20697 9659 7683 4507 3176 11038 10766 1976
is_linear=0
shrinkage=0.025


Tree=29
num_leaves=9
num_cat=0
split_feature=9 2 64 60 54 18 19 31
split_gain=216.894 62.7527 39.1392 41.2382 17.5663 17.184 16.0478 11.0864
threshold=0.57000000000000017 0.6687772572040559 0.24455000000000002 0.68000000000000005 1.0000000180025095e-35 0.69391950000000013 0.71904200000000007 0.6286845000000002
decision_type=2 2 2 2 2 2 2 2
left_child=6 2 5 -4 -3 -2 7 -1
right_child=1 4 3 -5 -6 -7 -8 -9
leaf_value=-0.029241496094889609 -0.024334339137068915 0.018815166623241987 0.010736925731881381 -0.010829183583485093 -0.027358242923293766 -0.00072622035949127916 0 0.012462705482530007
leaf_weight=139.22064780267829 44.64192035169981 215.20661840290995 214.01219161855988 72.445560343679972 3.4538183864206067 34.197038978396449 13.733473959378896 2.804047758341766
leaf_count=10404 1979 1985 2937 2062 54 650 390 192
internal_value=0.000267441 0.00728194 0.000896645 0.00521956 0.0178105 -0.0144582 -0.0257422 -0.0282044
internal_weight=739.715 583.957 365.297 286.458 218.66 78.839 155.758 142.025
internal_count=20653 9667 7628 4999 2039 2629 10986 10596
is_linear=0
shrinkage=0.025


Tree=30
num_leaves=9
num_cat=0
split_feature=9 47 39 60 2 61 14 33
split_gain=192.782 67.7028 54.6703 51.4375 16.1221 14.5385 10.4925 9.0556
threshold=0.57000000000000017 0.95024300000000006 1.0000000180025095e-35 0.68000000000000005 0.63166251778602611 0.46085700000000007 1.0000000180025095e-35 0.70000000000000007
decision_type=2 2 2 2 2 2 2 2
left_child=4 2 6 -4 7 -6 -2 -1
right_child=1 -3 3 -5 5 -7 -8 -9
leaf_value=-0.029543340599851732 -0.011803546544066842 0.020981468957623733 0.010257974567906086 -0.011929722312515101 0.015731646195663179 -0.023687737024788283 -0.034290596751586452 0.0029232266122686543
leaf_weight=129.52412906446261 46.165576678700745 141.67399916832801 272.77461988164578 83.574349859263748 10.156375967577334 9.2025665449909848 19.748728852515342 4.8045689859136465
leaf_count=10108 1224 416 4146 2998 187 417 931 312
internal_value=-0.000614142 0.00615429 0.00108647 0.00499584 -0.0252582 -0.00311924 -0.0194628 -0.0283012
internal_weight=717.625 563.937 422.263 356.349 153.688 19.3589 65.9143 134.329
internal_count=20739 9715 9299 7144 11024 604 2155 10420
is_linear=0
shrinkage=0.025


Tree=31
num_leaves=9
num_cat=0
split_feature=1 9 29 47 18 62 19 24
split_gain=200.84 59.0152 31.9873 30.2102 27.6553 27.4532 21.0912 14.297
threshold=0.50965696573257457 0.75000000000000011 1.0000000180025095e-35 0.96386200000000011 0.66227400000000014 0.41666666666666669 0.71904200000000007 0.35000000000000003
decision_type=2 2 2 2 2 2 2 2
left_child=4 5 3 -3 -1 -2 -7 -6
right_child=1 2 -4 -5 7 6 -8 -9
leaf_value=-0.02832549610496914 0.016245135677880447 -0.0014697468005496362 0.019527183948482921 0.019479024901782781 -0.021154192965504835 -0.019305188482177521 0.001565114598374617 0.0044089178603982301
leaf_weight=131.81288159798714 27.089186589932069 131.63465716299834 207.76843128190376 61.337743600306567 21.438889966972056 71.165820377063937 50.068136141868308 30.690631400822895
leaf_count=10159 423 3203 1538 167 917 2713 893 710
internal_value=0.000181072 0.00777152 0.0127465 0.00528202 -0.0222758 -0.00561078 -0.0107396 -0.00635883
internal_weight=733.006 549.064 400.741 192.972 183.942 148.323 121.234 52.1295
internal_count=20723 8937 4908 3370 11786 4029 3606 1627
is_linear=0
shrinkage=0.025


Tree=32
num_leaves=9
num_cat=0
split_feature=1 9 62 9 29 0 61 31
split_gain=202.56 49.853 34.4851 25.0004 19.8807 18.2867 30.622 17.2031
threshold=0.50965696573257457 0.71000000000000008 0.75000000000000011 0.73000000000000009 0.9893010000000001 0.45106650000000009 0.71970600000000007 0.25100750000000005
decision_type=2 2 2 2 2 2 2 2
left_child=3 5 4 -1 -3 7 -7 -2
right_child=1 2 -4 -5 -6 6 -8 -9
leaf_value=-0.029320401208509029 -0.0068409792221365345 0.011947006689925805 -0.005736723271974482 -0.009060877517881474 0.028777856358992215 -0.029808586809611182 0.0060697097399111223 0.024034714686183224
leaf_weight=118.81849571446946 29.004897890379652 318.64438988862094 59.863511310017202 60.900252037565224 51.831885784864426 37.08035829954315 22.568873112089932 15.656317805027355
leaf_count=9796 874 3713 1687 2001 84 1973 328 224
internal_value=0.000131345 0.00786633 0.0116228 -0.0226717 0.0144638 -0.00748792 -0.0163555 0.00438824
internal_weight=714.369 534.65 430.34 179.719 370.476 104.31 59.6492 44.6612
internal_count=20680 8883 5484 11797 3797 3399 2301 1098
is_linear=0
shrinkage=0.025


Tree=33
num_leaves=9
num_cat=0
split_feature=9 1 0 64 47 64 62 0
split_gain=199.152 51.2213 30.4825 26.6202 25.6832 24.8446 16.5009 26.4388
threshold=0.71000000000000008 0.60710546374320995 0.50913350000000013 0.38322500000000004 0.98096600000000012 0.36222550000000003 0.58333333333333337 0.83940000000000003
decision_type=2 2 2 2 2 2 2 2
left_child=3 2 5 -1 -4 -2 -3 -8
right_child=1 6 4 -5 -6 -7 7 -9
leaf_value=-0.026991860044688204 -0.0099622229568398311 0.018737708023761127 -0.01596953625418799 -0.00792643075867242 0.015793669088434072 0.017486973478493466 0.010516437087349617 -0.029761146259768851
leaf_weight=139.48861149451113 28.22545288130641 203.86257627652958 89.761780431057559 72.802986056776717 17.339247880503535 63.084749654401094 82.194165742956102 9.5711222849786264
leaf_count=10297 752 1737 3046 2852 88 700 809 440
internal_value=-0.000474988 0.00821611 -0.00157393 -0.0206236 -0.0105632 0.00888995 0.0147783 0.0056903
internal_weight=706.331 494.039 198.411 212.292 107.101 91.3102 295.628 91.7653
internal_count=20721 7572 4586 13149 3134 1452 2986 1249
is_linear=0
shrinkage=0.025


Tree=34
num_leaves=9
num_cat=0
split_feature=2 9 29 47 22 15 19 62
split_gain=192.754 48.8036 30.4782 33.1173 26.1078 21.4076 16.9076 10.3968
threshold=0.52475759387016307 0.71000000000000008 0.31620650000000006 0.87193500000000013 0.26363950000000008 0.67162500000000014 0.7199040000000001 0.58333333333333337
decision_type=2 2 2 2 2 2 2 2
left_child=5 4 3 -3 7 -1 -6 -2
right_child=1 2 -4 -5 6 -7 -8 -9
leaf_value=-0.027479974385869601 0.017935889908618004 -0.0018412162600294525 0.020492224287092482 0.015785963462404549 -0.028364488573867946 -0.0056013374298394319 -0.0025578750163477528 -0.0098845489119492192
leaf_weight=142.55759933954687 22.972863477421924 151.3497438057384 134.10513323766645 115.57894092530478 36.990608904394321 37.255712757934816 28.640108499443159 10.70800806279294
leaf_count=10675 301 4026 721 502 2032 1336 680 414
internal_value=-0.00103569 0.00693909 0.010825 0.00582402 -0.00858268 -0.0230996 -0.0176225 0.00882259
internal_weight=680.159 500.345 401.034 266.929 99.3116 179.813 65.6307 33.6809
internal_count=20687 8676 5249 4528 3427 12011 2712 715
is_linear=0
shrinkage=0.025


Tree=35
num_leaves=9
num_cat=0
split_feature=9 62 19 43 19 1 22 68
split_gain=155.983 62.4636 23.4863 22.9644 17.5171 16.3002 12.2119 11.8288
threshold=0.58350000000000002 0.58333333333333337 0.64445900000000012 1.0000000180025095e-35 0.68314600000000014 0.60710546374320995 0.25133350000000004 0.33000000000000007
decision_type=2 2 2 2 2 2 2 2
left_child=5 4 -3 -4 -2 -1 -7 -6
right_child=1 2 3 -5 7 6 -8 -9
leaf_value=-0.027558604140393923 -0.00029201070489068059 -0.031053216593328211 0.0015513948617275094 -0.019718669357867445 0.003134224601417802 0.019553153142624197 -0.016803325551158953 0.018480557173608116
leaf_weight=122.69434759355499 49.339055764954537 16.581690388149582 199.46510652563302 35.590605029952712 39.95326987048611 7.3716110810637501 12.910089422191957 193.28467376402114
leaf_count=10411 899 1015 4025 1327 472 52 571 1781
internal_value=-0.00115422 0.00505817 -0.00396513 -0.00177673 0.0130913 -0.0241674 -0.00268357 0.0159326
internal_weight=677.19 534.214 251.637 235.056 282.577 142.976 20.2817 233.238
internal_count=20553 9519 6367 5352 3152 11034 623 2253
is_linear=0
shrinkage=0.025


Tree=36
num_leaves=9
num_cat=0
split_feature=2 62 15 43 9 9 61 24
split_gain=166.058 44.906 33.2876 30.6855 22.3818 21.9502 19.6017 17.9781
threshold=0.52475759387016307 0.58333333333333337 0.67162500000000014 1.0000000180025095e-35 0.63000000000000012 0.87000000000000011 0.49446450000000003 0.25000000000000006
decision_type=2 2 2 2 2 2 2 2
left_child=2 5 -1 4 -3 7 -7 -2
right_child=1 3 -4 -5 -6 6 -8 -9
leaf_value=-0.026709679025998773 -0.008445467773786651 -0.024101311028335851 -0.0013137452728714113 -0.024089624722522792 0.0050444222131859999 0.0020227358588208798 0.023419831651362771 0.011484138317587336
leaf_weight=138.21049791212135 39.450298159150407 16.222378271748312 42.995148224523291 30.69459597102832 166.07977003749693 34.811707400600426 133.67184075061232 86.495346260606311
leaf_count=10742 886 1020 1336 1284 2703 433 1153 1205
internal_value=-0.000383577 0.00694739 -0.020805 -0.00176244 0.00217676 0.013243 0.0191184 0.00514848
internal_weight=688.632 507.426 181.206 212.997 182.302 294.429 168.484 125.946
internal_count=20762 8684 12078 5007 3723 3677 1586 2091
is_linear=0
shrinkage=0.025


Tree=37
num_leaves=9
num_cat=0
split_feature=9 61 0 1 64 47 0 22
split_gain=173.566 46.2151 55.2866 34.1011 25.4062 21.2901 19.2122 18.61
threshold=0.71000000000000008 0.49446450000000003 0.48933350000000003 0.55557465553283703 0.24455000000000002 0.77480250000000017 0.86206650000000018 0.26363950000000008
decision_type=2 2 2 2 2 2 2 2
left_child=3 2 4 -1 -2 -4 -3 -5
right_child=1 6 5 7 -6 -7 -8 -9
leaf_value=-0.027403822273479029 -0.015326470009851965 0.016528971336685464 -0.022537214833228056 0.011793380524332958 0.016570808055053288 0.00011377953595424463 -0.011790875418416441 -0.014200447505240178
leaf_weight=127.82460068909859 16.754754325374961 247.9490803849767 62.99372701086395 23.391858110990142 94.209490383509547 42.032365970604587 14.233752388041465 51.173036299878731
leaf_count=10996 535 2449 2428 333 1057 480 619 1830
internal_value=-0.000331496 0.00787122 -0.000667198 -0.0196356 0.0115021 -0.0135693 0.0148855 -0.00585288
internal_weight=680.563 478.173 215.99 202.389 110.964 105.026 262.183 74.5649
internal_count=20727 7568 4500 13159 1592 2908 3068 2163
is_linear=0
shrinkage=0.025


Tree=38
num_leaves=9
num_cat=0
split_feature=2 9 39 60 55 15 64 0
split_gain=155.812 52.2216 25.3171 26.8212 24.3089 23.6386 18.197 16.5364
threshold=0.51494944095611583 0.75000000000000011 1.0000000180025095e-35 0.68000000000000005 1.0000000180025095e-35 0.67870050000000015 0.36222550000000003 0.38600000000000007
decision_type=2 2 2 2 2 2 2 2
left_child=5 6 4 -4 -3 -1 7 -2
right_child=1 2 3 -5 -6 -7 -8 -9
leaf_value=-0.025868732357632786 0.0019709175531944403 0.0052504827002818888 0.017630750792180152 0.00069975807254004708 -0.032546929869083772 -0.0017563046232659523 0.0007018987829753155 -0.0270111125774464
leaf_weight=133.82718033953279 17.002966002764879 36.21854057488963 250.39792836841661 77.550462632323615 12.703172801760955 32.46959036483895 77.36802445910871 36.599739365105052
leaf_count=10562 403 456 1993 1913 503 1005 1685 2098
internal_value=-0.000415482 0.00645945 0.0111786 0.0136783 -0.00530967 -0.0212821 -0.00702756 -0.0179428
internal_weight=674.138 507.841 376.87 327.948 48.9217 166.297 130.971 53.6027
internal_count=20618 9051 4865 3906 959 11567 4186 2501
is_linear=0
shrinkage=0.025


Tree=39
num_leaves=9
num_cat=0
split_feature=9 62 47 39 61 22 1 15
split_gain=152.482 48.7091 31.1067 40.7291 18.4116 18.7955 15.3644 14.1606
threshold=0.57000000000000017 0.75000000000000011 0.98096600000000012 1.0000000180025095e-35 0.91961550000000014 0.49192400000000008 0.60710546374320995 0.50885700000000011
decision_type=2 2 2 2 2 2 2 2
left_child=6 2 3 -2 5 -3 -1 -4
right_child=1 4 7 -5 -6 -7 -8 -9
leaf_value=-0.027087425631294289 -0.015617509894826302 -0.019398459280114515 -0.0055236068719590539 0.0093055015092910979 0.029752062043390006 0.0044962075665075053 -0.0020199016609455831 0.025484145354188872
leaf_weight=113.54166752059245 45.065917177358642 66.788471758918604 9.1612184923142177 313.32710633671377 4.9836084283888331 27.773407028871588 18.756063291686587 83.804424654692411
leaf_count=10358 1104 2954 36 4578 47 738 597 173
internal_value=0.000211367 0.00602542 0.00952166 0.00608148 -0.00962865 -0.012355 -0.0236724 0.0222976
internal_weight=683.202 550.904 451.359 358.393 99.5455 94.5619 132.298 92.9656
internal_count=20585 9630 5891 5682 3739 3692 10955 209
is_linear=0
shrinkage=0.025


Tree=40
num_leaves=9
num_cat=0
split_feature=2 2 64 0 68 15 62 60
split_gain=158.229 41.0982 32.2695 27.5708 24.1094 23.7985 13.3044 9.94948
threshold=0.5186261534690858 0.68278563022613536 0.24455000000000002 0.48566650000000006 0.77400000000000013 0.67609850000000005 0.41666666666666669 0.68000000000000005
decision_type=2 2 2 2 2 2 2 2
left_child=5 2 4 -4 -2 -1 -3 -7
right_child=1 6 3 -5 -6 7 -8 -9
leaf_value=-0.025315556583173672 -0.024899580505630705 0.026487714423610989 0.017600536819877124 0.00055367206676087066 0.0027928579246655001 0.0056864404462918031 0.011733728979481941 -0.023124425323627486
leaf_weight=130.29072401284066 39.661297036334872 61.1688948093215 88.401656352274586 175.55419803370023 35.673719261772931 26.635543567943387 122.88584525906481 8.1009201463311893
leaf_count=10644 2032 345 993 3340 707 716 1501 394
internal_value=0.000711373 0.00745865 0.00224088 0.00638047 -0.0119562 -0.0204743 0.0169094 -0.00172155
internal_weight=688.373 523.346 339.291 263.956 75.335 165.027 184.055 34.7365
internal_count=20672 8918 7072 4333 2739 11754 1846 1110
is_linear=0
shrinkage=0.025


Tree=41
num_leaves=9
num_cat=0
split_feature=2 62 43 29 47 18 62 48
split_gain=151.612 43.938 33.6059 24.7847 18.554 18.2818 14.6526 14.0181
threshold=0.51494944095611583 0.58333333333333337 1.0000000180025095e-35 0.60023650000000017 0.73013700000000015 0.67814800000000008 0.41666666666666669 0.38276650000000007
decision_type=2 2 2 2 2 2 2 2
left_child=5 4 3 -3 6 -1 -2 -7
right_child=1 2 -4 -5 -6 7 -8 -9
leaf_value=-0.025340256814564074 0.017205393386169689 -0.0020323783018963105 -0.025803357958621355 0.021144782015007971 0.018944901884129804 0.0095657740319346502 0.0002601481907845465 -0.0211018452907938
leaf_weight=125.40609045590099 47.446746138390154 154.66486970265396 29.117388436861802 33.276131879771128 156.07036407198757 18.926814039936289 92.633788868552074 14.69310082902666
leaf_count=10593 903 3736 1338 191 612 346 2196 677
internal_value=0.000169067 0.00679737 -0.00171383 0.00221123 0.0130303 -0.020994 0.00621387 -0.0040588
internal_weight=672.235 513.209 217.058 187.941 296.151 159.026 140.081 33.6199
internal_count=20592 8976 5265 3927 3711 11616 3099 1023
is_linear=0
shrinkage=0.025


Tree=42
num_leaves=9
num_cat=0
split_feature=9 62 29 47 29 61 1 61
split_gain=147.229 47.3233 28.409 38.3385 20.3129 19.9274 8.36786 11.7647
threshold=0.57000000000000017 0.75000000000000011 0.9893010000000001 0.9999920000000001 0.60023650000000017 0.91961550000000014 0.60710546374320995 0.46085700000000007
decision_type=2 2 2 2 2 2 2 2
left_child=6 2 3 -2 5 -3 -1 -8
right_child=1 4 -4 -5 -6 -7 7 -9
leaf_value=-0.026813272046388177 0.0028362016742390899 -0.017225684894684051 0.026393863127466867 0.022748766101951954 0.018811378500616746 0.028143443154141759 0.010983612720890896 -0.02622089514002306
leaf_weight=108.67726357158972 317.22019472005195 82.271392497874331 50.746519674547017 73.268036589026451 11.511685278848743 4.622348145581781 9.4140378766169324 7.9019447781611225
leaf_count=10424 5670 3573 97 149 140 43 205 397
internal_value=-0.000109583 0.00557793 0.00908054 0.00668842 -0.00992061 -0.014149 -0.0242348 -0.00656298
internal_weight=665.633 539.64 441.235 390.488 98.4054 86.8937 125.993 17.316
internal_count=20698 9672 5916 5819 3756 3616 11026 602
is_linear=0
shrinkage=0.025


Tree=43
num_leaves=9
num_cat=0
split_feature=9 1 64 0 29 31 27 60
split_gain=132.971 45.5051 26.8433 23.4023 15.2544 13.2861 12.0742 10.1484
threshold=0.57000000000000017 0.61030724644660961 0.36222550000000003 0.48566650000000006 0.31620650000000006 0.58100750000000001 1.0000000180025095e-35 0.49000000000000005
decision_type=2 2 2 2 2 2 2 2
left_child=5 2 7 -4 6 -1 -3 -2
right_child=1 4 3 -5 -6 -7 -8 -9
leaf_value=-0.024969080217113401 -0.0020072340768735836 0.0013322881249938972 0.013629520450766951 -0.0055691836486962262 0.019134478699106831 0.013127740479383499 0.013969128810802684 -0.022065198155952453
leaf_weight=121.77411313346238 24.849648597824853 106.46436486835591 66.451372483628802 92.032510786928469 104.47473178076325 4.5529563667660105 85.8555036210455 48.303733637236292
leaf_count=10793 812 1807 882 2469 513 272 1063 2114
internal_value=-0.000510037 0.00500447 -0.00326181 0.00250352 0.0114597 -0.0233544 0.00709794 -0.0155862
internal_weight=654.759 528.432 231.637 158.484 296.795 126.327 192.32 73.1534
internal_count=20725 9660 6277 3351 3383 11065 2870 2926
is_linear=0
shrinkage=0.025


Tree=44
num_leaves=9
num_cat=0
split_feature=9 2 29 47 54 67 66 0
split_gain=130.853 48.1985 32.2138 25.4922 14.4785 13.0059 12.3032 9.4886
threshold=0.57000000000000017 0.6687772572040559 0.91839300000000013 0.79627800000000015 1.0000000180025095e-35 0.077879000000000018 0.84516650000000004 0.45466650000000003
decision_type=2 2 2 2 2 2 2 2
left_child=5 2 3 -2 6 -1 -3 -7
right_child=1 4 -4 -5 -6 7 -8 -9
leaf_value=-0.027238045544430014 -0.0078482842945336705 0.017558179501153737 0.023197185745026123 0.0074552516432781647 -0.025682600699504898 0.0033537754975953241 -0.017505358871670883 -0.025079463143028693
leaf_weight=96.25909403397236 204.88704856671393 182.25908757850993 30.944035538937896 99.111117783177178 3.3808243405073872 18.679735648678619 4.7284310264512888 9.3401326169841905
leaf_count=9282 6589 1750 105 942 56 961 172 768
internal_value=-2.73924e-05 0.00543529 -0.000269158 -0.00281832 0.0154094 -0.0228972 0.016456 -0.00691373
internal_weight=649.59 525.311 334.942 303.998 190.368 124.279 186.988 28.0199
internal_count=20625 9614 7636 7531 1978 11011 1922 1729
is_linear=0
shrinkage=0.025


Tree=45
num_leaves=9
num_cat=0
split_feature=9 1 0 47 1 29 47 67
split_gain=139.163 53.7433 24.6146 29.7082 23.3354 15.5387 18.4482 11.6594
threshold=0.57000000000000017 0.61030724644660961 0.48566650000000006 0.9999920000000001 0.45632193982601171 0.52868100000000007 0.87193500000000013 0.40703000000000006
decision_type=2 2 2 2 2 2 2 2
left_child=7 2 4 -4 -2 6 -3 -1
right_child=1 5 3 -5 -6 -7 -8 -9
leaf_value=-0.026268398681099821 -0.017410980469417987 0.0021140158288139948 -0.015506047233057799 0.017298016586161879 0.011740732859019117 0.02313060094039111 0.016492584164886335 0.002570520266118659
leaf_weight=110.23189779404493 19.584600642207079 113.88767620042199 110.4349592619692 18.46429363579955 81.198485080967657 68.335958574898541 111.24656668864191 8.6275552615988982
leaf_count=10556 807 2656 4192 80 1238 229 421 456
internal_value=7.0446e-05 0.00564827 -0.00337068 -0.0105572 0.00577432 0.0127073 0.00933464 -0.0241051
internal_weight=642.012 523.153 229.682 128.899 100.783 293.47 225.134 118.859
internal_count=20635 9623 6317 4272 2045 3306 3077 11012
is_linear=0
shrinkage=0.025


Tree=46
num_leaves=9
num_cat=0
split_feature=1 44 29 62 47 0 1 47
split_gain=129.271 44.9787 26.3296 31.7637 25.4762 15.2066 19.5573 18.6263
threshold=0.56782948970794689 0.09763200000000001 1.0000000180025095e-35 0.41666666666666669 0.87193500000000013 0.43966650000000002 0.45146444439888006 0.79627800000000015
decision_type=2 2 2 2 2 2 2 2
left_child=1 -1 3 -2 -5 6 -3 -7
right_child=2 5 -4 4 -6 7 -8 -9
leaf_value=-0.02406962862545016 0.020100712014893132 -0.017476762267559828 0.01546419614635129 -0.010837677365723331 0.0090698549872977579 -0.02375013901456095 0.013685875357171279 0.0056101449202484444
leaf_weight=126.7925158644357 48.415820843307301 14.867669351850052 201.36387908417964 94.922182656358927 66.437047331826761 31.587625101412414 47.279872336192057 20.93689517211169
leaf_count=10967 642 875 1909 3056 401 1899 731 287
internal_value=0.000518149 -0.0139214 0.0090431 0.00275621 -0.00258447 -0.00241605 0.00580141 -0.0121327
internal_weight=652.604 241.465 411.139 209.775 161.359 114.672 62.1475 52.5245
internal_count=20767 14759 6008 4099 3457 3792 1606 2186
is_linear=0
shrinkage=0.025


Tree=47
num_leaves=9
num_cat=0
split_feature=2 2 44 18 0 15 54 15
split_gain=127.824 35.4746 29.0375 22.6534 22.5963 19.7657 10.2048 8.70467
threshold=0.51494944095611583 0.6687772572040559 0.42377000000000004 0.64757050000000016 0.85073300000000007 0.67609850000000005 1.0000000180025095e-35 0.4894245000000001
decision_type=2 2 2 2 2 2 2 2
left_child=5 2 3 -2 -4 -1 7 -3
right_child=1 6 4 -5 -6 -7 -8 -9
leaf_value=-0.024999455438232576 -0.024064839498699822 0.0010848068272605428 0.015066985475310837 -0.001141163771407926 -0.022165064635520277 -0.0021784185075194593 -0.022474663748593294 0.016979924584305774
leaf_weight=113.2702422014263 30.990390373743139 25.965322500793263 93.154724813182838 152.82082998272381 9.4825195344747026 31.307241509552114 2.7838946152478448 176.68043065519305
leaf_count=10504 1782 311 1179 3455 372 1106 56 1908
internal_value=0.000283732 0.0063789 0.000645175 -0.00526386 0.0111976 -0.020206 0.0142545 0.0150104
internal_weight=636.456 491.878 286.448 183.811 102.637 144.577 205.43 202.646
internal_count=20673 9063 6788 5237 1551 11610 2275 2219
is_linear=0
shrinkage=0.025


Tree=48
num_leaves=9
num_cat=0
split_feature=9 62 29 47 19 16 29 31
split_gain=120.782 50.2319 25.4049 21.1034 17.0344 18.5123 13.6185 13.327
threshold=0.57000000000000017 0.58333333333333337 0.60023650000000017 0.9999920000000001 0.68314600000000014 0.64229750000000008 0.31620650000000006 0.6286845000000002
decision_type=2 2 2 2 2 2 2 2
left_child=7 4 3 -3 5 -2 -6 -1
right_child=1 2 -4 -5 6 -7 -8 -9
leaf_value=-0.025126268300663196 0.014033141590268167 -0.0099260435806449582 0.015755814592000005 0.014259279100725325 0.010167123803417798 -0.015191688871478837 0.023410362156195925 0.017097741034791138
leaf_weight=109.5136608290195 24.032312702387571 180.77136700387928 34.029144828324206 23.705744073493406 151.5810279364232 26.173197248484939 77.251222566701472 3.3311052827339145
leaf_count=10814 315 6085 284 117 1987 652 291 197
internal_value=-0.000326794 0.00479095 -0.00359651 -0.00697487 0.0119614 -0.00105704 0.0148345 -0.0235385
internal_weight=630.389 517.544 238.506 204.477 279.038 50.2055 228.832 112.845
internal_count=20742 9731 6486 6202 3245 967 2278 11011
is_linear=0
shrinkage=0.025


Tree=49
num_leaves=9
num_cat=0
split_feature=1 64 62 49 47 29 1 29
split_gain=115.451 32.6879 31.2538 21.5172 17.8282 17.1283 15.8478 15.0535
threshold=0.56389477849006664 0.38322500000000004 0.58333333333333337 1.0000000180025095e-35 0.95024300000000006 0.75473800000000013 0.43643447756767279 0.31620650000000006
decision_type=2 2 2 2 2 2 2 2
left_child=1 -1 7 6 -5 -4 -3 -2
right_child=2 3 5 4 -6 -7 -8 -9
leaf_value=-0.023833976122022774 0.0081820818667351566 -0.021431709866145975 -0.0049859265590548579 -0.023867730496593437 0.010205593030247278 0.019021458678642522 0.013315804189466811 0.021786588580124208
leaf_weight=122.75402147513523 159.82014415215235 8.0791800413571746 131.57970654839301 37.759597543335985 11.038325907662509 19.528712019324303 41.881921889609657 78.207131510600448
leaf_count=10921 2554 625 3138 2318 76 100 606 344
internal_value=-0.00096471 -0.0153055 0.00721605 -0.00436783 -0.0159142 -0.00162637 0.00694383 0.0128276
internal_weight=610.649 221.513 389.136 98.759 48.7979 151.108 49.9611 238.027
internal_count=20682 14546 6136 3625 2394 3238 1231 2898
is_linear=0
shrinkage=0.025


Tree=50
num_leaves=9
num_cat=0
split_feature=1 64 43 60 19 39 18 62
split_gain=120.799 31.4529 26.6209 25.5436 21.4357 18.4435 18.0422 13.3758
threshold=0.50802838802337658 0.24455000000000002 1.0000000180025095e-35 0.68000000000000005 0.7199040000000001 1.0000000180025095e-35 0.68484950000000011 0.41666666666666669
decision_type=2 2 2 2 2 2 2 2
left_child=6 4 3 -3 7 -4 -1 -2
right_child=1 2 5 -5 -6 -7 -8 -9
leaf_value=-0.024470672383906017 0.0063085683804931488 0.015915902869734901 -0.031699909674901848 -0.0004967036698564402 0.0054335023186558584 0.0020216761579169851 -0.00031597336094174545 -0.022449896510319436
leaf_weight=112.02067038331006 11.557083375169894 252.36015381696052 12.335946842998963 75.972034982813057 54.705533684231341 32.678578548133373 24.096125842595939 43.40308086888399
leaf_count=10937 269 2585 465 1797 731 905 747 2237
internal_value=0.000299834 0.00618467 0.00963856 0.0121155 -0.00546864 -0.00801538 -0.0203155 -0.0162617
internal_weight=619.129 483.012 373.347 328.332 109.666 45.0145 136.117 54.9602
internal_count=20673 8989 5752 4382 3237 1370 11684 2506
is_linear=0
shrinkage=0.025


Tree=51
num_leaves=9
num_cat=0
split_feature=9 62 19 29 66 31 0 15
split_gain=110.877 39.2721 22.9097 18.4124 14.6934 12.792 11.0586 10.8182
threshold=0.57000000000000017 0.75000000000000011 0.68236450000000015 0.91839300000000013 0.66350000000000009 0.6286845000000002 0.43966650000000002 0.52385550000000014
decision_type=2 2 2 2 2 2 2 2
left_child=5 2 -2 -4 6 -1 -3 -6
right_child=1 4 3 -5 7 -7 -8 -9
leaf_value=-0.024380535922394305 -0.0041230372800547047 0.00057056689516096239 0.0086333192863456542 0.026485262351729041 0.023516754585635877 0.01678312075852699 -0.022012900196774203 -0.0062489464570886343
leaf_weight=105.75061015637766 75.241355107718846 17.603760722908191 292.85187630605651 40.800765678286552 10.159418819937857 3.3762731324823099 47.806803359577316 18.288601769687375
leaf_count=10841 1809 631 3998 77 123 191 2372 625
internal_value=-0.000141975 0.00482342 0.00817892 0.0109835 -0.00958223 -0.0227604 -0.0159872 0.0049812
internal_weight=611.879 502.753 408.894 333.653 93.8586 109.127 65.4106 28.448
internal_count=20667 9635 5884 4075 3751 11032 3003 748
is_linear=0
shrinkage=0.025


Tree=52
num_leaves=9
num_cat=0
split_feature=1 60 39 19 64 2 18 14
split_gain=99.2613 37.5826 38.7315 21.8765 20.2854 13.655 13.3863 10.2008
threshold=0.48178182542324072 0.68000000000000005 1.0000000180025095e-35 0.70373000000000008 0.24455000000000002 0.66720736026763927 0.67994900000000003 1.0000000180025095e-35
decision_type=2 2 2 2 2 2 2 2
left_child=6 2 5 -3 -4 -2 -1 -5
right_child=1 3 4 7 -6 -7 -8 -9
leaf_value=-0.025006679831749062 -0.019413221000356969 -0.023023056130484429 0 0.012024305841299425 0.015532812217573114 0.0032287815037591824 -0.0011774325796951902 -0.0059380938111551138
leaf_weight=92.999424159628688 33.663415280956542 35.945120547607075 66.686812987900339 26.832397487247363 245.32754138088785 29.390901340695564 18.47050755348755 60.687472315970808
leaf_count=9795 1428 1647 1847 292 2674 308 596 2147
internal_value=-9.13777e-05 0.0046826 0.00862036 -0.00716668 0.0122334 -0.00896923 -0.0212146 -0.000201682
internal_weight=610.004 498.534 375.069 123.465 312.014 63.0543 111.47 87.5199
internal_count=20734 10343 6257 4086 4521 1736 10391 2439
is_linear=0
shrinkage=0.025


Tree=53
num_leaves=9
num_cat=0
split_feature=9 62 29 47 19 1 22 16
split_gain=102.134 39.8842 23.4001 23.019 21.4018 12.1712 13.3435 8.74037
threshold=0.71000000000000008 0.75000000000000011 0.75473800000000013 0.93492100000000011 0.70712000000000008 0.62890690565109264 0.25549950000000005 0.62163800000000002
decision_type=2 2 2 2 2 2 2 2
left_child=4 2 3 -2 5 -1 -7 -6
right_child=1 -3 -4 -5 7 6 -8 -9
leaf_value=-0.025161781491010705 0.0013600465216866951 -0.01101041578955736 0.023698107835526706 0.016338332120728407 0.0055589526680625712 0.020594108409021563 -0.022666144205408582 -0.016522747240665128
leaf_weight=110.00320331929834 198.51059181618621 71.254175773297902 57.06247576046735 93.941851533949375 30.001410773722455 7.2501670392230135 6.5965262751851697 15.128049867809748
leaf_count=11581 4333 2761 138 290 683 38 291 615
internal_value=-0.000809999 0.00577347 0.00925964 0.00627515 -0.0171229 -0.0224279 0 -0.00207106
internal_weight=589.748 420.769 349.515 292.452 168.979 123.85 13.8467 45.1295
internal_count=20730 7522 4761 4623 13208 11910 329 1298
is_linear=0
shrinkage=0.025


Tree=54
num_leaves=9
num_cat=0
split_feature=1 2 64 0 68 66 30 18
split_gain=114.39 32.4486 24.8809 26.599 20.922 9.34278 8.16409 6.24756
threshold=0.48013089597225195 0.67536270618438732 0.24455000000000002 0.48566650000000006 0.77400000000000013 0.73303350000000012 0.33500000000000008 0.67994900000000003
decision_type=2 2 2 2 2 2 2 2
left_child=7 2 4 -4 -2 6 -3 -1
right_child=1 5 3 -5 -6 -7 -8 -9
leaf_value=-0.026657724741656952 -0.024184901830110659 0.0032653845981892265 0.014928258539062839 -0.0022141026016702175 0.0017327608464272231 -0.0067156250777108163 0.017426051221487635 -0.0073275552833430881
leaf_weight=87.161457058216911 40.722178121708566 34.282105735270306 84.891447153990157 159.34648825760814 34.372946673771366 12.189167023403568 134.12805006862618 15.22199110558722
leaf_count=9791 2693 450 1169 3619 810 379 1241 565
internal_value=-0.000228328 0.0047119 -7.09723e-05 0.00378658 -0.0124872 0.0131181 0.0146596 -0.0240511
internal_weight=602.316 499.932 319.333 244.238 75.0951 180.599 168.41 102.383
internal_count=20717 10361 8291 4788 3503 2070 1691 10356
is_linear=0
shrinkage=0.025


Tree=55
num_leaves=9
num_cat=0
split_feature=1 2 39 60 21 66 30 20
split_gain=97.2842 30.9898 22.8057 23.0912 18.9605 8.37877 8.6448 6.63964
threshold=0.50802838802337658 0.68278563022613536 1.0000000180025095e-35 0.68000000000000005 0.87400000000000011 0.78160000000000018 0.33500000000000008 0.70774300000000012
decision_type=2 2 2 2 2 2 2 2
left_child=4 2 -2 -4 7 6 -3 -1
right_child=1 5 3 -5 -6 -7 -8 -9
leaf_value=-0.02429619066295606 -0.015482835191375589 0.0018077382748454057 0.0078381351824452616 -0.00879550476914444 0.010821835152396427 -0.006046492426338727 0.018101213463967623 -0.0053985989781039009
leaf_weight=102.68617566139437 45.130939756432781 25.955990406917408 192.87673885835102 69.038915845725569 10.618967551505191 10.672797529958187 127.3551467906218 15.76408151120995
leaf_count=10827 1653 388 3137 2370 339 359 1047 543
internal_value=-2.40712e-05 0.00524453 0.000511012 0.00339179 -0.0190954 0.0139495 0.0154498 -0.0219749
internal_weight=600.1 471.031 307.047 261.916 129.069 163.984 153.311 118.45
internal_count=20663 8954 7160 5507 11709 1794 1435 11370
is_linear=0
shrinkage=0.025


Tree=56
num_leaves=9
num_cat=0
split_feature=1 64 47 0 21 9 6 66
split_gain=84.0013 30.9045 22.7549 30.8702 20.7291 13.7492 10.5033 7.81947
threshold=0.4847982674837113 0.24455000000000002 0.92356600000000011 0.48566650000000006 0.87400000000000011 0.75000000000000011 0.49474250000000003 0.66160000000000008
decision_type=2 2 2 2 2 2 2 2
left_child=5 4 3 -3 6 -1 -2 -6
right_child=1 2 -4 -5 7 -7 -8 -9
leaf_value=-0.026241788966324116 0.005679803360992032 0.014743491795067093 0.016452931283076521 -0.0031348701975653357 0 -0.0051403946577641786 -0.01865177468650658 0.024789452371679899
leaf_weight=75.904970084011438 11.788407854895921 90.130234298936557 113.15781578747556 172.34216363041196 22.249133351258934 28.43621607858222 65.233150931919226 9.9870262886397523
leaf_count=9347 408 1232 458 4677 452 1177 2832 127
internal_value=-0.000627889 0.00375773 0.00716697 0.00304108 -0.00781403 -0.0207664 -0.0147833 0.00850945
internal_weight=589.229 484.888 375.63 262.472 109.258 104.341 77.0216 32.2362
internal_count=20710 10186 6367 5909 3819 10524 3240 579
is_linear=0
shrinkage=0.025


Tree=57
num_leaves=9
num_cat=0
split_feature=18 39 29 2 18 55 32 9
split_gain=88.2103 37.6763 29.7151 20.0039 18.4249 23.0087 14.0999 12.1515
threshold=0.63912050000000009 1.0000000180025095e-35 1.0000000180025095e-35 0.68759378790855419 0.70559200000000011 1.0000000180025095e-35 0.43680000000000002 0.71000000000000008
decision_type=2 2 2 2 2 2 2 2
left_child=6 4 3 -3 -2 -6 -1 -4
right_child=1 2 7 -5 5 -7 -8 -9
leaf_value=-0.025666370366453514 -0.024587078839344537 -0.0044310066951183677 -0.0041737821555105662 0.011771785930352829 0.010242406068498914 -0.030436082473460937 0.0045479200905175201 0.016267820820208258
leaf_weight=86.755135979954503 36.838193099974887 157.08442484584521 19.010930894059129 65.92566073522903 30.979076573392376 9.7935978532768768 9.751936963395563 160.83065750135574
leaf_count=9941 1773 4619 749 954 282 402 339 1513
internal_value=-0.000940899 0.00345068 0.00654167 0.000387548 -0.0122607 -0.000319499 -0.0225068 0.0140436
internal_weight=576.97 480.463 402.852 223.01 77.6109 40.7727 96.5071 179.842
internal_count=20572 10292 7835 5573 2457 684 10280 2262
is_linear=0
shrinkage=0.025


Tree=58
num_leaves=9
num_cat=0
split_feature=9 2 0 24 60 20 39 61
split_gain=87.4408 29.077 21.4225 16.9546 16.5621 21.1865 16.2253 11.4608
threshold=0.57000000000000017 0.57335239648818981 0.50913350000000013 1.0000000180025095e-35 0.68000000000000005 0.67350250000000011 1.0000000180025095e-35 0.51457900000000012
decision_type=2 2 2 2 2 2 2 2
left_child=-1 2 3 -2 6 -6 -3 -4
right_child=1 4 7 -5 5 -7 -8 -9
leaf_value=-0.021308899537438447 -0.0096429390234848075 -0.0026770350629718082 -0.023062746348394891 0.014015129963805198 -0.032688281584393512 0.0032341333421678992 0.013833360716110993 0.00015181342373341651
leaf_weight=99.236084402429697 32.030581223691115 43.084044258692302 42.978589783073403 40.420218140003271 9.7625487117620633 77.616815598041285 220.65233131265268 17.924501607310958
leaf_count=11045 1190 726 2353 615 386 1890 1998 505
internal_value=-0.000158496 0.00422821 -0.00561812 0.00347706 0.00799973 -0.00133707 0.0111081 -0.0163236
internal_weight=583.706 484.47 133.354 72.4508 351.116 87.3794 263.736 60.9031
internal_count=20708 9663 4663 1805 5000 2276 2724 2858
is_linear=0
shrinkage=0.025


Tree=59
num_leaves=9
num_cat=0
split_feature=1 62 61 0 2 64 18 22
split_gain=89.125 40.6068 15.4117 16.7239 13.437 16.9374 9.79173 8.64213
threshold=0.48013089597225195 0.58333333333333337 0.71538450000000009 0.38213350000000007 0.67536270618438732 0.24455000000000002 0.68484950000000011 0.55553200000000014
decision_type=2 2 2 2 2 2 2 2
left_child=6 4 3 -3 5 -2 -1 -4
right_child=1 2 7 -5 -6 -7 -8 -9
leaf_value=-0.024940921635396716 -0.013562934741036627 0.010229173804185166 0.0147418396092806 -0.010185234138112079 0.016400475481089583 0.0090527773457160787 -0.0016870642987087401 -0.015921636129316578
leaf_weight=82.123444768527406 22.984392700949684 28.038776056593633 34.155487403273582 149.14613579532306 133.76537874736823 117.01452538312878 14.237820141017435 4.9039486725814632
leaf_count=9802 995 610 543 5019 1375 1607 463 201
internal_value=2.6422e-05 0.00438215 -0.003673 -0.00683477 0.0107525 0.00514828 -0.0216855 0.0101213
internal_weight=586.37 490.009 216.244 177.185 273.764 139.999 96.3613 39.0594
internal_count=20615 10350 6373 5629 3977 2602 10265 744
is_linear=0
shrinkage=0.025


Tree=60
num_leaves=9
num_cat=0
split_feature=2 29 47 62 9 0 24 16
split_gain=86.7689 27.7983 25.9422 31.4723 19.5696 15.009 14.65 11.3241
threshold=0.53701665997505199 0.89118900000000012 0.87193500000000013 0.41666666666666669 0.73000000000000009 0.66263350000000021 0.25000000000000006 0.60695300000000019
decision_type=2 2 2 2 2 2 2 2
left_child=4 2 3 -2 -1 6 -6 -4
right_child=1 -3 7 -5 5 -7 -8 -9
leaf_value=-0.024752731667158363 0.016781535798546746 0.022996384232683902 -0.014784676570207496 -0.0058297913519847937 -0.012284883405491677 -0.020313698684394411 0.015681422663828114 0.013486610039476606
leaf_weight=77.257084309560014 45.609825677704066 50.461924809962511 7.5926120001822701 197.53958487113414 19.486220173770562 26.404358777537709 23.558073219261132 138.46213687647833
leaf_count=10079 884 177 83 6248 741 1448 337 686
internal_value=0.000301961 0.00587471 0.00352943 -0.00145547 -0.0162031 -0.0061606 0.0028712 0.0117864
internal_weight=586.372 439.666 389.204 243.149 146.706 69.4487 43.0443 146.055
internal_count=20683 8078 7901 7132 12605 2526 1078 769
is_linear=0
shrinkage=0.025


Tree=61
num_leaves=9
num_cat=0
split_feature=9 62 29 47 29 62 1 22
split_gain=75.729 35.4412 15.9696 13.9222 12.4234 16.052 10.8242 10.255
threshold=0.57000000000000017 0.58333333333333337 0.60023650000000017 0.96386200000000011 0.31620650000000006 0.41666666666666669 0.60710546374320995 0.25133350000000004
decision_type=2 2 2 2 2 2 2 2
left_child=6 4 3 -3 5 -2 -1 -8
right_child=1 2 -4 -5 -6 -7 7 -9
leaf_value=-0.024528121954191618 0.016728745638040457 -0.0089768330970424731 0.013383069878927298 0.0093695684630332558 0.01842857324359724 0.00041764651306051387 0.01847767262796823 -0.016738522362612276
leaf_weight=77.271863187765121 56.646503500407562 163.43246541720873 28.175218438496813 28.569266193837393 78.158263184828684 108.69591190374922 6.8170051539782461 10.384506184025666
leaf_count=10352 715 5936 278 188 402 2091 49 548
internal_value=-0.000444622 0.00371977 -0.00350982 -0.00613984 0.0102628 0.00618381 -0.0206147 -0.00192071
internal_weight=558.151 463.678 220.177 192.002 243.501 165.342 94.4734 17.2015
internal_count=20559 9610 6402 6124 3208 2806 10949 597
is_linear=0
shrinkage=0.025


Tree=62
num_leaves=9
num_cat=0
split_feature=2 29 47 22 2 9 0 15
split_gain=74.2101 23.5696 26.5025 20.6989 18.1803 8.46976 8.52379 7.3012
threshold=0.53701665997505199 0.91839300000000013 0.9999920000000001 0.49192400000000008 0.72590318322181713 0.73000000000000009 0.51633350000000011 0.50324300000000011
decision_type=2 2 2 2 2 2 2 2
left_child=3 2 4 5 -2 -1 -7 -4
right_child=1 -3 7 -5 -6 6 -8 -9
leaf_value=-0.024731467980846467 -0.0029519341394827008 0.022105874311152501 -0.0040128776416461292 0.01354615035173088 0.013734479579267456 -0.0023217656774426076 -0.0221396039947062 0.020751143971796168
leaf_weight=73.30954239408311 260.20288675169286 41.925233344081789 7.3681259509176007 11.742285187589003 46.306234625633806 33.65897454705555 22.574654844036559 52.670835641969461
leaf_count=10009 6976 159 27 298 726 963 1351 164
internal_value=-0.000626859 0.00476852 0.00265595 -0.0161267 -0.000334008 -0.0190385 -0.0108934 0.0175598
internal_weight=549.759 408.473 366.548 141.285 306.509 129.543 56.2336 60.039
internal_count=20673 8052 7893 12621 7702 12323 2314 191
is_linear=0
shrinkage=0.025


Tree=63
num_leaves=9
num_cat=0
split_feature=9 47 29 62 15 31 61 29
split_gain=80.0946 33.3221 31.0645 25.99 14.1336 11.5558 7.50076 7.44924
threshold=0.57000000000000017 0.95024300000000006 0.75473800000000013 0.41666666666666669 0.50632550000000009 0.5186845000000001 0.47455900000000001 1.0000000180025095e-35
decision_type=2 2 2 2 2 2 2 2
left_child=5 2 3 -2 7 -1 -6 -3
right_child=1 4 -4 -5 6 -7 -8 -9
leaf_value=-0.023758346696327058 0.013526525792547589 -0.024715598650937587 0.017362031670336973 -0.0059312122530401487 -0.0033999474244494274 0.010423486583799629 0.020674222215691856 0.011197878692304647
leaf_weight=84.578816074688802 49.132820841274224 6.2028574636206013 54.559155901893973 261.96092799025064 7.6972241222392759 5.2443733398831673 93.128832197748125 4.5238331481814384
leaf_count=10583 738 50 240 8282 71 383 294 15
internal_value=-9.55589e-05 0.00399011 0.000293818 -0.00276741 0.0158214 -0.0214974 0.018733 -0.00960072
internal_weight=567.029 477.206 365.653 311.094 111.553 89.8232 100.826 10.7267
internal_count=20656 9690 9260 9020 430 10966 365 65
is_linear=0
shrinkage=0.025


Tree=64
num_leaves=9
num_cat=0
split_feature=9 39 29 60 2 47 0 61
split_gain=77.5519 26.7498 31.7874 22.7158 20.164 19.821 10.662 18.3341
threshold=0.71000000000000008 1.0000000180025095e-35 1.0000000180025095e-35 0.68000000000000005 0.57966452836990368 0.92356600000000011 0.45106650000000009 0.72100950000000008
decision_type=2 2 2 2 2 2 2 2
left_child=4 5 3 -3 -1 -2 -6 -8
right_child=1 2 -4 -5 6 -7 7 -9
leaf_value=-0.022939656051592004 -0.019065135616596198 0.0064405653317405956 0.016049102620628315 -0.013152880624685934 0.0085166945359084149 0.010014901214110694 -0.026499894779804151 0.0056931528810758086
leaf_weight=85.796001712209545 40.782013510441175 132.27403037878685 171.53281745838467 48.972455799463205 23.677541849203408 20.361158481915481 21.862503711832687 18.927218749187887
leaf_count=11061 1606 2378 1685 1807 568 109 1225 287
internal_value=0.000139844 0.00574076 0.00839793 0.00101975 -0.0151122 -0.00925199 -0.00420544 -0.0118185
internal_weight=564.186 413.922 352.779 181.246 150.263 61.1432 64.4673 40.7897
internal_count=20726 7585 5870 4185 13141 1715 2080 1512
is_linear=0
shrinkage=0.025


Tree=65
num_leaves=9
num_cat=0
split_feature=9 62 19 19 60 62 17 39
split_gain=74.6578 27.073 19.8977 19.6125 16.7094 12.1408 9.24306 9.11551
threshold=0.71000000000000008 0.75000000000000011 0.70712000000000008 0.64445900000000012 0.68000000000000005 0.41666666666666669 0.68666850000000013 1.0000000180025095e-35
decision_type=2 2 2 2 2 2 2 2
left_child=2 3 5 -2 -5 -1 -3 -8
right_child=1 6 -4 4 -6 -7 7 -9
leaf_value=0 -0.019301781561228908 -0.015512381870875442 -0.00052792952534851155 0.012907287906456509 -0.0006953299017111727 -0.024237705396267257 -0.022604717181679158 0.0090084410778052005
leaf_weight=14.682661421946248 13.011947956169022 41.09180331803509 43.643995075719431 255.08098679059185 70.746417371323332 88.421925707196351 5.2000847724848454 24.83388140052557
leaf_count=1032 486 1897 1287 2559 1739 10747 332 512
internal_value=0.000249139 0.00574296 -0.0149191 0.00869289 0.00994467 -0.0208136 -0.00806119 0.00223124
internal_weight=556.714 409.965 146.749 338.839 325.827 103.105 71.1258 30.034
internal_count=20591 7525 13066 4784 4298 11779 2741 844
is_linear=0
shrinkage=0.025


Tree=66
num_leaves=9
num_cat=0
split_feature=19 62 43 0 17 39 53 43
split_gain=72.8387 28.0669 22.9733 19.2209 18.4308 10.4751 14.495 11.8104
threshold=0.68236450000000015 0.58333333333333337 1.0000000180025095e-35 0.8430335000000001 0.64335650000000011 1.0000000180025095e-35 0.8500000000000002 1.0000000180025095e-35
decision_type=2 2 2 2 2 2 2 2
left_child=4 5 3 -3 -1 7 -7 -2
right_child=1 2 -4 -5 -6 6 -8 -9
leaf_value=-0.022420803806621287 0.0060793622075765111 0.0047988931948538165 -0.022698053953887087 -0.022106061346287651 -0.0044914855972499777 -0.028078204248097777 0.014730342438406433 -0.028891348560862746
leaf_weight=87.476105507434113 23.351065859664235 145.99823186401045 26.04335330723552 16.655711751431227 63.81235771671345 3.1783345481380811 178.40762207983062 5.8893452252377747
leaf_count=9883 302 3176 1357 823 2855 53 2205 155
internal_value=-0.000392856 0.00519159 -0.00177615 0.00176323 -0.0150645 0.0114213 0.0136425 -0.00212275
internal_weight=550.812 399.524 188.697 162.654 151.288 210.826 181.586 29.2404
internal_count=20809 8071 5356 3999 12738 2715 2258 457
is_linear=0
shrinkage=0.025


Tree=67
num_leaves=9
num_cat=0
split_feature=2 2 15 29 34 9 62 60
split_gain=70.6663 24.6843 19.3165 16.7512 15.5273 12.297 13.5878 7.59308
threshold=0.51494944095611583 0.6687772572040559 0.67870050000000015 0.60023650000000017 0.19774200000000003 0.91800000000000015 0.41666666666666669 0.68000000000000005
decision_type=2 2 2 2 2 2 2 2
left_child=2 3 -1 4 -2 6 -3 -4
right_child=1 5 7 -5 -6 -7 -8 -9
leaf_value=-0.022769689898861051 -0.013420660723347451 0.020085457842098399 0.0081965914261004046 0.01548559184373631 0.0013555766025809897 0.018670249735617414 -0.00023058843830038689 -0.020498683131514053
leaf_weight=85.169303602102445 58.657839278428582 26.565743012004532 21.595151337853171 35.305909353657626 162.69344688989804 87.570086978143081 70.884473312529735 5.5957277745474121
leaf_count=10643 2908 214 660 295 3529 871 1261 348
internal_value=0.000483808 0.00501183 -0.0170262 0 -0.00261164 0.0119198 0.00552487 0.00103448
internal_weight=554.038 441.677 112.36 256.657 221.351 185.02 97.4502 27.1909
internal_count=20729 9078 11651 6732 6437 2346 1475 1008
is_linear=0
shrinkage=0.025


Tree=68
num_leaves=9
num_cat=0
split_feature=1 44 39 60 62 43 15 0
split_gain=64.853 40.4034 18.4113 13.2352 12.2926 10.7292 8.15756 9.52573
threshold=0.61249238252639782 0.09763200000000001 1.0000000180025095e-35 0.68000000000000005 0.58333333333333337 1.0000000180025095e-35 0.4894245000000001 0.80776700000000012
decision_type=2 2 2 2 2 2 2 2
left_child=1 -1 -3 -4 6 -6 7 -2
right_child=4 2 3 -5 5 -7 -8 -9
leaf_value=-0.019571664096611211 -0.011653865364630154 -0.017797462933856763 0.0081800614403562295 -0.0094562402293407455 0.0046032778648517512 -0.020545765934987744 0.014875725090788253 0.019766939992702157
leaf_weight=114.14833916112548 15.735758556518705 28.6204003807361 101.10543696791865 33.675123046996305 82.979416086920537 10.077546432614325 151.04458845162299 7.1099486444145432
leaf_count=11716 257 1606 2218 1285 1327 388 1848 37
internal_value=0.000120679 -0.00829773 -0.000235241 0.00364494 0.00889794 0.0014259 0.0127923 -0.000769321
internal_weight=544.497 277.549 163.401 134.781 266.947 93.057 173.89 22.8457
internal_count=20682 16825 5109 3503 3857 1715 2142 294
is_linear=0
shrinkage=0.025


Tree=69
num_leaves=9
num_cat=0
split_feature=1 64 43 66 29 58 21 62
split_gain=65.8336 26.4227 21.0809 20.4507 13.5062 10.2709 9.48275 9.31503
threshold=0.45632193982601171 0.24455000000000002 1.0000000180025095e-35 0.66160000000000008 0.52868100000000007 1.0000000180025095e-35 0.87400000000000011 0.58333333333333337
decision_type=2 2 2 2 2 2 2 2
left_child=-1 3 4 5 -3 -2 -5 -4
right_child=1 2 7 6 -6 -7 -8 -9
leaf_value=-0.023230639885213924 0.016504516160491957 0.0059839143860535501 0.00078446304112133464 -0.0056046215605828594 0.019534845315002838 -0.015341188123081703 0.025843215102871811 -0.021246648069589313
leaf_weight=66.442154845732148 5.0096773594850665 265.52764444047352 24.442301900358871 8.6366031506331638 55.652297586289933 82.127347101137275 12.489369428250939 20.198929439182393
leaf_count=9029 72 5043 580 174 289 4382 124 1013
internal_value=-0.000292812 0.00299022 0.00620867 -0.00773228 0.00846151 -0.0130969 0.0132897 -0.00950682
internal_weight=540.526 474.084 365.821 108.263 321.18 87.137 21.126 44.6412
internal_count=20706 11677 6925 4752 5332 4454 298 1593
is_linear=0
shrinkage=0.025


Tree=70
num_leaves=9
num_cat=0
split_feature=9 1 29 2 39 0 61 64
split_gain=59.6237 23.741 23.6891 19.8168 15.7973 15.3893 18.4427 11.7491
threshold=0.75000000000000011 0.48178182542324072 1.0000000180025095e-35 0.67536270618438732 1.0000000180025095e-35 0.43580000000000002 0.71970600000000007 0.63884250000000009
decision_type=2 2 2 2 2 2 2 2
left_child=1 -1 3 7 -4 -3 -7 -2
right_child=2 5 4 -5 -6 6 -8 -9
leaf_value=-0.024121575102227802 0.00034603710728418175 0.0054892690405217029 -0.0061190842925106315 0.010793742757145161 0.015716562862892303 -0.019600726594508889 0.0058104515460330238 -0.015608650780862258
leaf_weight=58.731711565094884 66.439247144124238 51.10101965512149 22.381226201076061 63.383785280282609 148.73952247563284 55.139021636248799 24.28337841713801 47.700292252891813
leaf_count=9159 1683 1475 573 1005 1527 3087 395 1713
internal_value=6.0888e-05 -0.0111537 0.00619882 -0.000174552 0.0127796 -0.004986 -0.0117873 -0.00641101
internal_weight=537.899 189.255 348.644 177.523 171.121 130.523 79.4224 114.14
internal_count=20617 14116 6501 4401 2100 4957 3482 3396
is_linear=0
shrinkage=0.025


Tree=71
num_leaves=9
num_cat=0
split_feature=1 29 47 62 22 19 19 61
split_gain=71.9644 27.0639 28.243 19.6846 9.18318 6.85881 3.7034 3.61753
threshold=0.48178182542324072 0.9893010000000001 0.9999920000000001 0.41666666666666669 0.50574450000000015 0.68236450000000015 0.72231300000000009 0.50538450000000013
decision_type=2 2 2 2 2 2 2 2
left_child=4 2 3 -2 6 -3 -1 -4
right_child=1 5 7 -5 -6 -7 -8 -9
leaf_value=-0.024240086061710117 0.012391919617248531 -0.00077078246027961457 0.0032020360052662637 -0.0032162153955811235 0.013432833302891212 0.026776958148678628 -0.00021594046092553415 0.020969365419455988
leaf_weight=73.832075014455768 58.688942955253879 5.8999170218594363 10.554354468942618 297.68512762467435 3.0822450579144052 35.648049096576869 4.9395110988989464 46.758963907137513
leaf_count=10146 1090 41 68 8911 93 97 177 132
internal_value=0.000151088 0.0040687 0.00206488 -0.000570073 -0.0211249 0.0228371 -0.0228691 0.0180422
internal_weight=537.089 455.235 413.687 356.374 81.8538 41.548 78.7716 57.3133
internal_count=20755 10339 10201 10001 10416 138 10323 200
is_linear=0
shrinkage=0.025


Tree=72
num_leaves=9
num_cat=0
split_feature=9 62 39 19 20 21 16 22
split_gain=58.4855 28.305 15.1632 13.7628 10.1456 9.82909 13.0785 10.6456
threshold=0.57000000000000017 0.58333333333333337 1.0000000180025095e-35 0.64445900000000012 0.72145800000000004 0.70400000000000007 0.62843950000000015 0.29499550000000008
decision_type=2 2 2 2 2 2 2 2
left_child=-1 5 4 -4 -3 7 -7 -2
right_child=1 2 3 -5 -6 6 -8 -9
leaf_value=-0.019878232690923661 0.0101089588693628 -0.029214577597616934 -0.026282978591286095 0.0015058267272789624 -0.0028391547630355822 -0.0090178425170721992 0.015344031386613433 -0.0072289302664415899
leaf_weight=80.497926666823332 45.966422001831234 19.452920104653458 9.933454823214559 163.91872092449921 17.875902523344848 13.62691044108942 133.0245757389348 38.838228143635206
leaf_count=11034 693 1268 773 3973 480 160 1532 829
internal_value=-0.00053569 0.00303867 -0.00353911 -0.000320166 -0.0175614 0.00905127 0.012939 0.00209867
internal_weight=523.135 442.637 211.181 173.852 37.3288 231.456 146.651 84.8047
internal_count=20742 9708 6494 4746 1748 3214 1692 1522
is_linear=0
shrinkage=0.025


Tree=73
num_leaves=9
num_cat=0
split_feature=1 9 0 62 61 1 48 0
split_gain=60.1908 29.0778 20.4829 14.2246 13.6951 10.6345 7.15051 11.0238
threshold=0.60710546374320995 0.57000000000000017 0.48566650000000006 0.58333333333333337 0.50029400000000013 0.44168598949909216 0.66350000000000009 0.8430335000000001
decision_type=2 2 2 2 2 2 2 2
left_child=1 -1 5 -2 -4 -3 -5 -8
right_child=3 2 4 6 -6 -7 7 -9
leaf_value=-0.023076540732793541 0.012464938025071461 -0.013424050040174097 -0.018551199359959573 -0.0055964182728656491 1.3009315357782177e-06 0.0091866398928597669 0.014486340413978768 -0.012306672090667513
leaf_weight=63.542078735910763 173.9572537811473 13.703328357485587 60.04458288976457 52.704939914401621 40.157277847261867 72.006676527438685 34.70381217636168 10.998318396625107
leaf_count=10327 2226 697 3107 1101 1051 1358 333 385
internal_value=9.454e-05 -0.00872669 -0.00358879 0.00820581 -0.0111881 0.00526246 0.000503811 0.00763567
internal_weight=521.818 249.454 185.912 272.364 100.202 85.71 98.4071 45.7021
internal_count=20585 16540 6213 4045 4158 2055 1819 718
is_linear=0
shrinkage=0.025


Tree=74
num_leaves=9
num_cat=0
split_feature=2 2 60 39 14 22 19 66
split_gain=52.3729 23.3084 17.0732 23.3154 15.47 12.8862 7.86843 7.40259
threshold=0.51494944095611583 0.68278563022613536 0.68000000000000005 1.0000000180025095e-35 1.0000000180025095e-35 0.5006885000000002 0.76898500000000014 0.37630000000000002
decision_type=2 2 2 2 2 2 2 2
left_child=5 2 3 -2 -4 -1 7 -3
right_child=1 6 4 -5 -6 -7 -8 -9
leaf_value=-0.018377980046547244 -0.016443499088886395 0.018877110394300244 0.0029239333282910533 0.006795348314438298 -0.020441381052252953 0.014864599838482923 0.024072218263581788 0.0047286468749771918
leaf_weight=95.874916391643637 29.985890812677098 31.304809721303172 28.209352348349057 168.47418610178283 41.632391347404337 6.1592817557975641 25.642202116549015 90.514268409926444
leaf_count=11499 1307 216 588 3172 2162 151 332 1282
internal_value=-0.000167351 0.00377121 -0.000605267 0.00311769 -0.011081 -0.016052 0.0116858 0.00867125
internal_weight=517.797 415.763 268.302 198.46 69.8417 102.034 147.461 121.819
internal_count=20709 9059 7229 4479 2750 11650 1830 1498
is_linear=0
shrinkage=0.025


Tree=75
num_leaves=9
num_cat=0
split_feature=9 29 47 62 31 16 19 19
split_gain=54.0303 23.51 28.391 23.1075 7.27052 6.8379 5.94939 5.53619
threshold=0.57000000000000017 0.91839300000000013 0.93492100000000011 0.41666666666666669 0.6286845000000002 0.6094655000000001 0.68646300000000016 0.71904200000000007
decision_type=2 2 2 2 2 2 2 2
left_child=4 2 3 -2 7 -4 -3 -1
right_child=1 6 5 -5 -6 -7 -8 -9
leaf_value=-0.023523345877798967 0.012553386693525948 -0.0010622002462985275 -0.0092258402999952395 -0.0060616012795002873 0.013731252772211584 0.013936910541139116 0.023389421597020146 -0.001871575579819157
leaf_weight=64.681639464062755 47.99804192292504 6.4694682559929779 6.9118263488635412 245.69076292940008 2.3928274751233394 96.554641391499899 38.30379437096417 9.568027002620509
leaf_count=10343 739 47 54 8310 190 459 117 401
internal_value=-0.000343181 0.00302697 0.00102735 -0.00292963 -0.0194539 0.0121729 0.0198016 -0.0209539
internal_weight=518.571 441.929 397.155 293.689 76.6425 103.466 44.7733 74.2497
internal_count=20660 9726 9562 9049 10934 513 164 10744
is_linear=0
shrinkage=0.025


Tree=76
num_leaves=9
num_cat=0
split_feature=1 49 19 60 20 9 24 61
split_gain=58.3937 19.2103 20.9389 18.7206 17.812 14.1741 10.9876 9.05383
threshold=0.56389477849006664 1.0000000180025095e-35 0.64445900000000012 0.68000000000000005 0.67350250000000011 0.73000000000000009 1.0000000180025095e-35 0.50715900000000003
decision_type=2 2 2 2 2 2 2 2
left_child=1 2 -1 5 -5 -2 -4 -7
right_child=3 -3 6 4 -6 7 -8 -9
leaf_value=-0.0214289616001898 -0.0032027677467443647 -0.020434492333000986 -0.0060663339303930726 -0.030920591342913875 0.00034175227054203183 0.0054811120622333554 0.015084131824753303 0.016203113405616011
leaf_weight=25.446898165508173 46.923828131286427 85.130101367249154 27.455668820184655 11.402044171700252 72.678505997639149 91.243590488156769 29.813310579804238 121.38340639974922
leaf_count=3944 1368 8801 1267 596 2044 1177 562 940
internal_value=-0.000200058 -0.0122165 -0.00338744 0.00568439 -0.00443047 0.00899857 0.00495518 0.0117309
internal_weight=511.477 167.846 82.7159 343.631 84.0806 259.551 57.269 212.627
internal_count=20699 14574 5773 6125 2640 3485 1829 2117
is_linear=0
shrinkage=0.025


Tree=77
num_leaves=9
num_cat=0
split_feature=9 39 2 46 19 67 54 47
split_gain=53.4441 24.3691 18.4836 19.6374 16.224 10.4183 8.14494 7.77391
threshold=0.57000000000000017 1.0000000180025095e-35 0.67536270618438732 0.58423250000000004 0.74607200000000018 0.076556500000000013 1.0000000180025095e-35 0.9999920000000001
decision_type=2 2 2 2 2 2 2 2
left_child=5 4 3 -3 7 -1 -4 -2
right_child=1 2 6 -5 -6 -7 -8 -9
leaf_value=-0.024803832977831928 -0.023332452543866952 0.0051966868264038167 0.014821286803318824 -0.013336707907810148 0.0054060769636540846 -0.0032486368302548467 -0.020645730484323988 0.0061218396951010466
leaf_weight=54.030904104889487 36.727297181263566 199.862009780074 121.87676410039421 41.325109094730578 24.68372052378254 20.705233088432578 2.3280871715396634 5.2487463094294062
leaf_count=9295 1833 4322 1475 1621 353 1695 42 27
internal_value=4.78406e-05 0.00346245 0.00601634 0.00190676 -0.0101948 -0.0191701 0.0137804 -0.019368
internal_weight=506.788 432.052 365.392 241.187 66.6598 74.7361 124.205 41.976
internal_count=20663 9673 7460 5943 2213 10990 1517 1860
is_linear=0
shrinkage=0.025


Tree=78
num_leaves=9
num_cat=0
split_feature=9 39 29 62 1 0 43 6
split_gain=51.0575 23.0514 24.8918 16.8933 16.4062 18.8107 12.1603 11.4118
threshold=0.73000000000000009 1.0000000180025095e-35 1.0000000180025095e-35 0.41666666666666669 0.49961856007575994 0.42830000000000007 1.0000000180025095e-35 0.70364150000000014
decision_type=2 2 2 2 2 2 2 2
left_child=4 6 3 -3 -1 -6 -2 -7
right_child=1 2 -4 -5 5 7 -8 -9
leaf_value=-0.024414605249835086 -0.0028065934334844784 0.016769942996506401 0.014856955784946635 -0.0033503236957048732 0.0079026197067561532 -0.024111519323030361 -0.029884220892089249 -0.00095001260299716584
leaf_weight=49.06892560023698 41.46994880476268 30.436894080834463 144.81184938817751 130.58945477567613 34.120265576930251 32.827220762817888 12.418651091225909 22.905572373885661
leaf_count=9389 1140 495 1632 3510 1027 2263 587 529
internal_value=-0.000223208 0.00473571 0.00740949 0.000565843 -0.0130021 -0.00629215 -0.010027 -0.015085
internal_weight=498.649 359.727 305.838 161.026 138.922 89.8531 53.8886 55.7328
internal_count=20572 7364 5637 4005 13208 3819 1727 2792
is_linear=0
shrinkage=0.025


Tree=79
num_leaves=9
num_cat=0
split_feature=1 62 43 19 61 18 18 0
split_gain=58.9331 21.9646 15.8546 11.0673 10.9947 9.63048 9.25713 5.58578
threshold=0.50802838802337658 0.58333333333333337 1.0000000180025095e-35 0.75497250000000016 0.72100950000000008 0.66227400000000014 0.73653400000000013 0.66263350000000021
decision_type=2 2 2 2 2 2 2 2
left_child=5 3 4 6 -3 -1 -2 -7
right_child=1 2 -4 -5 -6 7 -8 -9
leaf_value=-0.023619126297901478 0.0082404295398178073 -0.0022687829739649538 -0.020917487437016529 0.020111707915317474 0.014427351430346397 0.0013345510243488654 -0.010872658931585078 -0.018344201589852626
leaf_weight=57.771193915505137 171.7693569160474 132.29152738203993 22.183421772904694 47.49445329932496 28.13722473802045 21.924434336367995 15.383591994177548 12.353290456667308
leaf_count=10167 2778 3558 1275 643 474 756 269 819
internal_value=0.000399949 0.00442473 -0.00203526 0.00945857 0.000754928 -0.0174709 0.00653137 -0.00617104
internal_weight=509.308 417.26 182.612 234.647 160.429 92.0489 187.153 34.2777
internal_count=20739 8997 5307 3690 4032 11742 3047 1575
is_linear=0
shrinkage=0.025


Tree=80
num_leaves=9
num_cat=0
split_feature=9 62 2 19 60 22 61 22
split_gain=53.9472 27.7392 18.1843 15.7222 11.439 10.8727 15.7303 7.06684
threshold=0.71000000000000008 0.75000000000000011 0.57827115058898937 0.68236450000000015 0.68000000000000005 0.26363950000000008 0.72100950000000008 0.49192400000000008
decision_type=2 2 2 2 2 2 2 2
left_child=2 3 -1 -2 -5 -4 -7 -3
right_child=1 7 5 4 -6 6 -8 -9
leaf_value=-0.022412977722070741 -0.0041718314525906039 -0.014542301433178138 0.01190822329347724 0.0138676397503237 0.0012457654204944563 -0.022053802544664752 0.0066834028182480411 0.0024827918701724777
leaf_weight=64.988972039602231 49.231310269649839 44.880134273407748 18.139909704681486 198.26893340039533 60.110199445043691 25.949020602856763 18.91223687119782 20.789198274957016
leaf_count=10993 1259 2051 324 1943 1594 1498 296 690
internal_value=0.000551455 0.0053713 -0.0133142 0.00852976 0.0109922 -0.00341204 -0.0100108 -0.00912768
internal_weight=501.27 373.28 127.99 307.61 258.379 63.0012 44.8613 65.6693
internal_count=20648 7537 13111 4796 3537 2118 1794 2741
is_linear=0
shrinkage=0.025


Tree=81
num_leaves=9
num_cat=0
split_feature=9 29 47 62 67 0 61 18
split_gain=40.3977 27.2017 19.2171 20.9333 13.4346 8.19628 8.17822 3.53103
threshold=0.57000000000000017 0.91839300000000013 0.87193500000000013 0.41666666666666669 0.076556500000000013 0.45106650000000009 0.48477250000000005 0.6348585000000001
decision_type=2 2 2 2 2 2 2 2
left_child=4 2 3 -2 -1 7 -4 -6
right_child=1 -3 6 -5 5 -7 -8 -9
leaf_value=-0.023663380187060313 0.012890834489113373 0.022567441726965912 -0.0053994775004241012 -0.0059489624960623972 -0.003300920971668491 -0.021087918689920753 0.011624455515276638 0.01830136931689335
leaf_weight=50.463249698208529 42.182093227282166 38.891865415964276 19.110917354002595 217.77959097264102 6.5204066796577562 6.0205588578683082 108.52042506216094 8.9571448507485893
leaf_count=9225 737 153 262 8063 761 744 589 208
internal_value=0.000204759 0.00316385 0.00109174 -0.00278826 -0.0168424 0 0.00897354 0.00943528
internal_weight=498.446 426.485 387.593 259.962 71.9614 21.4981 127.631 15.4776
internal_count=20742 9804 9651 8800 10938 1713 851 969
is_linear=0
shrinkage=0.025


Tree=82
num_leaves=9
num_cat=0
split_feature=1 64 20 43 60 39 0 3
split_gain=47.7379 23.8911 22.9468 19.6526 23.5378 11.0432 9.34974 7.44473
threshold=0.45299632847309118 0.36222550000000003 0.71123300000000012 1.0000000180025095e-35 0.68000000000000005 1.0000000180025095e-35 0.38600000000000007 0.94988742470741283
decision_type=2 2 2 2 2 2 2 2
left_child=-1 2 6 4 -3 -5 -2 -4
right_child=1 3 7 5 -6 -7 -8 -9
leaf_value=-0.021352884773888997 -0.001779341568653078 0.013363892827111227 -0.012498011695689589 -0.029361824509290493 -0.0033817809472910278 0 -0.022569399364120918 0.0084092112629026317
leaf_weight=53.462172096464201 21.016717158141546 208.70188068080461 10.992985019809565 10.581727504904846 68.052558776107617 22.698248040629551 42.996238530497067 55.065101450076327
leaf_count=8904 916 2842 356 556 2012 881 3408 804
internal_value=0.000494478 0.00324996 -0.00565231 0.00702112 0.00922459 -0.0105744 -0.0161179 0.00455473
internal_weight=493.568 440.105 130.071 310.034 276.754 33.28 64.013 66.0581
internal_count=20679 11775 5484 6291 4854 1437 4324 1160
is_linear=0
shrinkage=0.025


Tree=83
num_leaves=9
num_cat=0
split_feature=9 62 65 2 60 67 61 0
split_gain=45.4358 25.2069 14.667 13.7004 12.2022 10.6188 7.04116 6.79946
threshold=0.57000000000000017 0.75000000000000011 0.51137600000000016 0.68278563022613536 0.68000000000000005 0.076556500000000013 0.91961550000000014 0.45466650000000003
decision_type=2 2 2 2 2 2 2 2
left_child=5 3 -3 4 -2 -1 -4 -7
right_child=1 2 6 -5 -6 7 -8 -9
leaf_value=-0.024118230676722075 0.0059365235231155803 -0.020026322559690408 -0.0026923712223841036 0.013161046200946443 -0.0076230322929103939 0.0065962732860510203 0.025746062099012614 -0.0211707429771383
leaf_weight=48.533812940520875 175.75398121110629 36.96686394874996 36.844655963592231 123.27643015247304 51.861363766263821 14.876956570442418 4.3022174146026364 6.1157006207795339
leaf_count=9334 2935 2425 1302 1330 1629 965 45 755
internal_value=0.000552325 0.00362694 -0.0090208 0.00649894 0.00277487 -0.0178854 0.00116284 -0.00230467
internal_weight=498.532 429.006 78.1137 350.892 227.615 69.5265 41.1469 20.9927
internal_count=20720 9666 3772 5894 4564 11054 1347 1720
is_linear=0
shrinkage=0.025


Tree=84
num_leaves=9
num_cat=0
split_feature=9 62 58 64 29 0 0 2
split_gain=42.769 20.7015 14.3813 14.0876 11.7554 10.2613 13.2409 9.83918
threshold=0.75000000000000011 0.75000000000000011 0.78166650000000015 0.25028250000000002 1.0000000180025095e-35 0.45106650000000009 0.80480000000000007 0.46497869491577154
decision_type=2 2 2 2 2 2 2 2
left_child=3 2 4 -1 -2 7 -7 -5
right_child=1 -3 -4 5 -6 6 -8 -9
leaf_value=-0.019307792196835604 0.00030381085456573584 -0.0092625420885112022 0.024747526935375286 -0.017678559792626544 0.011467912188610006 -0.019317972162013336 0.0064863628437820502 0.011052923824585323
leaf_weight=68.476061244167795 125.4833365395607 51.616299815810635 26.266579445917159 7.4215593333356074 111.80317122224369 37.109846103063319 16.482888333950541 32.904232156695798
leaf_count=10169 2423 2317 709 958 1026 1870 463 660
internal_value=-0.000449197 0.00490028 0.00775116 -0.0108102 0.00564727 -0.00426301 -0.0112989 0.00500249
internal_weight=477.564 315.169 263.553 162.395 237.287 93.9185 53.5927 40.3258
internal_count=20595 6475 4158 14120 3449 3951 2333 1618
is_linear=0
shrinkage=0.025


Tree=85
num_leaves=9
num_cat=0
split_feature=1 29 62 47 18 22 19 17
split_gain=41.3106 17.4081 17.5959 16.8062 8.93258 8.86686 4.89723 4.05181
threshold=0.48013089597225195 0.96721250000000014 0.41666666666666669 0.77480250000000017 0.74573450000000008 0.5006885000000002 0.69809650000000012 0.62547600000000003
decision_type=2 2 2 2 2 2 2 2
left_child=5 2 4 -4 -2 -1 7 -3
right_child=1 6 3 -5 -6 -7 -8 -9
leaf_value=-0.020039349684144489 0.015290466784029795 0.014835818568413385 -0.0061363078973726091 0.0055476135195471976 -0.013421163928625411 0.014405593437895825 0.024014982760701548 -0.016787503686517588
leaf_weight=63.464662908270839 65.027186701481696 3.2827795811463139 176.30219696706627 133.03574819280766 5.7186502153053871 3.3800704430905162 27.57149879867211 2.8599588652141392
leaf_count=10190 1071 23 7706 1377 47 92 92 31
internal_value=0.000101262 0.00308621 0.00148866 -0.001084 0.0125613 -0.0178208 0.0197945 0
internal_weight=480.643 413.798 380.084 309.338 70.7458 66.8447 33.7142 6.14274
internal_count=20629 10347 10201 9083 1118 10282 146 54
is_linear=0
shrinkage=0.025


Tree=86
num_leaves=9
num_cat=0
split_feature=1 29 2 64 19 19 39 22
split_gain=43.2252 24.1847 15.8352 14.5404 8.35329 7.50631 4.4706 4.1532
threshold=0.45632193982601171 0.52868100000000007 0.67536270618438732 0.36222550000000003 0.67448700000000017 0.76898500000000014 1.0000000180025095e-35 0.42636100000000005
decision_type=2 2 2 2 2 2 2 2
left_child=-1 2 3 -2 7 -4 -6 -3
right_child=1 4 5 -5 6 -7 -8 -9
leaf_value=-0.021120187689865719 -0.012451367918482951 -0.020469523468010835 0.0044070454699378465 0.00062273392705566475 0.00033231199502617654 0.02096054616411578 0.021279760671878336 0.009929360013746653
leaf_weight=51.006697769451421 75.829775815596804 4.1092122666886999 97.193903861800209 164.14727157462039 8.0555566186667402 19.902581273345277 55.497279542498291 3.1658846682403237
leaf_count=9063 4482 186 1606 4484 113 330 320 26
internal_value=0.000164731 0.00280583 0.000106163 -0.00354629 0.0159363 0.00758832 0.0188302 -0.00714372
internal_weight=478.908 427.901 357.074 239.977 70.8279 117.096 63.5528 7.2751
internal_count=20610 11547 10902 8966 645 1936 433 212
is_linear=0
shrinkage=0.025


Tree=87
num_leaves=9
num_cat=0
split_feature=19 29 47 39 17 62 61 44
split_gain=43.6509 21.3381 22.8474 18.9625 12.9734 8.25221 7.98107 7.448
threshold=0.68236450000000015 0.9893010000000001 0.92356600000000011 1.0000000180025095e-35 0.64335650000000011 0.41666666666666669 0.73258250000000003 0.49641000000000007
decision_type=2 2 2 2 2 2 2 2
left_child=4 2 3 -2 6 -6 7 -1
right_child=1 -3 -4 -5 5 -7 -8 -9
leaf_value=-0.024833006028101911 -0.017777462336609262 0.02314696212640964 0.012737523372555508 0.0014510510911183482 0.012175465491488549 -0.0088922491258797542 0.014615639607173721 0
leaf_weight=56.199967156033381 36.510079357161885 33.213029827456921 94.507031111046672 187.25306552700931 13.82054451832664 40.900663074411568 2.4376112059690049 8.6854367197811353
leaf_count=9443 1841 102 529 5527 345 2463 12 374
internal_value=0.00015231 0.00464475 0.00255804 -0.00178282 -0.0125916 -0.00319741 -0.0198066 -0.0216102
internal_weight=473.527 351.483 318.27 223.763 122.044 54.7212 67.323 64.8854
internal_count=20636 7999 7897 7368 12637 2808 9829 9817
is_linear=0
shrinkage=0.025


Tree=88
num_leaves=9
num_cat=0
split_feature=18 29 62 19 33 1 2 17
split_gain=39.3617 18.925 14.4361 13.2359 9.26872 6.06416 5.77395 4.76181
threshold=0.63595700000000011 0.89118900000000012 0.41666666666666669 0.70712000000000008 0.50000000000000011 0.64922118186950695 0.68431133031845104 0.65151550000000014
decision_type=2 2 2 2 2 2 2 2
left_child=4 2 5 -4 6 -2 -1 -6
right_child=1 -3 3 -5 7 -7 -8 -9
leaf_value=-0.024544151911922382 0 0.019128483555721634 -0.0083237441314561976 0.0024575763936539562 -0.013034391075513763 0.017606078999786747 0.0055066742091914129 0.019162799787874843
leaf_weight=48.592043637298048 16.960479045286775 37.863104342948645 104.45129856068525 211.60722151666414 3.0909166672208803 39.192651812918484 3.1922852564603081 4.4604451532068197
leaf_count=9220 407 178 4921 4853 583 404 32 110
internal_value=-1.95449e-05 0.00274584 0.000965948 -0.0011118 -0.01872 0.0124256 -0.0224163 0.00522891
internal_weight=469.41 410.075 372.212 316.059 59.3357 56.1531 51.7843 7.55136
internal_count=20708 10763 10585 9774 9945 811 9252 693
is_linear=0
shrinkage=0.025


Tree=89
num_leaves=9
num_cat=0
split_feature=2 29 2 44 19 9 19 61
split_gain=38.3075 20.2143 14.9354 14.7527 8.12387 5.43729 2.56421 2.04044
threshold=0.46497869491577154 0.96721250000000014 0.68278563022613536 0.098009500000000013 0.77163700000000002 0.9900000000000001 0.69809650000000012 0.70270150000000009
decision_type=2 2 2 2 2 2 2 2
left_child=5 2 3 -2 -4 7 -3 -1
right_child=1 6 4 -5 -6 -7 -8 -9
leaf_value=-0.02255957022586054 -0.010858287603251384 0.0024539004541247506 0.0048405638487464507 0.0014838711691282699 0.023256631012788884 0.0056524154608910233 0.023511291432554086 0.0058366378207528463
leaf_weight=50.233643885308993 90.654209546919446 5.6404386826325199 94.861138524138369 171.15073173202109 16.725503838388249 3.6204312484478569 26.956071961671114 0.44816828705370326
leaf_count=9248 5060 55 1478 4386 287 131 79 6
internal_value=-0.000503028 0.00215022 0.000433473 -0.00281129 0.00802783 -0.0198449 0.0204368 -0.0219541
internal_weight=460.29 405.988 373.392 261.805 111.587 54.3022 32.5965 50.6818
internal_count=20730 11345 11211 9446 1765 9385 134 9254
is_linear=0
shrinkage=0.025


Tree=90
num_leaves=9
num_cat=0
split_feature=1 34 60 39 29 47 14 21
split_gain=44.9408 18.0106 12.1248 14.0798 9.88929 9.11656 7.61688 6.88719
threshold=0.61030724644660961 0.047899500000000005 0.68000000000000005 1.0000000180025095e-35 0.31620650000000006 0.9999920000000001 1.0000000180025095e-35 0.87400000000000011
decision_type=2 2 2 2 2 2 2 2
left_child=1 7 3 -3 5 -2 -4 -1
right_child=4 2 6 -5 -6 -7 -8 -9
leaf_value=-0.021366423526823736 0.0010690518957611915 -0.016939717013168737 -0.0012296729121905263 0.0052575553755904196 0.015182594905661326 0.015595901234354104 -0.023342091038427673 0
leaf_weight=57.633479923388222 127.16278361651348 19.638168132150895 17.854193613049574 99.198460788611555 78.581827140995301 32.885622350499034 22.370149293637951 11.415240898146292
leaf_count=10035 3190 1330 628 2814 577 116 1618 421
internal_value=0.000414412 -0.00746967 -0.00270241 0.00130765 0.00798152 0.00425585 -0.0142279 -0.0179608
internal_weight=466.74 228.11 159.061 118.837 238.63 160.048 40.2243 69.0487
internal_count=20729 16846 6390 4144 3883 3306 2246 10456
is_linear=0
shrinkage=0.025


Tree=91
num_leaves=9
num_cat=0
split_feature=1 18 29 0 47 9 48 69
split_gain=38.7782 17.2587 13.888 13.8181 10.6836 8.86162 7.65762 7.4054
threshold=0.57105824351310741 0.67656500000000019 0.31620650000000006 0.63803350000000003 0.79627800000000015 0.78000000000000014 0.25536650000000005 0.22932050000000001
decision_type=2 2 2 2 2 2 2 2
left_child=1 4 -2 7 6 -4 -1 -3
right_child=2 3 5 -5 -6 -7 -8 -9
leaf_value=-0.0074614186298673953 0.0019155921502937144 -0.0022664032778007509 -0.0044740823534634494 -0.011841213955240964 0.0089878360453335658 0.01672709083670201 -0.025072600166270598 0.019597733131898831
leaf_weight=26.366437265300192 217.24529807525687 15.659214811224954 13.082361976848913 31.827648510341533 7.4852095891255876 77.523052105447277 53.738910200976534 19.955363204178866
leaf_count=4252 4962 419 303 1412 152 518 8225 372
internal_value=0.000287092 -0.00981788 0.00543066 -0.00014844 -0.0170098 0.0135544 -0.0196902 0.0101756
internal_weight=462.883 155.033 307.851 67.4422 87.5906 90.6054 80.1053 35.6146
internal_count=20615 14832 5783 2203 12629 821 12477 791
is_linear=0
shrinkage=0.025


Tree=92
num_leaves=9
num_cat=0
split_feature=1 60 39 9 43 20 14 66
split_gain=33.4982 17.8817 21.2346 13.9587 13.5861 12.6278 11.4418 10.3623
threshold=0.48178182542324072 0.68000000000000005 1.0000000180025095e-35 0.95350000000000013 1.0000000180025095e-35 0.68940150000000011 1.0000000180025095e-35 0.17883350000000001
decision_type=2 2 2 2 2 2 2 2
left_child=-1 2 4 -4 -2 7 -7 -3
right_child=1 5 3 -5 -6 6 -8 -9
leaf_value=-0.017243391473695257 -0.00051384832233006088 0.0066028192296905611 0.0046473906968100614 0.018193908960392881 -0.029373727829691255 0.01318745359742227 -0.0076447927497406802 -0.027663920899116175
leaf_weight=61.619830631869263 33.83835358422948 5.8528602083679315 174.59805533240433 65.839464962482452 12.989838168665299 22.313443021499552 48.87600175908301 22.204353864566656
leaf_count=10380 988 123 3922 597 754 256 2051 1612
internal_value=-0.000414989 0.00232353 0.0054924 0.00850729 -0.00954823 -0.00670185 -0.000830777 -0.0203025
internal_weight=448.132 386.512 287.266 240.438 46.8282 99.2467 71.1894 28.0572
internal_count=20683 10303 6261 4519 1742 4042 2307 1735
is_linear=0
shrinkage=0.025


Tree=93
num_leaves=9
num_cat=0
split_feature=19 62 2 43 44 9 0 17
split_gain=36.7536 20.1041 19.046 14.3488 12.8543 9.73276 8.56595 7.30095
threshold=0.68236450000000015 0.58333333333333337 0.68278563022613536 1.0000000180025095e-35 0.43680000000000002 0.71000000000000008 0.43566650000000001 0.7470205000000002
decision_type=2 2 2 2 2 2 2 2
left_child=2 5 4 6 -1 -2 -3 -7
right_child=1 3 -4 -5 -6 7 -8 -9
leaf_value=-0.020170792678635887 -0.0050342260679051764 0.013069344052345225 0.014002492669523603 -0.020132646658854017 0.00023768914195887423 0.013558199488870215 -0.001970249137489295 -0.010378994253014555
leaf_weight=80.245647464253125 21.328028440708295 27.445560926338658 13.8944681212306 21.275253263709601 24.19506261452625 147.15469777421094 117.18868971738266 6.6432552756741634
leaf_count=11748 634 673 153 1346 880 1941 3318 101
internal_value=0.000111323 0.00429703 -0.0117602 -0.00189739 -0.0154568 0.0101629 0.000971824 0.0123561
internal_weight=459.371 341.035 118.335 165.91 104.441 175.126 144.634 153.798
internal_count=20794 8013 12781 5337 12628 2676 3991 2042
is_linear=0
shrinkage=0.025


Tree=94
num_leaves=9
num_cat=0
split_feature=1 2 49 61 44 19 62 37
split_gain=32.8722 20.0329 22.7261 18.896 15.9975 6.195 6.68336 4.45299
threshold=0.45299632847309118 0.68278563022613536 1.0000000180025095e-35 0.4917160000000001 0.18109000000000003 0.76898500000000014 0.41666666666666669 1.0000000180025095e-35
decision_type=2 2 2 2 2 2 2 2
left_child=7 2 4 -4 -2 6 -3 -1
right_child=1 5 3 -5 -6 -7 -8 -9
leaf_value=-0.022397436632330785 -0.0048580888150096648 0.01605758554797793 -0.015344369444107301 0.00042356727752282337 0.016048194423904257 0.02192460760688832 0.0028463532073819383 0.0014545567327431787
leaf_weight=40.135884242889006 34.313887112628436 35.698377501685172 81.886499505722895 107.22011246177135 60.064438159315614 22.574973299400881 73.815504916594364 4.6096349087747504
leaf_count=8346 1292 317 5247 2615 806 334 1196 589
internal_value=4.21792e-05 0.00228372 -0.00144952 -0.00645411 0.00842623 0.0102539 0.00743085 -0.0198227
internal_weight=460.319 415.574 283.485 189.107 94.3783 132.089 109.514 44.7455
internal_count=20742 11807 9960 7862 2098 1847 1513 8935
is_linear=0
shrinkage=0.025


Tree=95
num_leaves=9
num_cat=0
split_feature=9 29 47 60 1 22 31 15
split_gain=31.2009 17.4914 13.9526 13.6373 8.3325 6.76699 4.71306 4.40047
threshold=0.57000000000000017 0.9893010000000001 0.9999920000000001 0.82000000000000017 0.60710546374320995 0.25133350000000004 0.58100750000000001 0.50324300000000011
decision_type=2 2 2 2 2 2 2 2
left_child=4 2 3 -2 6 -6 -1 -4
right_child=1 -3 7 -5 5 -7 -8 -9
leaf_value=-0.023388327474430513 0.0014307625554951468 0.020008744600970116 -0.0040860257215095102 -0.012840033051952793 0.018345154179720668 -0.012118511881994143 0.0075518823410889481 0.016373696340219842
leaf_weight=42.568262590371887 266.73531050368911 31.756560560781509 6.2590251001529387 47.499527761872741 5.5032090083695939 9.6044026276213099 2.0152706432127152 41.359237414319068
leaf_count=10208 6800 124 33 2545 52 566 229 171
internal_value=0.000187825 0.00278191 0.00114779 -0.000770248 -0.0163319 0 -0.0215646 0.013477
internal_weight=453.301 393.61 361.853 314.235 59.6911 15.1076 44.5835 47.6183
internal_count=20728 9673 9549 9345 11055 618 10437 204
is_linear=0
shrinkage=0.025


Tree=96
num_leaves=9
num_cat=0
split_feature=1 29 2 64 22 37 0 18
split_gain=36.2573 19.9839 10.5706 12.8443 5.11943 5.50015 4.92315 3.90967
threshold=0.48178182542324072 0.75473800000000013 0.67536270618438732 0.36222550000000003 0.50574450000000015 1.0000000180025095e-35 0.8430335000000001 0.67592250000000009
decision_type=2 2 2 2 2 2 2 2
left_child=4 2 3 -2 5 -1 -4 -3
right_child=1 7 6 -5 -6 -7 -8 -9
leaf_value=-0.022914704459862056 -0.011497915875137394 0 0.0082294984974745199 0.0013871477004092142 0.0095825881907168186 0.0012401985275948945 -0.007574531187380433 0.020678537115341847
leaf_weight=47.260043154412415 67.644002231274499 6.1360537102445951 109.56291567767039 154.53361495000718 2.374546500388532 5.8046375541307489 11.783602733863516 39.649705140385777
leaf_count=9544 3793 117 1527 4168 93 695 489 158
internal_value=3.87106e-05 0.00277778 0.000644172 -0.00256995 -0.0184923 -0.0201872 0.00653608 0.0179321
internal_weight=444.749 389.31 343.524 222.178 55.4392 53.0647 121.347 45.7858
internal_count=20584 10252 9977 7961 10332 10239 2016 275
is_linear=0
shrinkage=0.025


Tree=97
num_leaves=9
num_cat=0
split_feature=1 62 43 21 9 0 0 19
split_gain=34.212 16.5721 11.5367 9.70357 14.9154 10.0906 8.61008 3.83144
threshold=0.48178182542324072 0.58333333333333337 1.0000000180025095e-35 0.70400000000000007 0.78000000000000014 0.48220000000000002 0.43580000000000002 0.69084450000000008
decision_type=2 2 2 2 2 2 2 2
left_child=7 3 6 5 -5 -2 -3 -1
right_child=1 2 -4 4 -6 -7 -8 -9
leaf_value=-0.021400944175508974 0.0074676444382284907 0.010913125220325608 -0.018935863060691484 -0.0084654926174374812 0.015317923111520654 -0.0099659906426851613 -0.0032230120196915391 -0.0047205722404263682
leaf_weight=42.581179695131141 52.754248788434779 31.948397026892053 21.877762937976513 17.616532467771322 108.51319264899939 31.317142414976843 127.7894737283641 13.885461178491822
leaf_count=9531 1198 832 1514 322 1421 1044 3980 860
internal_value=9.89868e-05 0.00276433 -0.00272295 0.00752171 0.0118573 0.000805691 -0.000249354 -0.0177292
internal_weight=448.283 391.817 181.616 210.201 126.13 84.0714 159.738 56.4666
internal_count=20702 10311 6326 3985 1743 2242 4812 10391
is_linear=0
shrinkage=0.025


Tree=98
num_leaves=9
num_cat=0
split_feature=9 1 1 0 6 6 19 61
split_gain=32.0158 14.0838 11.4337 11.7755 9.84958 9.56782 8.67752 8.58827
threshold=0.73000000000000009 0.61030724644660961 0.51807814836502086 0.45106650000000009 0.56025950000000013 0.70364150000000014 0.64259250000000012 0.47513150000000004
decision_type=2 2 2 2 2 2 2 2
left_child=2 4 -1 -4 6 -5 -2 -6
right_child=1 -3 3 5 7 -7 -8 -9
leaf_value=-0.022551924776800587 -0.01618427417482806 0.0080615249159395087 0.005474896178181944 -0.024276837877760131 -0.01466991439867521 -0.00089822766333173441 0.011931337158487288 0
leaf_weight=39.036912146104441 6.2909442260279311 180.33743399009109 31.887915785046062 23.244452060782351 44.259732713602716 20.813445480423979 37.554141750559211 54.616396155674011
leaf_count=10026 330 2730 997 1792 2164 486 731 1347
internal_value=-0.000575844 0.00344516 -0.0118032 -0.0057452 -0.00236688 -0.0139139 0.00720363 -0.0067438
internal_weight=438.041 323.059 114.983 75.9458 142.721 44.0579 43.8451 98.8761
internal_count=20603 7302 13301 3275 4572 2278 1061 3511
is_linear=0
shrinkage=0.025


Tree=99
num_leaves=9
num_cat=0
split_feature=9 39 22 62 43 20 60 31
split_gain=27.8343 17.3788 15.3502 16.9913 11.9933 11.9749 9.48112 9.23373
threshold=0.57000000000000017 1.0000000180025095e-35 0.49192400000000008 0.41666666666666669 1.0000000180025095e-35 0.71123300000000012 0.68000000000000005 0.45217000000000002
decision_type=2 2 2 2 2 2 2 2
left_child=7 4 3 -3 5 -2 -4 -1
right_child=1 2 6 -5 -6 -7 -8 -9
leaf_value=-0.019852426442082724 -0.018803331926171493 0.014738946491941513 0.018275630684253807 -0.0020258230143423827 -0.029976151879409815 0.0059069458008252111 -0.00031995212982164625 0.01041513064818598
leaf_weight=49.824315242149169 17.717065097924205 44.83544215967413 63.66804229398258 192.06481065164553 12.375246760522712 30.079622364399256 22.032773154322058 5.5729227177071143
leaf_count=10342 1008 658 554 5015 692 517 1126 589
internal_value=-0.000164787 0.0022414 0.00456591 0.00121249 -0.00984638 -0.00348927 0.0135111 -0.01642
internal_weight=438.17 382.773 322.601 236.9 60.1719 47.7967 85.7008 55.3972
internal_count=20501 9570 7353 5673 2217 1525 1680 10931
is_linear=0
shrinkage=0.025


Tree=100
num_leaves=9
num_cat=0
split_feature=1 60 44 20 9 49 47 19
split_gain=30.4888 15.0074 13.8389 13.827 10.1889 9.90445 10.7353 9.04772
threshold=0.56782948970794689 0.68000000000000005 0.054404500000000001 0.67350250000000011 0.91800000000000015 1.0000000180025095e-35 0.80616900000000002 0.68889100000000003
decision_type=2 2 2 2 2 2 2 2
left_child=2 4 -1 -3 -2 7 -7 -4
right_child=1 3 5 -5 -6 6 -8 -9
leaf_value=-0.01880897687218628 0.003472937272468609 -0.029304023582601393 -0.0058987780590725944 0 0.014271612279873783 -0.021326446672274926 0.0039975236533388555 0.015018597885600567
leaf_weight=53.19209263920493 130.16507415758679 9.8742958092188911 23.00006263294199 65.888146504410543 97.617678140755743 24.481917842203984 15.672948956838807 24.507530508330092
leaf_count=10313 2490 596 1286 2017 917 2449 264 427
internal_value=0.000546363 0.00501721 -0.00897128 -0.00447159 0.00821735 -0.00263188 -0.0115436 0.00491109
internal_weight=444.4 303.545 140.855 75.7624 227.783 87.6625 40.1549 47.5076
internal_count=20759 6020 14739 2613 3407 4426 2713 1713
is_linear=0
shrinkage=0.025


Tree=101
num_leaves=9
num_cat=0
split_feature=9 62 29 31 46 16 2 20
split_gain=26.1353 18.1734 12.3881 12.3759 9.9986 9.67361 9.44892 5.85346
threshold=0.73000000000000009 0.75000000000000011 1.0000000180025095e-35 0.5186845000000001 0.59845300000000012 0.60695300000000019 0.58388009667396557 0.71231600000000006
decision_type=2 2 2 2 2 2 2 2
left_child=3 2 4 6 -2 -4 -1 -8
right_child=1 -3 5 -5 -6 -7 7 -9
leaf_value=-0.02065289792071379 0.0041920916404402323 -0.0091938730318794678 -0.019899852598604984 0.015710789211131969 -0.013028572090485586 0.013095677747271448 0 -0.017711194294188052
leaf_weight=48.938986437460699 107.95382351140142 55.026464325783309 3.9034918993129386 8.5341454200097342 24.008847181452438 126.28372780530481 40.322294835263165 14.571856530732473
leaf_count=10728 2145 2638 125 464 1013 1374 1521 422
internal_value=-6.89789e-05 0.0035882 0.0063489 -0.0103398 0.000855301 0.0117635 -0.0128082 -0.0052026
internal_weight=429.544 317.176 262.15 112.367 131.963 130.187 103.833 54.8942
internal_count=20430 7295 4657 13135 3158 1499 12671 1943
is_linear=0
shrinkage=0.025


Tree=102
num_leaves=9
num_cat=0
split_feature=9 29 39 47 62 15 47 67
split_gain=29.1858 18.0548 13.5026 14.5885 11.3728 7.25833 2.16209 2.56832
threshold=0.57000000000000017 0.9893010000000001 1.0000000180025095e-35 0.92356600000000011 0.41666666666666669 0.70919750000000004 0.87193500000000013 0.40703000000000006
decision_type=2 2 2 2 2 2 2 2
left_child=5 2 3 -2 -4 6 7 -1
right_child=1 -3 4 -5 -6 -7 -8 -9
leaf_value=-0.022747459243926599 -0.019253533904927456 0.019692660639990527 0.013731498263267953 0.0063800363618059979 0.00047132028204332056 0.0084540795282445277 0.0017756845024019523 -0.00022009511874984583
leaf_weight=43.071206906337466 37.262877376386314 31.852792295161635 47.14697668311419 19.666555522708222 236.40283072995953 4.801067598455119 1.8002757228678081 4.1707740727724731
leaf_count=10280 2093 124 699 144 6593 276 64 392
internal_value=-0.000224691 0.00227381 0.000516849 -0.010355 0.00278314 -0.0170991 -0.0199808 -0.0210006
internal_weight=426.175 372.332 340.479 56.9294 283.55 53.8433 49.0423 47.242
internal_count=20665 9653 9529 2237 7292 11012 10736 10672
is_linear=0
shrinkage=0.025


Tree=103
num_leaves=9
num_cat=0
split_feature=9 29 2 1 22 39 22 21
split_gain=33.1316 16.6978 15.3407 11.3104 12.8966 9.74426 7.84505 7.7005
threshold=0.75000000000000011 1.0000000180025095e-35 0.68759378790855419 0.48178182542324072 0.19813650000000002 1.0000000180025095e-35 0.43536650000000005 0.87400000000000011
decision_type=2 2 2 2 2 2 2 2
left_child=3 2 -2 -1 -5 -3 -4 -6
right_child=1 5 6 4 7 -7 -8 -9
leaf_value=-0.022098080675019612 -0.0058221843815921288 -0.0047167499699105617 0.015242355185302803 0.019569161786404166 -0.012562217179271787 0.013838540116680197 -0.01133040411939828 0.0028754749459109982
leaf_weight=32.702008279549773 106.12165676173754 18.936812032712623 40.11282207001932 9.6338015548826643 68.863246559994877 122.92739478382282 6.4680557437241069 26.337225653696805
leaf_count=9223 3634 566 369 181 4296 1506 441 503
internal_value=0.000422956 0.00516412 -0.000540082 -0.00960611 -0.00529842 0.0112784 0.0110836 -0.00824293
internal_weight=432.103 294.567 152.703 137.536 104.834 141.864 46.5809 95.2005
internal_count=20719 6516 4444 14203 4980 2072 810 4799
is_linear=0
shrinkage=0.025


Tree=104
num_leaves=9
num_cat=0
split_feature=1 49 61 19 9 61 6 16
split_gain=29.783 13.6604 16.0764 12.3054 11.1068 8.14145 11.6539 8.09118
threshold=0.5912856161594392 1.0000000180025095e-35 0.48281650000000004 0.68889100000000003 0.81800000000000006 0.48363350000000005 0.60703900000000022 0.71284100000000017
decision_type=2 2 2 2 2 2 2 2
left_child=1 3 -3 -1 -2 6 -6 -7
right_child=4 2 -4 -5 5 7 -8 -9
leaf_value=-0.009410076533627753 -0.0021508685049710595 -0.023714199242987885 -0.0024627150174203641 0.010043448707538878 0.013615761638646008 0.016551738697972444 -0.011959155270165563 0.0026430690219100268
leaf_weight=43.540457928727847 87.171357135433936 52.808677587534476 39.743798175710253 34.618216687114909 17.751116778235883 80.303531916812062 23.45189018372912 41.629239031113684
leaf_count=5223 2091 8522 1422 827 243 1079 439 885
internal_value=-0.000503486 -0.00851603 -0.0149129 -0.000664507 0.00495558 0.00877838 -0.000647099 0.011983
internal_weight=421.018 170.711 92.5525 78.1587 250.307 163.136 41.203 121.933
internal_count=20731 15994 9944 6050 4737 2646 682 1964
is_linear=0
shrinkage=0.025


Tree=105
num_leaves=9
num_cat=0
split_feature=1 29 47 0 9 48 65 15
split_gain=24.0721 13.1366 13.5996 9.1303 6.54565 3.27431 5.34836 2.95541
threshold=0.48013089597225195 0.9893010000000001 0.9999920000000001 0.48566650000000006 0.75000000000000011 0.25536650000000005 0.50797650000000016 0.50324300000000011
decision_type=2 2 2 2 2 2 2 2
left_child=4 2 3 -2 -1 -6 -7 -4
right_child=1 -3 7 -5 5 6 -8 -9
leaf_value=-0.023039091949350995 0.0052647667583477871 0.017376611786984627 -0.0023971407621572079 -0.0042052524566654282 0.0095859100697709976 -0.018427985902553661 0.011776662002066077 0.015764560482621291
leaf_weight=30.946575907990336 87.936221634619869 29.496643705293536 5.1529454952105871 213.32300411329197 5.6377081178361577 10.543649601546347 3.2768960079119998 37.391707226051949
leaf_count=9179 2760 127 31 7367 215 798 100 177
internal_value=-0.000283524 0.00191622 0.000475275 -0.00139977 -0.0161694 -0.00376525 -0.0102089 0.0133876
internal_weight=423.705 373.301 343.804 301.259 50.4048 19.4583 13.8205 42.5447
internal_count=20754 10462 10335 10127 10292 1113 898 208
is_linear=0
shrinkage=0.025


Tree=106
num_leaves=9
num_cat=0
split_feature=1 61 49 47 0 66 44 61
split_gain=28.9676 12.3803 15.7088 18.9569 9.75425 6.99592 6.90306 4.40522
threshold=0.46938608586788183 0.72100950000000008 1.0000000180025095e-35 0.74884650000000008 0.71008700000000013 0.84516650000000004 0.18109000000000003 0.53044100000000005
decision_type=2 2 2 2 2 2 2 2
left_child=7 2 6 -4 -3 -6 -2 -1
right_child=1 4 3 -5 5 -7 -8 -9
leaf_value=-0.021189133911954563 3.6768434051957209e-05 -0.018451105427969513 -0.011008619527267893 0.0033578397486341382 0.018584364852385789 -0.0092173826242090955 0.014140666162165179 0.0091165591177146295
leaf_weight=40.985158127550676 37.241888447169913 3.9484588231425723 109.29713890051062 115.97155535430647 46.960265354719013 4.801610996015369 53.826387627050281 1.7843206234974776
leaf_count=9673 1169 72 6276 1345 1124 171 780 65
internal_value=-0.000388911 0.00186932 -4.94228e-05 -0.0036151 0.0125185 0.0156189 0.00857827 -0.0194065
internal_weight=414.817 372.047 316.337 225.269 55.7103 51.7619 91.0683 42.7695
internal_count=20675 10937 9570 7621 1367 1295 1949 9738
is_linear=0
shrinkage=0.025


Tree=107
num_leaves=9
num_cat=0
split_feature=20 29 2 9 33 6 2 19
split_gain=23.0266 17.0005 13.9719 11.7042 8.46047 5.14464 3.05575 2.63886
threshold=0.61852050000000014 0.89118900000000012 0.71571186184883129 0.73000000000000009 0.50000000000000011 0.71611600000000009 0.53308916091918956 0.68646300000000016
decision_type=2 2 2 2 2 2 2 2
left_child=4 2 3 -2 -1 -4 -6 -3
right_child=1 7 5 -5 6 -7 -8 -9
leaf_value=-0.023521758611842289 -0.011698992909497122 0 0.0034458706137252496 0.00033651151137057485 -0.012007543806793104 0.018744728546234744 0.015319326796447957 0.019699719993114463
leaf_weight=31.135041523411928 62.943353795933945 4.6185338099021456 31.726098538259976 221.72196050488856 2.0830160579062058 26.315996933495626 4.6109772908966988 32.529258273192681
leaf_count=7794 5129 70 449 5926 543 459 121 122
internal_value=-0.000152246 0.00171728 -4.35017e-05 -0.00236159 -0.0182567 0.0109005 0.00514709 0.0173253
internal_weight=417.684 379.855 342.707 284.665 37.829 58.0421 6.69399 37.1478
internal_count=20613 12155 11963 11055 8458 908 664 192
is_linear=0
shrinkage=0.025


Tree=108
num_leaves=9
num_cat=0
split_feature=61 34 0 9 64 0 0 15
split_gain=28.5861 19.4551 16.6402 10.3684 13.2756 11.5201 8.24988 8.14282
threshold=0.48363350000000005 0.055688000000000008 0.48566650000000006 0.81800000000000006 0.87941500000000017 0.80456700000000014 0.85136650000000014 0.66997350000000011
decision_type=2 2 2 2 2 2 2 2
left_child=1 -1 7 4 5 -2 -5 -3
right_child=3 2 -4 6 -6 -7 -8 -9
leaf_value=-0.019760211082956496 -0.0055388508294448493 -0.0035686193405389064 -0.012632457806489368 0.011863129979903526 -0.018077667582025149 0.016265829342867841 -0.0074463583106167686 0.01142436136573762
leaf_weight=51.670022934144072 29.774338031624211 38.842896000081964 54.220515195738699 134.18517154129222 19.550740104867145 26.73664252483286 13.551902204519136 48.214412447763607
leaf_count=10120 978 2078 2845 1883 613 450 702 908
internal_value=6.87834e-05 -0.00692657 -0.00197022 0.00614096 -0.0012574 0.00485263 0.00996598 0.00472072
internal_weight=416.747 192.948 141.278 223.799 76.0617 56.511 147.737 87.0573
internal_count=20577 15951 5831 4626 2041 1428 2585 2986
is_linear=0
shrinkage=0.025


Tree=109
num_leaves=9
num_cat=0
split_feature=1 49 61 1 60 32 29 19
split_gain=25.955 12.5347 13.7332 11.4267 11.1176 9.15477 7.43813 9.11861
threshold=0.61030724644660961 1.0000000180025095e-35 0.47254750000000006 0.43643447756767279 0.68000000000000005 0.10023000000000001 0.52868100000000007 0.75497250000000016
decision_type=2 2 2 2 2 2 2 2
left_child=1 3 -3 -1 6 -4 7 -2
right_child=4 2 5 -5 -6 -7 -8 -9
leaf_value=-0.016671895287915208 0.0015902241462045525 -0.021098289458323261 -0.014017367764458957 0.0053906988085203437 -0.0038228464138542195 0.0045729211452629837 0.018788605811163817 0.016086223410589375
leaf_weight=16.379680981735874 90.390806806914043 50.712722985190339 27.13386765436735 70.147069694539823 51.183446812996408 35.916407971235458 38.435567268636078 37.970446948893368
leaf_count=3965 1588 8318 1368 2158 1827 898 157 325
internal_value=0.000194329 -0.00625163 -0.011637 0.00084719 0.00615424 -0.00349716 0.00926927 0.00611681
internal_weight=418.27 200.29 113.763 86.5268 217.98 63.0503 166.797 128.361
internal_count=20604 16707 10584 6123 3897 2266 2070 1913
is_linear=0
shrinkage=0.025


Tree=110
num_leaves=9
num_cat=0
split_feature=2 34 2 17 60 22 29 62
split_gain=26.2424 10.1306 9.77865 8.5773 7.32921 6.32448 5.67841 6.4654
threshold=0.57335239648818981 0.28014850000000008 0.68278563022613536 0.61923800000000007 0.82000000000000017 0.51114950000000003 0.60023650000000017 0.41666666666666669
decision_type=2 2 2 2 2 2 2 2
left_child=1 -1 3 5 -5 -2 7 -4
right_child=2 -3 6 4 -6 -7 -8 -9
leaf_value=-0.016989517409749775 -0.014729031186739367 -0.0027069779990602991 0.016097782477109787 0.0062421055217452351 -0.0090009992370188776 0.0078857524923069532 0.022086275928122158 0.0022325791674921167
leaf_weight=59.381351794661896 31.666452152770944 67.62613506460184 29.963972611585632 100.55253605809412 22.223769382282626 8.1667590949218702 17.676707677543163 68.574326643138193
leaf_count=11165 1431 3117 321 1993 788 275 78 1422
internal_value=-0.000253082 -0.00960267 0.0040171 0 0.00332279 -0.00975784 0.00948862 0.00675973
internal_weight=405.832 127.007 278.825 162.61 122.776 39.8332 116.215 98.5383
internal_count=20590 14282 6308 4487 2781 1706 1821 1743
is_linear=0
shrinkage=0.025


Tree=111
num_leaves=9
num_cat=0
split_feature=18 39 22 55 18 62 60 31
split_gain=23.7509 15.1747 14.3598 11.8921 12.6814 11.8589 7.59317 4.07171
threshold=0.63540000000000008 1.0000000180025095e-35 0.49192400000000008 1.0000000180025095e-35 0.7238635000000001 0.41666666666666669 0.68000000000000005 0.5186845000000001
decision_type=2 2 2 2 2 2 2 2
left_child=7 3 5 4 -2 -3 -4 -1
right_child=1 2 6 -5 -6 -7 -8 -9
leaf_value=-0.020160770237626018 -0.012088786707428424 0.012703429037563092 0.017708771440206252 -0.02896392791567471 0.014015636929845249 -0.0021871618698796648 -0.00010965607826436226 0.0060718108128494444
leaf_weight=39.428945294814184 32.505449426098494 38.695915383344982 54.555806567892432 13.419679608821751 15.452733526937662 184.22668983755284 19.153398088994436 2.7111305622092905
leaf_count=9516 1498 697 540 1046 141 5829 1121 331
internal_value=-0.000787972 0.00131872 0.0036881 -0.00976891 -0.00330312 0.000454244 0.013099 -0.0181045
internal_weight=400.15 358.01 296.632 61.3779 47.9582 222.923 73.7092 42.1401
internal_count=20719 10872 8187 2685 1639 6526 1661 9847
is_linear=0
shrinkage=0.025


Tree=112
num_leaves=9
num_cat=0
split_feature=1 9 9 21 29 64 62 3
split_gain=28.6224 12.7814 10.2881 9.70128 8.74384 7.49636 6.23157 5.99994
threshold=0.61030724644660961 0.29000000000000009 0.78000000000000014 0.77400000000000013 0.82953200000000005 0.39155850000000009 0.58333333333333337 0.96167990565299999
decision_type=2 2 2 2 2 2 2 2
left_child=1 -1 7 -4 5 -3 -5 -2
right_child=2 4 3 6 -6 -7 -8 -9
leaf_value=-0.022431467768242751 0.0022933739438569605 -0.013441642794496382 -0.0029325605682927478 0.015964158008555104 0.015509376509468587 -0.0016895381819037225 0.0037760541965783305 -0.015436872334481317
leaf_weight=26.640552534721792 35.71425302803982 50.80099976832571 30.599140696460381 90.523676054785028 11.017831152596044 101.95127122799749 41.211434441851452 15.259757038555106
leaf_count=8909 762 4006 581 1244 107 3672 740 558
internal_value=5.86011e-05 -0.00693004 0.0063383 0.00939933 -0.00412296 -0.00576962 0.0123209 -0.00325525
internal_weight=403.719 190.411 213.308 162.334 163.77 152.752 131.735 50.974
internal_count=20579 16694 3885 2565 7785 7678 1984 1320
is_linear=0
shrinkage=0.025


Tree=113
num_leaves=9
num_cat=0
split_feature=1 64 60 20 39 22 19 39
split_gain=22.8334 14.6188 10.1126 10.5834 9.62049 8.33085 7.15402 7.1243
threshold=0.61030724644660961 0.37513750000000007 0.68000000000000005 0.7015840000000001 1.0000000180025095e-35 0.41066550000000007 0.70275950000000009 1.0000000180025095e-35
decision_type=2 2 2 2 2 2 2 2
left_child=1 5 7 -4 -3 -1 -6 -2
right_child=2 4 3 -5 6 -7 -8 -9
leaf_value=-0.017836109929023149 -0.0030542743453858263 -0.01604725084134356 -0.02073423580616705 0.003305193033604493 -0.0042528397682543104 0.0053752494847316042 0.0087305314954207527 0.011224222578137212
leaf_weight=64.364528922764293 24.243377646489535 18.914036820518959 13.95334281484247 37.911776241147891 48.33615180234483 9.8270208582398464 53.409452959196642 132.74709067429649
leaf_count=11109 456 1556 538 1318 2458 525 1002 1598
internal_value=7.97876e-05 -0.00602507 0.00581399 -0.00355266 -0.000537507 -0.0146028 0.00252717 0.0089614
internal_weight=403.707 194.851 208.856 51.8651 120.66 74.1915 101.746 156.99
internal_count=20560 16650 3910 1856 5016 11634 3460 2054
is_linear=0
shrinkage=0.025


Tree=114
num_leaves=9
num_cat=0
split_feature=19 39 47 46 0 2 29 79
split_gain=21.4245 12.965 15.3735 12.0407 11.7496 9.21734 9.1972 6.2285
threshold=0.68236450000000015 1.0000000180025095e-35 0.91020450000000019 0.59845300000000012 0.80776700000000012 0.68278563022613536 0.60023650000000017 1.0000000180025095e-35
decision_type=2 2 2 2 2 2 2 2
left_child=5 2 7 6 -5 -1 -3 -2
right_child=1 3 -4 4 -6 -7 -8 -9
leaf_value=-0.013068207529149074 -0.022640615057379514 0.0056291124394127097 0.0071388125829000785 -0.01895396245808266 0.0039459203679886833 0.009624852924948241 0.019927870760410388 0.014818270609202728
leaf_weight=86.572131274806452 27.442536152040706 162.28951079299441 21.601499085663818 20.310575746698305 35.247260489268228 10.946594042470677 33.786218860070221 1.4568880188744504
leaf_count=12489 1776 3543 164 784 1488 148 178 18
internal_value=-0.000218365 0.00305839 -0.00822624 0.00539971 -0.00466312 -0.0103033 0.00830716 -0.0196726
internal_weight=399.653 302.134 50.5009 251.634 55.5578 97.5187 196.076 28.8994
internal_count=20588 7951 1958 5993 2272 12637 3721 1794
is_linear=0
shrinkage=0.025


Tree=115
num_leaves=9
num_cat=0
split_feature=9 29 2 0 31 61 0 1
split_gain=22.6716 15.5728 14.4394 13.383 9.34854 5.97283 3.75809 2.72103
threshold=0.57000000000000017 0.9893010000000001 0.6687772572040559 0.48566650000000006 0.36100750000000004 0.50715900000000003 0.42830000000000007 0.48965796828269964
decision_type=2 2 2 2 2 2 2 2
left_child=4 2 3 -2 -1 -4 7 -6
right_child=1 -3 5 -5 6 -7 -8 -9
leaf_value=-0.020808771239070351 0.0050653601344182566 0.01904464531825726 -0.0022400107050586718 -0.0080294761189285361 -0.006934971588170611 0.010805517134111167 -0.012969106562911323 0.023317544274062449
leaf_weight=37.8897745961076 75.616118486927007 30.581121583469212 26.762772212503478 128.14196887335856 1.0648210977305996 90.812000569887459 2.1103887295175809 4.7656117597362027
leaf_count=10053 2194 130 462 5333 356 1492 440 135
internal_value=0.000363402 0.00256314 0.000863304 -0.00313144 -0.0157715 0.00778553 0.00686009 0.0164746
internal_weight=397.745 351.914 321.333 203.758 45.8306 117.575 7.94082 5.83043
internal_count=20595 9611 9481 7527 10984 1954 931 491
is_linear=0
shrinkage=0.025


Tree=116
num_leaves=9
num_cat=0
split_feature=39 29 62 19 19 19 34 46
split_gain=23.2712 17.6182 13.2353 12.6575 11.2351 6.79426 5.36206 5.23787
threshold=1.0000000180025095e-35 0.31620650000000006 0.41666666666666669 0.74607200000000018 0.71834350000000013 0.66869800000000013 0.10632750000000001 0.58423250000000004
decision_type=2 2 2 2 2 2 2 2
left_child=3 2 6 -1 -4 -3 -2 -7
right_child=1 5 4 -5 -6 7 -8 -9
leaf_value=-0.021552204538590875 -0.0051184027590079192 -0.0080089647122957523 -0.009221248719052803 0.0018766085256750912 0.0024485489576266126 0.017304723314222854 0.016479623472341758 0
leaf_weight=42.321567540624528 7.5647460867985492 7.8073531914560581 106.28523042261077 20.078908065072028 95.682173707697075 62.953022867848631 30.712904875195818 13.80749578331597
leaf_count=5043 505 845 9678 396 2561 614 677 306
internal_value=-0.000321908 0.00236681 -0.00108033 -0.0140728 -0.00368611 0.012045 0.0119828 0.0143315
internal_weight=387.213 324.813 240.245 62.4005 201.967 84.5679 38.2777 76.7605
internal_count=20625 15186 13421 5439 12239 1765 1182 920
is_linear=0
shrinkage=0.025


Tree=117
num_leaves=9
num_cat=0
split_feature=64 60 43 66 14 2 16 39
split_gain=21.8603 12.9594 14.5595 12.0139 9.58972 12.5273 7.70669 7.62158
threshold=0.24455000000000002 0.68000000000000005 1.0000000180025095e-35 0.66160000000000008 1.0000000180025095e-35 0.73599910736083995 0.60695300000000019 1.0000000180025095e-35
decision_type=2 2 2 2 2 2 2 2
left_child=3 2 6 -1 -3 -6 -2 -4
right_child=1 4 7 -5 5 -7 -8 -9
leaf_value=-0.014004391564922739 -0.0051086939936916924 0.0048961199750004814 -0.026772749649917507 0.0083508027094211686 -0.017935104285909283 0.014300025711459059 0.010296899639488155 0.0021396111799580802
leaf_weight=84.109746501017071 21.065533593675354 32.127034328121226 9.7384609264045139 16.357617251327611 39.526031827321276 7.3689211606979361 172.17966630168667 9.6937205796130002
leaf_count=11625 1099 758 829 308 2607 244 3117 183
internal_value=-0.000240753 0.0032098 0.00642324 -0.0101995 -0.00529125 -0.0123387 0.008544 -0.0131462
internal_weight=392.167 291.699 212.677 100.467 79.022 46.895 193.245 19.4322
internal_count=20770 8837 5228 11933 3609 2851 4216 1012
is_linear=0
shrinkage=0.025


Tree=118
num_leaves=9
num_cat=0
split_feature=19 60 39 43 17 0 22 17
split_gain=22.6308 14.7261 13.2532 10.062 7.79793 13.297 7.47389 7.14466
threshold=0.68236450000000015 0.68000000000000005 1.0000000180025095e-35 1.0000000180025095e-35 0.63418550000000007 0.80776700000000012 0.50784000000000018 0.62110100000000013
decision_type=2 2 2 2 2 2 2 2
left_child=7 2 3 -2 5 -3 -4 -1
right_child=1 4 6 -5 -6 -7 -8 -9
leaf_value=-0.020010675563384161 0.0011244763932883877 -0.01137929458618186 0.0063322027604376238 -0.026852166074896589 -0.014860421307471472 0.015283018139073165 0.018799037672269772 -0.0052014717924930799
leaf_weight=32.967454911842651 25.73232150223339 23.239595182181802 142.45711889720405 9.2964765310753119 33.161713120804052 19.720253554871306 39.139304439304397 58.486450087759295
leaf_count=7793 795 950 2883 632 1803 600 343 4795
internal_value=-0.000197193 0.00318302 0.00651096 -0.00714715 -0.0061158 0.000828344 0.00923553 -0.0109342
internal_weight=384.201 292.747 216.625 35.0288 76.1216 42.9598 181.596 91.4539
internal_count=20594 8006 4653 1427 3353 1550 3226 12588
is_linear=0
shrinkage=0.025


Tree=119
num_leaves=9
num_cat=0
split_feature=29 2 34 61 27 39 1 19
split_gain=22.04 17.9055 13.5897 7.7098 6.87295 6.73953 6.60468 5.84513
threshold=0.91839300000000013 0.67536270618438732 0.19531100000000004 0.48759600000000008 1.0000000180025095e-35 1.0000000180025095e-35 0.67529168725013744 0.68063400000000007
decision_type=2 2 2 2 2 2 2 2
left_child=1 2 3 -1 6 -4 -3 -2
right_child=7 4 5 -5 -6 -7 -8 -9
leaf_value=-0.019893217649887728 -0.0052901488538744362 -0.013754551072146098 -0.013282302326686524 -0.0016346414474961446 0.013076326699474707 3.0694844406525979e-05 0.0049158229537595421 0.022989031269915767
leaf_weight=52.331032394744398 4.1437780124324517 13.533311286359092 26.110082297906047 21.479382706689648 46.894053046242334 146.62061216380971 47.540028752409853 27.249637649161741
leaf_count=11074 132 356 1695 832 733 4698 883 122
internal_value=-0.00046108 -0.00229664 -0.00601713 -0.0148621 0.00608572 -0.00206778 0.000354766 0.0189384
internal_weight=385.902 354.509 246.541 73.8104 107.967 172.731 61.0733 31.3934
internal_count=20525 20271 18299 11906 1972 6393 1239 254
is_linear=0
shrinkage=0.025


Tree=120
num_leaves=9
num_cat=0
split_feature=2 60 39 34 61 47 62 16
split_gain=18.8896 15.7784 13.1935 10.8616 7.049 6.14148 5.35333 6.43475
threshold=0.68278563022613536 0.68000000000000005 1.0000000180025095e-35 0.055688000000000008 0.91961550000000014 0.95024300000000006 0.41666666666666669 0.60856150000000009
decision_type=2 2 2 2 2 2 2 2
left_child=1 2 -1 -4 5 -3 -2 -8
right_child=6 4 3 -5 -6 -7 7 -9
leaf_value=-0.014608569163963081 0.016349795522607458 -0.01944269295593383 -0.0088025109116880006 0.005654584428489786 0.018646117825979823 0 -0.012856708232631939 0.0070528113524342285
leaf_weight=32.526212043660053 33.372899227193557 53.26807269683195 40.217709144519176 136.69756371730182 2.0791851021349421 12.18571818852797 9.7114850505022314 70.171154087525792
leaf_count=3969 333 6036 5209 3476 29 133 247 1259
internal_value=-0.00036695 -0.00390074 -0.0004338 0.00226451 -0.0142232 -0.0159004 0.00812784 0.00428587
internal_weight=390.23 276.974 209.441 176.915 67.533 65.4538 113.256 79.8826
internal_count=20691 18852 12654 8685 6198 6169 1839 1506
is_linear=0
shrinkage=0.025


Tree=121
num_leaves=9
num_cat=0
split_feature=2 49 24 21 9 1 16 6
split_gain=16.7666 10.7938 11.6854 7.43304 7.17729 6.64985 8.34004 6.09928
threshold=0.57966452836990368 1.0000000180025095e-35 1.0000000180025095e-35 0.87400000000000011 0.95350000000000013 0.68317779898643505 0.60856150000000009 0.53018700000000007
decision_type=2 2 2 2 2 2 2 2
left_child=1 2 3 -1 5 7 -7 -2
right_child=4 -3 -4 -5 -6 6 -8 -9
leaf_value=-0.016293893209162493 0.010520794584431122 -0.015120922966505419 0.0089358458063439686 0.018680190355168637 0.010006529187400923 -0.017032895859621932 0.012291434462163756 -0.004352474693745635
leaf_weight=26.213508724609714 17.853685088950442 64.485687849548412 34.421250722858531 2.4975905800238243 64.700205509376246 5.0581433720653868 41.729699749615975 122.56418386375299
leaf_count=4228 517 8804 1544 34 1091 115 664 3643
internal_value=-0.000757831 -0.00808578 -0.000541012 -0.0119889 0.00295949 0.000404291 0.00839923 -0.00228754
internal_weight=379.524 127.618 63.1324 28.7111 251.906 187.206 46.7878 140.418
internal_count=20640 14610 5806 4262 6030 4939 779 4160
is_linear=0
shrinkage=0.025


Tree=122
num_leaves=9
num_cat=0
split_feature=2 29 34 1 61 19 69 0
split_gain=20.443 11.9234 10.0058 6.93234 6.19109 5.93049 4.90485 4.40717
threshold=0.67536270618438732 0.9893010000000001 0.19774200000000003 0.45146444439888006 0.71629350000000003 0.77163700000000002 0.44871700000000009 0.71008700000000013
decision_type=2 2 2 2 2 2 2 2
left_child=1 2 4 -4 -1 6 -2 -8
right_child=5 -3 3 -5 -6 -7 7 -9
leaf_value=-0.015987204815069 0.014897522531039341 0.013687130823701155 -0.021078863305207134 -0.0013857761628740502 0.0087368185701681284 0.020937942002284458 -0.0098021916823420874 0.0046933876698492388
leaf_weight=68.743802042707102 22.367544911801815 17.951455737209471 10.190980565821517 156.95478401058062 5.2971843299455932 16.225504048168659 14.095543959527275 65.812309222645126
leaf_count=11870 229 150 1476 4906 183 305 334 1174
internal_value=-0.000925333 -0.00486873 -0.00638188 -0.00286586 -0.0139365 0.00757354 0.00502049 0.00186793
internal_weight=377.639 259.138 241.187 167.146 74.041 118.501 102.275 79.9079
internal_count=20627 18585 18435 6382 12053 2042 1737 1508
is_linear=0
shrinkage=0.025


Tree=123
num_leaves=9
num_cat=0
split_feature=9 62 29 19 20 31 21 39
split_gain=18.2025 13.9899 10.3719 8.27393 9.85448 7.27781 7.17969 6.81149
threshold=0.71000000000000008 0.75000000000000011 1.0000000180025095e-35 0.70712000000000008 0.71231600000000006 0.5186845000000001 0.87400000000000011 1.0000000180025095e-35
decision_type=2 2 2 2 2 2 2 2
left_child=3 2 -2 5 6 -1 -5 -4
right_child=1 -3 7 4 -6 -7 -8 -9
leaf_value=-0.019212684918094858 6.231508189232444e-05 -0.0088218066216849845 -0.0046603925802708428 -0.001397286826294778 -0.018972398554722502 0.010330566392487521 0.025784889255826272 0.012887356270360925
leaf_weight=48.71854768884441 124.87275387672707 53.342188370821532 14.315731643568141 15.245524048194058 10.088418324216034 4.2130498360493212 7.4224285180680445 98.086630719830282
leaf_count=11425 3309 2742 363 738 438 401 100 1147
internal_value=-0.000494944 0.00248106 0.00510592 -0.0105002 -0.000301728 -0.0164342 0.00856817 0.0105445
internal_weight=376.305 290.617 237.275 85.688 32.7564 52.9316 22.668 112.402
internal_count=20663 7561 4819 13102 1276 11826 838 1510
is_linear=0
shrinkage=0.025


Tree=124
num_leaves=9
num_cat=0
split_feature=9 29 2 17 19 19 33 24
split_gain=17.7593 11.6675 9.96309 8.46136 5.70499 4.49976 5.17131 2.26034
threshold=0.57000000000000017 0.9893010000000001 0.68759378790855419 0.62110100000000013 0.77163700000000002 0.71647950000000005 0.70000000000000007 0.45000000000000007
decision_type=2 2 2 2 2 2 2 2
left_child=5 2 3 -2 -4 6 -1 -7
right_child=1 -3 4 -5 -6 7 -8 -9
leaf_value=-0.022598617267370315 -0.011240830191837362 0.01779592431191309 0.0044659624062579261 0.00014662758239968539 0.022572308154648786 -0.013546823241026913 0.007817697809457928 0.0086172492321722974
leaf_weight=29.257211521973662 50.667061031665071 23.859658570494503 74.865904699545354 175.02203193660534 11.573103225324301 2.5003713188343664 2.5566112106607752 5.9025956760160625
leaf_count=10070 2434 115 1187 5699 262 242 351 202
internal_value=-0.000237508 0.00165328 0.000289981 -0.00245319 0.00743062 -0.0155416 -0.0196147 0
internal_weight=376.205 335.988 312.128 225.689 86.439 40.2168 31.8138 8.40297
internal_count=20562 9697 9582 8133 1449 10865 10421 444
is_linear=0
shrinkage=0.025


Tree=125
num_leaves=9
num_cat=0
split_feature=2 60 64 43 20 47 15 21
split_gain=18.6133 15.0599 13.5774 12.1128 8.4233 6.44523 5.3115 6.04779
threshold=0.6687772572040559 0.68000000000000005 0.36222550000000003 1.0000000180025095e-35 0.71618150000000014 0.80616900000000002 0.4894245000000001 0.87400000000000011
decision_type=2 2 2 2 2 2 2 2
left_child=1 2 4 -4 -1 -3 7 -2
right_child=6 5 3 -5 -6 -7 -8 -9
leaf_value=-0.014967912789539406 -0.015354200792277867 -0.020522730085081833 0.007121461389129064 -0.0208505205702731 0.0034623988692057193 -0.0032600164989665253 0.0097502767035883859 0.010421964005178506
leaf_weight=45.983421520402771 10.758086164598353 38.163481900002807 110.83387236155977 8.543099816713946 21.075151131663006 23.409996825037524 112.37655735947192 8.1308722187532112
leaf_count=8084 208 5465 2983 711 664 497 2011 110
internal_value=0.000126397 -0.00387668 -0.000249971 0.0047473 -0.00913451 -0.0143865 0.00769064 -0.00396413
internal_weight=379.275 248.009 186.436 119.377 67.0586 61.5735 131.266 18.889
internal_count=20733 18404 12442 3694 8748 5962 2329 318
is_linear=0
shrinkage=0.025


Tree=126
num_leaves=9
num_cat=0
split_feature=1 29 64 9 0 0 64 67
split_gain=15.5176 11.238 11.8303 8.54798 6.86467 9.68575 6.38833 6.3681
threshold=0.61249238252639782 0.91839300000000013 0.36222550000000003 0.91800000000000015 0.48566650000000006 0.80115350000000018 0.66173100000000018 0.024163
decision_type=2 2 2 2 2 2 2 2
left_child=1 2 -1 4 7 -6 -4 -2
right_child=3 -3 6 -5 5 -7 -8 -9
leaf_value=-0.015637025304849405 -0.0074617461771655435 0.017086101917365922 0.0055069110232396591 0.0106469957647816 -0.012034275411368488 0.0043523169621940087 -0.0065862521169530539 0.018386928095325879
leaf_weight=61.785244956136012 6.6607651826925602 10.930027649701513 41.549476737724035 83.103806950617582 39.95952022302663 46.243321100249887 70.100189624012273 18.266099162981845
leaf_count=11596 165 167 1609 1299 1005 1157 3427 251
internal_value=-0.00020339 -0.00538747 -0.00702516 0.00468383 4.88349e-05 -0.00325933 -0.00200218 0.0111601
internal_weight=378.598 184.365 173.435 194.234 111.13 86.2028 111.65 24.9269
internal_count=20676 16799 16632 3877 2578 2162 5036 416
is_linear=0
shrinkage=0.025


Tree=127
num_leaves=9
num_cat=0
split_feature=9 60 19 1 0 61 0 43
split_gain=17.7839 11.289 11.046 7.89613 11.4599 9.56641 7.20403 6.85274
threshold=0.75000000000000011 0.68000000000000005 0.64870400000000006 0.48178182542324072 0.45106650000000009 0.71970600000000007 0.84440000000000015 1.0000000180025095e-35
decision_type=2 2 2 2 2 2 2 2
left_child=3 2 -2 -1 7 -6 -3 -5
right_child=1 6 -4 4 5 -7 -8 -9
leaf_value=-0.019871109082753871 -0.020642811880715577 -0.00030931756970024643 0.0081976386124480143 0.008852963591692983 -0.019553087428981819 0.0017994879434121659 -0.020242898169144645 -0.020770199120000533
leaf_weight=24.279123445834557 6.6706316318886811 49.989521798095666 187.27917040063767 38.65633658754814 33.018914823827799 19.497609649784863 12.993555083623503 3.5127219546411643
leaf_count=9199 471 1571 3339 1332 2932 383 1094 318
internal_value=0.000265289 0.00398003 0.00696687 -0.00762875 -0.00406591 -0.0117128 -0.00503353 0.00538677
internal_weight=375.898 256.933 193.95 118.965 94.6856 52.5165 62.9831 42.1691
internal_count=20639 6475 3810 14164 4965 3315 2665 1650
is_linear=0
shrinkage=0.025


Tree=128
num_leaves=9
num_cat=0
split_feature=2 18 39 60 15 0 33 19
split_gain=14.908 12.2769 11.4519 12.7738 7.31253 7.33431 6.71556 5.43087
threshold=0.6687772572040559 0.63366850000000008 1.0000000180025095e-35 0.68000000000000005 0.4894245000000001 0.80153350000000012 0.50000000000000011 0.76898500000000014
decision_type=2 2 2 2 2 2 2 2
left_child=1 6 -3 -4 5 -2 -1 -6
right_child=4 2 3 -5 7 -7 -8 -9
leaf_value=-0.022948574396035305 -0.022516397082189412 -0.01536292914038879 0.0043622718812874467 -0.010821460654052302 0.0057997525199426567 0.0058802496421829532 0.0061049199272099159 0.020271745131215525
leaf_weight=26.691764504401366 8.3971572356531414 31.324140075375908 136.95341801093309 44.064001514780102 90.757843108382076 10.512666156515477 4.669746704712451 19.629339311039075
leaf_count=8895 205 2357 3984 2483 1609 105 618 411
internal_value=-0.000509579 -0.00415949 -0.00188617 0.00054734 0.00627134 -0.00731852 -0.018291 0.00875489
internal_weight=373 243.703 212.342 181.017 129.297 18.9098 31.3615 110.387
internal_count=20667 18337 8824 6467 2330 310 9513 2020
is_linear=0
shrinkage=0.025


Tree=129
num_leaves=9
num_cat=0
split_feature=1 60 43 61 20 16 66 16
split_gain=15.1362 10.4138 8.89939 12.5757 7.07965 6.99948 6.59195 5.84761
threshold=0.46938608586788183 0.68000000000000005 1.0000000180025095e-35 0.71629350000000003 0.67350250000000011 0.60695300000000019 0.17833350000000001 0.63245050000000014
decision_type=2 2 2 2 2 2 2 2
left_child=-1 2 5 -4 6 -2 -3 -6
right_child=1 4 3 -5 7 -7 -8 -9
leaf_value=-0.015421594198463543 -0.0061633944123071494 0.0056747253167817643 -0.017719961629930371 0.015234741233150018 0.011014691870106057 0.0073839272695494229 -0.027652823271128436 -0.0059467471141407789
leaf_weight=34.948380025198276 24.956994015534292 3.7108191600709715 22.330092388292545 8.3176918919198197 14.222638015460687 196.05681890640699 12.611494399672663 54.900038791587576
leaf_count=9725 1365 120 1250 73 306 3954 1482 2362
internal_value=-0.000210605 0.00142588 0.0040008 -0.00816107 -0.00599033 0.00577897 -0.0198742 -0.00213972
internal_weight=372.055 337.107 251.662 30.6478 85.445 221.014 16.3223 69.1227
internal_count=20637 10912 6642 1323 4270 5319 1602 2668
is_linear=0
shrinkage=0.025


Tree=130
num_leaves=9
num_cat=0
split_feature=39 19 29 7 62 47 14 62
split_gain=16.7214 12.9402 11.2983 10.5682 10.2696 7.32571 6.02276 3.93806
threshold=1.0000000180025095e-35 0.64445900000000012 1.0000000180025095e-35 1.0000000180025095e-35 0.41666666666666669 0.92356600000000011 1.0000000180025095e-35 0.58333333333333337
decision_type=2 2 2 2 2 2 2 2
left_child=5 3 4 -2 -3 -1 -4 -5
right_child=1 2 6 7 -6 -7 -8 -9
leaf_value=-0.017157546207073739 -0.023703245941102461 0.01277551449334037 0.0029224065429162525 0.01593272428430053 -0.0030839350745723547 0.0023737250031287804 0.014404579292779119 -0.013139596923652153
leaf_weight=41.362644077562436 17.828945478991955 29.432272961828858 51.073098290056805 6.9263223738598771 133.51130259619094 15.10356829932425 73.15297635520983 2.2949101472622715
leaf_count=5325 4791 584 1232 342 6151 156 1463 653
internal_value=0.000358702 0.00264715 0.00424942 -0.0132262 -5.3622e-05 -0.0119026 0.00986443 0.00697671
internal_weight=370.686 314.22 287.17 27.0502 162.944 56.4662 124.226 9.22123
internal_count=20697 15216 9430 5786 6735 5481 2695 995
is_linear=0
shrinkage=0.025


Tree=131
num_leaves=9
num_cat=0
split_feature=1 29 2 17 19 67 17 48
split_gain=14.9209 12.3397 10.222 8.60378 7.28775 2.40376 1.35101 1.04278
threshold=0.44463366270065313 0.9893010000000001 0.68431133031845104 0.62110100000000013 0.77163700000000002 -0.22451999999999997 0.73044250000000011 0.15416700000000003
decision_type=2 2 2 2 2 2 2 2
left_child=5 2 3 -2 -4 -1 -3 -7
right_child=1 6 4 -5 -6 7 -8 -9
leaf_value=0.0045180092174339466 -0.010284497259767236 0.020303999604047177 0.004168173496964557 0.00055368901886115624 0.023531557320112351 -0.0027988650770950432 0.0032964841648134673 -0.021195187370416754
leaf_weight=1.719592891982759 60.446918328969332 21.581160728703257 83.730629432422575 166.62812108887738 12.917571794008834 3.9056160928885246 5.6038144230842581 20.551022950789047
leaf_count=45 4371 130 1453 5920 277 1212 22 7259
internal_value=0.000529346 0.00194346 0.000512724 -0.00236328 0.00725684 -0.0169539 0.0175213 -0.0189745
internal_weight=377.084 350.908 323.723 227.075 96.6482 26.1762 27.185 24.4566
internal_count=20689 12173 12021 10291 1730 8516 152 8471
is_linear=0
shrinkage=0.025


Tree=132
num_leaves=9
num_cat=0
split_feature=1 29 15 66 0 22 22 47
split_gain=14.8691 8.79722 8.38984 12.6756 8.36507 3.8748 2.01691 1.56714
threshold=0.44463366270065313 0.9893010000000001 0.66563950000000016 0.66350000000000009 0.8430335000000001 0.41262950000000004 0.30807200000000007 0.79627800000000015
decision_type=2 2 2 2 2 2 2 2
left_child=7 2 3 -2 -4 6 -3 -1
right_child=1 5 4 -5 -6 -7 -8 -9
leaf_value=-0.020153321505225173 -0.0082169029354196444 0.009118084861347282 0.0057658226092911786 0.0090118481694924629 -0.010981483497393587 0.020140515074065234 -0.014942335411082593 0.00073304495975685859
leaf_weight=22.947891602991152 119.92415421857004 2.1605926085030687 144.1230316565925 32.019644885280286 19.234699700871715 17.931637280387804 2.3654870935715735 1.5642420521471638
leaf_count=8436 6905 18 3356 659 1107 92 33 80
internal_value=-0.000540692 0.000848281 -0.000247172 -0.0044676 0.00363957 0.0152974 -0.00303305 -0.0185828
internal_weight=362.271 337.759 315.302 151.944 163.358 22.4577 4.52608 24.5121
internal_count=20686 12170 12027 7564 4463 143 51 8516
is_linear=0
shrinkage=0.025


Tree=133
num_leaves=9
num_cat=0
split_feature=29 2 17 4 20 16 18 20
split_gain=13.7222 12.3493 10.1755 9.22173 9.14637 3.60125 5.4825 3.70857
threshold=0.89118900000000012 0.68278563022613536 0.62110100000000013 1.0000000180025095e-35 0.7386195000000001 0.60856150000000009 0.73653400000000013 0.67456900000000009
decision_type=2 2 2 2 2 2 2 2
left_child=1 2 4 -4 -1 7 -7 -3
right_child=-2 5 3 -5 -6 6 -8 -9
leaf_value=-0.01783807880369076 0.014565502536832104 0.0086066286250464589 -0.00057974454036921106 -0.023462821004860829 0.0067873544020982642 0.010899519120157429 -0.0031670692747208838 -0.016495295773913725
leaf_weight=54.451002671612514 30.34658258989657 4.0786165243480337 159.03144644326312 9.9078258980516676 9.7273961674654839 59.238619906827807 22.07248156121932 7.2098922565346584
leaf_count=9493 281 56 7819 1009 399 983 525 206
internal_value=-0.000942164 -0.00248995 -0.00556159 -0.00222446 -0.0139 0.00511766 0.00700666 -0.00693106
internal_weight=356.064 325.717 233.118 168.939 64.1784 92.5996 81.3111 11.2885
internal_count=20771 20490 18720 8828 9892 1770 1508 262
is_linear=0
shrinkage=0.025


Tree=134
num_leaves=9
num_cat=0
split_feature=62 48 14 48 49 0 21 16
split_gain=13.0936 9.97441 9.89348 11.2849 8.94373 10.3959 7.86783 7.56279
threshold=0.58333333333333337 0.66350000000000009 1.0000000180025095e-35 0.68750000000000011 1.0000000180025095e-35 0.30946700000000005 0.70400000000000007 0.63276150000000009
decision_type=2 2 2 2 2 2 2 2
left_child=6 4 -3 -4 5 -2 -1 -8
right_child=1 2 3 -5 -6 -7 7 -9
leaf_value=-0.00055203355896174631 -0.014429897442003565 0.012442242191448204 0.019024573284682232 -0.01920932190195087 -0.012885896356961963 0.0091602358564716029 -0.0065692565423243719 0.012378169823319419
leaf_weight=82.901358379720477 16.186920563974127 34.416616606875323 4.7504120590165284 15.071226471460248 82.790953105824883 30.489982763356238 13.583516243379561 87.877254065591842
leaf_count=4657 3274 483 62 828 8425 1116 288 1501
internal_value=0.000390333 -0.0042881 0.00450941 -0.00879874 -0.00804324 0.000568658 0.00508835 0.00969105
internal_weight=368.068 183.706 54.2383 19.8216 129.468 46.6769 184.362 101.461
internal_count=20634 14188 1373 890 12815 4390 6446 1789
is_linear=0
shrinkage=0.025


Tree=135
num_leaves=9
num_cat=0
split_feature=21 34 60 62 61 39 43 16
split_gain=13.1991 11.8097 10.656 8.40351 8.25462 5.79261 5.45334 4.94232
threshold=0.70400000000000007 0.067161000000000012 0.68000000000000005 0.58333333333333337 0.91387400000000019 1.0000000180025095e-35 1.0000000180025095e-35 0.59569700000000003
decision_type=2 2 2 2 2 2 2 2
left_child=1 -1 5 7 6 -3 -5 -2
right_child=3 2 -4 4 -6 -7 -8 -9
leaf_value=-0.016521878920286035 -0.016100743329344108 -0.011505303372265401 -0.015185987735143819 -0.00054341039943136236 0.019527715633749453 0.0053552793341348969 -0.019816040472439456 0.010830371858109237
leaf_weight=38.125666967189318 2.5113580396864554 12.80360616843245 23.64239797663322 82.774061111282208 9.6283443612046522 84.561221580646816 8.4796283197938447 99.342003664380172
leaf_count=10031 77 1071 1661 2609 90 2579 795 1724
internal_value=0.000574828 -0.00475767 -0.000781788 0.00480268 -0.000259101 0.00287566 -0.0028013 0.00979685
internal_weight=361.868 159.133 121.007 202.735 100.882 97.3648 91.2537 101.853
internal_count=20637 15342 5311 5295 3494 3650 3404 1801
is_linear=0
shrinkage=0.025


Tree=136
num_leaves=9
num_cat=0
split_feature=2 49 60 22 39 43 1 22
split_gain=14.0876 8.86202 8.35411 6.98225 6.80519 7.33533 6.27533 6.23503
threshold=0.59326913952827465 1.0000000180025095e-35 0.82000000000000017 0.39939650000000004 1.0000000180025095e-35 1.0000000180025095e-35 0.43643447756767279 0.50784000000000018
decision_type=2 2 2 2 2 2 2 2
left_child=1 6 4 -3 5 -2 -1 -6
right_child=2 3 -4 -5 7 -7 -8 -9
leaf_value=-0.013802311427233566 0.0021911681839155476 -0.019290977122025006 -0.0068660108530005821 -0.0026969998388140471 0.0051154630927254668 -0.024805264190027501 0.0042369812301190496 0.017228313905617017
leaf_weight=13.52623444724304 22.263137302652471 38.983931546092208 36.024053099070443 28.953726852530963 123.2123866067268 6.4275762619799925 51.743115353259782 34.437365672085434
leaf_count=4081 478 7813 1680 1478 2469 369 1955 356
internal_value=-2.62189e-05 -0.0064212 0.00379435 -0.0126055 0.00594609 -0.00483481 8.78654e-05 0.00799108
internal_weight=355.572 133.207 222.365 67.9377 186.34 28.6907 65.2693 157.65
internal_count=20679 15327 5352 9291 3672 847 6036 2825
is_linear=0
shrinkage=0.025


Tree=137
num_leaves=9
num_cat=0
split_feature=29 9 2 39 15 0 19 22
split_gain=15.0666 11.3817 10.3251 8.36743 5.81684 4.83642 3.26876 2.88117
threshold=0.94364700000000012 0.57000000000000017 0.73102048039436351 1.0000000180025095e-35 0.70781200000000011 0.77803350000000016 0.7445115000000001 0.40501500000000007
decision_type=2 2 2 2 2 2 2 2
left_child=1 4 3 -3 6 -4 -1 -2
right_child=7 2 5 -5 -6 -7 -8 -9
leaf_value=-0.019918082784496107 0 -0.011800450005208588 0.0015575936439365592 0.00045939049070221644 0.0089247193987633516 0.019549829575258495 0.0042189970099605111 0.021696113355561653
leaf_weight=30.055965920502786 5.2422699337330441 39.234643804033112 17.8282685498707 215.97674334078329 4.4078861575981128 21.309092117240652 2.6763057034695512 20.664538825745694
leaf_count=10526 100 2165 228 6780 310 372 91 112
internal_value=0.000162819 -0.00129376 0.000363161 -0.00147331 -0.0139646 0.0120103 -0.0175993 0.0178261
internal_weight=357.396 331.489 294.349 255.211 37.1402 39.1374 32.7323 25.9068
internal_count=20684 20472 9545 8945 10927 600 10617 212
is_linear=0
shrinkage=0.025


Tree=138
num_leaves=9
num_cat=0
split_feature=29 62 66 60 19 34 70 19
split_gain=16.3725 12.2315 10.3279 8.44682 7.08142 6.44801 5.47848 5.44579
threshold=0.60023650000000017 0.75000000000000011 0.66350000000000009 0.68000000000000005 0.75306550000000005 0.47680300000000003 -0.046993999999999994 0.68236450000000015
decision_type=2 2 2 2 2 2 2 2
left_child=1 3 6 4 -1 -4 -3 -2
right_child=7 2 5 -5 -6 -7 -8 -9
leaf_value=0.00071311804371570141 -0.0046919343309215454 0.0098211772593310639 0.014793413983326781 -0.0075922327822542934 0.013449222291747076 -0.010564265407016145 -0.020001389034747945 0.017668503427070891
leaf_weight=147.83646636566482 6.7950499743092214 2.676195027655921 11.114049492112828 59.163280293589196 31.968827381497249 9.8572747166035679 44.042070463183336 36.125591131218243
leaf_count=7518 480 99 265 3892 343 452 7313 313
internal_value=-0.000169366 -0.00224164 -0.0114614 0.000412251 0.00314185 0.00266585 -0.017806 0.0139102
internal_weight=349.579 306.658 67.6896 238.969 179.805 20.9713 46.7183 42.9206
internal_count=20675 19882 8129 11753 7861 717 7412 793
is_linear=0
shrinkage=0.025


Tree=139
num_leaves=9
num_cat=0
split_feature=2 60 44 22 20 9 19 62
split_gain=13.5276 8.36333 8.22366 8.9664 7.18289 6.87347 5.78822 5.72228
threshold=0.57679614424705516 0.82000000000000017 0.18109000000000003 0.49192400000000008 0.69720050000000011 0.91800000000000015 0.67719100000000021 0.91666666666666685
decision_type=2 2 2 2 2 2 2 2
left_child=2 5 3 -1 -3 7 -7 -2
right_child=1 4 -4 -5 -6 6 -8 -9
leaf_value=-0.01677567986432546 0.0033350006581507972 -0.021563106741068639 0 0.012682309225470749 0.00042185682604316911 -0.013139478523988307 0.013211743278847799 -0.017843872245389532
leaf_weight=50.875741203919461 120.81882487067196 11.640802142457686 56.725685268065718 5.5844303849735288 26.89098419045331 3.7532289486844084 72.00303874182282 6.4717098131368394
leaf_count=11697 2828 689 2655 196 1237 123 843 476
internal_value=0.00021892 0.00357625 -0.00681937 -0.0133995 -0.00677123 0.00562334 0.0115054 0.00194084
internal_weight=354.764 241.579 113.186 56.4602 38.5318 203.047 75.7563 127.291
internal_count=20744 6196 14548 11893 1926 4270 966 3304
is_linear=0
shrinkage=0.025


Tree=140
num_leaves=9
num_cat=0
split_feature=18 39 60 55 20 16 22 31
split_gain=12.9586 10.209 10.2872 9.35655 9.50211 7.75537 7.59903 6.89804
threshold=0.63366850000000008 1.0000000180025095e-35 0.68000000000000005 1.0000000180025095e-35 0.71123300000000012 0.72340800000000016 0.49192400000000008 0.43963300000000005
decision_type=2 2 2 2 2 2 2 2
left_child=7 3 6 4 -2 -4 -3 -1
right_child=1 2 5 -5 -6 -7 -8 -9
leaf_value=-0.020076939153744644 -0.016986478406825753 0.0033657390442321184 -0.0007550648285330557 -0.026730822942412781 0.0070291488555143875 -0.02268162452626396 0.014529324758482424 0.0090948978945980287
leaf_weight=25.559151713434407 14.628084903117268 151.5230882979813 61.750944428262301 11.304526272637302 24.772223081672564 10.284918590507003 51.184048862196505 4.5907185020769239
leaf_count=9026 1144 4351 2874 1061 508 634 555 512
internal_value=1.23039e-05 0.00152012 0.00345147 -0.00853636 -0.0020958 -0.00451508 0.00633562 -0.0151124
internal_weight=355.598 325.448 274.743 50.7048 39.4003 72.0359 202.707 30.1499
internal_count=20665 11127 8414 2713 1652 3508 4906 9538
is_linear=0
shrinkage=0.025


Tree=141
num_leaves=9
num_cat=0
split_feature=4 9 62 65 0 6 2 61
split_gain=11.8192 10.7594 9.39552 8.30448 6.89294 11.5125 7.50133 5.33613
threshold=1.0000000180025095e-35 0.75000000000000011 0.75000000000000011 0.48243100000000005 0.45106650000000009 0.70364150000000014 0.46497869491577154 0.53044100000000005
decision_type=2 2 2 2 2 2 2 2
left_child=1 4 7 -4 6 -6 -1 -3
right_child=-2 2 3 -5 5 -7 -8 -9
leaf_value=-0.016580939748201736 -0.018323916969075555 0.0030918447317542217 -0.022594075584714022 0.0007615333477574139 -0.021339321605467622 0.00068962068136443422 0.0067462773085603103 0.0117882716179986
leaf_weight=9.0087444748096441 18.637798332882085 124.42290742258774 11.684022079221903 28.967079644557089 29.964635466363688 26.240793276316253 36.925216771211126 71.345781603478827
leaf_count=3934 2649 2502 942 1138 5522 657 1838 1456
internal_value=2.55462e-05 0.00115939 0.00409951 -0.00652024 -0.00552205 -0.0112554 0.00151385 0.00638625
internal_weight=357.197 338.559 236.42 40.6511 102.139 56.2054 45.934 195.769
internal_count=20638 17989 6038 2080 11951 6179 5772 3958
is_linear=0
shrinkage=0.025


Tree=142
num_leaves=9
num_cat=0
split_feature=9 19 0 32 1 22 25 61
split_gain=13.4997 7.90801 7.08004 6.55105 5.69974 7.11256 5.47026 4.73116
threshold=0.73000000000000009 0.64445900000000012 0.85073300000000007 0.45310000000000006 0.49148617684841162 0.19813650000000002 0.41666650000000005 0.91961550000000014
decision_type=2 2 2 2 2 2 2 2
left_child=4 -2 3 -3 -1 -6 -4 -7
right_child=1 2 6 -5 5 7 -8 -9
leaf_value=-0.020418832911942918 -0.016716650796741121 0.0026086104170197277 0.0052810472741153932 0.01223294089744968 0.018089641889330519 -0.01007405594807285 -0.019169576138779808 0.0084483447659449984
leaf_weight=17.618558535825287 10.113214002034509 176.13196772652736 7.7802813580929095 59.278269879287109 5.6686394246062255 53.628352228282893 12.124903414674916 8.1850178474560362
leaf_count=9174 809 4407 304 997 122 3850 866 94
internal_value=0.000160151 0.00296408 0.00389667 0.00514633 -0.00836644 -0.00461463 -0.00966065 -0.00731597
internal_weight=350.529 265.429 255.315 235.41 85.1006 67.482 19.9052 61.8134
internal_count=20623 7383 6574 5404 13240 4066 1170 3944
is_linear=0
shrinkage=0.025


Tree=143
num_leaves=9
num_cat=0
split_feature=1 64 22 62 9 0 61 1
split_gain=12.341 8.29699 7.72193 6.49886 6.60199 6.13121 6.30829 5.93426
threshold=0.61462265253067028 0.36222550000000003 0.41066550000000007 0.41666666666666669 0.75000000000000011 0.48566650000000006 0.47455900000000001 0.45146444439888006
decision_type=2 2 2 2 2 2 2 2
left_child=1 2 -1 -2 -5 7 -7 -3
right_child=3 5 -4 4 -6 6 -8 -9
leaf_value=-0.015743234241917755 0.013660548049405224 -0.014835932127605478 0.0064486465161080128 -0.0076827640298876218 0.0050490235755907232 -0.015805773910526785 0.00021610189934024378 0.0091228277811439482
leaf_weight=51.4778112472668 37.758863694121828 5.4630065288038159 10.300582125099025 31.071844008809421 105.97331528621726 22.04626224481035 39.897212111420231 44.321632546045294
leaf_count=11230 614 956 557 1030 2136 1918 1232 1028
internal_value=3.55707e-05 -0.00463939 -0.0118393 0.00471824 0.00203946 -0.000454172 -0.00568495 0.00587749
internal_weight=348.311 173.507 61.7784 174.804 137.045 111.728 61.9435 49.7846
internal_count=20701 16921 11787 3780 3166 5134 3150 1984
is_linear=0
shrinkage=0.025


Tree=144
num_leaves=9
num_cat=0
split_feature=9 29 21 1 22 6 62 44
split_gain=12.6152 8.82991 6.08893 6.04262 7.6155 5.7863 5.14292 4.71538
threshold=0.75000000000000011 0.31620650000000006 0.70400000000000007 0.45805792510509497 0.19813650000000002 0.58012700000000017 0.75000000000000011 0.16062100000000004
decision_type=2 2 2 2 2 2 2 2
left_child=3 2 5 -1 -5 -2 -4 -3
right_child=1 7 6 4 -6 -7 -8 -9
leaf_value=-0.020863214859685938 0.0031951160435808195 0.0011878483415312694 0.0062013632970124681 0.016458394909469331 -0.0066583709952918457 -0.011675023694420314 -0.007469241040407637 0.015214183107499999
leaf_weight=15.168347342547348 24.76323505025357 24.352280987252016 90.080161784833763 7.8543132530176072 85.362837536391453 39.488383856471046 18.923009468562668 44.80347604455892
leaf_count=8288 884 492 1933 277 5604 1695 1069 471
internal_value=-9.74627e-06 0.00313717 4.78008e-05 -0.00704526 -0.00432704 -0.00590727 0.00366876 0.0105526
internal_weight=350.796 242.411 173.255 108.385 93.2172 64.2516 109.003 69.1558
internal_count=20713 6544 5581 14169 5881 2579 3002 963
is_linear=0
shrinkage=0.025


Tree=145
num_leaves=9
num_cat=0
split_feature=1 60 39 43 61 16 19 86
split_gain=12.647 11.1816 8.72167 8.71767 8.23016 6.98162 6.43611 3.3034
threshold=0.46788555383682257 0.68000000000000005 1.0000000180025095e-35 1.0000000180025095e-35 0.48691700000000004 0.60695300000000019 0.75978150000000011 1.0000000180025095e-35
decision_type=2 2 2 2 2 2 2 2
left_child=7 2 3 -2 -3 -4 -6 -1
right_child=1 4 5 -5 6 -7 -8 -9
leaf_value=-0.01812921820817753 0.00018911672414232393 -0.018246193698643543 -0.0073356086014346447 -0.025965694343540027 0.0034252523573349717 0.0077417620954967322 -0.017270719656207384 0.0091217329426253775
leaf_weight=25.944268649927839 28.941136770095909 24.476846753270365 19.420080000581947 8.6943736649554904 41.78059858357301 176.1637241560129 9.9091244807932508 1.5025738392723713
leaf_count=9409 1093 2075 1212 819 1338 3627 764 154
internal_value=-0.000186354 0.00127339 0.00400833 -0.00666915 -0.00689324 0.00614763 -0.000898115 -0.0158645
internal_weight=336.833 309.386 233.219 37.6355 76.1666 195.584 51.6897 27.4468
internal_count=20491 10928 6751 1912 4177 4839 2102 9563
is_linear=0
shrinkage=0.025


Tree=146
num_leaves=9
num_cat=0
split_feature=60 64 66 39 20 3 60 43
split_gain=12.1823 10.2037 11.8617 9.54224 7.37031 5.76952 5.74053 5.45976
threshold=0.82000000000000017 0.36222550000000003 0.66350000000000009 1.0000000180025095e-35 0.69720050000000011 0.96351802349090587 0.49000000000000005 1.0000000180025095e-35
decision_type=2 2 2 2 2 2 2 2
left_child=1 2 6 7 -2 -5 -1 -3
right_child=4 3 -4 5 -6 -7 -8 -9
leaf_value=0.0009079604831022511 -0.020061906804428268 0.00016585887504121601 0.015849046250313383 0.010574039461814884 -0.0018607495215624459 -4.6072133127200916e-05 -0.012172212327969119 -0.024197490246186563
leaf_weight=31.363191068965534 23.337905714346562 13.963295552246565 14.201658030855468 128.33003939733317 34.128968251432525 40.485022961453069 54.360812312923372 7.0856190745143968
leaf_count=2277 3307 502 145 3031 1555 1010 8122 731
internal_value=0.000485145 0.00260459 -0.00376708 0.00600142 -0.00980468 0.00801251 -0.00738958 -0.00909811
internal_weight=347.257 289.79 99.9257 189.864 57.4669 168.815 85.724 21.0489
internal_count=20680 15818 10544 5274 4862 4041 10399 1233
is_linear=0
shrinkage=0.025


Tree=147
num_leaves=9
num_cat=0
split_feature=9 2 15 62 39 0 0 19
split_gain=13.933 9.47453 7.38658 6.57666 5.68906 5.4793 4.32945 7.3022
threshold=0.57000000000000017 0.71571186184883129 0.6850750000000001 0.91666666666666685 1.0000000180025095e-35 0.43966650000000002 0.76990000000000014 0.72079800000000016
decision_type=2 2 2 2 2 2 2 2
left_child=2 3 -1 4 -2 -5 7 -3
right_child=1 6 -4 5 -6 -7 -8 -9
leaf_value=-0.02065939509054697 -0.0082799573698310938 0.015606880833780363 0.0058252800436695562 0.006895112226830544 0.0026762033780658792 -0.018460770632183522 0.01735775283439548 -0.010753726495464938
leaf_weight=26.444166081964795 32.680666802814812 10.978076828410851 7.064885108251473 5.5111762440501506 195.93498993857065 18.423998145422956 29.077198901912197 11.15755911672022
leaf_count=10304 1600 82 651 317 5324 1573 507 231
internal_value=-6.01706e-06 0.00169344 -0.0148507 -0.000295393 0.00101927 -0.0122518 0.0112846 0.0022189
internal_weight=337.273 303.764 33.5091 252.551 228.616 23.9352 51.2128 22.1356
internal_count=20589 9634 10955 8814 6924 1890 820 313
is_linear=0
shrinkage=0.025


Tree=148
num_leaves=9
num_cat=0
split_feature=2 22 60 9 22 20 17 17
split_gain=12.1732 6.36882 6.20021 7.36141 6.65605 6.24708 5.36016 3.85297
threshold=0.50865229964256298 0.5006885000000002 0.82000000000000017 0.95350000000000013 0.26973100000000005 0.67456900000000009 0.63418550000000007 0.74522900000000003
decision_type=2 2 2 2 2 2 2 2
left_child=1 -1 3 4 -2 -4 -7 -5
right_child=2 -3 5 7 -6 6 -8 -9
leaf_value=-0.014370197577707688 0.0097675724167112093 0.012189362460994177 -0.021430267922500544 0.013754273846966762 -0.0012703102924576371 0.0088649645672699146 -0.0088902522893003957 -0.0051723289160568583
leaf_weight=42.864386866727727 42.467296936927596 4.6037121698027468 10.137227639716 50.987717076786794 142.6476504131715 17.542847385338973 21.150185818958562 6.0256262128241351
leaf_count=11188 1340 148 946 631 4519 577 1091 137
internal_value=0.000193883 -0.011254 0.00215122 0.00381106 0.00129915 -0.00575776 -0.000615937 0.0115194
internal_weight=338.427 47.4681 290.959 242.128 185.115 48.8303 38.693 57.0133
internal_count=20577 11336 9241 6627 5859 2614 1668 768
is_linear=0
shrinkage=0.025


Tree=149
num_leaves=9
num_cat=0
split_feature=60 39 29 20 43 62 66 18
split_gain=11.8461 12.6416 9.61679 7.46425 6.33117 5.69257 5.1555 4.78589
threshold=0.68000000000000005 1.0000000180025095e-35 0.60023650000000017 0.68878000000000006 1.0000000180025095e-35 0.75000000000000011 0.17883350000000001 0.7238635000000001
decision_type=2 2 2 2 2 2 2 2
left_child=1 4 5 6 7 -3 -2 -1
right_child=3 2 -4 -5 -6 -7 -8 -9
leaf_value=-0.0090111101148129865 0.0012287566966100337 0.0050259735470913882 0.017501286450743569 -0.0027874225310215799 -0.025250354541234789 -0.0057574234013187849 -0.024410807854062282 0.012313993471127145
leaf_weight=21.468326759611958 5.3912537159194498 145.06831721695562 31.552362146903761 59.634322724530648 10.177473794621617 36.274796455065371 19.681700610130065 7.0238250549882641
leaf_count=2351 524 5609 343 2496 1797 3496 4018 87
internal_value=0 0.00272382 0.00514672 -0.00798072 -0.0100282 0.00278875 -0.0189372 -0.00304525
internal_weight=336.272 251.565 212.895 84.7073 38.6696 181.343 25.073 28.4922
internal_count=20721 13683 9448 7038 4235 9105 4542 2438
is_linear=0
shrinkage=0.025


Tree=150
num_leaves=9
num_cat=0
split_feature=9 61 64 6 31 66 3 17
split_gain=10.5101 8.08775 8.11858 7.02716 5.62273 5.48555 5.47426 3.0925
threshold=0.63000000000000012 0.72100950000000008 0.36222550000000003 0.7597870000000001 0.36100750000000004 0.84516650000000004 0.96552568674087536 0.64677850000000014
decision_type=2 2 2 2 2 2 2 2
left_child=4 2 6 -4 7 -3 -2 -1
right_child=1 5 3 -5 -6 -7 -8 -9
leaf_value=-0.020718710714194774 -0.013966010507822811 0.013976665605440017 0.0029478139831554729 -0.024472678187986738 0.005903700928367955 -0.011477781828433052 0.00010778878877422084 0
leaf_weight=24.424032639992223 37.586386733033578 39.025679638376459 186.95991605361633 3.9955512322485438 6.648258543238625 4.2190545271150759 28.739666394714732 5.2264969144234774
leaf_count=9038 2306 1076 4677 281 969 183 1005 1144
internal_value=-0.00036722 0.00117432 -0.00050817 0.00208748 -0.0127207 0.0109299 -0.00793329 -0.0172428
internal_weight=336.825 300.526 257.282 190.955 36.2988 43.2447 66.3261 29.6505
internal_count=20679 9528 8269 4958 11151 1259 3311 10182
is_linear=0
shrinkage=0.025


Tree=151
num_leaves=9
num_cat=0
split_feature=9 19 60 39 29 31 15 21
split_gain=11.5663 6.77463 7.39951 8.0234 6.87505 5.07982 6.37533 8.25997
threshold=0.73000000000000009 0.64445900000000012 0.68000000000000005 1.0000000180025095e-35 1.0000000180025095e-35 0.52852950000000021 0.52385550000000014 0.87400000000000011
decision_type=2 2 2 2 2 2 2 2
left_child=5 -2 3 -3 -4 6 7 -1
right_child=1 2 4 -5 -6 -7 -8 -9
leaf_value=-0.0099236053059179492 -0.016677216368816354 -0.0058302022860903021 -0.011605112863512162 0.0078636555712557933 0.005277841218902366 0.011473367804705139 -0.016032567136590355 0.016612172251354713
leaf_weight=19.516756119403002 9.145248335451468 29.954818584563327 33.392780992595362 157.72694676928222 23.973233852011617 5.3575948107027207 44.853724396292819 9.0854491636273433
leaf_count=3903 811 1142 1961 2768 734 449 8773 215
internal_value=-0.000256506 0.00232328 0.00319201 0.00560009 -0.00448328 -0.00852134 -0.0103445 -0.000714668
internal_weight=333.007 254.193 245.048 187.682 57.366 78.8135 73.4559 28.6022
internal_count=20756 7416 6605 3910 2695 13340 12891 4118
is_linear=0
shrinkage=0.025


Tree=152
num_leaves=9
num_cat=0
split_feature=62 19 19 64 43 3 90 65
split_gain=10.398 8.05419 6.47893 6.49757 6.10264 4.92057 4.85932 3.43522
threshold=0.58333333333333337 0.64445900000000012 0.75497250000000016 0.24455000000000002 1.0000000180025095e-35 0.93179589509964 1.0000000180025095e-35 0.72901550000000015
decision_type=2 2 2 2 2 2 2 2
left_child=2 -2 3 -1 5 -3 -6 -4
right_child=1 4 7 -5 6 -7 -8 -9
leaf_value=-0.0083356754458037176 -0.022909899667749017 -0.012468238776774313 0.016297965057616329 0.0044893536827619067 -0.02204804007109833 0.00087448385824041245 0.0061118373417644416 -0.011951164666264504
leaf_weight=29.825408086580865 12.260627934912916 18.150587245843781 28.447722502052788 105.91608556345454 14.279886699448982 115.36133833134227 3.5500047538080244 1.2217284734360863
leaf_count=3245 5644 1167 567 2582 1984 5253 174 81
internal_value=-0.000372856 -0.0048329 0.00399866 0.00153684 -0.00303981 -0.00104132 -0.0160121 0.0142166
internal_weight=329.013 163.602 165.411 135.741 151.342 133.512 17.8299 29.6695
internal_count=20697 14222 6475 5827 8578 6420 2158 648
is_linear=0
shrinkage=0.025


Tree=153
num_leaves=9
num_cat=0
split_feature=62 19 60 34 48 21 22 67
split_gain=10.8601 8.73842 7.02332 7.65028 6.97967 5.4301 7.35609 6.90521
threshold=0.58333333333333337 0.64730850000000018 0.82000000000000017 0.85535050000000012 0.67393350000000007 0.70400000000000007 0.37849650000000007 0.024163
decision_type=2 2 2 2 2 2 2 2
left_child=5 -2 4 -4 -3 6 7 -1
right_child=1 2 3 -5 -6 -7 -8 -9
leaf_value=-0.0066946744942174858 -0.022650997941714945 -0.0031341021813738289 -0.022334183936348131 0.0022603685630833612 0.010933689849051114 0.008148658687778771 -0.013663002895451238 0.010857342266204564
leaf_weight=21.134612815461878 13.316266878016902 92.532534867168579 18.352661446158891 11.531856867833996 26.730671533499844 98.826262921342277 18.339289619223564 32.933413573693542
leaf_count=2851 5875 5751 1676 393 475 1816 674 1144
internal_value=1.91106e-07 -0.00457878 -0.00263726 -0.0130619 8.54144e-05 0.00439065 -0.000718887 0.00386861
internal_weight=333.698 162.464 149.148 29.8845 119.263 171.234 72.4073 54.068
internal_count=20655 14170 8295 2069 6226 6485 4669 3995
is_linear=0
shrinkage=0.025


Tree=154
num_leaves=9
num_cat=0
split_feature=2 49 61 47 0 60 20 16
split_gain=10.0274 7.76908 8.33415 7.1894 6.88828 4.79925 9.45296 4.79779
threshold=0.57335239648818981 1.0000000180025095e-35 0.26513150000000008 0.96386200000000011 0.41350000000000003 0.68000000000000005 0.67350250000000011 0.7148580000000001
decision_type=2 2 2 2 2 2 2 2
left_child=1 2 4 -3 -1 -2 -7 -8
right_child=5 3 -4 -5 -6 6 7 -9
leaf_value=-0.01069829531661135 0.0047444707879362455 -0.017854419394564485 0.017711110643961466 0.0076655508934226199 0.01285118971943588 -0.026304176841696475 0.0051805494444104629 -0.011002517162873574
leaf_weight=31.660841566583258 173.83342977709253 40.310200460371561 10.772887534345498 6.621720739058218 8.0196572019485739 7.4746874434640622 39.779927854891866 13.702789949224096
leaf_count=5270 3642 8414 243 90 252 693 1252 750
internal_value=-0.000151942 -0.00683663 0 -0.0139343 -0.0053706 0.00262335 -0.00326492 0.000651965
internal_weight=332.176 97.3853 50.4534 46.9319 39.6805 234.791 60.9574 53.4827
internal_count=20606 14269 5765 8504 5522 6337 2695 2002
is_linear=0
shrinkage=0.025


Tree=155
num_leaves=9
num_cat=0
split_feature=2 60 39 22 48 24 62 31
split_gain=10.1001 8.98388 7.65044 7.34557 3.43881 5.35917 2.94149 5.01906
threshold=0.6687772572040559 0.68000000000000005 1.0000000180025095e-35 0.41066550000000007 0.67393350000000007 0.25000000000000006 0.41666666666666669 1.0000000180025095e-35
decision_type=2 2 2 2 2 2 2 2
left_child=1 2 -1 -4 -3 -6 7 -2
right_child=6 4 3 -5 5 -7 -8 -9
leaf_value=-0.013065761581427788 -0.0013050818510840793 -0.016819161410401684 -0.0021998765415598251 0.0095058693702349401 0.011413753934398189 -0.012226846631606246 0.003242898989826526 0.01956972621794997
leaf_weight=23.098206757957087 9.6513201310299355 32.959973736098618 93.065761613619543 49.371400031930534 7.5993672873592031 13.609376603482813 85.066349042986985 18.846542441751808
leaf_count=3899 132 5142 7668 936 227 686 1893 260
internal_value=-0.000127998 -0.00327245 -0.000290866 0.00188107 -0.0119156 -0.00317935 0.0058418 0.0126322
internal_weight=333.268 219.704 165.535 142.437 54.1687 21.2087 113.564 28.4979
internal_count=20843 18558 12503 8604 6055 913 2285 392
is_linear=0
shrinkage=0.025


Tree=156
num_leaves=9
num_cat=0
split_feature=2 60 22 31 19 24 19 22
split_gain=13.0549 12.8464 10.4715 9.16842 4.63323 4.93924 4.35722 6.15162
threshold=0.6687772572040559 0.68000000000000005 0.40872900000000006 0.43963300000000005 0.70111250000000014 0.45000000000000007 0.77163700000000002 0.57237500000000019
decision_type=2 2 2 2 2 2 2 2
left_child=1 2 3 -1 -3 -6 -2 -8
right_child=6 4 -4 -5 5 -7 7 -9
leaf_value=-0.007701771710232036 0.0047434741466965812 -0.023517125610359731 0.0086241979807492406 0.011250643474576721 0.0020456732644300955 -0.016559325789473601 0.022923486219855863 -0.014203292311311622
leaf_weight=89.094079685131874 96.78208925673971 18.751275496288144 57.736069903796306 17.228630296885967 16.547216025326637 15.099404891923767 16.240101418457929 1.6455760453827668
leaf_count=10006 1901 4407 1515 840 685 931 299 88
internal_value=0.00039749 -0.0032145 0.000180203 -0.00441044 -0.0139934 -0.00706499 0.00715637 0.0180455
internal_weight=329.124 214.457 164.059 106.323 50.3979 31.6466 114.668 17.8857
internal_count=20672 18384 12361 10846 6023 1616 2288 387
is_linear=0
shrinkage=0.025


Tree=157
num_leaves=9
num_cat=0
split_feature=29 2 64 27 9 65 65 61
split_gain=10.7122 9.49227 5.94542 5.72863 8.02292 5.61505 4.55693 3.2099
threshold=0.91839300000000013 0.57679614424705516 0.39155850000000009 1.0000000180025095e-35 0.78000000000000014 0.4984300000000001 0.32641550000000003 0.70270150000000009
decision_type=2 2 2 2 2 2 2 2
left_child=1 2 7 5 -5 -3 -4 -1
right_child=-2 3 6 4 -6 -7 -8 -9
leaf_value=-0.016333269013946231 0.016289046019865732 0.0040667623144155663 0.0056388884121188016 -0.0047609611759828648 0.01170404562978992 -0.0065638807045797698 -0.008171884691679317 0.010224094358754219
leaf_weight=36.555762584943295 22.857052189363458 58.886363347584847 25.261617759817454 23.91198267985601 62.324926535598934 60.783834372705314 30.486534508672776 1.4046695947763499
leaf_count=10654 250 1790 1490 1088 1213 1939 2166 53
internal_value=0.000503017 -0.000776426 -0.00730533 0.00220051 0.00704916 -0.00129033 -0.00180527 -0.0147003
internal_weight=322.473 299.616 93.7086 205.907 86.2369 119.67 55.7482 37.9604
internal_count=20643 20393 14363 6030 2301 3729 3656 10707
is_linear=0
shrinkage=0.025


Tree=158
num_leaves=9
num_cat=0
split_feature=29 1 19 47 19 62 47 22
split_gain=11.6265 9.18101 7.80599 7.06261 6.6128 6.16048 5.39236 4.51482
threshold=0.91839300000000013 0.61249238252639782 0.70111250000000014 0.6619465000000001 0.7350190000000002 0.41666666666666669 0.91020450000000019 0.39939650000000004
decision_type=2 2 2 2 2 2 2 2
left_child=1 2 3 -1 -4 7 -7 -3
right_child=-2 5 4 -5 -6 6 -8 -9
leaf_value=-0.015720954477716872 0.015679451895405639 0.016470425696895035 0.004925835395264715 0.0020773862958889159 -0.010989438361106222 -0.0035642509450319704 0.0070073677229772679 -0.0049694455570024366
leaf_weight=55.004135423649132 25.701833818122395 26.707790415617637 51.210694106310257 16.934731274610385 21.531993571785279 80.719386669996311 45.374124594964087 6.1853034431114784
leaf_count=13086 258 533 1979 655 901 2847 328 84
internal_value=0.000151845 -0.00123183 -0.00576638 -0.0114868 0 0.00286849 0.000231356 0.0121701
internal_weight=329.37 303.668 144.682 71.9389 72.7427 158.987 126.094 32.8931
internal_count=20671 20413 16621 13741 2880 3792 3175 617
is_linear=0
shrinkage=0.025


Tree=159
num_leaves=9
num_cat=0
split_feature=4 9 0 61 2 29 0 32
split_gain=8.71337 8.58659 9.03247 8.27574 6.09274 5.13863 8.44779 3.89954
threshold=1.0000000180025095e-35 0.75000000000000011 0.40883350000000007 0.91961550000000014 0.46497869491577154 1.0000000180025095e-35 0.83123300000000011 0.31575000000000003
decision_type=2 2 2 2 2 2 2 2
left_child=1 2 4 -4 -1 6 -3 -7
right_child=-2 5 3 -5 -6 7 -8 -9
leaf_value=-0.014484869480561689 -0.016618130851672391 0.0028243729276894586 -0.014595517015203723 0.010809245577947508 0.010497499140804438 0.0036269274955112955 -0.015682122011543075 0.014204806026237644
leaf_weight=5.7790459075804419 17.058387124168803 95.593644143780693 52.774876327468519 7.5478835655376306 25.45205014631938 63.856416718219407 16.30403444699914 35.313102693995461
leaf_count=3100 2622 2771 7746 96 1075 1446 1292 512
internal_value=-0.000202068 0.000801697 -0.00548628 -0.0110515 0.00505549 0.00359031 -3.42874e-05 0.00767407
internal_weight=319.679 302.621 91.5539 60.3228 31.2311 211.067 111.898 99.1695
internal_count=20660 18038 12017 7842 4175 6021 4063 1958
is_linear=0
shrinkage=0.025


Tree=160
num_leaves=9
num_cat=0
split_feature=39 60 20 24 22 34 20 22
split_gain=10.7077 10.4978 7.20319 7.19088 6.04137 5.93271 4.40064 4.30819
threshold=1.0000000180025095e-35 0.68000000000000005 0.68878000000000006 0.25000000000000006 0.53059600000000018 0.85535050000000012 0.7515765000000002 0.19813650000000002
decision_type=2 2 2 2 2 2 2 2
left_child=5 3 -3 4 -2 -1 -4 -5
right_child=1 2 6 7 -6 -7 -8 -9
leaf_value=-0.016924578987831777 -0.0054867568038822626 -0.019871206222678649 0.0013392148609622451 0.022516360552696717 0.018611335565331 0.0024802368890582457 -0.017134671801751194 0.0056274865891527449
leaf_weight=33.993123483358431 58.64172700753079 18.408027192264854 42.162778821424581 9.0123254218415223 5.2252667881548396 12.045348377199842 7.7624406176619223 128.38076044278569
leaf_count=5019 4646 3603 1968 424 46 446 277 4319
internal_value=-0.00091168 0.000993228 -0.0073033 0.00389117 -0.00289606 -0.0117996 -0.00193803 0.00709629
internal_weight=315.632 269.593 68.3332 201.26 63.867 46.0385 49.9252 137.393
internal_count=20748 15283 5848 9435 4692 5465 2245 4743
is_linear=0
shrinkage=0.025


Tree=161
num_leaves=9
num_cat=0
split_feature=20 39 62 22 43 20 58 31
split_gain=8.96424 8.62755 6.94214 7.31149 4.88259 4.09105 3.47995 2.75592
threshold=0.61172500000000007 1.0000000180025095e-35 0.41666666666666669 0.46480350000000009 1.0000000180025095e-35 0.7156570000000001 0.66083300000000011 0.6286845000000002
decision_type=2 2 2 2 2 2 2 2
left_child=7 4 6 -4 5 -2 -3 -1
right_child=1 2 3 -5 -6 -7 -8 -9
leaf_value=-0.019661234188837445 -0.012924887727016094 0.013807508356486857 -0.0023179351703207225 0.007379450089441456 -0.024917517744167603 0.0033264864921068327 -0.011128262577992171 0.0072680994005233507
leaf_weight=16.048822889586521 16.025628160066844 37.825690116034821 151.14790014764185 68.950092508690432 8.0858063698688039 18.433869311855233 2.0256124435109077 1.2578622843211622
leaf_count=7467 1493 733 7355 1894 1025 540 70 164
internal_value=-0.000229402 0.000795948 0.00254317 0.000725291 -0.00934598 -0.00432003 0.0118896 -0.0167654
internal_weight=319.801 302.495 259.949 220.098 42.5453 34.4595 39.8513 17.3067
internal_count=20741 13110 10052 9249 3058 2033 803 7631
is_linear=0
shrinkage=0.025


Tree=162
num_leaves=9
num_cat=0
split_feature=2 29 47 49 66 6 19 48
split_gain=9.86339 6.64071 6.30173 8.39064 4.2181 5.44438 8.41792 5.37327
threshold=0.6687772572040559 0.9893010000000001 0.87193500000000013 1.0000000180025095e-35 0.84516650000000004 0.71262150000000013 0.70275950000000009 0.54183350000000019
decision_type=2 2 2 2 2 2 2 2
left_child=1 2 3 -1 5 6 -2 -7
right_child=4 -3 -4 -5 -6 7 -8 -9
leaf_value=-0.00048832059099350141 0.013112928691455215 0.012654010597396532 0.0035346963270352426 -0.012514744593477007 -0.016303608242699646 -0.013932649331570408 -0.0053992415342265813 0.014987642515430675
leaf_weight=66.654560323750047 22.359271933266427 12.498731806510476 41.458631981367944 81.670370818137599 3.2348160073161116 2.5753082388546309 39.147037246148102 44.879713631700724
leaf_count=6288 413 147 615 11209 169 44 685 985
internal_value=-0.000293152 -0.00360314 -0.00483371 -0.00723858 0.00556746 0.00656651 0.00141338 0.0127666
internal_weight=314.478 202.282 189.784 148.325 112.196 108.961 61.5063 47.455
internal_count=20555 18259 18112 17497 2296 2127 1098 1029
is_linear=0
shrinkage=0.025


Tree=163
num_leaves=9
num_cat=0
split_feature=21 34 0 62 17 1 0 44
split_gain=8.40816 7.15486 6.25074 4.7062 6.36085 4.43328 4.20897 6.87019
threshold=0.77400000000000013 0.055688000000000008 0.48933350000000003 0.91666666666666685 0.72353550000000011 0.44168598949909216 0.80456700000000014 0.53801100000000013
decision_type=2 2 2 2 2 2 2 2
left_child=1 -1 5 6 -5 -3 7 -2
right_child=3 2 -4 4 -6 -7 -8 -9
leaf_value=-0.015416121317255902 -0.0029599963968075381 -0.014499463718265996 -0.0091846359289533257 -0.01911734725635723 0.01482020923855467 0.005249931103666468 0.0087918124098711019 0.012245372242914915
leaf_weight=30.148151510107709 72.909211472753668 5.9526443567774541 41.600589281653811 10.226352410943944 2.8855187699082299 58.968725055281539 72.159379316377454 22.614887508389074
leaf_count=10048 1864 1212 2440 997 89 1691 2020 345
internal_value=-0.000378542 -0.00503917 -0.00180317 0.00312017 -0.0101795 0.00294783 0.00431205 0.000740201
internal_weight=317.465 136.67 106.522 180.795 13.1119 64.9214 167.683 95.5241
internal_count=20706 15391 5343 5315 1086 2903 4229 2209
is_linear=0
shrinkage=0.025


Tree=164
num_leaves=9
num_cat=0
split_feature=9 29 62 3 22 31 65 65
split_gain=9.95637 8.06465 7.03875 6.64712 4.453 4.38285 2.52373 2.2065
threshold=0.57000000000000017 0.9893010000000001 0.41666666666666669 0.91417860984802257 0.48337100000000005 0.36100750000000004 0.40656450000000005 0.51423050000000015
decision_type=2 2 2 2 2 2 2 2
left_child=5 2 4 -4 -2 6 -1 -8
right_child=1 -3 3 -5 -6 -7 7 -9
leaf_value=-0.022143666173204818 0.012795293661681084 0.015484675391497123 -0.017082295465845075 -0.00065220479584495025 -0.0078659349473797612 0.0041249285960634078 0.009710663102159546 -0.013947660297839545
leaf_weight=18.667551670912879 33.837314952164888 20.307811967446469 14.739256691624176 211.06185589120287 6.0730950214783652 5.605536855178797 2.9741152412316287 2.7506337763043121
leaf_count=9474 636 124 843 7968 130 948 330 271
internal_value=-0.000404602 0.00104358 -0.000139547 -0.00189817 0.00924702 -0.0136491 -0.0180209 -0.00135387
internal_weight=316.017 286.019 265.712 225.801 39.9104 29.9978 24.3923 5.72475
internal_count=20724 9701 9577 8811 766 11023 10075 601
is_linear=0
shrinkage=0.025


Tree=165
num_leaves=9
num_cat=0
split_feature=1 60 65 31 9 1 14 28
split_gain=8.76628 6.26726 7.14222 8.92468 6.17296 5.6304 6.91958 3.42607
threshold=0.44463366270065313 0.82000000000000017 0.59209300000000009 0.31505900000000003 0.78000000000000014 0.65922337770462047 1.0000000180025095e-35 1.0000000180025095e-35
decision_type=2 2 2 2 2 2 2 2
left_child=-1 2 3 -2 -4 6 -3 -7
right_child=1 5 4 -5 -6 7 -8 -9
leaf_value=-0.016106920292623401 -0.002586791270553496 0.0011836441051491797 -0.0047899399950163193 0.0097327166567475129 0.015186974191535899 0.013466341409119715 -0.02229220043018483 -0.0056814339194854778
leaf_weight=18.082341628960421 149.49089361134975 11.511095507827124 10.839120022152199 46.46232409273216 40.032292653282639 8.7122459481470305 18.356541761280823 10.48630625149235
leaf_count=8481 6607 406 312 1326 630 290 1830 667
internal_value=-9.90918e-05 0.000955566 0.00260882 0.000365211 0.0107685 -0.00699064 -0.0135027 0.00310468
internal_weight=313.973 295.891 246.825 195.953 50.8714 49.0662 29.8676 19.1986
internal_count=20549 12068 8875 7933 942 3193 2236 957
is_linear=0
shrinkage=0.025


Tree=166
num_leaves=9
num_cat=0
split_feature=60 1 26 17 20 0 54 61
split_gain=9.51846 8.65956 7.35964 5.65993 5.29476 6.53487 5.00628 5.41638
threshold=0.82000000000000017 0.61249238252639782 0.30100000000000005 0.60420750000000012 0.67350250000000011 0.8430335000000001 1.0000000180025095e-35 0.71629350000000003
decision_type=2 2 2 2 2 2 2 2
left_child=1 2 -1 -4 -2 -6 7 -3
right_child=4 6 3 -5 5 -7 -8 -9
leaf_value=-0.010509381082113127 -0.02193151005468669 0.0048678325166200695 -0.011324828008926932 0.0050542587335810889 0.0024839258450809424 -0.019648130578022435 -0.018991238478769039 0.017338073627831813
leaf_weight=41.708518573739639 12.768112196783475 112.34081599122146 14.00012489444998 70.340124051173916 27.957361203239998 9.4443203825139772 2.5679600168950847 27.120473589282483
leaf_count=7705 2950 2015 2136 3546 1014 889 73 313
internal_value=0.00065723 0.00256337 -0.00214701 0.00204918 -0.00909213 -0.00362796 0.00676761 0.00755673
internal_weight=318.248 268.078 126.049 84.3402 50.1698 37.4017 142.029 139.461
internal_count=20641 15788 13387 5682 4853 1903 2401 2328
is_linear=0
shrinkage=0.025


Tree=167
num_leaves=9
num_cat=0
split_feature=60 20 39 9 43 16 16 44
split_gain=9.06809 11.2389 9.03649 7.2811 6.38971 5.05924 5.15015 5.10338
threshold=0.68000000000000005 0.67350250000000011 1.0000000180025095e-35 0.9900000000000001 1.0000000180025095e-35 0.63245050000000014 0.68580600000000014 0.09763200000000001
decision_type=2 2 2 2 2 2 2 2
left_child=2 -2 4 -4 -1 7 -7 -3
right_child=1 5 3 -5 -6 6 -8 -9
leaf_value=-0.0015160725726560292 -0.024820553372507003 -0.013624798638424838 0.0022567034068639992 0.013840333209855372 -0.024380463204767555 -0.02505753829544561 -0.002003732206969326 0.018662584377054588
leaf_weight=28.432640285305752 15.415987372372909 2.2187914526730301 157.56742538381877 42.508225435158238 9.0443475170995935 5.3361774962104382 43.480672891615541 10.077158337808212
leaf_count=2388 4174 166 8805 583 1774 420 2100 157
internal_value=0.000289101 -0.00705883 0.00272675 0.00486751 -0.00817956 -0.00181495 -0.00555835 0.0112207
internal_weight=314.081 76.5288 237.553 200.076 37.477 61.1128 48.8169 12.2959
internal_count=20567 7017 13550 9388 4162 2843 2520 323
is_linear=0
shrinkage=0.025


Tree=168
num_leaves=9
num_cat=0
split_feature=29 62 47 22 61 22 58 19
split_gain=10.6207 8.012 9.46589 10.7901 6.25662 6.1779 4.0295 3.61062
threshold=0.91839300000000013 0.41666666666666669 0.87193500000000013 0.45059850000000007 0.48477250000000005 0.48337100000000005 0.58083350000000011 0.75760650000000018
decision_type=2 2 2 2 2 2 2 2
left_child=1 5 3 -3 -4 6 -1 -7
right_child=-2 2 4 -5 -6 7 -8 -9
leaf_value=0.015424192188743666 0.015863892480765956 -0.0094897451391487697 -0.0083816784979897935 0.0039358583203908531 0.0089568581922069065 -0.020194373475903887 -0.0094718131589470265 0.0093970016387391747
leaf_weight=34.918857250588189 24.968656667024334 122.54691812700548 14.572703347628702 51.229088864718506 56.768625380238518 4.8184557821950866 2.8407506740622912 2.2473636530339718
leaf_count=1446 267 15378 307 2412 548 170 137 13
internal_value=0.000847863 -0.000519384 -0.00233671 -0.00548947 0.00518091 0.00893341 0.0129803 -0.0099585
internal_weight=314.911 289.943 245.117 173.776 71.3413 44.8254 37.7596 7.06582
internal_count=20678 20411 18645 17790 855 1766 1583 183
is_linear=0
shrinkage=0.025


Tree=169
num_leaves=9
num_cat=0
split_feature=39 19 60 31 9 20 14 2
split_gain=9.03745 8.31154 7.91012 7.24757 7.09295 6.6632 5.19471 4.49866
threshold=1.0000000180025095e-35 0.64445900000000012 0.82000000000000017 0.31505900000000003 0.9900000000000001 0.7156570000000001 1.0000000180025095e-35 0.73102048039436351
decision_type=2 2 2 2 2 2 2 2
left_child=5 3 4 -2 -3 -1 -7 -4
right_child=1 2 7 -5 -6 6 -8 -9
leaf_value=-0.018800707143824043 -0.022689757387831466 0.0028731750439622457 -0.010994771510182291 0.0060054768488691963 0.014128657175464607 0.0057629803179057521 -0.020319724862484935 0.0096425564763302982
leaf_weight=22.297196174784403 12.871394799289194 169.11745728452661 30.244105677556945 7.083467263091733 43.688000356312841 19.251867411250718 4.1538703406549748 6.2687798654660574
leaf_count=4591 5146 6301 2237 637 596 454 384 284
internal_value=0.000378965 0.00216386 0.00346125 -0.0125429 0.00532882 -0.00962992 0 -0.00694013
internal_weight=314.976 269.273 249.318 19.9549 212.805 45.7029 23.4057 36.5129
internal_count=20630 15201 9418 5783 6897 5429 838 2521
is_linear=0
shrinkage=0.025


Tree=170
num_leaves=9
num_cat=0
split_feature=2 9 62 0 20 70 0 29
split_gain=9.15842 6.25679 4.62476 5.78392 4.4441 3.87419 3.35102 3.4914
threshold=0.68431133031845104 0.63000000000000012 0.91666666666666685 0.67670000000000019 0.61172500000000007 0.40703000000000006 0.8430335000000001 1.0000000180025095e-35
decision_type=2 2 2 2 2 2 2 2
left_child=1 5 4 -4 -3 -1 -2 -8
right_child=6 2 3 -5 -6 -7 7 -9
leaf_value=-0.017747448249123176 0.0087700892003665584 -0.020437935678261201 0.0046384949958392131 -0.020244351412878142 0.0013958426704012272 0.0048239464484366688 -0.020480845650265998 0.0058422576726810315
leaf_weight=21.164250811232709 79.177571032429114 4.0097188909639945 7.7061386474379132 13.439969460050632 170.96413678149838 4.4493187195766941 3.5744801496621204 5.0972502464428544
leaf_count=10342 1289 569 503 1325 5594 470 322 111
internal_value=0.000353959 -0.00233063 -0.00071394 -0.0112352 0.000627802 -0.0134896 0.00711445 -0.00611017
internal_weight=309.583 221.734 196.12 21.1461 174.974 25.6136 87.8493 8.67173
internal_count=20525 18803 7991 1828 6163 10812 1722 433
is_linear=0
shrinkage=0.025


Tree=171
num_leaves=9
num_cat=0
split_feature=1 0 61 40 67 19 0 48
split_gain=8.16829 7.45642 15.8744 7.37316 6.66018 4.7554 4.34891 2.69047
threshold=0.46938608586788183 0.48566650000000006 0.48281650000000004 1.0000000180025095e-35 0.024163 0.73277850000000011 0.80880000000000007 0.25536650000000005
decision_type=2 2 2 2 2 2 2 2
left_child=7 4 6 -4 5 -2 -3 -1
right_child=1 2 3 -5 -6 -7 -8 -9
leaf_value=-0.00031964136232371558 -0.0065337616471985915 -0.018765692752425078 -0.0014069257090566249 0.0095395834112594006 0.013191887396740327 0.016631863280324122 -0.0018470928787691896 -0.018740172472630372
leaf_weight=8.1663214899454051 23.827192689564985 31.012396452162648 99.38397588134103 59.400104012354859 50.507595881790621 4.9951487046200773 15.455021252386357 15.639359806862556
leaf_count=3726 1804 2808 3127 1223 1141 75 768 5988
internal_value=0.000218449 0.00145375 -0.00104294 0.00270917 0.00787248 -0.00145694 -0.0136017 -0.0132263
internal_weight=308.387 284.581 205.251 158.784 79.3299 28.8223 46.4674 23.8057
internal_count=20660 10946 7926 4350 3020 1879 3576 9714
is_linear=0
shrinkage=0.025


Tree=172
num_leaves=9
num_cat=0
split_feature=19 39 55 60 18 32 0 28
split_gain=8.15556 6.37292 6.16969 6.05065 5.9378 5.59774 5.36717 4.83269
threshold=0.67852800000000013 1.0000000180025095e-35 1.0000000180025095e-35 0.82000000000000017 0.7238635000000001 0.45310000000000006 0.80776700000000012 1.0000000180025095e-35
decision_type=2 2 2 2 2 2 2 2
left_child=5 2 4 6 -2 -1 -3 -5
right_child=1 3 -4 7 -6 -7 -8 -9
leaf_value=-0.012689203730514749 -0.0092123988449003043 0.0027636721480948389 -0.024718840211884075 0.0039527465475369611 0.012851772891098099 0.0039395840898116923 0.013060459692402908 -0.014566249257234232
leaf_weight=44.97605075044703 19.675152421208626 133.54879026313574 7.7585140181545276 14.182173906971004 9.6744447231758368 15.402015129049685 41.486533750081435 17.091344740620116
leaf_count=11570 1142 3867 803 606 130 630 602 1272
internal_value=-0.000245108 0.001783 -0.00743738 0.00353293 -0.00134429 -0.00833678 0.00536654 -0.0062099
internal_weight=303.795 243.417 37.1081 206.309 29.3496 60.3781 175.035 31.2735
internal_count=20622 8422 2075 6347 1272 12200 4469 1878
is_linear=0
shrinkage=0.025


Tree=173
num_leaves=9
num_cat=0
split_feature=39 4 70 60 18 22 1 14
split_gain=8.81771 6.98021 6.1649 5.86712 5.84164 5.58958 4.6329 3.82522
threshold=1.0000000180025095e-35 1.0000000180025095e-35 -1.0000000180025095e-35 0.82000000000000017 0.7238635000000001 0.49192400000000008 0.67177072167396557 1.0000000180025095e-35
decision_type=2 2 2 2 2 2 2 2
left_child=4 3 -3 5 -1 -2 -5 -6
right_child=1 2 -4 6 7 -7 -8 -9
leaf_value=-0.016317196236113468 0.0017374021714188594 0.010568844609222838 -0.023337803815895831 -0.012726681276767644 0.011326046815047284 0.011549118503737507 0.0049996600216959024 -0.014676841006983868
leaf_weight=30.264542113751304 164.59652884719253 2.9218528180499552 10.375406738507079 23.977055766068588 9.1330142122460511 45.949874592770357 12.184855520492418 3.0951244324678546
leaf_count=5019 9374 54 1945 2600 128 682 666 259
internal_value=-0.000372445 0.00135205 -0.0149894 0.00237645 -0.0106794 0.00400253 -0.00660822 0.0030793
internal_weight=302.498 260.006 13.2973 246.708 42.4927 210.546 36.1619 12.2281
internal_count=20727 15321 1999 13322 5406 10056 3266 387
is_linear=0
shrinkage=0.025


Tree=174
num_leaves=9
num_cat=0
split_feature=9 19 62 44 47 19 29 16
split_gain=7.95938 6.05362 7.23493 6.75844 5.58491 5.23314 5.05074 4.32814
threshold=0.75000000000000011 0.72651150000000009 0.41666666666666669 0.21498000000000003 0.78600550000000013 0.64445900000000012 1.0000000180025095e-35 0.70892750000000004
decision_type=2 2 2 2 2 2 2 2
left_child=1 2 -1 -3 -4 -2 7 -7
right_child=5 3 4 -5 -6 6 -8 -9
leaf_value=0.0064204073117251738 -0.015476105616616399 0.010249450649922854 -0.018173680607467203 -0.013990510504382684 0.0017210886951211082 0.0030226919442215374 0.0077437803709756231 -0.0077812796437765272
leaf_weight=11.491966472880447 7.2152850118000051 22.165997229632925 40.609860798194859 8.139534385467412 9.8670229273848218 81.449284306509071 98.841619922604878 30.084148239926435
leaf_count=1120 657 578 11912 296 309 2484 1896 1503
internal_value=0.000254487 -0.0057969 -0.0101976 0.00304378 -0.0142244 0.0028843 0.00368914 0
internal_weight=309.865 92.2744 61.9689 30.3055 50.4769 217.59 210.375 111.533
internal_count=20755 14215 13341 874 12221 6540 5883 3987
is_linear=0
shrinkage=0.025


Tree=175
num_leaves=9
num_cat=0
split_feature=15 2 43 48 62 60 17 66
split_gain=7.58484 7.83425 6.54639 4.95705 5.46263 3.68017 5.00657 3.23559
threshold=0.66389800000000021 0.51673245429992687 1.0000000180025095e-35 0.66350000000000009 0.41666666666666669 0.68000000000000005 0.63418550000000007 0.72786650000000008
decision_type=2 2 2 2 2 2 2 2
left_child=1 -1 5 4 -3 -2 -7 -5
right_child=2 3 -4 7 -6 6 -8 -9
leaf_value=-0.016519835302383729 0.0075221313524365223 0.0069029189896189893 -0.010389766129189742 0.01409531880849578 -0.0073864006438252227 0.0087644303963324583 -0.010319112110584016 -0.0018634560981742752
leaf_weight=24.791144539452944 110.27828360438434 19.209797303687083 16.381827679564594 16.050845217483587 74.077994964682148 13.04365451425838 17.709118479760946 12.121964574384036
leaf_count=10140 2599 561 1169 291 4001 346 1211 273
internal_value=-0.000156852 -0.00424954 0.00360421 -0.00145728 -0.00428211 0.0054047 -0.001955 0.00731177
internal_weight=303.665 146.252 157.413 121.461 93.2878 141.031 30.7528 28.1728
internal_count=20591 15266 5325 5126 4562 4156 1557 564
is_linear=0
shrinkage=0.025


Tree=176
num_leaves=9
num_cat=0
split_feature=1 49 61 19 41 47 17 62
split_gain=7.84409 6.85359 10.5844 7.33052 6.35582 5.93912 5.37131 4.27619
threshold=0.61030724644660961 1.0000000180025095e-35 0.47254750000000006 0.70521800000000001 0.42500000000000004 0.63379500000000011 0.65034300000000012 0.58333333333333337
decision_type=2 2 2 2 2 2 2 2
left_child=1 3 -3 6 -4 -5 -1 -2
right_child=7 2 4 5 -6 -7 -8 -9
leaf_value=-0.015929093465274127 0.0073424072792229013 -0.019553232427201656 -0.011203886124120566 0.0182383663910359 0.0062485125004650144 -0.013361826333904057 0.0022497122027813369 -0.00081062701885068205
leaf_weight=13.047220172138621 103.34591815347085 30.549057027456001 20.40018957790744 19.633329552598301 28.968873403311591 2.6967078602174288 28.474870794460003 61.945109988744662
leaf_count=4208 2187 8293 1218 350 1038 74 1578 1775
internal_value=0.00055754 -0.003658 -0.00847064 0.00232599 -0.000972566 0.0133292 -0.00375967 0.00426895
internal_weight=309.061 143.77 79.9181 63.8521 49.3691 22.33 41.5221 165.291
internal_count=20721 16759 10549 6210 2256 424 5786 3962
is_linear=0
shrinkage=0.025


Tree=177
num_leaves=9
num_cat=0
split_feature=1 29 15 15 0 19 34 61
split_gain=7.81264 5.53338 4.56967 7.43356 6.85479 2.22969 1.51393 1.50752
threshold=0.43643447756767279 0.96721250000000014 0.66563950000000016 0.55211700000000008 0.8430335000000001 0.68063400000000007 0.25411250000000002 0.70270150000000009
decision_type=2 2 2 2 2 2 2 2
left_child=7 2 3 -2 -4 -3 -7 -1
right_child=1 5 4 -5 -6 6 -8 -9
leaf_value=-0.019448994444608542 0.00033286568552440407 -0.0042907185521044123 0.004260529200053687 -0.0119066034192529 -0.012250128437985498 0.00205736163975055 0.020154685435338958 0.0054795577471086904
leaf_weight=13.859192255666127 78.802417474824324 2.8077304482576464 122.39070104227721 47.851575682148905 15.87770808523055 5.5743333655409542 11.40945701766759 0.33561076223850328
leaf_count=8073 3718 59 3434 4067 1129 33 71 3
internal_value=-0.000901037 3.31945e-05 -0.00092986 -0.00434628 0.00216347 0.0121707 0.0154525 -0.0177926
internal_weight=298.909 284.714 264.922 126.654 138.268 19.7915 16.9838 14.1948
internal_count=20587 12511 12348 7785 4563 163 104 8076
is_linear=0
shrinkage=0.025


Tree=178
num_leaves=9
num_cat=0
split_feature=29 4 2 0 51 26 48 15
split_gain=8.93356 7.68665 4.85286 6.06049 2.43932 2.39748 2.25654 1.6891
threshold=0.96721250000000014 1.0000000180025095e-35 0.46497869491577154 0.48566650000000006 1.0000000180025095e-35 0.30100000000000005 0.25536650000000005 0.59257300000000013
decision_type=2 2 2 2 2 2 2 2
left_child=1 2 6 -4 -3 7 -1 -2
right_child=5 4 3 -5 -6 -7 -8 -9
leaf_value=0 0.010076930263159825 -0.022607399137450215 0.0069055410027556875 -0.0019538469610235905 0.0022604200648364196 0.020176857646763812 -0.017453951279440546 -0.010106275562098694
leaf_weight=5.5167436275060053 3.8053929659508894 11.597230826761002 63.707245210083784 178.72971433153725 1.9510728723944346 13.70917035847742 12.747709506575118 2.5891881047573406
leaf_count=2328 48 2247 2982 7582 365 99 5018 54
internal_value=-0.000375177 -0.00162088 -0.000568329 0.000380981 -0.0187137 0.0148881 -0.0123333 0.000550467
internal_weight=294.353 274.25 260.701 242.437 13.5483 20.1038 18.2645 6.39458
internal_count=20723 20522 17910 10564 2612 201 7346 102
is_linear=0
shrinkage=0.025


Tree=179
num_leaves=9
num_cat=0
split_feature=2 49 61 28 47 29 27 65
split_gain=7.73481 5.36726 5.55365 7.34867 4.50361 3.9947 4.58428 7.64712
threshold=0.57335239648818981 1.0000000180025095e-35 0.26513150000000008 0.31620650000000006 0.96386200000000011 0.52868100000000007 1.0000000180025095e-35 0.59209300000000009
decision_type=2 2 2 2 2 2 2 2
left_child=1 2 3 -1 -3 6 -2 -8
right_child=5 4 -4 -5 -6 -7 7 -9
leaf_value=-0.014790956093980659 -0.0020326360468230316 -0.015607446953045556 0.015280143785233971 0.0072534429375240191 0.0054973202249356378 0.010744647367786504 -0.00099777496314248123 0.014483846051263625
leaf_weight=18.450835695926799 107.6769211392093 35.55633933433819 9.4576680833997653 15.385697744184652 5.9622657608124419 31.250100557343103 43.207461475714808 33.419415952987038
leaf_count=4053 3718 8431 250 1460 86 379 1423 843
internal_value=0.000193593 -0.00609004 0 -0.00471254 -0.012291 0.00273371 0.00123438 0.00585554
internal_weight=300.367 84.8128 43.2942 33.8365 41.5186 215.554 184.304 76.6269
internal_count=20643 14280 5763 5513 8517 6363 5984 2266
is_linear=0
shrinkage=0.025


Tree=180
num_leaves=9
num_cat=0
split_feature=21 15 49 61 45 15 22 66
split_gain=6.84538 7.70168 6.14699 10.3327 5.56991 4.28235 4.12732 4.85378
threshold=0.70400000000000007 0.66563950000000016 1.0000000180025095e-35 0.48281650000000004 1.0000000180025095e-35 0.69080600000000014 0.24095750000000002 0.65660000000000018
decision_type=2 2 2 2 2 2 2 2
left_child=1 6 -2 -4 -5 -3 -1 -8
right_child=2 5 3 4 -6 -7 7 -9
leaf_value=-0.0023644024901680726 0.018475674213941942 0.010662750258352713 -0.013223309779690074 0.00016500686979398351 0.010650354799408054 -0.0026986996055050469 -0.019420712018223981 0.0038262246601568663
leaf_weight=26.686692977044004 13.200988112599587 20.253171173935698 22.449646342160122 80.725905366285588 51.811506418001954 42.923632580619596 31.052319873060696 5.4319542465527766
leaf_count=5732 245 1084 1433 2334 1301 1821 6467 216
internal_value=-2.00323e-05 -0.00440402 0.00324233 0.00167821 0.00441708 0.00166539 -0.0104539 -0.0157457
internal_weight=294.536 126.348 168.188 154.987 132.537 63.1768 63.171 36.4843
internal_count=20633 15320 5313 5068 3635 2905 12415 6683
is_linear=0
shrinkage=0.025


Tree=181
num_leaves=9
num_cat=0
split_feature=60 20 2 29 62 17 61 0
split_gain=7.36407 6.81968 6.38408 5.57999 5.16772 4.4616 4.05373 3.51442
threshold=0.82000000000000017 0.69720050000000011 0.57827115058898937 0.52868100000000007 0.41666666666666669 0.60420750000000012 0.068750000000000019 0.8430335000000001
decision_type=2 2 2 2 2 2 2 2
left_child=2 -2 5 4 -4 -1 -7 -3
right_child=1 7 3 -5 -6 6 -8 -9
leaf_value=-0.016854253521745879 -0.020974201144049999 0.004425108276454307 0.01018565630429117 0.013731882066528514 -0.00075363523702120898 0.012599657249751844 -0.0044134084458448608 -0.013010072750142196
leaf_weight=13.546869028488798 17.342989285643853 19.351011085804206 32.856372323643882 27.816913278657012 114.35266611137195 8.3969798195721506 50.874720814586908 8.797317880431363
leaf_count=4919 3302 777 731 244 3265 1874 4777 786
internal_value=-0.000471658 -0.00951115 0.00122036 0.00382311 0.0017415 -0.00487032 -0.00154818 -0.0012768
internal_weight=293.336 45.4913 247.845 175.026 147.209 72.8186 59.2717 28.1483
internal_count=20675 4865 15810 4240 3996 11570 6651 1563
is_linear=0
shrinkage=0.025


Tree=182
num_leaves=9
num_cat=0
split_feature=22 62 61 48 39 60 14 6
split_gain=6.93236 8.72272 8.58782 7.87893 6.28645 6.49377 8.04558 5.32377
threshold=0.46480350000000009 0.41666666666666669 0.72100950000000008 0.25536650000000005 1.0000000180025095e-35 0.82000000000000017 1.0000000180025095e-35 0.75277800000000006
decision_type=2 2 2 2 2 2 2 2
left_child=1 -1 3 -3 -2 6 -6 -7
right_child=4 2 -4 -5 5 7 -8 -9
leaf_value=0.0071659648609865602 -0.011392370576091979 0.0052259827666625326 0.0075668610752709061 -0.010716914202695209 0.00050108974925550359 -0.021057925189675555 0.018476308434742468 0.0071866112372650755
leaf_weight=36.699100380901655 10.764017756191604 21.040390130010564 22.995862261101138 121.66915375989629 28.662114460050361 6.4867799802959762 34.855366968899034 6.1951702625956386
leaf_count=1565 666 4047 511 11700 550 315 455 801
internal_value=-0.000952067 -0.00350279 -0.00596762 -0.0082748 0.00484564 0.00746805 0.0107424 -0.00765011
internal_weight=289.368 202.405 165.705 142.71 86.9634 76.1994 63.5175 12.682
internal_count=20610 17823 16258 15747 2787 2121 1005 1116
is_linear=0
shrinkage=0.025


Tree=183
num_leaves=9
num_cat=0
split_feature=60 9 0 24 3 61 61 17
split_gain=7.05847 7.12889 7.45618 9.69111 7.6779 6.72366 3.75632 5.61841
threshold=0.82000000000000017 0.95350000000000013 0.80456700000000014 0.25000000000000006 0.93800881505012523 0.48691700000000004 0.49346600000000007 0.65940750000000004
decision_type=2 2 2 2 2 2 2 2
left_child=1 2 3 -1 -4 -2 7 -3
right_child=5 6 4 -5 -6 -7 -8 -9
leaf_value=-0.011275988727796456 -0.020941108878400373 0.015361396695294353 -0.016807836506649791 0.0016852477818860196 0.011068024308094582 -0.0010708179115676997 0.01426665635855193 -0.010209334193864356
leaf_weight=56.625209776739212 15.846381601937535 7.1160983100417097 5.0959878214925984 90.540885144491767 45.627981603494845 29.110232571729284 34.925159147416707 11.051409915438851
leaf_count=7595 3167 149 207 6137 994 1658 464 325
internal_value=4.8092e-05 0.00172488 -0.000448864 -0.0033359 0.00759388 -0.00882807 0.00968529 0
internal_weight=295.939 250.983 197.89 147.166 50.724 44.9566 53.0927 18.1675
internal_count=20696 15871 14933 13732 1201 4825 938 474
is_linear=0
shrinkage=0.025


Tree=184
num_leaves=9
num_cat=0
split_feature=19 9 62 0 20 61 58 32
split_gain=6.98975 5.05278 4.73854 4.60384 4.63045 4.54517 4.16873 3.89348
threshold=0.64445900000000012 0.73000000000000009 0.41666666666666669 0.86900000000000011 0.68001550000000011 0.72100950000000008 1.0000000180025095e-35 0.12793500000000005
decision_type=2 2 2 2 2 2 2 2
left_child=2 5 -1 4 -3 6 -2 -7
right_child=1 3 -4 -5 -6 7 -8 -9
leaf_value=0.0034684195479299097 0.012148203370757199 0.011210388431014654 -0.020430076723839868 -0.012061216718434086 0.0017293619499169851 0.01175803935335532 -0.012563319680177064 -0.01423569934008382
leaf_weight=6.0771734249374303 2.9032736410590578 39.243808947168873 14.620164734991702 10.195302548730977 165.54997182748048 12.059722558129577 36.085939252807293 2.7786543238908044
leaf_count=849 81 1320 7190 919 4297 204 5655 105
internal_value=-4.50933e-05 0.00104643 -0.0133952 0.00278827 0.00367329 -0.00562683 -0.0100373 0.0053323
internal_weight=289.514 268.817 20.6973 214.989 204.794 53.8276 38.9892 14.8384
internal_count=20620 12581 8039 6536 5617 6045 5736 309
is_linear=0
shrinkage=0.025


Tree=185
num_leaves=9
num_cat=0
split_feature=29 4 1 16 19 19 66 66
split_gain=7.17859 8.08228 5.40298 4.45188 4.40165 3.01743 1.84199 1.45708
threshold=0.91839300000000013 1.0000000180025095e-35 0.67177072167396557 0.60856150000000009 0.69679450000000009 0.68063400000000007 -0.28726649999999992 0.65660000000000018
decision_type=2 2 2 2 2 2 2 2
left_child=1 2 4 -4 -1 -2 -3 -8
right_child=5 6 3 -5 -6 -7 7 -9
leaf_value=-0.0076332662340159955 -0.0068956918947930589 0.0013246856150203592 -0.012927198831019754 0.0076302035754926383 0.00020877621420064592 0.015846175101424519 -0.025646000173922115 0
leaf_weight=68.07856485875709 2.6869597933909999 1.3863875452516357 5.2902556243352583 60.820651014044415 118.5367948025596 20.123061220161617 9.6699117058597022 1.177554492256603
leaf_count=11831 128 94 145 1409 4453 131 2417 52
internal_value=-0.000307989 -0.00152642 -0.000459989 0.00554378 -0.0026629 0.012525 -0.0198696 -0.0229467
internal_weight=287.77 264.96 252.726 66.1109 186.615 22.81 12.2339 10.8475
internal_count=20660 20401 17838 1554 16284 259 2563 2469
is_linear=0
shrinkage=0.025


Tree=186
num_leaves=9
num_cat=0
split_feature=4 9 16 83 31 19 29 74
split_gain=7.97348 7.24427 4.38578 4.18842 3.96944 4.36316 3.81217 1.42822
threshold=1.0000000180025095e-35 0.73000000000000009 0.59307200000000015 1.0000000180025095e-35 0.5186845000000001 0.70445500000000016 0.31620650000000006 1.0000000180025095e-35
decision_type=2 2 2 2 2 2 2 2
left_child=1 4 -3 7 5 -1 -4 -2
right_child=3 2 6 -5 -6 -7 -8 -9
leaf_value=-0.015345220701748253 -0.026889725576236142 -0.019887995726984381 0.0015569375683932235 0.0020955751074550376 0.012336881810010506 -0.0013073058202495292 0.0090965248469583922 0.00082582606025007044
leaf_weight=26.809145513292606 9.3230153940112324 2.9749865837366078 152.88841847670847 4.1046471396366533 4.3785337117406007 29.89488324438571 58.243147478468018 0.59075397269771279
leaf_count=9456 2267 225 5543 243 388 1439 976 64
internal_value=0 0.00100157 0.00319385 -0.0171391 -0.00642155 -0.00836875 0.00373785 -0.0247473
internal_weight=289.208 275.189 214.107 14.0184 61.0826 56.704 211.132 9.91377
internal_count=20601 18027 6744 2574 11283 10895 6519 2331
is_linear=0
shrinkage=0.025


Tree=187
num_leaves=9
num_cat=0
split_feature=60 2 4 49 2 65 32 0
split_gain=6.31972 6.60408 5.36037 5.34227 10.6944 8.11444 4.25552 6.2718
threshold=0.82000000000000017 0.73102048039436351 0.62500000000000011 1.0000000180025095e-35 0.57827115058898937 0.034119000000000003 0.16292500000000001 0.8430335000000001
decision_type=2 2 2 2 2 2 2 2
left_child=2 6 3 5 -5 -1 -2 -8
right_child=1 -3 -4 4 -6 -7 7 -9
leaf_value=-0.0042693143716796642 -0.021018671375886616 0.011562532551595695 -0.02153030992772588 -0.012770535531735719 0.0031198706007755242 0.013410877163867026 0.0046516755724788066 -0.022601119050284554
leaf_weight=21.310542180428456 16.701716514005966 6.9688690975308409 3.8451070985138349 30.504285856071874 140.36279019757058 51.718710418082992 15.279231578057081 5.5205863356313776
leaf_count=1883 3256 299 1060 6216 3548 3097 728 587
internal_value=0.000442286 -0.00799388 0.00203853 0.00261269 0.000124699 0.00817541 -0.0122193 -0.00360074
internal_weight=292.212 44.4704 247.741 243.896 170.867 73.0293 37.5015 20.7998
internal_count=20674 4870 15804 14744 9764 4980 4571 1315
is_linear=0
shrinkage=0.025


Tree=188
num_leaves=9
num_cat=0
split_feature=62 17 65 49 61 70 3 58
split_gain=5.38937 8.27996 4.7649 7.44163 9.27482 6.02849 4.72411 4.29409
threshold=0.91666666666666685 0.71436200000000005 0.034119000000000003 1.0000000180025095e-35 0.50715900000000003 -1.0000000180025095e-35 0.97866359353065502 0.33916700000000005
decision_type=2 2 2 2 2 2 2 2
left_child=2 6 5 -4 -5 7 -2 -1
right_child=1 -3 3 4 -6 -7 -8 -9
leaf_value=-0.01219269752532628 -0.021455612952006067 0.013702128531258836 0.011384183191706535 -0.0059286077898831899 0.0051177615659117985 -0.017350280670370182 0.0093345174207148194 0.017115043004290603
leaf_weight=3.0169910981785524 17.59485792187116 5.2986248559318474 49.499238306736515 77.495562300948222 115.60570682978141 14.950734097074017 2.1634221308850092 6.1476948644849472
leaf_count=107 3863 208 3218 8096 3172 1792 158 86
internal_value=0.000747124 -0.00985144 0.00183664 0.00293072 0.000630852 -0.00826418 -0.0171914 0.00633941
internal_weight=291.773 25.0569 266.716 242.601 193.101 24.1154 19.7583 9.16469
internal_count=20700 4229 16471 14486 11268 1985 4021 193
is_linear=0
shrinkage=0.025


Tree=189
num_leaves=9
num_cat=0
split_feature=39 60 29 43 62 2 14 34
split_gain=7.85884 8.10673 6.89047 5.37774 5.33715 4.70212 5.44993 4.58646
threshold=1.0000000180025095e-35 0.68000000000000005 0.52868100000000007 1.0000000180025095e-35 0.91666666666666685 0.68759378790855419 1.0000000180025095e-35 0.37119550000000007
decision_type=2 2 2 2 2 2 2 2
left_child=3 2 4 -1 -2 6 -3 -7
right_child=1 5 -4 -5 -6 7 -8 -9
leaf_value=-0.004087048034342863 0.003756616792606535 0.00051062023882325668 0.015207076938272066 -0.025169882528923063 -0.011804972514637357 -0.012263628106764292 -0.017332196732191642 0.011506449104943497
leaf_weight=34.769963070288213 145.43143813835195 16.155788660573307 29.701763084893173 8.619451004869914 13.074072955845621 5.4031414736527976 25.167011222874862 13.629626912064849
leaf_count=3554 7213 1491 420 1911 1761 246 3576 517
internal_value=0.000179871 0.00193742 0.00451079 -0.00936498 0.00229521 -0.00585419 -0.0104816 0.00387738
internal_weight=291.952 248.563 188.207 43.3894 158.506 60.3556 41.3228 19.0328
internal_count=20689 15224 9394 5465 8974 5830 5067 763
is_linear=0
shrinkage=0.025


Tree=190
num_leaves=9
num_cat=0
split_feature=60 2 55 9 55 26 34 19
split_gain=5.17994 4.77815 5.5204 4.71793 6.74389 8.08515 4.39688 4.10479
threshold=0.82000000000000017 0.73102048039436351 1.0000000180025095e-35 0.95350000000000013 1.0000000180025095e-35 0.91000000000000003 0.26262600000000008 0.71834350000000013
decision_type=2 2 2 2 2 2 2 2
left_child=3 2 -2 4 -1 -6 -5 -8
right_child=1 -3 -4 6 5 -7 7 -9
leaf_value=-0.0050088508227617359 0.00039483946501729948 0.0088711255919676022 -0.018464550587077511 0.018075998683221264 0.0013832601257012867 0.024160141386338818 0.010382260939703968 -0.0053533708894516353
leaf_weight=100.48624559104428 14.382812407988238 6.9034741665236643 23.247044985631874 15.66513318478246 79.049726408811694 9.3212972686451376 18.493127942958381 18.549426362849772
leaf_count=8688 853 300 3683 311 5906 186 331 293
internal_value=-0.000195603 -0.00785938 -0.0114108 0.00123938 -0.000590501 0.00435025 0.00771503 0.00243981
internal_weight=286.098 44.5333 37.6299 241.565 188.857 88.371 52.7077 37.0426
internal_count=20551 4836 4536 15715 14780 6092 935 624
is_linear=0
shrinkage=0.025


Tree=191
num_leaves=9
num_cat=0
split_feature=29 1 62 47 39 21 48 39
split_gain=7.38936 6.42868 4.56905 3.60476 3.45511 3.17023 2.47387 1.36834
threshold=0.91839300000000013 0.50802838802337658 0.41666666666666669 0.80616900000000002 1.0000000180025095e-35 0.87400000000000011 0.25536650000000005 1.0000000180025095e-35
decision_type=2 2 2 2 2 2 2 2
left_child=1 5 4 -4 -3 6 -1 -7
right_child=-2 2 3 -5 -6 7 -8 -9
leaf_value=-0.0017151173011111709 0.014093928197381348 -0.0088180170533265594 -0.0036895194839419612 0.0032607492970551915 0.010964533187288031 -0.008544967794416488 -0.018129596710385981 0.012351149319415618
leaf_weight=9.7506932265168889 20.385064146943478 4.5206332281813948 116.08360599469597 74.388060607147054 34.958697794354521 0.87106465845135961 20.450915401050224 3.7016501361504188
leaf_count=4034 256 148 6718 1091 887 103 7246 222
internal_value=0.000279853 -0.00085348 0.000662409 -0.000930472 0.00820254 -0.0105724 -0.0134987 0.00584063
internal_weight=285.11 264.725 229.951 190.472 39.4793 34.7743 30.2016 4.57271
internal_count=20705 20449 8844 7809 1035 11605 11280 325
is_linear=0
shrinkage=0.025


Tree=192
num_leaves=9
num_cat=0
split_feature=62 26 61 0 19 47 59 47
split_gain=7.24722 5.96055 4.44025 5.25219 4.17414 8.83508 8.6554 3.63876
threshold=0.58333333333333337 0.30100000000000005 0.91125000000000012 0.43580000000000002 0.68314600000000014 0.27899850000000004 1.0000000180025095e-35 0.73988250000000011
decision_type=2 2 2 2 2 2 2 2
left_child=4 -2 3 -3 5 6 -1 -7
right_child=1 2 -4 -5 -6 7 -8 -9
leaf_value=0.017840400157563423 -0.010210892949203637 0.0080208551434204148 0.018928329350701684 -0.0055934784765250024 0.006170535969362948 -0.023583140291533033 -0.019380443405547298 0.00044539664200228199
leaf_weight=12.743646346223619 53.944050313866683 23.360897268708868 5.3271083682775489 55.70346500875894 117.80786288801755 10.561008611141004 3.3265622953549601 4.7597130184585685
leaf_count=1765 8044 2191 78 3758 2725 1438 519 77
internal_value=0.000186393 -0.00387924 0.000223898 -0.00137973 0.00400706 -0.00377096 0.00842832 -0.0164957
internal_weight=287.534 138.336 84.3915 79.0644 149.199 31.3909 16.0702 15.3207
internal_count=20595 14071 6027 5949 6524 3799 2284 1515
is_linear=0
shrinkage=0.025


Tree=193
num_leaves=9
num_cat=0
split_feature=29 4 9 0 70 66 58 18
split_gain=5.92714 4.55742 4.15449 4.50433 3.59027 3.06558 1.51618 1.46883
threshold=0.9893010000000001 1.0000000180025095e-35 0.82350000000000001 0.85073300000000007 -1.0000000180025095e-35 0.42970000000000003 0.33916700000000005 0.67592250000000009
decision_type=2 2 2 2 2 2 2 2
left_child=1 2 5 -4 6 -1 -3 -2
right_child=7 4 3 -5 -6 -7 -8 -9
leaf_value=0.00031192922044295557 0 -0.0097542773440350179 0.0046517563219107844 -0.0093131249751492121 -0.020893088394057527 -0.0074443412999798207 0.012682509868801367 0.016515928921795521
leaf_weight=62.831853193192728 3.2485664815649242 0.98563481983728651 115.46899028812186 14.279547155827457 10.015276703488778 58.83157035423028 2.7065121895866469 14.030600683763621
leaf_count=8797 103 45 3342 1058 2512 4610 41 81
internal_value=0 -0.000966882 -0.000119585 0.00293987 -0.0140359 -0.00343778 0.00405254 0.0133864
internal_weight=282.399 265.119 251.412 129.749 13.7074 121.663 3.69215 17.2792
internal_count=20589 20405 17807 4400 2598 13407 86 184
is_linear=0
shrinkage=0.025


Tree=194
num_leaves=9
num_cat=0
split_feature=62 22 1 15 44 66 60 2
split_gain=5.02784 7.3379 7.44175 7.2548 5.9014 5.34121 5.12457 4.78343
threshold=0.58333333333333337 0.40872900000000006 0.63950407505035411 0.66563950000000016 0.18109000000000003 0.67393350000000007 0.82000000000000017 0.73102048039436351
decision_type=2 2 2 2 2 2 2 2
left_child=-1 3 6 5 -5 -2 -3 -4
right_child=1 2 7 4 -6 -7 -8 -9
leaf_value=0.0027767771960017901 -0.018388015956281104 0.012151323642116921 -0.016562458189671704 -0.014247536521150734 0.0079890591463337868 0.0038289557106509875 -0.011084750991190336 0.00839326056636777
leaf_weight=141.26960846096881 39.483583946965155 35.036522980342852 14.072648197354285 9.1042782928125252 20.57875010020507 6.7075869369327838 5.1091352826624634 4.9525382346473625
leaf_count=6464 9796 1268 614 1004 755 170 528 89
internal_value=-0.000470927 -0.003914 0.00254846 -0.0089861 0.000463162 -0.0149812 0.00863054 -0.00952896
internal_weight=276.315 135.045 59.1708 75.8742 29.683 46.1912 40.1457 19.0252
internal_count=20688 14224 2499 11725 1759 9966 1796 703
is_linear=0
shrinkage=0.025


Tree=195
num_leaves=9
num_cat=0
split_feature=18 39 47 60 65 3 31 2
split_gain=7.10198 5.84518 6.31939 5.19915 4.32678 3.41657 3.28682 2.48068
threshold=0.63540000000000008 1.0000000180025095e-35 0.92356600000000011 0.82000000000000017 0.59209300000000009 0.96532499790191661 0.6286845000000002 0.68431133031845104
decision_type=2 2 2 2 2 2 2 2
left_child=6 2 -2 4 -3 -5 7 -1
right_child=1 3 -4 5 -6 -7 -8 -9
leaf_value=-0.019899944048675684 -0.014616084792385879 0.0023411416609306476 0.0055545830553828703 -0.011812120232058063 0.011394814290139749 0.004099064869746454 0.0096135935639013823 0.0027957609496390506
leaf_weight=16.203687260271188 24.72239651372729 151.7230202945866 13.235536611289715 20.794744741710019 42.09984662203351 11.213917160515846 1.7732576100679569 2.3975146498996756
leaf_count=9593 2503 5395 143 1471 723 695 168 33
internal_value=0.000149125 0.00131253 -0.0074691 0.00287409 0.00444226 -0.00610402 -0.0133493 -0.0166232
internal_weight=284.164 263.789 37.9579 225.832 193.823 32.0087 20.3745 18.6012
internal_count=20724 10930 2646 8284 6118 2166 9794 9626
is_linear=0
shrinkage=0.025


Tree=196
num_leaves=9
num_cat=0
split_feature=18 39 43 18 60 65 20 62
split_gain=5.68162 4.20613 5.44024 5.59338 4.58507 5.27509 3.86944 3.63844
threshold=0.63540000000000008 1.0000000180025095e-35 1.0000000180025095e-35 0.6933020000000002 0.82000000000000017 0.59209300000000009 0.67350250000000011 0.58333333333333337
decision_type=2 2 2 2 2 2 2 2
left_child=7 2 3 -2 5 -3 -6 -1
right_child=1 4 -4 -5 6 -7 -8 -9
leaf_value=-0.00090743289120562222 -0.015919485272001235 0.0018720310192016695 -0.023358306701178239 0.0052222130212699735 -0.022441946890877001 0.011987345689082168 -0.0010669184224728681 -0.021354910347192405
leaf_weight=11.94363873681141 9.1289091876460571 150.61373981574434 6.8738044597994294 23.976472616515821 4.9998723318785805 40.356303596752696 26.305904216889758 9.8055635752443759
leaf_count=2879 1164 5332 874 639 584 692 1580 6871
internal_value=0.000218871 0.00129556 -0.00592648 -0.00096885 0.00266924 0.00415058 -0.00584856 -0.011464
internal_weight=284.004 262.255 39.9792 33.1054 222.276 190.97 31.3058 21.7492
internal_count=20615 10865 2677 1803 8188 6024 2164 9750
is_linear=0
shrinkage=0.025


Tree=197
num_leaves=9
num_cat=0
split_feature=62 61 22 3 0 29 61 69
split_gain=6.53508 6.84723 8.35256 7.70742 6.45717 4.40049 4.0072 9.25743
threshold=0.75000000000000011 0.91961550000000014 0.49192400000000008 0.97686651349067699 0.83220000000000016 0.94364700000000012 0.50715900000000003 0.51535700000000018
decision_type=2 2 2 2 2 2 2 2
left_child=5 2 3 -2 -4 6 -1 -8
right_child=1 -3 4 -5 -6 -7 7 -9
leaf_value=-0.0019324533334951364 -0.019673465922924589 0.018399423483268777 0.014559847144238542 0.0085483073548548207 -0.016093139835388303 0.013626151880592444 0.01827184789028841 0.00023915464260969332
leaf_weight=113.72975167539516 34.574777617706786 4.099549986422061 11.685996763641013 5.6594498211616147 4.2040250685531637 17.641268405903247 22.344150637101848 69.60047961078817
leaf_count=9695 7054 45 409 483 349 159 243 2219
internal_value=0.00027493 -0.00686916 -0.00941352 -0.0153093 0.00513827 0.00227871 0.00114744 0.00499695
internal_weight=283.539 60.2238 56.1242 40.2342 15.89 223.316 205.674 91.9446
internal_count=20656 8340 8295 7537 758 12316 12157 2462
is_linear=0
shrinkage=0.025


Tree=198
num_leaves=9
num_cat=0
split_feature=4 60 39 20 9 43 2 70
split_gain=7.19814 6.67424 6.52003 5.5537 5.0318 5.01461 2.95286 2.35499
threshold=1.0000000180025095e-35 0.82000000000000017 1.0000000180025095e-35 0.67350250000000011 0.95350000000000013 1.0000000180025095e-35 0.73102048039436351 -1.0000000180025095e-35
decision_type=2 2 2 2 2 2 2 2
left_child=1 2 5 -3 -4 -1 -5 -2
right_child=7 3 4 6 -6 -7 -8 -9
leaf_value=-0.00096647676331195658 0.00074443575110159997 -0.023886574745869131 0.0022976054779678718 -0.0062243888513017903 0.012037640518194705 -0.023234289254632827 0.01093273940312545 -0.0216698049131905
leaf_weight=23.489938873695795 2.8706604514445635 8.46952993213017 155.22965943421332 26.161490134556516 41.829654328466859 7.1734383294351565 5.9273730712011448 10.024730527382415
leaf_count=2046 82 2575 9294 1539 671 1584 280 2566
internal_value=0.000142789 0.00110027 0.00280157 -0.00795851 0.00450297 -0.00750914 -0.00237967 -0.0167466
internal_weight=281.176 268.281 227.723 40.5584 197.059 30.6634 32.0889 12.8954
internal_count=20637 17989 13595 4394 9965 3630 1819 2648
is_linear=0
shrinkage=0.025


Tree=199
num_leaves=9
num_cat=0
split_feature=29 62 19 6 28 20 32 2
split_gain=5.60656 5.09163 4.68167 5.72591 5.12928 3.09733 4.58565 4.09387
threshold=0.91839300000000013 0.41666666666666669 0.64445900000000012 0.53018700000000007 0.75473800000000013 0.7386195000000001 0.17192500000000002 0.67942911386489879
decision_type=2 2 2 2 2 2 2 2
left_child=1 5 4 -4 -3 7 -7 -1
right_child=-2 2 3 -5 -6 6 -8 -9
leaf_value=0 0.011480740517516106 -0.022680720646539251 0.0085817997157687422 -0.0038318977287869318 0.0096685128099044844 -0.021151285166524855 0.010420942880343304 0.017262145401657387
leaf_weight=15.993027414167953 19.489797396705399 11.87466307681825 24.447560209704534 178.66535034978006 2.3416378065448944 4.012893973151221 3.4570988330524415 16.982289729174227
leaf_count=1388 252 6894 2329 9183 191 65 82 223
internal_value=-0.000751874 -0.0017869 -0.00333076 -0.00223206 -0.0163545 0.00609827 -0.00663277 0.00941108
internal_weight=277.264 257.775 217.329 203.113 14.2163 40.4453 7.46999 32.9753
internal_count=20607 20355 18597 11512 7085 1758 147 1611
is_linear=0
shrinkage=0.025


Tree=200
num_leaves=9
num_cat=0
split_feature=62 66 22 65 49 61 31 15
split_gain=6.40992 8.04282 6.9434 5.49872 7.27245 9.35093 5.31671 4.77997
threshold=0.75000000000000011 0.66350000000000009 0.49717600000000006 0.0062655000000000011 1.0000000180025095e-35 0.50715900000000003 0.25100750000000005 0.52385550000000014
decision_type=2 2 2 2 2 2 2 2
left_child=3 2 -2 6 -5 -6 -1 -3
right_child=1 7 -4 4 5 -7 -8 -9
leaf_value=-0.020351151479784502 -0.019454490011087913 0.018604958785046057 0.0056579063148396299 0.011329709563947882 -0.0076114973510496052 0.0049497037793618717 0.0054738038861024329 -0.0042141525755801977
leaf_weight=11.093927043933947 29.799585865257541 7.2021219800517455 7.2620133628952308 46.530816827596936 57.385981066941895 96.308736085426062 6.3090277394076102 12.878745972288014
leaf_count=1014 7157 135 356 2785 5792 2471 191 629
internal_value=-0.000286551 -0.00761276 -0.0143041 0.00165474 0.00288996 0.000173949 -0.0110032 0.00457427
internal_weight=274.771 57.1425 37.0616 217.628 200.226 153.695 17.403 20.0809
internal_count=20530 8277 7513 12253 11048 8263 1205 764
is_linear=0
shrinkage=0.025


Tree=201
num_leaves=9
num_cat=0
split_feature=29 18 0 61 0 2 17 19
split_gain=7.18808 4.43407 4.29862 8.71278 5.08179 2.56904 3.39079 1.6427
threshold=0.9893010000000001 0.6348585000000001 0.48566650000000006 0.48281650000000004 0.41350000000000003 0.68431133031845104 0.66839800000000016 0.68063400000000007
decision_type=2 2 2 2 2 2 2 2
left_child=1 5 4 -4 -3 6 -1 -2
right_child=7 2 3 -5 -6 -7 -8 -9
leaf_value=-0.019812718153459363 0 0.001193641353188966 -0.011575269703310602 0.0013642304701619514 0.016937955221953644 0.0059426056887006591 0.0046593681736094824 0.017705175012686144
leaf_weight=14.02595356824259 3.2032977378476089 46.183480074891122 40.314641805649444 136.43189164464275 16.607305914614699 2.8273399069439611 3.1051036341668796 15.481848263414575
leaf_count=9005 86 2129 3666 4243 753 38 656 100
internal_value=0.000473625 -0.000624527 0.000328037 -0.00164171 0.00586786 -0.0113872 -0.0149616 0.0146729
internal_weight=278.181 259.496 239.537 176.747 62.7908 19.9584 17.1311 18.6851
internal_count=20676 20490 10791 7909 2882 9699 9661 186
is_linear=0
shrinkage=0.025


Tree=202
num_leaves=9
num_cat=0
split_feature=2 0 61 64 0 18 53 18
split_gain=4.82094 6.72611 7.31289 5.37665 4.59987 4.33394 4.12532 4.08194
threshold=0.72590318322181713 0.48566650000000006 0.49284100000000003 0.25505100000000008 0.76990000000000014 0.73487100000000016 0.8500000000000002 0.73306750000000009
decision_type=2 2 2 2 2 2 2 2
left_child=1 3 5 -1 -2 -3 -6 -4
right_child=4 2 7 -5 6 -7 -8 -9
leaf_value=-0.0054306701434304935 -0.002118945066498954 -0.014037527072064446 0.0024440439227363577 0.0085221246402454841 -0.013727653689898089 0.0051781576131137326 0.017856203650309835 -0.0091622567620357944
leaf_weight=21.522319877898553 14.265316508943213 46.455340134822109 84.322884390036052 60.990469232989199 1.1606393158435846 6.9546937686100128 21.893086311640218 22.249870812229346
leaf_count=7268 290 6242 2702 2565 22 219 459 804
internal_value=0.000347129 -0.000934415 -0.00393579 0.0047516 0.00848918 -0.0113034 0.0149978 -3.41395e-05
internal_weight=279.815 242.496 159.983 82.5128 37.319 53.41 23.0537 106.573
internal_count=20571 19800 9967 9833 771 6461 481 3506
is_linear=0
shrinkage=0.025


Tree=203
num_leaves=9
num_cat=0
split_feature=29 2 60 48 62 25 18 22
split_gain=4.7308 4.51959 5.00761 4.15396 3.59033 3.12427 2.89382 2.3318
threshold=0.9893010000000001 0.6687772572040559 0.82000000000000017 0.67393350000000007 0.41666666666666669 0.41666650000000005 0.73978800000000011 0.40501500000000007
decision_type=2 2 2 2 2 2 2 2
left_child=1 2 3 -1 6 -6 -3 -2
right_child=7 4 -4 -5 5 -7 -8 -9
leaf_value=-0.0023101277540357344 -0.0004613742250516877 0.015831933612176673 -0.012419096178545447 0.010297804991727222 0.0065972568441491561 -0.0036178352507681439 -0.0052080377604755172 0.01746234234256051
leaf_weight=126.43297040076322 5.2306459673054659 19.872386090806689 25.406135915519371 16.634397358604474 33.114961517741904 37.422519847197691 3.3954368229024103 12.938780533033421
leaf_count=13880 94 355 3935 375 783 1099 53 94
internal_value=0.000724339 -0.000143568 -0.00261133 -0.000670745 0.00417222 0.00112408 0.0122956 0.0123965
internal_weight=280.448 262.279 168.474 143.067 93.8053 70.5375 23.2678 18.1694
internal_count=20668 20480 18190 14255 2290 1882 408 188
is_linear=0
shrinkage=0.025


Tree=204
num_leaves=9
num_cat=0
split_feature=29 2 61 49 0 19 40 22
split_gain=5.88734 5.92265 4.9462 5.17467 4.29197 3.74361 2.61198 2.19032
threshold=0.9893010000000001 0.68278563022613536 0.91125000000000012 1.0000000180025095e-35 0.8430335000000001 0.76898500000000014 1.0000000180025095e-35 0.60083500000000012
decision_type=2 2 2 2 2 2 2 2
left_child=1 2 3 -1 5 -3 -4 -6
right_child=-2 4 6 -5 7 -7 -8 -9
leaf_value=0.0013537013088355968 0.013168529155779663 0.0040938005665209195 -0.0050929547416394619 -0.0073478844803802111 -0.017366064324726517 0.02011450158968071 0.022759172421445158 0.0063278443595211108
leaf_weight=65.039755717950356 18.228984135967039 59.618951597833075 1.5879703676328052 112.96494022080697 5.7433173774043089 9.7592998832988069 4.813443704508245 1.7714389041066168
leaf_count=6320 186 1079 48 12159 272 263 57 205
internal_value=0.000150486 -0.000822335 -0.00327083 -0.0041471 0.00488868 0.00695293 0.0153897 -0.0108364
internal_weight=279.528 261.299 184.406 178.005 76.893 69.3783 6.40141 7.51476
internal_count=20589 20403 18584 18479 1819 1342 105 477
is_linear=0
shrinkage=0.025


Tree=205
num_leaves=9
num_cat=0
split_feature=29 4 2 0 61 70 22 69
split_gain=5.28189 5.09875 3.39697 3.74292 1.84905 1.82556 1.37983 1.19334
threshold=0.91839300000000013 1.0000000180025095e-35 0.46873782575130468 0.48566650000000006 0.068750000000000019 -1.0000000180025095e-35 0.40501500000000007 0.48281650000000004
decision_type=2 2 2 2 2 2 2 2
left_child=1 2 4 -4 -1 -3 -2 -7
right_child=6 5 3 -5 -6 7 -8 -9
leaf_value=0.0019405597777994216 0 0.0012029025826619639 0.0062989233942432462 -0.00086124545319850472 -0.01404197990532715 -0.023515157773607374 0.015178975421026947 0
leaf_weight=4.7153436435501161 5.0989524119359002 2.1838145178335244 59.878686841861054 168.02670658102579 13.297117828749832 7.3512115465537118 15.746625179308465 1.7323230619949752
leaf_count=2167 132 76 2896 7424 5219 2386 124 140
internal_value=0.000345076 -0.000645733 0.000137401 0.00102579 -0.00970747 -0.0157476 0.011884 -0.0199811
internal_weight=278.031 257.185 245.918 227.905 18.0125 11.2673 20.8456 9.08353
internal_count=20564 20308 17706 10320 7386 2602 256 2526
is_linear=0
shrinkage=0.025


Tree=206
num_leaves=9
num_cat=0
split_feature=62 65 49 61 66 22 41 58
split_gain=6.2358 7.238 5.98397 7.58358 5.76019 6.43095 5.13725 3.32359
threshold=0.75000000000000011 0.0034880000000000002 1.0000000180025095e-35 0.49284100000000003 0.66350000000000009 0.49717600000000006 0.42500000000000004 0.54583300000000012
decision_type=2 2 2 2 2 2 2 2
left_child=1 -1 -3 -4 5 -2 -6 -7
right_child=4 2 3 -5 6 7 -8 -9
leaf_value=-0.013896854304771659 -0.018512678790451771 0.010390569404277577 -0.0083618947033012089 0.0037878674361919184 -0.011012480365694889 0.016662938508583015 0.012623656128729514 -0.011409726368708831
leaf_weight=15.540761956679487 28.976585868639631 47.360875114275586 42.591576968246954 112.25745330839709 7.7594822675164332 4.6260768274660213 11.706105382247188 2.3084107442409731
leaf_count=1177 7144 2809 5383 2958 467 167 304 191
internal_value=-0.00042749 0.00146324 0.002805 0.00033422 -0.00778474 -0.0135108 0.0027041 0.00601625
internal_weight=273.127 217.751 202.21 154.849 55.3767 35.9111 19.4656 6.93449
internal_count=20600 12327 11150 8341 8273 7502 771 358
is_linear=0
shrinkage=0.025


Tree=207
num_leaves=9
num_cat=0
split_feature=60 9 55 22 16 34 3 1
split_gain=5.41629 4.47409 5.46524 7.74535 4.11901 3.67432 4.30934 3.09419
threshold=0.82000000000000017 0.95350000000000013 1.0000000180025095e-35 0.45059850000000007 0.7148580000000001 0.26682150000000004 0.96277359127998363 0.72047656774520885
decision_type=2 2 2 2 2 2 2 2
left_child=1 2 4 -4 -1 -3 -7 -2
right_child=7 5 3 -5 -6 6 -8 -9
leaf_value=-0.003550629782252119 -0.011515779472246206 0.016991765506076006 -0.0022778228637651268 0.013061712923408837 -0.022924956433201134 0.006616638266950671 -0.013738460313941922 0.0073555177848005672
leaf_weight=87.546416998850873 36.139646728843218 14.571669185068457 53.370593761506825 30.437268201494589 5.8419808520702636 27.999937292799586 6.20704449652112 4.428040304221212
leaf_count=8450 4620 312 5455 656 259 481 145 246
internal_value=-0.000836959 0.000667473 -0.00115885 0.00338036 -0.00529649 0.00723392 0.00216109 -0.00903094
internal_weight=266.543 225.975 177.196 83.8079 93.3884 48.7787 34.207 40.5677
internal_count=20624 15758 14820 6111 8709 938 626 4866
is_linear=0
shrinkage=0.025


Tree=208
num_leaves=9
num_cat=0
split_feature=61 49 65 9 6 18 19 64
split_gain=5.23834 11.5075 4.84918 4.71385 4.42292 4.11294 4.86854 4.01496
threshold=0.48363350000000005 1.0000000180025095e-35 0.0062655000000000011 0.78000000000000014 0.53233400000000008 0.73147250000000008 0.77163700000000002 0.85070000000000012
decision_type=2 2 2 2 2 2 2 2
left_child=1 2 4 7 -1 -5 -7 -2
right_child=3 -3 -4 5 -6 6 -8 -9
leaf_value=0.0022519795422265335 0.00093002994867970128 -0.012700075100954828 0.0069708810432259731 0.0085987104385956172 -0.019430926674196759 -0.0082214183389796528 0.0099321890782840348 -0.015672930188776121
leaf_weight=12.12841000748813 25.651111062361451 51.459653201940455 48.177610819411711 79.134071489272173 8.0172925822298549 22.798940034932457 12.57602131119347 11.354186552343888
leaf_count=1510 1124 9637 4460 1811 423 684 451 550
internal_value=-8.06191e-05 -0.00397829 0.00265849 0.0029636 -0.00701393 0.00548059 -0.00138089 -0.00451433
internal_weight=271.297 119.783 68.3233 151.514 20.1457 114.509 35.375 37.0053
internal_count=20650 16030 6393 4620 1933 2946 1135 1674
is_linear=0
shrinkage=0.025


Tree=209
num_leaves=9
num_cat=0
split_feature=29 19 49 6 41 7 19 2
split_gain=5.39226 4.41724 3.83914 4.88986 4.11379 3.44355 1.68382 1.4801
threshold=0.91839300000000013 0.64445900000000012 1.0000000180025095e-35 0.69387850000000018 0.67500000000000016 1.0000000180025095e-35 0.68236450000000015 0.5487157702445985
decision_type=2 2 2 2 2 2 2 2
left_child=1 5 4 -4 -3 -1 -2 -7
right_child=6 2 3 -5 -6 7 -8 -9
leaf_value=-0.020173233333593749 -0.0019684226796783514 0.0098888819923874209 -0.0076058160979975802 0.00085683256975717728 -0.0031357670339236736 -0.0098456559493740672 0.014376941226690365 0.0093045897588644507
leaf_weight=11.43025406081779 3.4671145939173611 36.020735628651892 68.334091458753392 104.28032186815835 22.780782790858211 2.1943850507450398 16.566562596242875 4.0714033127442235
leaf_count=6367 126 1663 6227 3711 825 1341 130 201
internal_value=-0.000535415 -0.00159827 -0.000591682 -0.00249913 0.00478238 -0.0129841 0.0112859 0.000931
internal_weight=269.146 249.112 231.416 172.614 58.8015 17.696 20.0337 6.26579
internal_count=20591 20335 12426 9938 2488 7909 256 1542
is_linear=0
shrinkage=0.025


Tree=210
num_leaves=9
num_cat=0
split_feature=19 60 39 43 20 20 31 31
split_gain=4.85671 4.54454 4.87191 4.92206 4.61787 4.33393 4.25441 2.48643
threshold=0.64445900000000012 0.82000000000000017 1.0000000180025095e-35 1.0000000180025095e-35 0.69720050000000011 0.68001550000000011 0.26463300000000006 0.079051500000000011
decision_type=2 2 2 2 2 2 2 2
left_child=6 2 3 -2 -3 -4 -1 -6
right_child=1 4 5 -5 7 -7 -8 -9
leaf_value=-0.019847550382223831 0 -0.017843276839748842 0.010792001621417042 -0.02288589071768872 0.0094995118768036579 0.002051781000598957 0.0019987526507467212 -0.0054437653507146376
leaf_weight=11.119875920443521 22.450493316442593 11.955242486659698 47.52378064459117 6.203060143368929 8.9186306962510589 141.27983547988697 8.1145656962889898 17.190869078658579
leaf_count=6811 1305 1774 3354 1078 278 3658 1199 1251
internal_value=0.000497204 0.001467 0.00289369 -0.00630916 -0.00623381 0.00438115 -0.0109577 0
internal_weight=274.756 255.522 217.457 28.6536 38.0647 188.804 19.2344 26.1095
internal_count=20708 12698 9395 2383 3303 7012 8010 1529
is_linear=0
shrinkage=0.025


Tree=211
num_leaves=9
num_cat=0
split_feature=39 29 62 14 0 0 6 19
split_gain=4.253 5.11189 5.28631 4.5793 4.12455 5.55419 3.74369 3.5366
threshold=1.0000000180025095e-35 1.0000000180025095e-35 0.41666666666666669 1.0000000180025095e-35 0.45106650000000009 0.80456700000000014 0.71916550000000012 0.74607200000000018
decision_type=2 2 2 2 2 2 2 2
left_child=3 2 -2 7 -3 -6 -4 -1
right_child=1 4 6 -5 5 -7 -8 -9
leaf_value=-0.0097251782881782739 0.0071030777569824934 0.013384414374679294 -0.0080074269660676909 -0.023739399985958677 -0.0055451854185932332 0.0084705888099695283 0.002221505900185097 0.0062856948885311199
leaf_weight=19.921818539378368 24.054833526355651 22.842268086723379 82.19950341704407 7.844651859698387 33.961073702830618 32.433630709609133 28.041181276727002 11.918594198592471
leaf_count=3230 1011 1471 8704 2017 1930 791 1283 234
internal_value=-0.00128975 4.36581e-05 -0.0029892 -0.00862207 0.00465559 0.00123931 -0.00534552 -0.00349303
internal_weight=263.218 223.532 134.296 39.6851 89.237 66.3947 110.241 31.8404
internal_count=20671 15190 10998 5481 4192 2721 9987 3464
is_linear=0
shrinkage=0.025


Tree=212
num_leaves=9
num_cat=0
split_feature=61 25 64 0 43 20 48 69
split_gain=4.9852 6.20266 6.18 4.86616 5.16657 4.66604 4.44284 2.85374
threshold=0.71538450000000009 0.41666650000000005 0.36222550000000003 0.85073300000000007 1.0000000180025095e-35 0.69953950000000009 0.18826650000000003 0.89593750000000016
decision_type=2 2 2 2 2 2 2 2
left_child=2 7 5 4 -4 6 -1 -2
right_child=1 -3 3 -5 -6 -7 -8 -9
leaf_value=0.0058280763920974454 0.0200451964883781 -0.0024542196709977826 0.0045530067722686553 -0.013473912174423452 -0.0098116444468184273 -0.0010333314267837429 -0.018314783612167141 0
leaf_weight=4.2580905548202308 19.149218797858342 18.793627537146676 133.83318201957809 10.177102276439653 15.52176029604925 37.302318427537102 25.069490836919613 6.1383179142139843
leaf_count=1350 432 959 4521 870 1300 1379 9672 172
internal_value=0.000503432 0.00801865 -0.000985934 0.00165576 0.00290068 -0.00728417 -0.0144218 0.0156863
internal_weight=270.243 44.0812 226.162 159.532 149.355 66.6299 29.3276 25.2875
internal_count=20655 1563 19092 6691 5821 12401 11022 604
is_linear=0
shrinkage=0.025


Tree=213
num_leaves=9
num_cat=0
split_feature=39 60 19 18 43 19 20 28
split_gain=5.8951 5.60751 4.94931 4.63739 4.16104 3.79822 4.96514 3.88765
threshold=1.0000000180025095e-35 0.68000000000000005 0.70610500000000009 0.73306750000000009 1.0000000180025095e-35 0.63979400000000008 0.68001550000000011 0.75473800000000013
decision_type=2 2 2 2 2 2 2 2
left_child=4 5 -3 -4 -1 7 -7 -2
right_child=1 2 3 -5 -6 6 -8 -9
leaf_value=-0.0041281882305991002 -0.018689308379171123 -0.016087666009804245 0.0039216113536250834 -0.01622497158781986 -0.023915792812190518 0.011428114862856352 0.0015660415369866767 0.010133019984428594
leaf_weight=30.339111350745043 7.216432838515173 16.924894633071744 31.208259644903592 7.0785690524498923 7.5878011124614195 43.402769572767284 118.21221547633468 2.4042684040468885
leaf_count=3528 3497 3774 1361 690 1886 2999 2723 132
internal_value=-0.00039352 0.00112927 -0.00561995 -0.000237538 -0.00927449 0.00338848 0.00436773 -0.0103367
internal_weight=264.374 226.447 55.2117 38.2868 37.9269 171.236 161.615 9.6207
internal_count=20590 15176 5825 2051 5414 9351 5722 3629
is_linear=0
shrinkage=0.025


Tree=214
num_leaves=9
num_cat=0
split_feature=1 39 43 60 3 9 18 42
split_gain=6.0072 4.30145 4.85213 4.07623 5.9993 3.90327 2.65363 2.54351
threshold=0.46788555383682257 1.0000000180025095e-35 1.0000000180025095e-35 0.68000000000000005 0.965154528617859 0.9900000000000001 0.69650150000000011 0.75000000000000011
decision_type=2 2 2 2 2 2 2 2
left_child=7 2 6 5 -5 -3 -2 -1
right_child=1 3 -4 4 -6 -7 -8 -9
leaf_value=-0.017993579043845388 -0.011082263786670876 0.0020323390416132066 -0.0236636191139043 -0.010308138767280815 0.0058940415404788379 0.011352861812133873 0.0035909956028696041 0.0027542628834027107
leaf_weight=13.754820521189687 9.9764822638408095 125.50378371046827 6.4452099895061101 31.794288734390648 22.421737864446186 35.906198943615891 18.886524944682606 3.42690284701166
leaf_count=8964 1169 4289 878 2436 1185 554 504 673
internal_value=-9.64199e-05 0.000899419 -0.00690377 0.00226334 -0.0035028 0.00426519 -0.00162729 -0.0136087
internal_weight=268.116 250.934 35.3082 215.626 54.216 161.41 28.863 17.1817
internal_count=20652 11015 2551 8464 3621 4843 1673 9637
is_linear=0
shrinkage=0.025


Tree=215
num_leaves=9
num_cat=0
split_feature=31 60 22 39 22 0 0 16
split_gain=4.99257 7.39884 5.97052 4.54523 4.40947 6.34963 3.95334 3.53458
threshold=0.31505900000000003 0.68000000000000005 0.3799105000000001 1.0000000180025095e-35 0.26721800000000001 0.28933350000000008 0.8430335000000001 0.6170960000000002
decision_type=2 2 2 2 2 2 2 2
left_child=2 3 4 -2 5 -1 -4 -8
right_child=1 -3 6 -5 -6 -7 7 -9
leaf_value=-0.016329469779217488 -0.0095452563728697162 -0.011958177998772249 0.0034825347779889565 0.011780288524979024 -0.012181450305702304 0.0053820986225876621 0.0092375694373828289 -0.016136469082407231
leaf_weight=9.6103443247266096 5.1665947820874853 10.102862719846597 101.71080675593839 51.732342757306469 44.434543744921939 28.415781493818031 2.7965269045380401 10.854359921271678
leaf_count=3623 579 1169 3396 1674 5246 3988 46 871
internal_value=4.26422e-05 0.0058672 -0.00193156 0.00945816 -0.00700362 -0.000459451 0.00168761 -0.00994293
internal_weight=264.824 67.0018 197.822 56.8989 82.4607 38.0261 115.362 13.6509
internal_count=20592 3422 17170 2253 12857 7611 4313 917
is_linear=0
shrinkage=0.025


Tree=216
num_leaves=9
num_cat=0
split_feature=1 0 22 3 67 19 0 48
split_gain=4.41026 3.85067 9.09543 4.93572 4.11665 3.03443 3.01353 1.51801
threshold=0.46788555383682257 0.48566650000000006 0.35456550000000003 0.91592863202095043 0.024163 0.72955550000000013 0.41233350000000007 0.25536650000000005
decision_type=2 2 2 2 2 2 2 2
left_child=7 4 -3 -4 5 -2 -6 -1
right_child=1 2 3 -5 6 -7 -8 -9
leaf_value=0 -0.0060016678243155382 -0.018215932133036558 -0.014625103155098407 0.002189834806416005 0.0046804430461035362 0.013387070607844298 0.018963919106657096 -0.01591837745911211
leaf_weight=6.2482452992517237 20.645147419339086 14.87567044499883 9.6561690107046143 157.69241602158218 27.098302859525575 4.4061973574571303 15.843725346989229 11.322214420729322
leaf_count=3693 1857 1979 464 5498 741 87 395 5945
internal_value=0.000262475 0.00117459 -0.000695776 0.00101405 0.00617103 -0.00157657 0.0107267 -0.0111362
internal_weight=267.788 250.218 182.224 167.349 67.9934 25.0513 42.942 17.5705
internal_count=20659 11021 7941 5962 3080 1944 1136 9638
is_linear=0
shrinkage=0.025


Tree=217
num_leaves=9
num_cat=0
split_feature=60 20 16 0 9 55 2 16
split_gain=4.54884 7.85827 4.12953 4.01525 3.94483 4.62348 5.79027 5.26062
threshold=0.68000000000000005 0.67350250000000011 0.7148580000000001 0.80776700000000012 0.95350000000000013 1.0000000180025095e-35 0.71571186184883129 0.7148580000000001
decision_type=2 2 2 2 2 2 2 2
left_child=4 -2 3 -3 5 7 -7 -1
right_child=1 2 -4 -5 -6 6 -8 -9
leaf_value=-0.0020228063811761707 -0.023588998447646836 -0.0048949270766172528 -0.012348472637791565 0.010568611436825151 0.007813048540226809 0.0010855957138199224 0.021064626123736239 -0.023651901173437836
leaf_weight=87.579258776593633 10.969667504581592 19.039634031491005 13.885107763446284 18.511866647295392 45.205089808325283 52.780145504844768 9.2700420743494742 5.8464452678163061
leaf_count=8345 4143 965 1109 815 864 4015 119 242
internal_value=-0.000337265 -0.00614542 -0.00154131 0.0026875 0.00147473 -0.000396356 0.00475203 -0.00392226
internal_weight=263.087 62.4063 51.4366 37.5515 200.681 155.476 62.0502 93.4257
internal_count=20617 7032 2889 1780 13585 12721 4134 8587
is_linear=0
shrinkage=0.025


Tree=218
num_leaves=9
num_cat=0
split_feature=62 15 22 0 66 29 61 69
split_gain=4.63326 5.68027 5.80681 4.75348 4.01697 3.88339 3.42443 8.80653
threshold=0.75000000000000011 0.5194255000000001 0.49192400000000008 0.84440000000000015 0.66350000000000009 0.9893010000000001 0.50715900000000003 0.50864000000000009
decision_type=2 2 2 2 2 2 2 2
left_child=5 4 -3 -4 -2 6 -1 -8
right_child=1 2 3 -5 -6 -7 7 -9
leaf_value=-0.0018816215623189655 -0.0045790378342276351 -0.018041795450109224 0.009877412314388356 -0.01850096422925317 0.017475159899709169 0.013985582839389974 0.020656662088619757 0.00076382893305283978
leaf_weight=109.09296002926203 9.4226308087891102 24.504177550734312 10.572309500857953 3.1771545996889463 7.2622295113978899 13.866079272589557 15.396854733873623 74.801579691600637
leaf_count=9710 2202 5272 397 315 133 131 139 2331
internal_value=0.000335646 -0.00597538 -0.0111737 0.001327 0.00546187 0.00203751 0.00103824 0.00461531
internal_weight=268.096 54.9385 38.2536 13.7495 16.6849 213.157 199.291 90.1984
internal_count=20630 8319 5984 712 2335 12311 12180 2470
is_linear=0
shrinkage=0.025


Tree=219
num_leaves=9
num_cat=0
split_feature=60 20 31 61 31 18 0 48
split_gain=4.52808 6.65821 4.01888 5.26482 4.34404 4.00764 3.91766 2.81004
threshold=0.68000000000000005 0.67350250000000011 0.31505900000000003 0.71186950000000004 0.13217000000000004 0.7405695000000001 0.80776700000000012 0.09820000000000001
decision_type=2 2 2 2 2 2 2 2
left_child=2 7 3 4 -1 6 -3 -2
right_child=1 5 -4 -5 -6 -7 -8 -9
leaf_value=0.00070751915731893705 0.0077453082044499459 -0.0058813699986563998 0.0073448296035426817 0.0090045443782667198 -0.0089888970736987425 -0.018745749241579329 0.0082001654957636703 -0.025076875952441281
leaf_weight=78.962789317767601 0.57285966871131577 22.604047177737812 55.744064722224721 27.765711221087258 42.222963029495077 5.3438680480467147 22.507216260037239 10.470786827319897
leaf_count=7974 109 1164 2277 487 2879 464 1272 4063
internal_value=-2.72016e-05 -0.00589317 0.00173886 -0.000378971 -0.00270107 -0.00155197 0.00103495 -0.0218728
internal_weight=266.194 61.4988 204.696 148.951 121.186 50.4551 45.1113 11.0436
internal_count=20689 7072 13617 11340 10853 2900 2436 4172
is_linear=0
shrinkage=0.025


Tree=220
num_leaves=9
num_cat=0
split_feature=62 61 67 16 60 17 20 22
split_gain=5.59411 4.70086 3.94719 3.81901 3.72026 4.76007 3.98301 3.67296
threshold=0.75000000000000011 0.91961550000000014 0.71675000000000011 0.59307200000000015 0.68000000000000005 0.68798900000000007 0.67350250000000011 0.49192400000000008
decision_type=2 2 2 2 2 2 2 2
left_child=3 2 7 -1 5 -5 -6 -2
right_child=1 -3 -4 4 6 -7 -8 -9
leaf_value=-0.012699283790292594 -0.016470058007973767 0.014402638519593534 0.0064404775762103919 0.0082400680943701694 -0.016840772355719832 -0.00067999137189531924 0.00016431332516092444 0
leaf_weight=8.6828897744308033 31.09666052456032 3.7602245872840276 6.6257981925882623 87.651518207283516 8.5897481142237648 61.155417983143707 41.429910966020543 12.323440214502623
leaf_count=2445 7347 45 300 4385 2020 1542 1826 673
internal_value=-6.06879e-05 -0.0071211 -0.00937372 0.00178474 0.00257479 0.00456404 -0.00314695 -0.0121294
internal_weight=261.316 53.8061 50.0459 207.509 198.827 148.807 50.0197 43.4201
internal_count=20583 8365 8320 12218 9773 5927 3846 8020
is_linear=0
shrinkage=0.025


Tree=221
num_leaves=9
num_cat=0
split_feature=60 2 39 22 14 31 43 33
split_gain=4.10391 4.63519 4.50275 5.73562 11.2248 5.7499 4.24355 2.41611
threshold=0.82000000000000017 0.68759378790855419 1.0000000180025095e-35 0.46480350000000009 1.0000000180025095e-35 0.49463300000000004 1.0000000180025095e-35 1.0000000180025095e-35
decision_type=2 2 2 2 2 2 2 2
left_child=2 -2 6 5 -5 -4 7 -1
right_child=1 -3 3 4 -6 -7 -8 -9
leaf_value=0.003920690859511986 -0.012907845858191861 0.0045712446291888498 -0.0020548826185145712 -0.002693448508720748 0.019107224281163463 0.01264087627968149 -0.022700791225358112 -0.011664843102893747
leaf_weight=15.428937171043804 26.771722850435253 12.115729733603073 120.32308632335298 25.310167532472406 30.445277452963637 17.257415574553306 6.4370184848921772 7.4866454918883383
leaf_count=1723 4162 666 9827 542 452 717 1801 649
internal_value=-8.56138e-06 -0.00732143 0.00128889 0.00271815 0.00933039 -3.07332e-06 -0.00745883 -0.00139779
internal_weight=261.576 38.8875 222.689 193.336 55.7554 137.581 29.3526 22.9156
internal_count=20539 4828 15711 11538 994 10544 4173 2372
is_linear=0
shrinkage=0.025


Tree=222
num_leaves=9
num_cat=0
split_feature=0 61 1 67 9 0 2 44
split_gain=4.65866 9.09672 5.9539 5.09239 3.86556 6.57724 5.43954 2.81736
threshold=0.48566650000000006 0.48363350000000005 0.43998135626316076 0.024163 0.87000000000000011 0.80266700000000013 0.59869509935379039 0.47439600000000004
decision_type=2 2 2 2 2 2 2 2
left_child=2 -2 -1 -4 5 -3 -6 -5
right_child=1 4 3 7 6 -7 -8 -9
leaf_value=-0.013049271947161507 -0.012411397894883516 -0.01157901161274017 -0.0015269092355055438 0.016294281899337178 -0.011327565920032329 0.0041213656033206505 0.0070495598257959598 0.0019965170623215882
leaf_weight=8.2984751408885113 42.377079152369333 31.95481659717916 24.929650614081766 30.126656744381762 9.7131729254033399 30.335135306566372 65.70061195793096 14.359909440812769
leaf_count=6100 6253 1536 2463 833 425 838 1696 492
internal_value=-0.000328971 -0.00255986 0.00468091 0.00721159 0.000552451 -0.00392594 0.00435423 0.0121249
internal_weight=257.796 180.081 77.7147 69.4162 137.704 62.29 75.4138 44.4866
internal_count=20636 10748 9888 3788 4495 2374 2121 1325
is_linear=0
shrinkage=0.025


Tree=223
num_leaves=9
num_cat=0
split_feature=60 19 29 18 24 9 69 68
split_gain=4.14759 4.76476 4.23394 3.83405 4.08811 3.81535 3.76321 2.60656
threshold=0.68000000000000005 0.70610500000000009 0.82953200000000005 0.7405695000000001 0.25000000000000006 0.95350000000000013 -0.0032044999999999994 0.87400000000000011
decision_type=2 2 2 2 2 2 2 2
left_child=2 -2 5 4 -3 6 -1 -4
right_child=1 3 7 -5 -6 -7 -8 -9
leaf_value=-0.016267688369534673 -0.015659139350326281 0.010079132279333098 0.016916391918296008 -0.01717491606736821 -0.0053059152595646975 0.0073635101757734585 -6.0904436378466082e-05 -0.0045154287741432757
leaf_weight=7.6694317684778062 17.585011163362651 19.230960414693982 14.925703839558993 5.4779769081505938 19.545829745708033 39.765476915024919 134.86081995590666 2.9304600968025616
leaf_count=779 4573 802 194 472 1206 826 11758 33
internal_value=0.000153474 -0.00537202 0.00193401 -0.000621867 0.00226034 0.000688599 -0.00119791 0.0129209
internal_weight=261.992 61.8398 200.152 44.2548 38.7768 182.296 142.53 17.8562
internal_count=20643 7053 13590 2480 2008 13363 12537 227
is_linear=0
shrinkage=0.025


Tree=224
num_leaves=9
num_cat=0
split_feature=60 47 22 39 22 14 31 43
split_gain=4.57376 4.11494 4.22853 4.04129 4.75985 6.47927 4.86764 3.93657
threshold=0.82000000000000017 0.80616900000000002 0.59978900000000013 1.0000000180025095e-35 0.50574450000000015 1.0000000180025095e-35 0.49463300000000004 1.0000000180025095e-35
decision_type=2 2 2 2 2 2 2 2
left_child=3 2 -2 7 6 -6 -5 -1
right_child=1 -3 -4 4 5 -7 -8 -9
leaf_value=-0.00099828908739327152 -0.018980533293369711 0.0008999141877074129 0.009213141188071516 -0.00062494457404572339 -0.0043529062589621002 0.018228170230951319 0.011543353466840538 -0.021922319040418591
leaf_weight=23.267753955053198 17.605272380329556 18.007897220406448 2.3637903267517677 136.33928055496835 9.927255184738895 23.280366735416465 21.993823687931581 5.8952428729908197
leaf_count=2429 4030 438 364 10182 228 334 854 1762
internal_value=0.000276952 -0.00747703 -0.0147669 0.00170004 0.00305833 0.0114008 0.00114147 -0.0066042
internal_weight=258.681 37.977 19.9691 220.704 191.541 33.2076 158.333 29.163
internal_count=20621 4832 4394 15789 11598 562 11036 4191
is_linear=0
shrinkage=0.025


Tree=225
num_leaves=9
num_cat=0
split_feature=2 17 15 58 61 29 31 6
split_gain=4.7452 5.46448 4.28853 4.32346 3.87144 3.45448 4.06759 3.72937
threshold=0.64415809512138378 0.60483400000000009 0.50885700000000011 0.41916650000000005 0.26513150000000008 0.52868100000000007 0.43963300000000005 0.68980150000000007
decision_type=2 2 2 2 2 2 2 2
left_child=1 -1 4 -4 -3 6 7 -2
right_child=5 2 3 -5 -6 -7 -8 -9
leaf_value=-0.013825835934202158 -0.0085314099384864728 -0.0055618677506177197 0.00068509974200627922 -0.010334093714593838 0.013425869715486689 0.012427138218108806 0.013064775373368212 0.0024271746923487636
leaf_weight=25.499522286017964 26.650099389265961 8.1302661051449849 49.910555010456847 36.252543533079006 17.748329258800368 18.284948193351738 12.801153006468665 57.043396257329732
leaf_count=6872 884 1626 4504 3452 829 205 424 1789
internal_value=-0.000675562 -0.0038064 -0.00125784 -0.00399534 0.00722042 0.00301286 0.000936666 -0.00109246
internal_weight=252.321 137.541 112.042 86.1631 25.8786 114.78 96.4946 83.6935
internal_count=20585 17283 10411 7956 2455 3302 3097 2673
is_linear=0
shrinkage=0.025


Tree=226
num_leaves=9
num_cat=0
split_feature=2 29 65 62 15 31 18 19
split_gain=4.55654 4.03285 3.72294 3.19546 5.76778 2.69906 2.37484 2.83784
threshold=0.73102048039436351 0.52868100000000007 0.5608145000000001 0.75000000000000011 0.5194255000000001 0.10347000000000002 0.71007100000000012 0.67448700000000017
decision_type=2 2 2 2 2 2 2 2
left_child=1 3 -2 5 -5 -1 7 -3
right_child=2 6 -4 4 -6 -7 -8 -9
leaf_value=0.0028001753451985184 -0.00027023958593278615 -0.0039276135659705377 0.015810970727524319 0.0031606675197309456 -0.014854599589003157 -0.0039436138938094886 -0.0020904598615194151 0.016298901004199819
leaf_weight=58.530637649265373 16.037110544188181 4.2290525448115721 16.048489278880879 15.09388831444994 30.253441409005063 91.496497559623094 10.975243370747192 14.635080218686197
leaf_count=5485 288 573 403 2223 5622 5592 158 306
internal_value=-0.000479244 -0.00178139 0.00800895 -0.00312503 -0.00881959 -0.00126108 0.00642425 0.0114631
internal_weight=257.299 225.214 32.0856 195.374 45.3473 150.027 29.8394 18.8641
internal_count=20650 19959 691 18922 7845 11077 1037 879
is_linear=0
shrinkage=0.025


Tree=227
num_leaves=9
num_cat=0
split_feature=39 31 19 47 48 64 3 65
split_gain=4.27966 4.61103 5.26804 4.51472 3.02881 2.32309 2.22933 3.55175
threshold=1.0000000180025095e-35 0.27463300000000007 0.63979400000000008 0.93492100000000011 0.80103350000000006 0.61618250000000008 0.94770699739456188 0.62904400000000005
decision_type=2 2 2 2 2 2 2 2
left_child=3 2 -2 -1 -4 -5 7 -3
right_child=1 6 4 5 -6 -7 -8 -9
leaf_value=-0.013218218156951121 -0.019510132066832817 -0.0017637139541073826 0.0011259977996468582 0.012854253139105801 -0.014567821862134898 -0.007014189054333481 0.012392884951080825 0.013436445824736834
leaf_weight=24.864532407425031 6.9126398822836554 29.550982108707103 141.45714546379168 6.7352369655272906 6.1036902898922554 4.1569353230879642 26.343814988127633 11.580767717226989
leaf_count=5271 4564 1499 7420 60 435 76 925 306
internal_value=0.000179751 0.00151903 -0.000833416 -0.00757487 0.000240566 0.00477802 0.00688144 0.00276665
internal_weight=257.706 221.949 154.473 35.7567 147.561 10.8922 67.4756 41.1317
internal_count=20556 15149 12419 5407 7855 136 2730 1805
is_linear=0
shrinkage=0.025


Tree=228
num_leaves=9
num_cat=0
split_feature=64 66 0 61 69 0 19 59
split_gain=3.64382 8.24872 4.16609 5.14303 5.52102 5.51786 3.84802 3.47265
threshold=0.25028250000000002 0.66160000000000008 0.48566650000000006 0.50715900000000003 0.51535700000000018 0.77566650000000015 0.73277850000000011 1.0000000180025095e-35
decision_type=2 2 2 2 2 2 2 2
left_child=1 -1 7 5 -5 -4 -3 -2
right_child=2 6 3 4 -6 -7 -8 -9
leaf_value=-0.010096831821350542 -0.00057121757413842805 -0.0067927296371750965 -0.016000788541346688 0.015252302949090272 -0.00033704601131662138 0 0.018661548043524136 0.011338377382370665
leaf_weight=49.46361137076201 22.882243861417919 3.7489407236334946 21.951506841185619 15.627003004308788 68.232664364069933 29.027945993762842 9.280012025497852 37.27433363021737
leaf_count=11680 1540 193 1807 183 2602 1405 147 1036
internal_value=-0.000217543 -0.00539857 0.00144276 -0.00096373 0.00276825 -0.00711704 0.010909 0.00681495
internal_weight=257.488 62.4926 194.996 134.839 83.8597 50.9795 13.029 60.1566
internal_count=20593 12020 8573 5997 2785 3212 340 2576
is_linear=0
shrinkage=0.025


Tree=229
num_leaves=9
num_cat=0
split_feature=1 60 55 3 62 66 47 34
split_gain=4.58165 4.2981 2.88776 5.92101 2.72581 4.98978 3.16862 2.66031
threshold=0.68317779898643505 0.82000000000000017 1.0000000180025095e-35 0.96600428223609935 0.75000000000000011 0.66350000000000009 0.92356600000000011 0.6859375000000002
decision_type=2 2 2 2 2 2 2 2
left_child=1 4 -3 -4 6 -6 -1 -2
right_child=7 2 3 -5 5 -7 -8 -9
leaf_value=-0.00037349469421882895 0.010466022874980467 0 -0.023087367454189177 0.0061639093771034504 -0.011678116785178681 0.0060284816491313273 0.0089909898044726374 -0.00076407954802604346
leaf_weight=104.27377071561386 33.479821281158365 10.943518383646735 14.07952306898642 4.4446809709043 27.012541229865747 12.985055894474497 26.333459688379662 18.693454912339803
leaf_count=8398 768 825 2799 667 6029 378 228 552
internal_value=-2.53682e-06 -0.00176257 -0.0102564 -0.0157867 -0.000150179 -0.00573782 0.00156517 0.00642422
internal_weight=252.246 200.073 29.4677 18.5242 170.605 39.9976 130.607 52.1733
internal_count=20644 19324 4291 3466 15033 6407 8626 1320
is_linear=0
shrinkage=0.025


Tree=230
num_leaves=9
num_cat=0
split_feature=62 48 15 31 65 65 20 48
split_gain=4.79006 5.48905 2.9478 3.89233 2.88942 5.33703 5.55206 4.25078
threshold=0.75000000000000011 0.55220000000000014 0.52310500000000004 0.31505900000000003 0.0062655000000000011 0.26987750000000005 0.69832200000000011 0.25536650000000005
decision_type=2 2 2 2 2 2 2 2
left_child=4 -2 -3 -4 7 -6 -7 -1
right_child=1 2 3 -5 5 6 -8 -9
leaf_value=0.010216098703443928 -0.017118328785897571 0.0096093204744545652 -0.011390838602563494 0.0092213278386579656 0.011499638754596558 -0.0065103969697529636 0.0036764831876186718 -0.014468553085241835
leaf_weight=4.1843134823338941 17.839248441431664 10.230043996380116 16.959437055738821 6.090673683289423 32.912029304762655 45.445083701807562 110.31814036332071 12.739288673859845
leaf_count=614 6165 447 1455 269 3265 5042 2839 612
internal_value=0 -0.00670093 -0.000250416 -0.00534357 0.00171219 0.00265124 0.000611989 -0.00753433
internal_weight=256.718 51.1194 33.2802 23.0501 205.599 188.675 155.763 16.9236
internal_count=20708 8336 2171 1724 12372 11146 7881 1226
is_linear=0
shrinkage=0.025


Tree=231
num_leaves=9
num_cat=0
split_feature=2 17 17 6 22 6 0 68
split_gain=3.709 4.72638 5.65589 5.21758 3.85326 3.27029 3.24333 2.96074
threshold=0.68759378790855419 0.62224500000000005 0.62837050000000005 0.53018700000000007 0.43001600000000006 0.77045950000000019 0.37960000000000005 0.40000000000000008
decision_type=2 2 2 2 2 2 2 2
left_child=1 4 5 -4 6 -3 -1 -6
right_child=-2 2 3 -5 7 -7 -8 -9
leaf_value=0 0.0043600006051495227 0.014720939554701929 0.0078700576038077657 -0.0048775933124765285 0.014530663846079338 -0.012142492626809977 -0.017634492263061529 -0.0062142504492523794
leaf_weight=9.3946275560456325 68.716303012362914 18.954793035064544 23.322586922837218 91.49545427364319 4.9540609834511988 1.4325591647066165 24.949350195641273 8.9535254562651954
leaf_count=3026 1675 1095 2474 5197 199 58 6396 610
internal_value=-0.000478722 -0.00235905 1.85986e-05 -0.0021336 -0.00890626 0.0115822 -0.0132218 0.0016017
internal_weight=252.173 183.457 135.205 114.818 48.2516 20.3874 34.344 13.9076
internal_count=20730 19055 8824 7671 10231 1153 9422 809
is_linear=0
shrinkage=0.025


Tree=232
num_leaves=9
num_cat=0
split_feature=19 2 61 61 62 65 65 9
split_gain=4.84965 4.97578 4.0789 3.72047 3.52959 5.9088 4.04201 5.2718
threshold=0.68236450000000015 0.68278563022613536 0.03273800000000001 0.28370650000000003 0.75000000000000011 0.48243100000000005 0.48654600000000009 0.81800000000000006
decision_type=2 2 2 2 2 2 2 2
left_child=1 2 -1 -4 6 -6 -2 -8
right_child=4 -3 3 -5 5 -7 7 -9
leaf_value=0.0049485423515521045 0.008083437395587003 0.009786375796126387 -0.019748103873836124 -0.0026170649591854716 -0.017685897259201663 0.0017159394284197136 -0.0095599305556040137 0.0037844642410819994
leaf_weight=7.6523242516568635 68.318119401119475 7.628284801146946 21.184664114194675 14.780657992125269 12.19582256599824 29.010670007177396 23.737496392510366 63.818780241796048
leaf_count=3899 2235 152 6745 1854 1549 1566 875 1789
internal_value=5.521e-05 -0.00661606 -0.00995238 -0.0134141 0.00187662 -0.00440567 0.00361966 0
internal_weight=248.327 51.2459 43.6176 35.9653 197.081 41.2065 155.874 87.5563
internal_count=20664 12650 12498 8599 8014 3115 4899 2664
is_linear=0
shrinkage=0.025


Tree=233
num_leaves=9
num_cat=0
split_feature=4 49 2 65 70 47 27 29
split_gain=4.03123 3.44681 6.29314 4.69129 4.96025 4.35352 2.8269 2.30656
threshold=1.0000000180025095e-35 1.0000000180025095e-35 0.57335239648818981 0.0062655000000000011 -0.14254999999999998 0.93492100000000011 1.0000000180025095e-35 0.43853150000000002
decision_type=2 2 2 2 2 2 2 2
left_child=1 3 5 4 -1 -3 -4 -5
right_child=-2 2 6 7 -6 -7 -8 -9
leaf_value=0.01102335357029864 -0.014005760835099522 -0.016115862530221799 -0.0020272190617967858 0.0056202924972249017 -0.01474271637839325 0.0042647275617992272 0.0048920287592056676 0.019495293994129664
leaf_weight=5.2422827203990918 10.679263777734375 23.844222608377098 86.020760085702932 40.087263301870735 10.892189109346871 7.1124766862703828 60.859977485510171 9.4211412743288729
leaf_count=84 2646 7936 3350 3125 1124 111 2119 222
internal_value=-0.000242729 0.000439568 -0.00134046 0.00526988 -0.00566499 -0.0112311 0.000816596 0.00906068
internal_weight=254.16 243.48 177.837 65.6429 16.1345 30.9567 146.881 49.5084
internal_count=20717 18071 13516 4555 1208 8047 5469 3347
is_linear=0
shrinkage=0.025


Tree=234
num_leaves=9
num_cat=0
split_feature=1 60 14 19 19 0 3 64
split_gain=3.899 4.656 3.97864 3.73316 6.24404 3.94987 3.702 3.37906
threshold=0.67529168725013744 0.82000000000000017 1.0000000180025095e-35 0.76898500000000014 0.73701700000000014 0.78113350000000015 0.96587234735488903 0.36222550000000003
decision_type=2 2 2 2 2 2 2 2
left_child=1 7 -3 4 -2 -6 -4 -1
right_child=3 2 6 -5 5 -7 -8 -9
leaf_value=-0.0056613252024278124 0.0085097529849854515 0 -0.023941259050456278 0.017859963118045469 -0.017720330868541769 0.0023001309885865512 0.002618301505711886 0.0018261197156206406
leaf_weight=54.809958312973322 32.255624482961139 10.757931235428261 13.156923581358571 9.2988613473717106 10.700247665168719 10.058544688159598 3.0966722008615752 108.33616196773437
leaf_count=10272 617 869 2671 322 190 436 575 4702
internal_value=-0.000575598 -0.00238065 -0.0116274 0.0047189 0.00171211 -0.00834035 -0.0187377 -0.000682018
internal_weight=252.471 190.158 27.0115 62.3133 53.0144 20.7588 16.2536 163.146
internal_count=20654 19089 4115 1565 1243 626 3246 14974
is_linear=0
shrinkage=0.025


Tree=235
num_leaves=9
num_cat=0
split_feature=65 46 48 9 0 29 65 14
split_gain=4.55416 5.59305 7.31444 4.62092 5.76375 4.01889 4.40292 3.61692
threshold=0.59209300000000009 0.58423250000000004 0.66160000000000008 0.78000000000000014 0.85073300000000007 0.52868100000000007 0.56763350000000012 1.0000000180025095e-35
decision_type=2 2 2 2 2 2 2 2
left_child=1 5 -3 -2 -5 6 -1 -7
right_child=3 2 -4 4 -6 7 -8 -9
leaf_value=-0.0006273851145371346 -0.0065054709899059152 -0.027091674185042498 0 0.012995609267653195 -0.0094307274793498166 -0.0033116807972057463 -0.019241507729678406 0.016497622750498767
leaf_weight=141.54615657759223 12.608564000081968 9.9301349456691259 13.119222639306825 40.918899372161832 6.6951403662242219 7.3757553540199305 6.5088374577790082 13.513579634748567
leaf_count=15663 495 1002 614 1138 715 453 314 372
internal_value=0 -0.00189521 -0.0129251 0.00587761 0.00943797 -0.000212899 -0.00174124 0.00949733
internal_weight=252.216 191.994 23.0494 60.2226 47.614 168.944 148.055 20.8893
internal_count=20766 18418 1616 2348 1853 16802 15977 825
is_linear=0
shrinkage=0.025


Tree=236
num_leaves=9
num_cat=0
split_feature=21 48 67 3 31 39 62 9
split_gain=4.43872 4.85648 6.19462 4.80704 4.45778 3.58769 3.356 3.26403
threshold=0.70400000000000007 0.25536650000000005 0.028164500000000002 0.9661691188812257 1.0000000180025095e-35 1.0000000180025095e-35 0.41666666666666669 0.91800000000000015
decision_type=2 2 2 2 2 2 2 2
left_child=1 3 6 5 -4 -1 -3 -2
right_child=7 2 4 -5 -6 -7 -8 -9
leaf_value=-0.011389519239305944 -0.00053818586319724117 0 0.014353247776686479 -0.01626706145740053 -0.0046384300339536678 0.016016715473290408 -0.020457393118819712 0.0070134034480874062
leaf_weight=1.7943281990319562 87.047885208296066 6.0363023685677062 6.9018639458736279 2.7487362005431342 53.12051599948154 15.061766870750034 21.502321980444322 56.591754395827593
leaf_count=1373 3890 493 299 998 3408 2117 6643 1459
internal_value=-0.00038642 -0.00422011 -0.00676636 0.00637866 -0.00194127 0.011803 -0.0161856 0.00244098
internal_weight=250.805 107.166 87.561 19.6048 60.0224 16.8561 27.5386 143.64
internal_count=20680 15331 10843 4488 3707 3490 7136 5349
is_linear=0
shrinkage=0.025


Tree=237
num_leaves=9
num_cat=0
split_feature=21 64 67 48 84 20 60 0
split_gain=3.88626 5.20815 5.65792 4.44039 3.87137 3.55687 3.08612 2.90942
threshold=0.70400000000000007 0.36222550000000003 0.18988200000000002 0.18826650000000003 1.0000000180025095e-35 0.70431200000000016 0.68000000000000005 0.48566650000000006
decision_type=2 2 2 2 2 2 2 2
left_child=1 3 5 -1 -5 -3 -4 -2
right_child=7 2 6 4 -6 -7 -8 -9
leaf_value=0.0082630266359100101 0.015004249378179017 0.011896639815438509 -0.0019584450919704764 -0.018924830997495277 0.0051868608386088904 -0.0041571310291242834 -0.0188297584299267 0.0017691384463572246
leaf_weight=4.2428569432031535 9.6306762926687934 26.020240774349077 29.943877678982972 23.365790491707234 3.5397116681178877 10.410766976012381 7.5584415866387635 134.57948269126427
leaf_count=1330 221 1496 1625 8975 727 316 920 5126
internal_value=0.000221348 -0.00336673 0.000220062 -0.0116061 -0.0153538 0.00713626 -0.00632984 0.00289746
internal_weight=249.292 105.082 73.9333 31.1484 26.9055 36.431 37.5023 144.21
internal_count=20736 15389 4357 11032 9702 1812 2545 5347
is_linear=0
shrinkage=0.025


Tree=238
num_leaves=9
num_cat=0
split_feature=62 29 39 0 47 3 19 19
split_gain=7.38977 4.61237 3.59285 3.76838 3.14709 2.26793 2.04728 1.73953
threshold=0.91666666666666685 0.89118900000000012 1.0000000180025095e-35 0.80776700000000012 0.95024300000000006 0.97958701848983776 0.80242750000000007 0.67719100000000021
decision_type=2 2 2 2 2 2 2 2
left_child=1 2 4 -4 -1 6 -2 -3
right_child=5 7 3 -5 -6 -7 -8 -9
leaf_value=-0.012266493163312821 -0.019864820819688132 -0.0018181849333400316 -0.00064839401517275048 0.0075245109158437479 0.0044684237039940055 0.0065234300957419935 0.0037044008535317384 0.016131216166997447
leaf_weight=22.371336996555332 15.381219102744586 2.8792595996419577 137.68692173875752 44.71233638990816 7.8725219957705113 1.3340904801370914 1.409666989929973 14.245318852394119
leaf_count=4102 4036 125 10186 1764 95 122 78 125
internal_value=-0.000146582 0.00108628 0 0.00137428 -0.0076708 -0.0147028 -0.0173033 0.0128466
internal_weight=247.893 229.768 212.643 182.399 30.2439 18.125 16.7909 17.1246
internal_count=20633 16397 16147 11950 4197 4236 4114 250
is_linear=0
shrinkage=0.025


Tree=239
num_leaves=9
num_cat=0
split_feature=2 60 22 22 15 65 47 34
split_gain=4.25118 5.21131 4.76885 5.02545 2.90352 2.99355 2.54379 2.50334
threshold=0.6687772572040559 0.82000000000000017 0.40872900000000006 0.26973100000000005 0.4894245000000001 0.59209300000000009 0.80616900000000002 0.3265185000000001
decision_type=2 2 2 2 2 2 2 2
left_child=1 2 3 -1 5 -2 -3 -6
right_child=4 6 -4 -5 7 -7 -8 -9
leaf_value=0.0010990573458743342 -0.011918412977813202 -0.020973267301322485 0.0046150496895459433 -0.010483681725629232 0.010854977062283631 0.010846042817417779 -0.0025286373668039117 0.001385592701141232
leaf_weight=42.993963905580131 11.507609141699502 12.423150656126383 49.047945424055797 45.988279216691808 29.252245555573609 2.8635153565555802 9.338394607708322 46.038203773845453
leaf_count=7544 284 3553 1764 5070 850 29 309 1185
internal_value=-0.000941173 -0.00339464 -0.00145007 -0.00490363 0.00332816 -0.00615348 -0.0142529 0.00534741
internal_weight=249.453 159.792 138.03 88.9822 89.6616 14.3711 21.7615 75.2904
internal_count=20588 18240 14378 12614 2348 313 3862 2035
is_linear=0
shrinkage=0.025


Tree=240
num_leaves=9
num_cat=0
split_feature=17 0 43 64 17 60 15 0
split_gain=4.29933 7.03212 3.51844 4.31548 3.45146 3.55738 3.53334 3.10375
threshold=0.60271500000000011 0.80776700000000012 1.0000000180025095e-35 0.48838950000000003 0.68723950000000011 0.82000000000000017 0.66563950000000016 0.8430335000000001
decision_type=2 2 2 2 2 2 2 2
left_child=1 -1 4 -4 5 -2 -6 -3
right_child=2 7 3 -5 6 -7 -8 -9
leaf_value=-0.011919858032373928 0.0083737634753326684 0.01423021002706616 0.0022666372560081346 -0.018450648376794443 -0.0087994915225828516 -0.0021978380624640761 0.002394506131212313 -0.011455901506965361
leaf_weight=36.376268895555768 78.671345260305316 10.288402989172026 11.851588875726522 9.4754890936619613 23.471842001012192 24.097553750755651 54.057840240027872 1.9013089444197238
leaf_count=6846 5089 510 1819 1036 1149 2950 1195 169
internal_value=2.24287e-05 -0.00647206 0.00167181 -0.00740914 0.00285661 0.00582868 -0.0010362 0.00864525
internal_weight=250.192 48.566 201.626 21.3271 180.299 102.769 77.5297 12.1897
internal_count=20763 7525 13238 2855 10383 8039 2344 679
is_linear=0
shrinkage=0.025


Tree=241
num_leaves=9
num_cat=0
split_feature=60 39 0 3 0 20 43 2
split_gain=3.54572 4.23676 4.14403 4.88873 4.50118 3.1682 2.8243 2.65948
threshold=0.82000000000000017 1.0000000180025095e-35 0.80776700000000012 0.93878769874572765 0.45856650000000004 0.67350250000000011 1.0000000180025095e-35 0.59869509935379039
decision_type=2 2 2 2 2 2 2 2
left_child=1 6 4 -4 -3 -2 7 -1
right_child=5 2 3 -5 -6 -7 -8 -9
leaf_value=-0.013998765974114119 -0.019114350385467351 0.0057713423004585587 -0.0081423315422680595 0.014012642088950769 -0.002937596806767325 -0.0023568436388263295 -0.021155461470827176 0.0032117352141690413
leaf_weight=6.2882909132822595 8.2530703796437574 60.693103980387605 5.8740618682350023 29.916351400555868 88.165084008771373 29.467989379943901 5.5110901933221603 14.59685915513546
leaf_count=1977 2953 5951 189 515 4971 1932 1794 450
internal_value=-0.000106449 0.00114273 0.00253189 0.00993954 0.000592972 -0.00698989 -0.00780461 -0.00241297
internal_weight=248.766 211.045 184.649 35.7904 148.858 37.7211 26.3962 20.8852
internal_count=20732 15847 11626 704 10922 4885 4221 2427
is_linear=0
shrinkage=0.025


Tree=242
num_leaves=9
num_cat=0
split_feature=49 69 19 2 69 26 19 27
split_gain=3.88109 5.60171 4.89682 4.74413 4.28962 3.85678 3.75399 3.38968
threshold=1.0000000180025095e-35 0.00055250000000000015 0.72955550000000013 0.68278563022613536 0.47279200000000005 0.91000000000000003 0.70944850000000004 1.0000000180025095e-35
decision_type=2 2 2 2 2 2 2 2
left_child=1 2 5 4 -2 -1 -5 -8
right_child=3 -3 -4 6 -6 -7 7 -9
leaf_value=-0.015552516341774451 -0.012421474217768486 0.0094310413821624851 0.015632604504979299 0.01348262145876105 -0.0016565948973867707 0.01193124601962264 -0.0058597164794177772 0.0066002648507465346
leaf_weight=15.52777042239723 34.338814562062907 48.279455518002578 3.4377818382636169 14.31819697996252 71.417449174092326 2.0399127813143414 28.420353744877502 22.680956398195121
leaf_count=3538 8914 2784 55 313 3494 90 900 531
internal_value=-7.65145e-05 0.00480178 -0.00540711 -0.00212701 -0.0053872 -0.0110846 0.00303559 -0.000147902
internal_weight=240.461 69.2849 21.0055 171.176 105.756 17.5677 65.4195 51.1013
internal_count=20619 6467 3683 14152 12408 3628 1744 1431
is_linear=0
shrinkage=0.025


Tree=243
num_leaves=9
num_cat=0
split_feature=59 43 9 65 6 62 67 34
split_gain=3.6578 4.40196 4.34672 5.86426 4.27562 4.25605 4.4892 4.10252
threshold=1.0000000180025095e-35 1.0000000180025095e-35 0.57000000000000017 0.36157850000000008 0.70134000000000007 0.41666666666666669 0.71124000000000009 0.19289400000000004
decision_type=2 2 2 2 2 2 2 2
left_child=5 2 -2 -4 -3 -1 -7 -6
right_child=1 4 3 -5 7 6 -8 -9
leaf_value=0.005564339092112046 -0.010138588111429644 -0.018948040453672509 0.012003632023910877 0.0012072736628085362 0.017652369028392172 -0.012400125444340465 0.0091494514201603313 -0.0076985880883782406
leaf_weight=14.228590900096604 11.96539821416536 9.8885557454286772 42.917571550746288 113.12879024459835 4.1794904087364548 37.599040417973356 5.2232390950666732 9.0694157283287478
leaf_count=1090 3923 1935 1276 3812 128 7579 160 667
internal_value=2.12815e-06 0.00169649 0.00315611 0.00433838 -0.00801199 -0.00541301 -0.00931332 0.00107311
internal_weight=248.2 191.149 168.012 156.046 23.1375 57.0509 42.8223 13.2489
internal_count=20570 11741 9011 5088 2730 8829 7739 795
is_linear=0
shrinkage=0.025


Tree=244
num_leaves=9
num_cat=0
split_feature=2 17 17 22 15 65 6 69
split_gain=3.30332 3.49426 3.40842 3.08973 2.65995 3.07785 2.60514 2.18947
threshold=0.68278563022613536 0.60483400000000009 0.73210200000000014 0.49192400000000008 0.4894245000000001 0.59209300000000009 0.73996850000000014 0.45006950000000007
decision_type=2 2 2 2 2 2 2 2
left_child=1 -1 3 -3 5 -2 -4 -6
right_child=4 2 6 -5 7 -7 -8 -9
leaf_value=-0.0086890662339590783 -0.013657916008698243 -0.00017221321171763447 -0.013990221891599054 0.0099767351295074278 0.015596373712736184 0.010716421603798966 0.0078828767783596237 0.0037940532966668906
leaf_weight=33.358605301318221 7.7267043510801141 107.72432673924686 14.275668899979793 20.354384192105499 12.015102837118318 2.7785551697015762 2.4380267229862502 51.391528690059204
leaf_count=7427 220 10015 654 710 161 25 60 1427
internal_value=0.00017199 -0.00164207 2.66498e-05 0.00151161 0.00457132 -0.00592851 -0.00989734 0.00655369
internal_weight=252.063 178.151 144.792 128.079 73.9119 10.5053 16.7137 63.4066
internal_count=20699 18866 11439 10725 1833 245 714 1588
is_linear=0
shrinkage=0.025


Tree=245
num_leaves=9
num_cat=0
split_feature=69 16 69 44 62 28 22 47
split_gain=3.53494 4.42406 3.64235 3.62423 3.41431 3.37328 3.18399 2.86426
threshold=0.71538450000000009 0.6305090000000001 0.66176500000000005 0.049005000000000007 0.58333333333333337 0.52868100000000007 0.25227950000000005 0.91020450000000019
decision_type=2 2 2 2 2 2 2 2
left_child=1 4 3 -3 6 -6 -1 -4
right_child=-2 2 7 -5 5 -7 -8 -9
leaf_value=0.0094825970083696146 0.0070471069226188572 -0.0056364590306900572 -0.014987547188826956 0.0037961606544809076 -0.02062066350907682 0.0026333629928507745 -0.0098951481300782931 0.0044299513301436517
leaf_weight=8.3204912414730661 38.350671349558979 29.359142587276438 13.173003326242908 126.72500073456104 14.745278460227384 3.832425871572922 8.8481004229361115 5.0702691642800337
leaf_count=1566 1523 3827 808 4451 6389 764 1353 71
internal_value=0.000242621 -0.00101897 0.000614318 0.0019256 -0.0087934 -0.0156694 -0.000103216 -0.00931594
internal_weight=248.424 210.074 174.327 156.084 35.7463 18.5777 17.1686 18.2433
internal_count=20752 19229 9157 8278 10072 7153 2919 879
is_linear=0
shrinkage=0.025


Tree=246
num_leaves=9
num_cat=0
split_feature=69 60 6 61 65 49 20 61
split_gain=3.99296 3.96335 3.7779 4.06952 3.53005 4.06701 3.44793 3.31759
threshold=0.00055250000000000015 0.82000000000000017 0.53018700000000007 0.22660250000000001 0.59209300000000009 1.0000000180025095e-35 0.69720050000000011 0.50715900000000003
decision_type=2 2 2 2 2 2 2 2
left_child=2 4 3 -1 5 -2 -3 -6
right_child=1 6 -4 -5 7 -7 -8 -9
leaf_value=-0.012908488311431958 0.0071400817378225335 -0.015703344889320934 -0.021095680798003304 0.012122848945279218 -0.00655609935592386 -0.0019196023625081236 0 0.011419994039958302
leaf_weight=6.1055159589750492 41.362135975869023 12.67283994878562 8.2657894601543358 6.1165250477642985 5.7336123551503979 105.00089330021456 23.189997036693967 37.790575194900157
leaf_count=3141 2378 2904 428 188 196 9196 1531 753
internal_value=0.000109718 0.00113078 -0.00990751 0 0.00260786 0.000651847 -0.00621668 0.00870319
internal_weight=246.238 225.75 20.4878 12.222 189.887 146.363 35.8628 43.5242
internal_count=20715 16958 3757 3329 12523 11574 4435 949
is_linear=0
shrinkage=0.025


Tree=247
num_leaves=9
num_cat=0
split_feature=1 22 15 15 17 15 33 2
split_gain=4.10902 4.04442 4.4689 3.32974 3.81214 2.75531 2.52742 2.11761
threshold=0.67529168725013744 0.46480350000000009 0.66563950000000016 0.76083750000000017 0.72780700000000009 0.52385550000000014 0.3000000000000001 0.68431133031845104
decision_type=2 2 2 2 2 2 2 2
left_child=1 2 5 4 -3 -1 -4 -2
right_child=7 3 6 -5 -6 -7 -8 -9
leaf_value=-0.0025957652744477465 -0.0067437591057297021 0.01148448572392236 -0.0024461972291099847 -0.0074521607032370712 -0.0062922214729409292 -0.012333758041450236 0.0077087461190819941 0.007477887813749886
leaf_weight=41.196032542295143 5.2579551953822365 32.352838536578929 37.019645432996185 9.2528844589542114 7.6730386106064534 36.868257108581474 22.757741325880488 56.084304991032695
leaf_count=5211 243 1268 1826 371 314 8859 1191 1324
internal_value=0.00043554 -0.00138174 -0.00360134 0.00457892 0.00776093 -0.00748172 0.00142287 0.00596603
internal_weight=248.463 187.12 137.842 49.2788 40.0259 78.0643 59.7774 61.3423
internal_count=20607 19040 17087 1953 1582 14070 3017 1567
is_linear=0
shrinkage=0.025


Tree=248
num_leaves=9
num_cat=0
split_feature=0 61 15 69 27 61 48 31
split_gain=2.82203 8.48456 4.25118 3.72195 6.85787 3.72475 3.24401 3.171
threshold=0.48566650000000006 0.48281650000000004 0.65606550000000008 0.51535700000000018 1.0000000180025095e-35 0.50715900000000003 0.72936650000000014 0.11616250000000002
decision_type=2 2 2 2 2 2 2 2
left_child=2 6 7 5 -5 -3 -2 -1
right_child=1 3 -4 4 -6 -7 -8 -9
leaf_value=0.0037796692160891768 -0.01358383394466782 0.0011158856363163937 0.01017583203643211 -0.0081138807355726969 0.0057003468499134749 0.015449091156597941 0.0075304650266202677 -0.010851081020006117
leaf_weight=24.185847911904602 33.608833305337612 27.422215491860698 40.874361916452472 41.658698886611091 43.970189423795091 19.433362047391711 3.4389483494451261 12.14432031524211
leaf_count=5986 6086 848 1609 1828 1623 265 86 2399
internal_value=0.000907749 -0.000865635 0.00482012 0.00207654 -0.000966524 0.00760318 -0.0111465 -0.00122638
internal_weight=246.737 169.532 77.2045 132.484 85.6289 46.8556 37.0478 36.3302
internal_count=20730 10736 9994 4564 3451 1113 6172 8385
is_linear=0
shrinkage=0.025


Tree=249
num_leaves=9
num_cat=0
split_feature=29 60 18 6 69 33 22 65
split_gain=4.05726 2.33327 2.30632 3.60717 5.08371 3.15859 2.64215 1.70817
threshold=0.52868100000000007 0.68000000000000005 0.63366850000000008 0.53018700000000007 0.29090900000000003 0.50000000000000011 0.21862550000000003 0.70790100000000011
decision_type=2 2 2 2 2 2 2 2
left_child=2 7 5 6 -5 -1 -4 -2
right_child=1 -3 3 4 -6 -7 -8 -9
leaf_value=-0.016050308465768888 0.012970241927212814 -0.0052978379038949794 -0.0026721944248771067 -0.010096931123621674 0.00052602438332344454 0.0064624787860766905 0.013313731933825144 -0.0073382650119054038
leaf_weight=11.089315295482264 24.899217142898131 4.5316457843000526 7.7777083893124681 32.742138964911646 142.13760286138859 3.7017565751320936 17.394315396551974 1.1049547942966444
leaf_count=8542 657 376 587 2578 6499 629 875 17
internal_value=0.000244057 0.00849835 -0.000962109 -0.000175135 -0.00151215 -0.00987073 0.00826522 0.011377
internal_weight=245.379 30.5358 214.843 200.052 174.88 14.7911 25.172 26.0042
internal_count=20760 1050 19710 10539 9077 9171 1462 674
is_linear=0
shrinkage=0.025


Tree=250
num_leaves=9
num_cat=0
split_feature=4 49 61 0 69 66 17 59
split_gain=4.38227 3.38199 4.81796 7.05519 5.88328 3.15252 2.39957 1.64448
threshold=1.0000000180025095e-35 1.0000000180025095e-35 0.50715900000000003 0.75126650000000017 0.51535700000000018 -0.17666649999999998 0.60525000000000018 0.50000000000000011
decision_type=2 2 2 2 2 2 2 2
left_child=1 5 3 -3 -4 -1 -7 -2
right_child=7 2 4 -5 -6 6 -8 -9
leaf_value=-0.011601646131188928 -0.017575345323063495 -0.014177951219668994 0.015298036218046422 0.0014473975750398497 0.00016272675725798275 -0.0045909318481049573 0.0097294606422607399 0.0016536245346075033
leaf_weight=3.5671031381243656 8.7018863730281719 29.226539471391334 18.242127416073345 40.289060910178705 82.861781340721791 6.4634344872529246 53.525248425675272 2.4119602665268749
leaf_count=215 2445 7563 269 2319 3315 1562 2766 188
internal_value=0.000800477 0.00160365 -0.000205916 -0.0052299 0.0032101 0.00643403 0.00796719 -0.0132146
internal_weight=245.289 234.175 170.62 69.5156 101.104 63.5558 59.9887 11.1138
internal_count=20642 18009 13466 9882 3584 4543 4328 2633
is_linear=0
shrinkage=0.025


Tree=251
num_leaves=9
num_cat=0
split_feature=9 17 9 0 28 15 18 16
split_gain=2.59052 3.21975 3.82623 2.85744 2.62338 2.26369 2.46612 2.4018
threshold=0.57000000000000017 0.67207400000000017 0.9900000000000001 0.80456700000000014 0.52868100000000007 0.79470900000000011 0.71107450000000016 0.71773650000000011
decision_type=2 2 2 2 2 2 2 2
left_child=4 2 3 -2 -1 6 -3 -7
right_child=1 5 -4 -5 -6 7 -8 -9
leaf_value=-0.013672447231513396 -0.0019573892381160632 -0.00034158267500446676 0.016048803384652099 0.0062898853049844494 0.0054179519209568393 0.01802939609150335 -0.0083320537330930106 -0.0072900520678987309
leaf_weight=15.526852104548654 66.760981383698891 52.555652010676567 10.20514847592858 39.919769228315999 4.178983855432306 4.167378520127385 46.479765413008863 1.8684339795727281
leaf_count=9600 3673 2052 258 1956 1318 82 1561 146
internal_value=-0.000906084 -6.52879e-05 0.00273335 0.00111868 -0.00915226 -0.00324156 -0.00425664 0.00939457
internal_weight=241.663 221.957 116.886 106.681 19.7058 105.071 99.0354 6.03581
internal_count=20646 9728 5887 5629 10918 3841 3613 228
is_linear=0
shrinkage=0.025


Tree=252
num_leaves=9
num_cat=0
split_feature=60 65 20 2 9 22 3 1
split_gain=4.82497 5.8305 4.72714 4.58751 3.98535 5.0088 3.59494 2.85596
threshold=0.82000000000000017 0.59209300000000009 0.69720050000000011 0.75259438157081615 0.78000000000000014 0.43536650000000005 0.93800881505012523 0.67529168725013744
decision_type=2 2 2 2 2 2 2 2
left_child=1 3 -2 7 5 -3 -6 -1
right_child=2 4 -4 -5 6 -7 -8 -9
leaf_value=-0.00079430122640146298 -0.019767701688315955 -0.021355114709360825 -0.00092553005204023566 -0.016503555441796467 -0.00041199081366225833 0.0095954419669033036 0.017888888011802575 0.0083953053410175966
leaf_weight=129.81742234445665 11.623338166407846 3.6425515351002087 24.295591130048706 8.3984489745052979 7.6998204624978817 5.6019924930733396 25.643539998534834 23.023408926994307
leaf_count=14221 3320 190 1545 151 201 124 432 430
internal_value=0.000219605 0.00175744 -0.00794167 -0.000405754 0.0097664 -0.00356198 0.0136664 0.00063211
internal_weight=239.746 203.827 35.9189 161.239 42.5879 9.24454 33.3434 152.841
internal_count=20614 15749 4865 14802 947 314 633 14651
is_linear=0
shrinkage=0.025


Tree=253
num_leaves=9
num_cat=0
split_feature=65 27 22 9 65 69 69 47
split_gain=3.01249 6.64431 3.59301 5.23535 3.36205 3.8239 5.13656 2.50921
threshold=0.59209300000000009 1.0000000180025095e-35 0.43001600000000006 0.83150000000000002 0.54865700000000006 0.71629350000000003 0.54226200000000013 0.67020050000000009
decision_type=2 2 2 2 2 2 2 2
left_child=4 7 3 -3 5 6 -1 -2
right_child=1 2 -4 -5 -6 -7 -8 -9
leaf_value=-0.00063200384259721359 0.0020322099784639467 -0.016471616727581209 0.018226889174372023 0.010753149024300846 -0.011261500816495877 0.013644340253058374 -0.016440627605986007 -0.012911233994221259
leaf_weight=137.00400082523902 11.632029279368 4.6120663605688597 17.355589665457956 11.067707092734052 22.341724597379653 8.1058425014198274 12.355788918313918 12.09018341139017
leaf_count=16489 858 221 627 201 939 257 672 432
internal_value=-0.000963783 0.00391747 0.0109718 0.00136357 -0.00257199 -0.00116628 -0.00218928 -0.00570396
internal_weight=236.565 56.7576 33.0354 15.6798 179.807 157.466 149.36 23.7222
internal_count=20696 2339 1049 422 18357 17418 17161 1290
is_linear=0
shrinkage=0.025


Tree=254
num_leaves=9
num_cat=0
split_feature=16 46 39 47 22 47 3 41
split_gain=3.32888 4.16332 3.11614 3.38816 3.30859 2.5266 3.24717 1.62673
threshold=0.60695300000000019 0.59845300000000012 1.0000000180025095e-35 0.93492100000000011 0.49192400000000008 0.25326150000000008 0.98178794980049144 0.67500000000000016
decision_type=2 2 2 2 2 2 2 2
left_child=7 2 3 -2 -4 -3 -7 -1
right_child=1 5 4 -5 -6 6 -8 -9
leaf_value=-0.012817226008526262 -0.011482101680792341 0.0084842836095002355 0.0018240966720215858 0.0072442852521699373 0.010693126014635863 -0.011380517736024621 0.0094479113726713068 0
leaf_weight=15.745415886314731 16.38715488363869 4.2322526500065569 122.35063244254616 6.8514624761010046 33.12786726217746 30.949669296758657 3.5069442774401969 8.5242703428075401
leaf_count=5331 2883 627 7364 68 516 2149 70 1676
internal_value=-6.34042e-05 0.00091326 0.00256176 -0.00552727 0.00387325 -0.00626901 -0.00865289 -0.00850123
internal_weight=241.676 217.406 178.717 23.2386 155.478 38.6889 34.4566 24.2697
internal_count=20684 13677 10831 2951 7880 2846 2219 7007
is_linear=0
shrinkage=0.025


Tree=255
num_leaves=9
num_cat=0
split_feature=39 29 62 15 18 18 31 15
split_gain=3.36712 2.94881 4.97734 3.92088 3.86836 3.58246 3.02556 2.89927
threshold=1.0000000180025095e-35 1.0000000180025095e-35 0.41666666666666669 0.6850750000000001 0.76281300000000007 0.74156350000000015 0.31505900000000003 0.66389800000000021
decision_type=2 2 2 2 2 2 2 2
left_child=-1 2 5 7 -4 -2 -5 -3
right_child=1 3 4 6 -6 -7 -8 -9
leaf_value=-0.0073242574729933761 0.011660256000306346 0.0047683206320710252 -0.0049741916283485774 -0.0066860671146008578 0.014328967206709696 -0.01443756174916374 0.0072520329339821185 0.018924589789864752
leaf_weight=31.20406620457652 22.511008742742892 33.428898489720268 94.783859707293232 22.669210970132553 4.8682246863609171 1.8227300837170322 13.87116320960922 13.107226090309267
leaf_count=5439 984 2964 9834 618 130 35 273 368
internal_value=3.91412e-05 0.00124412 -0.00115008 0.00484849 -0.00369404 0.00847254 -0.00109863 0.00952557
internal_weight=238.266 207.062 123.986 83.0765 99.6521 24.3337 36.5404 46.5361
internal_count=20645 15206 10983 4223 9964 1019 891 3332
is_linear=0
shrinkage=0.025


Tree=256
num_leaves=9
num_cat=0
split_feature=4 39 43 22 22 14 18 19
split_gain=2.31102 2.35389 3.23791 3.02619 4.40536 3.74633 2.16283 0.0414384
threshold=0.62500000000000011 1.0000000180025095e-35 1.0000000180025095e-35 0.49192400000000008 0.26721800000000001 1.0000000180025095e-35 0.69391950000000013 0.7969535000000002
decision_type=2 2 2 2 2 2 2 2
left_child=1 2 6 4 -3 -5 -1 -4
right_child=-2 3 7 5 -6 -7 -8 -9
leaf_value=-0.010032910577193509 -0.017191688828246798 0.0062804029313007163 -0.020788006707631233 -0.0027249573833719662 -0.0029107321289265158 0.011568690719725428 0.0036782359134580668 0
leaf_weight=9.3630998633157159 2.825683527335058 43.004121461428895 5.2660797784492379 15.391729545430278 115.4240401203333 31.162072405466461 16.926608170317195 0.086824329337105044
leaf_count=2750 1256 5662 1767 361 6772 1345 600 12
internal_value=-3.75444e-05 0.000278247 -0.00581725 0.00130255 -0.000321925 0.00677084 -0.00130395 -0.0205795
internal_weight=239.45 236.625 31.6426 204.982 158.428 46.5538 26.2897 5.3529
internal_count=20525 19269 5129 14140 12434 1706 3350 1779
is_linear=0
shrinkage=0.025


Tree=257
num_leaves=9
num_cat=0
split_feature=21 0 34 46 9 48 1 19
split_gain=4.09844 4.12405 3.63178 4.11283 3.17648 2.66186 4.02511 3.30351
threshold=0.70400000000000007 0.43580000000000002 0.34666650000000004 0.6739130000000001 0.78000000000000014 0.25536650000000005 0.59289580583572399 0.69723150000000012
decision_type=2 2 2 2 2 2 2 2
left_child=5 -2 3 -3 -4 -1 7 -7
right_child=1 2 4 -5 -6 6 -8 -9
leaf_value=0.0049247944482429373 0.018764696858332292 0.0099788388336960882 -0.010278203439950234 -0.0047682962125362586 0.0012949303749123092 -0.015465072564275928 0.00072865747264581025 -0.0016563448845677417
leaf_weight=18.050296479244025 8.1424507378105755 46.311784289322532 17.930701891949866 13.537540956505834 53.628613138393121 26.276561201935237 38.589250471486594 20.56585401736811
leaf_count=4470 182 1549 918 968 1790 8102 1541 1209
internal_value=0.00048628 0.00328865 0.00200655 0.00647554 -0.00170361 -0.00321246 -0.00509084 -0.00987207
internal_weight=243.033 139.551 131.409 59.8493 71.5593 103.482 85.4317 46.8424
internal_count=20729 5407 5225 2517 2708 15322 10852 9311
is_linear=0
shrinkage=0.025


Tree=258
num_leaves=9
num_cat=0
split_feature=39 18 3 60 0 62 22 0
split_gain=3.51084 3.57644 2.68828 3.30196 3.54498 3.27579 3.25073 2.81212
threshold=1.0000000180025095e-35 0.71915050000000014 0.9297064244747163 0.68000000000000005 0.80776700000000012 0.58333333333333337 0.46480350000000009 0.40150000000000002
decision_type=2 2 2 2 2 2 2 2
left_child=1 -1 5 6 -5 7 -4 -2
right_child=2 -3 3 4 -6 -7 -8 -9
leaf_value=-0.013544610751242477 -0.011234491505684082 0.0030985221852150142 0.0013623752474786874 -0.0092683755651674759 0.0038870193388367349 -0.015895942129422021 0.01003747906930811 0.0066470809644994661
leaf_weight=20.895628522080646 6.4325711721758188 10.50007906198516 90.827979100103221 26.542953529549322 20.689371653352282 10.350856155613654 38.596409404330188 13.695123102752403
leaf_count=4996 491 442 6642 3508 1494 1772 583 737
internal_value=-0.000355541 -0.00790163 0.000816993 0.00204358 -0.00342971 -0.00574956 0.00411988 9.45017e-05
internal_weight=238.531 31.3957 207.135 176.657 47.2323 30.4786 129.424 20.1277
internal_count=20665 5438 15227 12227 5002 3000 7225 1228
is_linear=0
shrinkage=0.025


Tree=259
num_leaves=9
num_cat=0
split_feature=29 4 0 61 19 70 0 19
split_gain=3.83482 2.90171 2.76048 6.02424 4.35994 1.80693 1.23315 1.28771
threshold=0.91839300000000013 1.0000000180025095e-35 0.48566650000000006 0.49346600000000007 0.70712000000000008 -0.046993999999999994 0.81750000000000012 0.68063400000000007
decision_type=2 2 2 2 2 2 2 2
left_child=1 2 4 -4 -1 -3 7 -2
right_child=6 5 3 -5 -6 -7 -8 -9
leaf_value=-0.0012199447903314974 0 0.0024580307463094547 -0.010755508436817166 0.00026218148158146048 0.012158730205448103 -0.018500352998287683 -0.001136890441239613 0.016686414121060599
leaf_weight=42.869709107713334 3.0846203635301235 2.1097752015921287 41.121050503171773 105.76713931258928 20.6902784562335 7.8188091842334853 3.428770881597301 10.423819994379299
leaf_count=7284 125 69 6182 3956 489 2566 57 82
internal_value=-0.000759317 -0.00170178 -0.000973827 -0.00287487 0.00325879 -0.0137526 0.00999209 0.0130828
internal_weight=237.314 220.377 210.448 146.888 63.56 9.92858 16.9372 13.5084
internal_count=20810 20546 17911 10138 7773 2635 264 207
is_linear=0
shrinkage=0.025


end of trees

feature_importances:
Column_0=133
Column_9=131
Column_62=123
Column_29=119
Column_1=117
Column_19=116
Column_2=115
Column_60=96
Column_61=91
Column_22=88
Column_39=82
Column_47=77
Column_20=52
Column_18=51
Column_43=49
Column_15=47
Column_64=44
Column_31=40
Column_17=36
Column_65=35
Column_16=34
Column_66=33
Column_49=29
Column_48=28
Column_6=24
Column_3=22
Column_21=22
Column_34=21
Column_69=21
Column_67=20
Column_14=19
Column_44=19
Column_24=17
Column_4=15
Column_55=10
Column_58=9
Column_70=9
Column_27=8
Column_32=8
Column_33=8
Column_46=8
Column_28=7
Column_54=6
Column_26=5
Column_68=5
Column_41=4
Column_59=4
Column_25=3
Column_30=3
Column_7=2
Column_37=2
Column_40=2
Column_53=2
Column_42=1
Column_45=1
Column_51=1
Column_74=1
Column_79=1
Column_83=1
Column_84=1
Column_86=1
Column_90=1

parameters:
[boosting: gbdt]
[objective: lambdarank]
[metric: ndcg]
[tree_learner: serial]
[device_type: cpu]
[data_sample_strategy: bagging]
[data: ]
[valid: ]
[num_iterations: 260]
[learning_rate: 0.025]
[num_leaves: 9]
[num_threads: 6]
[seed: 20260903]
[deterministic: 0]
[force_col_wise: 0]
[force_row_wise: 0]
[histogram_pool_size: -1]
[max_depth: 4]
[min_data_in_leaf: 24]
[min_sum_hessian_in_leaf: 0.001]
[bagging_fraction: 0.8]
[pos_bagging_fraction: 1]
[neg_bagging_fraction: 1]
[bagging_freq: 1]
[bagging_seed: 1721]
[bagging_by_query: 0]
[feature_fraction: 0.85]
[feature_fraction_bynode: 1]
[feature_fraction_seed: 12732]
[extra_trees: 0]
[extra_seed: 6506]
[early_stopping_round: 0]
[early_stopping_min_delta: 0]
[first_metric_only: 0]
[max_delta_step: 0]
[lambda_l1: 0.3]
[lambda_l2: 2]
[linear_lambda: 0]
[min_gain_to_split: 0]
[drop_rate: 0.1]
[max_drop: 50]
[skip_drop: 0.5]
[xgboost_dart_mode: 0]
[uniform_drop: 0]
[drop_seed: 14009]
[top_rate: 0.2]
[other_rate: 0.1]
[min_data_per_group: 100]
[max_cat_threshold: 32]
[cat_l2: 10]
[cat_smooth: 10]
[max_cat_to_onehot: 4]
[top_k: 20]
[monotone_constraints: ]
[monotone_constraints_method: basic]
[monotone_penalty: 0]
[feature_contri: ]
[forcedsplits_filename: ]
[refit_decay_rate: 0.9]
[cegb_tradeoff: 1]
[cegb_penalty_split: 0]
[cegb_penalty_feature_lazy: ]
[cegb_penalty_feature_coupled: ]
[path_smooth: 0]
[interaction_constraints: ]
[verbosity: -1]
[saved_feature_importance_type: 0]
[use_quantized_grad: 0]
[num_grad_quant_bins: 4]
[quant_train_renew_leaf: 0]
[stochastic_rounding: 1]
[linear_tree: 0]
[max_bin: 255]
[max_bin_by_feature: ]
[min_data_in_bin: 3]
[bin_construct_sample_cnt: 200000]
[data_random_seed: 5030]
[is_enable_sparse: 1]
[enable_bundle: 1]
[use_missing: 1]
[zero_as_missing: 0]
[feature_pre_filter: 1]
[pre_partition: 0]
[two_round: 0]
[header: 0]
[label_column: ]
[weight_column: ]
[group_column: ]
[ignore_column: ]
[categorical_feature: ]
[forcedbins_filename: ]
[precise_float_parser: 0]
[parser_config_file: ]
[objective_seed: 27550]
[num_class: 1]
[is_unbalance: 0]
[scale_pos_weight: 1]
[sigmoid: 1]
[boost_from_average: 1]
[reg_sqrt: 0]
[alpha: 0.9]
[fair_c: 1]
[poisson_max_delta_step: 0.7]
[tweedie_variance_power: 1.5]
[lambdarank_truncation_level: 30]
[lambdarank_norm: 1]
[label_gain: ]
[lambdarank_position_bias_regularization: 0]
[eval_at: 1,2,3,4,5]
[multi_error_top_k: 1]
[auc_mu_weights: ]
[num_machines: 1]
[local_listen_port: 12400]
[time_out: 120]
[machine_list_filename: ]
[machines: ]
[gpu_platform_id: -1]
[gpu_device_id: -1]
[gpu_device_id_list: ]
[gpu_use_dp: 0]
[num_gpu: 1]

end of parameters

pandas_categorical:null
