tree
version=v4
num_class=1
num_tree_per_iteration=1
label_index=0
max_feature_idx=18
objective=lambdarank
feature_names=name-capability name-action path signature include call-context macro-context parser-confidence baseline-score evidence-kind-count name-capability-action-joint canonical-name-order driver-hal-path public-include-path test-example-path internal-private-path private-symbol identifier-token-count identifier-length
feature_infos=[0:0.75] [0:0.75] [0:0.5] [0:0.75] [0:0.75] [0:1] [0:1] [0.55000000000000004:0.90000000000000002] [0.080000000000000002:1] [0.14285714285714285:1] [0:1] [0:1] [0:1] [0:1] [0:1] [0:1] [0:1] [0.125:1] [0.046875:0.890625]
tree_sizes=1750 1745 1740 1737 1746 1745 1754 1737 1752 1743 1738 1735 1745 1755 1745 1740 1741 1763 1730 1733 1742 1749 1757 1750 1750 1753 1742 1737 1747 1751 1751 1747 1766 1766 1751 1755 1749 1754 1750 1752 1748 1747 1745 1747 1756 1758 1755 1748 1761 1762 1766 1760 1759 1768 1762 1770 1780 1756 1788 1764 1757 1760 1757 1778 1774 1751 1774 1778 1755 1772 1778 1775 1770 1757 1759 1757 1767 1764 1766 1756 1756 1749 1776 1778 1769 1760 1783 1773 1764 1755 1797 1768 1779 1770 1785 1761 1786 1770 1767 1780 1772 1756 1771 1758 1763 1783 1770 1758 1773 1781 1772 1792 1781 1775 1762 1762 1780 1766 1767 1766

Tree=0
num_leaves=15
num_cat=0
split_feature=8 18 12 6 14 17 18 18 13 8 0 16 5 1
split_gain=36.1976 20.683 11.4436 4.66745 4.05125 3.08385 5.66095 2.98314 2.80961 3.40533 2.62025 2.57622 2.56484 4.56044
threshold=0.49000000000000005 0.35156250000000006 1.0000000180025095e-35 1.0000000180025095e-35 1.0000000180025095e-35 0.31250000000000006 0.32031250000000006 0.30468750000000006 1.0000000180025095e-35 0.17000000000000001 0.37500000000000006 1.0000000180025095e-35 0.37500000000000006 0.37500000000000006
decision_type=2 2 2 2 2 2 2 2 2 2 2 2 2 2
left_child=5 2 4 12 7 -1 8 -2 9 -7 -4 -5 13 -3
right_child=1 3 10 11 -6 6 -8 -9 -10 -11 -12 -13 -14 -15
leaf_value=-0.099999999999999922 0.02136287209016819 -0.056955893519061176 0.047591580057902635 -0.072777811843829462 -0.099999999999999825 0.010679094127397946 -0.093854984068262259 -0.044930983147248665 -0.099999999999999922 -0.07064913786946235 0.082221352240979345 0.02788039288410394 0.057581287541025976 0.062039957248897118
leaf_weight=4.3546220252465018 7.3716856262180919 2.6675523077137755 18.74290289380588 6.1437427516357275 0.99294959928374815 4.6812949859886412 4.7277106787660159 2.2043826464796439 1.0464574195793828 1.7751990901015231 7.7091535088402443 0.70901810820214439 1.4239893711637703 1.1532552597927859
leaf_count=469 432 272 734 718 142 282 547 228 92 164 138 41 47 34
internal_value=7.55901e-10 0.0215652 0.0401123 -0.0351931 -0.00386598 -0.0638669 -0.0510021 0.00610222 -0.0239999 -0.0116819 0.057684 -0.0623633 0.000307013 -0.0210387
internal_weight=65.7039 49.1186 37.0211 12.0976 10.569 16.5853 12.2307 9.57607 7.50295 6.45649 26.4521 6.85276 5.2448 3.82081
internal_count=4340 2786 1674 1112 802 1554 1085 660 538 446 872 759 353 306
is_linear=0
shrinkage=0.05


Tree=1
num_leaves=15
num_cat=0
split_feature=13 3 2 8 18 8 14 10 9 18 8 18 18 8
split_gain=28.5775 25.3184 19.7709 10.1229 8.89181 7.97472 7.82703 7.56956 7.48241 6.26452 7.86143 6.56427 6.11616 6.0186
threshold=1.0000000180025095e-35 0.37500000000000006 1.0000000180025095e-35 0.65000000000000013 0.33593750000000006 0.9900000000000001 1.0000000180025095e-35 1.0000000180025095e-35 0.92857142857142871 0.30468750000000006 0.83000000000000007 0.38281250000000006 0.32031250000000006 0.67000000000000015
decision_type=2 2 2 2 2 2 2 2 2 2 2 2 2 2
left_child=1 2 3 7 8 -2 9 -1 -3 -4 11 -11 -10 -6
right_child=5 4 6 -5 13 -7 -8 -9 12 10 -12 -13 -14 -15
leaf_value=-0.036987269116453086 -0.085426796597615956 0.063002451994652139 0.020037641325487281 -0.089909280762221766 0.069484441443377884 0.00078436479695057559 -0.097801786372097022 0.048814042905714707 -0.012500540810576775 -0.037075953810489809 -0.033995470154605738 0.061956404595799597 0.07376430415224243 -0.048089344411547802
leaf_weight=16.002930861315697 11.567962303059174 25.997790680965409 46.935083909891546 8.1059375111944956 1.4599051512777794 3.4922248087823382 1.734912062762304 3.0624472997151306 7.1739539019763452 2.5067462592851397 14.39385513414163 5.0327092244988307 2.8794135460630059 4.2780898773344234
leaf_count=1223 673 130 648 348 14 78 155 41 75 101 581 103 16 154
internal_value=-1.02115e-09 0.00706111 -0.00686149 -0.0431048 0.039636 -0.0654358 0.00708655 -0.0232051 0.0488374 0.00972886 -0.0123309 0.0290298 0.0122068 -0.0181753
internal_weight=154.624 139.564 97.7746 27.1713 41.7892 15.0602 70.6033 19.0654 36.0512 68.8684 21.9333 7.53946 10.0534 5.738
internal_count=4340 3589 3200 1612 389 751 1588 1264 221 1433 785 204 91 168
is_linear=0
shrinkage=0.05


Tree=2
num_leaves=15
num_cat=0
split_feature=3 2 6 12 18 18 18 17 5 1 17 4 12 8
split_gain=27.7843 23.3081 10.1987 10.292 9.12764 7.40542 7.21836 8.43316 6.97948 7.99255 5.63339 5.17761 4.79707 8.88428
threshold=0.37500000000000006 1.0000000180025095e-35 1.0000000180025095e-35 1.0000000180025095e-35 0.30468750000000006 0.32031250000000006 0.22656250000000003 0.31250000000000006 0.37500000000000006 0.37500000000000006 0.81250000000000011 1.0000000180025095e-35 1.0000000180025095e-35 0.93350000000000011
decision_type=2 2 2 2 2 2 2 2 2 2 2 2 2 2
left_child=1 5 -2 -4 12 11 -5 -8 9 -6 -11 -1 13 -3
right_child=2 4 3 6 8 -7 7 -9 -10 10 -12 -13 -14 -15
leaf_value=-0.019233586279715727 0.060159032833097752 -0.043920508327606328 -0.09078030267359459 0.076535295569132925 -0.060194087689045217 -0.081381102186072724 -0.060901773087798663 0.026153410800613498 0.044485363093893941 -0.057911152061640547 0.08428827739265729 -0.087986082215996381 0.02111458064870168 0.023766915312201133
leaf_weight=15.969499187543994 20.016776826232672 9.4890679577365518 2.2324309921823469 4.7149900998920229 12.470267833094114 11.751417500083333 3.6232285929145283 11.980372449033892 2.7013293326599515 1.1134926129598164 1.8597789276391266 3.3051173763815305 38.771010407246649 9.9114003591239452
leaf_count=841 123 311 81 28 876 950 61 170 41 71 7 273 386 121
internal_value=4.12357e-11 -0.0135553 0.0341822 0.0111245 0.00130037 -0.0500966 0.0223209 0.00593879 -0.0296609 -0.0426303 0.0310345 -0.0310229 0.0109578 -0.00934005
internal_weight=149.91 107.342 42.5678 22.551 76.3163 31.026 20.3186 15.6036 18.1449 15.4435 2.97327 19.2746 58.1715 19.4005
internal_count=4340 3877 463 340 1813 2064 259 231 995 954 78 1114 818 432
is_linear=0
shrinkage=0.05


Tree=3
num_leaves=15
num_cat=0
split_feature=3 2 18 18 8 8 17 18 6 1 18 1 17 17
split_gain=32.9822 19.3147 8.28821 5.49132 15.7406 7.89273 5.45438 8.76599 6.01481 4.87532 4.71022 5.4952 4.42671 3.47974
threshold=0.37500000000000006 1.0000000180025095e-35 0.35156250000000006 0.28906250000000006 0.83000000000000007 0.78000000000000014 0.43750000000000006 0.27343750000000006 1.0000000180025095e-35 0.37500000000000006 0.36718750000000006 0.37500000000000006 0.43750000000000006 0.31250000000000006
decision_type=2 2 2 2 2 2 2 2 2 2 2 2 2 2
left_child=1 10 -2 5 12 -3 7 9 -8 13 11 -1 -5 -7
right_child=2 3 -4 4 -6 6 8 -9 -10 -11 -12 -13 -14 -15
leaf_value=-0.046997446914088692 0.046874310901773977 -0.045360383258039379 -0.030650713391967822 -0.040449932769950805 -0.053406005149591956 -0.021760341961600982 0.020916300239724767 0.068789748381037893 -0.099047370061609769 0.053379818631929504 -0.085656213254493865 0.032105020917707609 0.044677364785994315 0.014452046136514166
leaf_weight=19.586859267205007 35.197834907099605 6.1561929755844167 3.8219580959994337 1.8920400636270658 14.802997777704148 10.377498568966987 2.0737428385764352 7.6402207193896166 2.1059848978184164 5.3472203128039828 6.8268858070950946 2.4727264421526334 7.91876311134547 18.390090704895556
leaf_count=1351 285 175 178 104 830 190 20 46 42 39 636 77 163 204
internal_value=3.57431e-11 -0.0145157 0.0392808 -0.00139258 -0.0208547 0.00780355 0.0149286 0.0203798 -0.0395282 0.00953809 -0.0493626 -0.0381306 0.0282603 0.00138894
internal_weight=144.611 105.591 39.0198 76.7048 24.6138 52.091 45.9348 41.755 4.17973 34.1148 28.8865 22.0596 9.8108 28.7676
internal_count=4340 3877 463 1813 1097 716 541 479 62 433 2064 1428 267 394
is_linear=0
shrinkage=0.05


Tree=4
num_leaves=15
num_cat=0
split_feature=2 3 18 6 13 12 8 12 18 18 1 1 10 18
split_gain=24.9689 16.2807 15.1487 10.537 7.47495 9.00022 11.1595 3.79406 3.73023 3.60251 3.51743 3.24545 5.52872 2.79543
threshold=1.0000000180025095e-35 0.37500000000000006 0.33593750000000006 1.0000000180025095e-35 1.0000000180025095e-35 1.0000000180025095e-35 0.9235000000000001 1.0000000180025095e-35 0.24218750000000003 0.36718750000000006 0.37500000000000006 0.37500000000000006 1.0000000180025095e-35 0.25781250000000006
decision_type=2 2 2 2 2 2 2 2 2 2 2 2 2 2
left_child=1 9 4 11 5 6 -2 -6 -8 10 -1 12 -4 -7
right_child=2 -3 3 -5 7 13 8 -9 -10 -11 -12 -13 -14 -15
leaf_value=-0.048508279761853471 -0.050478258676773018 0.036319831676547287 0.022866559548675901 -0.07032759548482323 0.0062376397350553323 0.021923486677542139 0.054755769095394993 -0.095150276643467799 -0.0052858504179015527 -0.081934322565823309 0.011089969033490011 0.053768483771804147 -0.059800778062460529 0.043546985682363516
leaf_weight=20.297230599448092 7.8862552968785176 6.5169323696754864 5.023755600210281 8.1861409787088615 1.7404157868586472 25.980996746569872 5.8582435017451644 1.9639673391357064 4.6323901824653149 7.11105121532455 2.819619425572454 2.5719444295391432 3.3855421994812787 35.191494649741799
leaf_count=1351 388 70 82 644 53 281 48 67 108 636 77 24 191 320
internal_value=2.66683e-10 -0.035359 0.0126855 -0.0273905 0.0219121 0.0251451 -0.00553945 -0.0475156 0.028243 -0.0508124 -0.0412389 0.00461765 -0.0104149 0.0343631
internal_weight=139.166 36.7448 102.421 19.1674 83.2538 79.5494 18.3769 3.70438 10.4906 30.2279 23.1169 10.9812 8.4093 61.1725
internal_count=4340 2134 2206 941 1265 1145 544 120 156 2064 1428 297 273 601
is_linear=0
shrinkage=0.05


Tree=5
num_leaves=15
num_cat=0
split_feature=18 8 1 12 8 1 6 17 6 13 14 18 5 8
split_gain=24.5193 18.4099 8.73127 6.41533 12.4322 5.91369 5.85648 5.69753 6.04941 3.70462 4.02079 3.62734 3.48086 2.9315
threshold=0.33593750000000006 0.73000000000000009 0.37500000000000006 1.0000000180025095e-35 0.9235000000000001 1.0000000180025095e-35 1.0000000180025095e-35 0.31250000000000006 0.62500000000000011 1.0000000180025095e-35 1.0000000180025095e-35 0.21093750000000003 0.37500000000000006 0.83000000000000007
decision_type=2 2 2 2 2 2 2 2 2 2 2 2 2 2
left_child=1 7 5 4 -3 12 -4 8 -1 10 -9 -6 -2 -5
right_child=2 3 6 13 11 -7 -8 9 -10 -11 -12 -13 -14 -15
leaf_value=-0.081580745064551152 -0.04219509530458912 -0.056807295159228825 0.037568882864401736 0.050155570564732077 0.065824876634867691 -0.071912604140424954 -0.074095969537168641 0.0015793903108495683 0.070057776410044154 -0.084025585040686801 -0.086000091637503259 0.0080339212652894218 0.028732925738062815 0.024823736775832189
leaf_weight=5.9066934864968088 5.2010626466944858 6.7141459686681637 4.9790456932969382 15.203013282269238 4.1739165857434273 15.653581911232322 1.5365734202787278 17.252663683611907 0.74012200068682421 1.6142304404638697 1.4182628365233529 7.7694891802966595 2.5917470245622098 45.907143496908247
leaf_count=510 323 360 72 147 24 1255 127 595 6 135 95 156 26 509
internal_value=-5.70229e-10 0.0112229 -0.0399665 0.0232908 -0.00237145 -0.0541951 0.011235 -0.0245203 -0.0646958 -0.011356 -0.00507324 0.0282304 -0.0186057 0.0311258
internal_weight=136.662 106.7 29.962 79.7677 18.6576 23.4464 6.51562 26.932 6.64682 20.2852 18.6709 11.9434 7.79281 61.1102
internal_count=4340 2537 1803 1196 540 1604 199 1341 516 825 690 180 349 656
is_linear=0
shrinkage=0.05


Tree=6
num_leaves=15
num_cat=0
split_feature=3 2 18 6 14 18 6 18 5 18 0 18 4 13
split_gain=21.0438 18.7386 13.102 5.51017 5.07761 4.92344 3.31051 3.42347 3.74598 3.16424 3.07932 3.03312 2.85549 3.33583
threshold=0.37500000000000006 1.0000000180025095e-35 0.30468750000000006 1.0000000180025095e-35 1.0000000180025095e-35 0.35156250000000006 1.0000000180025095e-35 0.22656250000000003 1.0000000180025095e-35 0.36718750000000006 0.37500000000000006 0.38281250000000006 1.0000000180025095e-35 1.0000000180025095e-35
decision_type=2 2 2 2 2 2 2 2 2 2 2 2 2 2
left_child=1 9 4 11 -3 6 -2 -8 -9 12 -10 -4 13 -1
right_child=5 2 3 -5 -6 -7 7 8 10 -11 -12 -13 -14 -15
leaf_value=-0.02023610594280591 0.052091361798388372 0.018600196334754002 -0.055696958568855585 -0.065815848683569697 -0.083152480582086838 -0.028548200384470451 0.0528877328451745 -0.053687657251092993 -0.01998223949345004 -0.076297854626187545 0.037993581078073248 0.0062769714187987232 -0.076504113703578361 -0.07983640527084962
leaf_weight=15.904722099192449 17.183943222276866 46.199397267773747 2.6772358431480843 7.8049583882093421 1.2594725312665094 3.1896315696649244 5.9409942748025086 2.1249738801270714 3.3938440298661572 6.6755267819389692 7.0440432047471404 7.5192703190259635 3.8157813912257543 2.7542902966961256
leaf_count=829 74 715 153 653 103 178 36 45 70 636 60 189 341 258
internal_value=-1.53124e-09 -0.0127259 0.00212318 -0.0341975 0.0158999 0.0309694 0.0362888 0.0216135 0.00682384 -0.0460713 0.0191429 -0.00999515 -0.0370933 -0.0290338
internal_weight=133.488 94.6107 65.4603 18.0015 47.4589 38.8774 35.6878 18.5039 12.5629 29.1503 10.4379 10.1965 22.4748 18.659
internal_count=4340 3877 1813 995 818 463 285 211 175 2064 130 342 1428 1087
is_linear=0
shrinkage=0.05


Tree=7
num_leaves=15
num_cat=0
split_feature=3 2 18 8 18 4 6 6 6 1 4 17 18 1
split_gain=18.7788 18.3636 10.1516 5.03659 4.52078 4.09666 2.64427 2.67551 2.73152 3.04085 4.7113 2.50489 2.47461 2.75093
threshold=0.37500000000000006 1.0000000180025095e-35 0.30468750000000006 0.83000000000000007 0.35156250000000006 1.0000000180025095e-35 1.0000000180025095e-35 0.62500000000000011 0.37500000000000006 1.0000000180025095e-35 1.0000000180025095e-35 0.43750000000000006 0.36718750000000006 0.37500000000000006
decision_type=2 2 2 2 2 2 2 2 2 2 2 2 2 2
left_child=1 12 -3 5 6 -4 -2 8 9 -8 -11 -10 13 -1
right_child=4 2 3 -5 -6 -7 7 -9 11 10 -12 -13 -14 -15
leaf_value=-0.045363426680648501 0.048674816385144766 0.01397476168122368 -0.072762376026136735 -0.056129072866885836 -0.029982515711978804 0.0171067527377122 -0.03319904030637947 0.062695308372148789 -0.058713113120328821 0.080598621319951311 0.0086486772611057156 0.039686699649153535 -0.073793993961502644 0.0068861168911552948
leaf_weight=18.309791741892703 17.035306276753545 48.375787417870015 1.5965555864386285 9.1599381607957167 2.9429939761757842 6.1636821627616882 1.9837622949853546 3.2052911836653939 2.1757926726713772 3.5625574477016926 6.2962528094649315 0.92032025521621097 6.3299267711117855 2.9210484577342859
leaf_count=1351 74 818 118 749 178 128 32 13 63 14 76 13 636 77
internal_value=2.04071e-10 -0.0121307 0.00231519 -0.0310202 0.0295475 -0.00138251 0.0345276 0.0212449 0.0123511 0.0232832 0.0346483 -0.0294637 -0.0463554 -0.0381747
internal_weight=130.979 92.8567 65.296 16.9202 38.1223 7.76024 35.1793 18.144 14.9387 11.8426 9.85881 3.09611 27.5608 21.2308
internal_count=4340 3877 1813 995 463 246 285 211 198 122 90 76 2064 1428
is_linear=0
shrinkage=0.05


Tree=8
num_leaves=15
num_cat=0
split_feature=3 2 18 18 6 14 18 17 1 17 18 1 18 12
split_gain=19.4068 16.7492 8.56049 4.54038 4.46856 4.32073 2.4149 4.33333 5.14566 2.19657 2.15856 2.45709 2.12617 5.57733
threshold=0.37500000000000006 1.0000000180025095e-35 0.30468750000000006 0.35156250000000006 1.0000000180025095e-35 1.0000000180025095e-35 0.57031250000000011 0.81250000000000011 1.0000000180025095e-35 0.81250000000000011 0.36718750000000006 0.37500000000000006 0.25781250000000006 1.0000000180025095e-35
decision_type=2 2 2 2 2 2 2 2 2 2 2 2 2 2
left_child=1 10 5 -2 6 12 7 8 -4 -5 11 -1 -3 -14
right_child=3 2 4 9 -6 -7 -8 -9 -10 -11 -12 -13 13 -15
leaf_value=-0.044727063463786243 0.035559602197950582 0.0040161667176084317 0.016822747556715974 -0.047022250324525887 -0.061583230431318095 -0.080335631390464096 -0.093540621170002711 0.073271650274236252 -0.067873317246257517 0.074529966375248655 -0.071763870395597507 0.0050366924548589723 -0.031334431526886683 0.035847336573070071
leaf_weight=17.985183704178787 34.324098594021052 24.44266848731786 4.4555989378131917 2.5156631898134942 6.6163784177042535 1.2375931832939375 0.76839034259319383 1.6062999768182633 3.0012662108056256 0.43610260449349869 6.0596314629074177 2.8773019490763536 3.6731214998289969 19.437237853184342
leaf_count=1351 285 416 86 174 653 103 37 6 213 4 636 77 127 172
internal_value=2.02545e-10 -0.0123129 0.00138006 0.0304423 -0.0298146 0.0118962 -0.00843508 -0.00121969 -0.017266 -0.0290638 -0.045494 -0.0378638 0.0142965 0.0251696
internal_weight=129.437 92.1607 65.2386 37.2759 16.4479 48.7906 9.83156 9.06317 7.45687 2.95177 26.9221 20.8625 47.553 23.1104
internal_count=4340 3877 1813 463 995 818 342 305 299 178 2064 1428 715 299
is_linear=0
shrinkage=0.05


Tree=9
num_leaves=15
num_cat=0
split_feature=3 2 18 6 18 1 1 6 8 17 18 8 17 18
split_gain=16.8463 14.5074 7.30042 4.38149 3.94822 2.59038 4.60954 2.49355 2.50066 2.6377 2.93187 2.05767 2.54582 1.93534
threshold=0.37500000000000006 1.0000000180025095e-35 0.30468750000000006 1.0000000180025095e-35 0.35156250000000006 0.37500000000000006 1.0000000180025095e-35 0.62500000000000011 0.59000000000000008 0.31250000000000006 0.36718750000000006 0.73000000000000009 0.43750000000000006 0.25781250000000006
decision_type=2 2 2 2 2 2 2 2 2 2 2 2 2 2
left_child=1 7 11 5 -2 6 -4 8 9 -1 -11 12 -3 -13
right_child=4 2 3 -5 -6 -7 -8 -9 -10 10 -12 13 -14 -15
leaf_value=-0.073121171007225191 0.032888243466981423 -0.058264448869028818 0.010304592340301372 -0.059938282072752147 -0.02964585750349423 0.042229444455305826 -0.071331146795826181 0.075286221190871971 -0.072830679569652668 -0.016687004876756627 -0.070284068740844932 0.0034334323197145219 0.0460159865174685 0.02418656765551749
leaf_weight=3.8962688210886069 34.487319195177406 2.1265556821599598 4.5822889814153314 6.4325322478543958 2.7234313064254811 2.119643434882164 2.7771500311791879 0.43998841801658173 6.0777036494109771 12.918764487374576 3.179512365255504 22.813203341327608 0.80752887297421683 22.132598169147968
leaf_count=452 285 123 94 653 178 24 224 7 480 739 386 391 10 294
internal_value=-3.67739e-10 -0.0116661 0.00125367 -0.0280878 0.0283114 -0.00647397 -0.0205014 -0.0427524 -0.0447444 -0.0362071 -0.0272728 0.0110045 -0.029564 0.0136529
internal_weight=127.514 90.3037 63.7915 15.9116 37.2108 9.47908 7.35944 26.5122 26.0722 19.9945 16.0983 47.8799 2.93408 44.9458
internal_count=4340 3877 1813 995 463 342 318 2064 2057 1577 1125 818 133 685
is_linear=0
shrinkage=0.05


Tree=10
num_leaves=15
num_cat=0
split_feature=13 12 8 18 18 1 6 8 3 18 8 5 0 18
split_gain=14.5368 15.3805 8.85486 6.03146 5.46027 5.30068 3.90432 2.93965 2.88633 5.76807 3.47829 2.81045 3.90538 2.79507
threshold=1.0000000180025095e-35 1.0000000180025095e-35 0.9235000000000001 0.24218750000000003 0.33593750000000006 0.37500000000000006 1.0000000180025095e-35 0.9900000000000001 0.37500000000000006 0.25781250000000006 0.78000000000000014 0.37500000000000006 0.37500000000000006 0.32031250000000006
decision_type=2 2 2 2 2 2 2 2 2 2 2 2 2 2
left_child=1 2 11 -4 8 -6 -7 -2 9 10 -3 12 -1 -11
right_child=7 4 3 -5 5 6 -8 -9 -10 13 -12 -13 -14 -15
leaf_value=-0.051854063983236248 -0.0732152255865854 -0.062719292024988577 0.042397914342106741 -0.030688758026043039 -0.041679183938088636 0.045114746531866118 -0.071506034150141687 -0.0061708651756313534 0.033999637343108367 0.030963067816781098 -6.7219416917611689e-05 0.0018048828096414342 0.062567132473056841 -0.050593000537510757
leaf_weight=19.345703030005104 7.6127712926827353 2.8130381549708536 6.9821458710357529 4.7386420588009059 7.12739360029809 4.203730745241046 0.86543585965409864 2.0821498776786029 30.171848620288074 24.038565241266046 10.425836555659769 3.3841270040720692 0.7756447377614667 1.0985708779189725
leaf_count=1441 673 236 48 248 588 39 86 78 175 379 183 76 8 82
internal_value=-6.52086e-10 0.00491693 -0.022651 0.0128494 0.016944 -0.0138808 0.0252046 -0.0588163 0.0224285 0.0133311 -0.0133797 -0.040353 -0.0474433 0.0273988
internal_weight=125.666 115.971 35.2263 11.7208 80.7444 12.1966 5.06917 9.69492 68.5479 38.376 13.2389 23.5055 20.1213 25.1371
internal_count=4340 3589 1821 296 1768 713 125 751 1055 880 419 1525 1449 461
is_linear=0
shrinkage=0.05


Tree=11
num_leaves=15
num_cat=0
split_feature=13 12 8 18 18 17 3 18 18 8 8 9 5 3
split_gain=13.263 13.3877 7.64366 4.9047 4.81958 3.82254 2.99385 4.41293 3.22639 3.00781 2.75233 2.5846 2.65186 3.66062
threshold=1.0000000180025095e-35 1.0000000180025095e-35 0.9235000000000001 0.36718750000000006 0.24218750000000003 0.81250000000000011 0.37500000000000006 0.25781250000000006 0.32031250000000006 0.62000000000000011 0.9900000000000001 0.78571428571428581 0.37500000000000006 0.37500000000000006
decision_type=2 2 2 2 2 2 2 2 2 2 2 2 2 2
left_child=1 2 11 6 -4 -5 7 9 -9 -3 -2 12 13 -1
right_child=10 3 4 5 -6 -7 -8 8 -10 -11 -12 -13 -14 -15
leaf_value=-0.044655876103980925 -0.072000125619418751 -0.073960071951118631 0.039050241646910872 -0.042593927445184858 -0.027536367654459434 0.030023200358985615 0.031603411844929374 0.028218403917205537 -0.027166576542415239 -0.0036647041803468854 -0.0064012900867064836 -0.077217068848392065 0.012789209902611605 0.05186020322619718
leaf_weight=15.552278394345201 7.2269542738795263 1.7764613251201797 6.7597279837355 5.8446111779194307 4.5445226612500846 2.6266880398616195 31.75268365861848 24.348394373897467 2.9478498839307568 10.612298325635491 2.0533066880889237 3.5386712192557743 2.9632462039589873 1.0486577250994749
leaf_count=1159 673 191 48 488 248 53 201 379 228 228 78 303 46 17
internal_value=1.23916e-09 0.00466676 -0.0214094 0.0158946 0.0122812 -0.0200776 0.0201603 0.0110045 0.0222371 -0.0137446 -0.057486 -0.0378942 -0.0307817 -0.0385591
internal_weight=123.596 114.316 34.4071 79.909 11.3043 8.4713 71.4377 39.685 27.2962 12.3888 9.28026 23.1029 19.5642 16.6009
internal_count=4340 3589 1821 1768 296 541 1227 1026 607 419 751 1525 1222 1176
is_linear=0
shrinkage=0.05


Tree=12
num_leaves=15
num_cat=0
split_feature=2 3 13 12 17 8 9 1 4 18 9 17 8 18
split_gain=12.6947 6.79312 6.44219 5.62931 4.24376 3.49699 3.32098 2.95433 5.23471 4.00491 2.40466 10.8298 2.39595 2.17857
threshold=1.0000000180025095e-35 0.37500000000000006 1.0000000180025095e-35 1.0000000180025095e-35 0.56250000000000011 0.9235000000000001 0.78571428571428581 0.37500000000000006 0.37500000000000006 0.16406250000000003 0.92857142857142871 0.31250000000000006 0.67000000000000015 0.30468750000000006
decision_type=2 2 2 2 2 2 2 2 2 2 2 2 2 2
left_child=1 -1 3 4 5 6 -2 8 9 -7 13 -12 -3 -5
right_child=2 12 -4 10 -6 7 -8 -9 -10 -11 11 -13 -14 -15
leaf_value=-0.039518980571813266 -0.0072406700516151647 0.040072597413758307 -0.046504939870046516 0.031319896137873574 -0.073359688924247532 0.072833592817559217 -0.076826599280224117 0.062783396291567747 0.047734991629750839 -0.060525836199161645 -0.062924560865336002 0.027868093013106578 -0.028796631160491776 0.004942312861785589
leaf_weight=24.591640688944612 7.5164423789829051 4.2533046742901197 4.8842872674576929 37.398655327036977 2.3104586740955702 0.68206866085529361 2.2213136325590312 2.7783801089972258 3.3812946118414402 3.2240773655939847 4.4686214209068593 12.393912135157732 1.7962345625273881 9.8999568819999677
leaf_count=2064 288 29 280 323 234 3 193 25 38 139 178 175 41 330
internal_value=-7.66445e-10 -0.0278423 0.00935856 0.0125212 -0.00923372 -0.00175222 -0.0231142 0.0189135 0.00218782 -0.0372394 0.0200193 0.00380777 0.0196239 0.0257989
internal_weight=121.801 30.6412 91.1595 86.2752 22.114 19.8036 9.73776 10.0658 7.28744 3.90615 64.1611 16.8625 6.04954 47.2986
internal_count=4340 2134 2206 1926 920 686 481 205 180 142 1006 353 70 653
is_linear=0
shrinkage=0.05


Tree=13
num_leaves=15
num_cat=0
split_feature=2 3 18 14 6 13 18 17 1 12 8 18 1 17
split_gain=13.2575 7.10972 6.26936 4.36007 3.66716 3.61736 2.32599 3.66922 3.00748 2.13469 2.03225 1.67231 2.22178 1.27069
threshold=1.0000000180025095e-35 0.37500000000000006 0.33593750000000006 1.0000000180025095e-35 1.0000000180025095e-35 1.0000000180025095e-35 0.57031250000000011 0.81250000000000011 1.0000000180025095e-35 1.0000000180025095e-35 0.67000000000000015 0.36718750000000006 0.37500000000000006 0.31250000000000006
decision_type=2 2 2 2 2 2 2 2 2 2 2 2 2 2
left_child=1 11 3 5 6 13 7 8 -4 -7 -3 12 -1 -2
right_child=2 10 4 -5 -6 9 -8 -9 -10 -11 -12 -13 -14 -15
leaf_value=-0.040731731850962821 0.0084331101636541082 0.039796865602279234 0.013790333113472809 -0.073875331695409732 -0.051765598521771643 7.4035703972215691e-05 -0.089322510991566823 0.067320422733375851 -0.057804171115882132 -0.083307906599233955 -0.023915659718301195 -0.065118474183465988 0.0091411060475627502 0.02334447067186908
leaf_weight=15.923271215753639 19.737559475935996 4.0964719131588927 4.1690190359950057 1.3460475346073497 5.6924012326635411 1.7915508481673887 0.68190567102283317 1.922773673199117 2.2631036650855068 1.3430098639801145 1.8022536933422086 5.5080113774165502 2.5973955653607836 51.73782952176407
leaf_count=1351 390 29 74 125 644 53 37 8 178 67 41 636 77 630
internal_value=3.70251e-10 -0.0288561 0.00952292 0.0153122 -0.0203312 0.0169212 -0.000530305 0.00671669 -0.0113998 -0.0356512 0.0203306 -0.0409308 -0.0337374 0.0192268
internal_weight=120.613 29.9274 90.6852 75.956 14.7292 74.6099 9.0368 8.3549 6.43212 3.13456 5.89873 24.0287 18.5207 71.4754
internal_count=4340 2134 2206 1265 941 1140 297 260 252 120 70 2064 1428 1020
is_linear=0
shrinkage=0.05


Tree=14
num_leaves=15
num_cat=0
split_feature=2 3 18 14 6 13 18 17 1 6 8 1 8 0
split_gain=11.1714 5.90653 5.41877 4.0181 3.25912 2.85097 2.44104 3.24643 2.42908 1.95282 2.05907 2.31218 1.75894 1.39647
threshold=1.0000000180025095e-35 0.37500000000000006 0.33593750000000006 1.0000000180025095e-35 1.0000000180025095e-35 1.0000000180025095e-35 0.57031250000000011 0.81250000000000011 1.0000000180025095e-35 0.62500000000000011 0.59000000000000008 0.37500000000000006 0.9900000000000001 0.37500000000000006
decision_type=2 2 2 2 2 2 2 2 2 2 2 2 2 2
left_child=1 9 3 5 6 13 7 8 -4 10 11 -1 -7 -2
right_child=2 -3 4 -5 -6 12 -8 -9 -10 -11 -12 -13 -14 -15
leaf_value=-0.038668854298991216 0.013016408114275048 0.018746761815200897 0.011546504980785875 -0.07251967458071365 -0.050312207750581518 -0.072881642641429961 -0.089406345354564709 0.064146140177047048 -0.054765119003094997 0.071411448709549546 -0.066411447981695404 0.013847795860803511 0.0046949191103668186 0.028334856861189479
leaf_weight=15.220396128017468 50.682598202256486 5.7223313748836508 4.1348454146645954 1.3182751992717374 5.3789677019231013 1.4156181071884921 0.71630452759564001 1.8963126037269828 2.0736039485782358 0.40175090404227276 5.5258452021516851 2.4305845107883206 1.510179964825511 21.06015198957175
leaf_count=1496 892 70 74 125 644 84 37 8 178 7 480 81 36 128
internal_value=-5.87787e-10 -0.0268221 0.00871426 0.0140124 -0.0196371 0.0155401 -0.000931768 0.00688768 -0.0106014 -0.0378813 -0.0397758 -0.0314372 -0.0328397 0.0175132
internal_weight=119.488 29.3009 90.1869 75.9868 14.2 74.6685 8.82107 8.10476 6.20845 23.5786 23.1768 17.651 2.9258 71.7428
internal_count=4340 2134 2206 1265 941 1140 297 260 252 2064 2057 1577 120 1020
is_linear=0
shrinkage=0.05


Tree=15
num_leaves=15
num_cat=0
split_feature=13 12 8 18 18 8 1 17 18 10 4 9 5 3
split_gain=9.76994 9.57599 5.76789 3.55772 3.366 2.73043 2.44963 3.8066 2.06769 5.37093 3.74262 2.00667 2.1544 2.07898
threshold=1.0000000180025095e-35 1.0000000180025095e-35 0.9235000000000001 0.36718750000000006 0.30468750000000006 0.9900000000000001 0.37500000000000006 0.81250000000000011 0.25781250000000006 1.0000000180025095e-35 1.0000000180025095e-35 0.78571428571428581 0.37500000000000006 0.37500000000000006
decision_type=2 2 2 2 2 2 2 2 2 2 2 2 2 2
left_child=1 2 11 8 -4 -2 -5 -8 9 -3 -11 12 13 -1
right_child=5 3 4 6 -6 -7 7 -9 -10 10 -12 -13 -14 -15
leaf_value=-0.039094184323256176 -0.067651547748408827 -0.048759840008842606 0.024661193940887664 -0.041057552639829444 -0.047687547623773752 -0.00046702556877383595 -0.048737395439858701 0.062134672558103003 0.023341672394580463 0.05836019832822225 0.004247899443842732 -0.071483429975318216 0.011497263606518891 0.037416584939784767
leaf_weight=15.114991566864781 6.4474742345046234 3.8664359059184816 8.7725960873067361 4.711207097163423 1.9683700825553376 1.9756822013296185 1.3313840168993922 1.849739324301481 46.244701316813007 4.0744272610172656 14.811021613888441 2.9737879130989304 3.0096954121254376 0.94326787954196412
leaf_count=1159 673 241 115 443 181 78 91 7 732 44 210 303 46 17
internal_value=4.58289e-10 0.00398557 -0.0186413 0.0136329 0.0114027 -0.0518932 -0.0181677 0.0157318 0.0172704 0.00493029 0.0159223 -0.0332817 -0.0273239 -0.0345999
internal_weight=118.095 109.672 32.7827 76.8889 10.741 8.42316 7.89233 3.18112 68.9966 22.7519 18.8854 22.0417 19.068 16.0583
internal_count=4340 3589 1821 1768 296 751 541 98 1227 495 254 1525 1222 1176
is_linear=0
shrinkage=0.05


Tree=16
num_leaves=15
num_cat=0
split_feature=2 3 18 14 6 13 18 17 8 0 18 18 1 18
split_gain=9.24895 5.04928 4.73756 3.35286 2.83165 2.7032 2.11972 2.79829 1.89318 2.01618 2.29825 4.09477 1.8742 1.84339
threshold=1.0000000180025095e-35 0.37500000000000006 0.33593750000000006 1.0000000180025095e-35 1.0000000180025095e-35 1.0000000180025095e-35 0.57031250000000011 0.81250000000000011 0.73000000000000009 0.37500000000000006 0.27343750000000006 0.32031250000000006 1.0000000180025095e-35 0.36718750000000006
decision_type=2 2 2 2 2 2 2 2 2 2 2 2 2 2
left_child=1 13 3 5 6 8 7 12 -2 -10 -11 -12 -4 -1
right_child=2 -3 4 -5 -6 -7 -8 -9 9 10 11 -13 -14 -15
leaf_value=-0.02794658512256383 -0.017798659722350965 0.016318355561562484 0.0084630457412755902 -0.070000290415684799 -0.048231494847154999 -0.033745489070306667 -0.087334096723592103 0.060410630132848579 0.012451852380531356 0.045169378416012693 -0.01815631371920803 0.054602746987279731 -0.051131341337489249 -0.062341962504732423
leaf_weight=17.534472697414465 3.8753808951005331 5.9144979072734705 4.1698789405636481 1.1996063240803767 5.1730372591409823 2.8192850924096993 0.66198921483010043 1.8094919752329586 46.811208004830405 12.081629445310684 4.8724249871447665 3.2061572596430779 1.9299114940222342 5.008025088813155
leaf_count=1428 93 70 74 125 644 120 37 8 805 63 49 10 178 636
internal_value=1.51124e-09 -0.0247997 0.00796438 0.012918 -0.0190184 0.0142683 -0.00138728 0.00580627 0.016179 0.0181451 0.0313647 0.0107197 -0.010392 -0.0355878
internal_weight=117.067 28.457 88.61 74.8657 13.7443 73.6661 8.57127 7.90928 70.8468 66.9714 20.1602 8.07858 6.09979 22.5425
internal_count=4340 2134 2206 1265 941 1140 297 260 1020 927 122 59 252 2064
is_linear=0
shrinkage=0.05


Tree=17
num_leaves=15
num_cat=0
split_feature=2 3 18 6 0 18 1 1 1 18 8 17 13 4
split_gain=8.93026 4.95933 4.18414 2.79581 2.47346 2.05482 4.09328 1.77007 1.87586 1.69402 1.76216 2.04363 1.88266 1.72888
threshold=1.0000000180025095e-35 0.37500000000000006 0.33593750000000006 1.0000000180025095e-35 0.37500000000000006 0.30468750000000006 1.0000000180025095e-35 0.37500000000000006 1.0000000180025095e-35 0.36718750000000006 0.65000000000000013 0.31250000000000006 1.0000000180025095e-35 1.0000000180025095e-35
decision_type=2 2 2 2 2 2 2 2 2 2 2 2 2 2
left_child=1 9 4 7 5 -2 -7 8 -4 10 11 -1 13 -13
right_child=2 -3 3 -5 -6 6 -8 -9 -10 -11 -12 12 -14 -15
leaf_value=-0.056791842292272757 0.01000720257163611 0.016390818004078322 0.0052160228246491526 -0.047320855073903864 0.027468317451060237 0.030654177477639041 -0.062413966460982732 0.040216686421164105 -0.053619646717430969 -0.061540498922748856 -0.064746131808938859 0.0046636228652277107 -0.067569683519542123 -0.052307278098541424
leaf_weight=3.1585984977427968 49.201580953318626 5.8643368221819392 4.3097709468565881 5.0296837759669861 20.135996431577951 2.0109116572421044 2.8641562708653501 2.0508440458215773 1.9758479502052049 4.8169825014192602 2.7538910061120978 8.6307345023378677 1.3206774317659444 1.5746312937699265
leaf_count=430 878 70 82 644 141 69 177 24 191 636 238 437 151 172
internal_value=-1.38764e-09 -0.0245149 0.00787127 -0.0178806 0.0125093 0.00693922 -0.0240244 -0.000118306 -0.0132786 -0.0352936 -0.0280435 -0.0211605 -0.0113961 -0.00412667
internal_weight=115.699 28.1199 87.5788 13.3661 74.2126 54.0766 4.87507 8.33646 6.28562 22.2555 17.4385 14.6846 11.526 10.2054
internal_count=4340 2134 2206 941 1265 1124 246 297 273 2064 1428 1190 760 609
is_linear=0
shrinkage=0.05


Tree=18
num_leaves=15
num_cat=0
split_feature=2 0 6 18 6 3 1 12 6 18 1 18 5 8
split_gain=8.42744 4.53944 3.92084 3.72604 2.70281 2.42312 2.37133 2.2149 1.77528 2.33838 4.38484 2.39483 1.81704 1.72814
threshold=1.0000000180025095e-35 0.37500000000000006 0.62500000000000011 0.33593750000000006 1.0000000180025095e-35 0.37500000000000006 0.37500000000000006 1.0000000180025095e-35 1.0000000180025095e-35 0.32031250000000006 0.37500000000000006 0.22656250000000003 1.0000000180025095e-35 0.9900000000000001
decision_type=2 2 2 2 2 2 2 2 2 2 2 2 2 2
left_child=1 2 6 5 -5 -2 -1 -8 -7 10 11 -10 -13 -14
right_child=3 -3 -4 4 -6 8 7 -9 9 -11 -12 12 13 -15
leaf_value=-0.04137772884688861 0.0050845189474515639 0.0390116434093895 0.066286779391769093 0.00041347773984842529 -0.046858150765892025 0.038115968843819424 -0.07231885958696177 0.022091437585315829 0.048693232912101737 0.048569777790210322 -0.074496514782899967 -0.054685612849457589 0.046027087330887506 -0.0127046083873963
leaf_weight=20.280848196242015 46.884288122178987 2.5838327948003998 1.0023041004315008 8.168395586544646 4.8010870418511322 12.098371623083951 0.78849944053217713 2.9285674605052918 3.3263738676905614 3.443298859987407 1.6257263142615546 1.3655732627958057 2.0429714093916118 3.2370297480374575
leaf_count=1948 1040 23 9 297 644 55 65 89 28 25 19 28 21 49
internal_value=-4.4208e-10 -0.0240814 -0.0306023 0.00763582 -0.0170857 0.0119672 -0.0346489 0.00206423 0.0238573 0.0123882 0.00164607 0.0140596 -0.00327592 0.0100202
internal_weight=114.577 27.5841 25.0002 86.9931 12.9695 74.0236 23.9979 3.71707 27.1393 15.041 11.5977 9.97195 6.64557 5.28
internal_count=4340 2134 2111 2206 941 1265 2102 154 225 170 145 126 98 70
is_linear=0
shrinkage=0.05


Tree=19
num_leaves=15
num_cat=0
split_feature=3 2 18 18 5 1 9 0 18 17 18 8 17 13
split_gain=8.90459 7.33286 3.09027 2.8359 2.08 3.3071 1.7305 6.07417 1.69049 1.66617 1.59476 1.5195 1.7176 1.59064
threshold=0.37500000000000006 1.0000000180025095e-35 0.30468750000000006 0.38281250000000006 0.37500000000000006 0.37500000000000006 0.92857142857142871 0.37500000000000006 0.32031250000000006 0.81250000000000011 0.36718750000000006 0.65000000000000013 0.31250000000000006 1.0000000180025095e-35
decision_type=2 2 2 2 2 2 2 2 2 2 2 2 2 2
left_child=1 10 -3 6 5 -4 -2 -8 -9 -5 11 12 -1 -14
right_child=3 2 4 9 -6 -7 7 8 -10 -11 -12 -13 13 -15
leaf_value=-0.054280001294339464 0.031847977811748432 0.0066650973362516273 -0.042708478770861334 -0.063714261468418076 0.01880068818800941 0.02614304975405099 -0.076217781993392575 0.010030154938948408 0.065728969227437581 0.052555046729964375 -0.060299917015355135 -0.062553048112829843 -0.0054235362894481292 -0.065576536384222117
leaf_weight=3.015570971183485 23.786583101376895 44.059876813087612 9.2077147713862342 1.4413184751756478 2.7493454329669467 2.1515918986406168 1.7884215414524067 4.1146652791649103 2.0364999915473163 0.39190922770649184 4.543780510313808 2.5501958292443296 10.245458769612011 1.2310499027371413
leaf_count=430 226 818 876 116 41 78 51 47 19 4 636 238 609 151
internal_value=-1.64759e-09 -0.00909211 0.000143628 0.0216076 -0.0202223 -0.0296672 0.0251014 0.0048892 0.0284707 -0.0388581 -0.0339799 -0.0269625 -0.0206996 -0.011876
internal_weight=113.314 79.7546 58.1685 33.5594 14.1087 11.3593 31.7262 7.93959 6.15117 1.83323 21.5861 17.0423 14.4921 11.4765
internal_count=4340 3877 1813 463 995 954 343 117 66 120 2064 1428 1190 760
is_linear=0
shrinkage=0.05


Tree=20
num_leaves=15
num_cat=0
split_feature=12 13 8 3 4 18 18 18 1 4 10 1 5 18
split_gain=8.38779 8.65202 5.47472 3.46757 3.14306 3.06215 2.603 3.47894 2.13 3.20956 1.95699 1.94282 1.90294 1.75736
threshold=1.0000000180025095e-35 1.0000000180025095e-35 0.9235000000000001 0.37500000000000006 0.37500000000000006 0.21093750000000003 0.32031250000000006 0.25781250000000006 0.37500000000000006 0.37500000000000006 1.0000000180025095e-35 0.37500000000000006 0.37500000000000006 0.27343750000000006
decision_type=2 2 2 2 2 2 2 2 2 2 2 2 2 2
left_child=2 3 12 4 6 -4 7 10 9 -7 -2 -8 13 -1
right_child=1 -3 5 -5 -6 8 11 -9 -10 -11 -12 -13 -14 -15
leaf_value=-0.026275862003421177 -0.053188480302648972 -0.061538002343355394 0.047097005332728203 0.026384053150548609 -0.086763201097397324 -0.045923795190127896 -0.036912198693982871 0.022753904114525492 0.038851618606109854 0.027596087552824639 -0.00055336808787425143 0.015035783671662606 -0.00035597450889272077 -0.056302438917804232
leaf_weight=10.177844319259753 2.2398442747071359 4.09154995298013 3.4166924934834233 29.576511718798429 0.9296098668128242 4.5381905906833691 5.341879719286224 23.840896249981597 1.8373809219337998 2.2061295621097088 8.3466605916619301 2.71441984269768 3.4470345226582131 9.3490150680299831
leaf_count=707 220 424 24 304 40 240 551 369 31 38 185 99 85 1023
internal_value=-1.87526e-10 0.00921442 -0.0203092 0.0131806 0.0041853 0.00706518 0.0061754 0.0121624 -0.00887297 -0.0218748 -0.0116897 -0.0194093 -0.0346058 -0.0406519
internal_weight=112.054 77.0814 34.9723 72.9898 43.4133 11.9984 42.4837 34.4274 8.5817 6.74432 10.5865 8.0563 22.9739 19.5269
internal_count=4340 2192 2148 1768 1464 333 1424 774 309 278 405 650 1815 1730
is_linear=0
shrinkage=0.05


Tree=21
num_leaves=15
num_cat=0
split_feature=12 13 8 3 18 4 18 18 17 18 10 9 17 18
split_gain=7.61427 8.22944 4.82712 3.15055 2.6536 2.40119 2.51652 3.24951 1.78466 1.87779 1.74001 1.62063 1.9107 2.69222
threshold=1.0000000180025095e-35 1.0000000180025095e-35 0.9235000000000001 0.37500000000000006 0.30468750000000006 0.37500000000000006 0.32031250000000006 0.25781250000000006 0.56250000000000011 0.57031250000000011 1.0000000180025095e-35 0.78571428571428581 0.31250000000000006 0.19531250000000003
decision_type=2 2 2 2 2 2 2 2 2 2 2 2 2 2
left_child=2 3 11 5 -4 6 7 10 -8 -10 -2 12 -1 -14
right_child=1 -3 4 -5 -6 -7 8 -9 9 -11 -12 -13 13 -15
leaf_value=-0.058531336788457636 -0.052358507639599844 -0.060860467669540758 0.017412110586056951 0.025222258996624499 -0.0449703011075826 -0.083328924781105873 -0.042415465380587332 0.02160049252332099 0.019102292868795806 -0.07880624101592934 -0.0015012576546010368 -0.065818510794889803 0.059025817252614035 -0.025177332316043601
leaf_weight=3.9678258276544573 2.127795503009108 4.0181802783627054 9.688997498713432 29.527226080419496 2.0686833027284584 0.77294967346824606 4.1410011710831878 23.921390761155635 3.3300197182688867 0.57415326102636743 8.0247453185729682 3.235694524832069 1.0163382559549052 14.386828844551927
leaf_count=482 220 424 134 304 199 40 427 369 178 45 185 346 28 959
internal_value=7.90886e-10 0.00878844 -0.0195483 0.0126529 0.00643635 0.00400006 0.00560268 0.0115413 -0.0195494 0.00470372 -0.0121601 -0.0330629 -0.0275915 -0.0196214
internal_weight=110.802 76.4375 34.3644 72.4193 11.7577 42.8921 42.1191 34.0739 8.04517 3.90417 10.1525 22.6067 19.371 15.4032
internal_count=4340 2192 2148 1768 333 1464 1424 774 650 223 405 1815 1469 987
is_linear=0
shrinkage=0.05


Tree=22
num_leaves=15
num_cat=0
split_feature=3 2 14 18 18 8 8 18 17 4 13 4 8 17
split_gain=7.01269 6.21695 2.7719 2.68932 2.40472 1.87258 1.67207 1.61913 1.53313 1.50344 1.84209 1.44204 1.41307 1.37336
threshold=0.37500000000000006 1.0000000180025095e-35 1.0000000180025095e-35 0.38281250000000006 0.30468750000000006 0.83000000000000007 0.65000000000000013 0.36718750000000006 0.31250000000000006 1.0000000180025095e-35 1.0000000180025095e-35 1.0000000180025095e-35 0.62000000000000011 0.81250000000000011
decision_type=2 2 2 2 2 2 2 2 2 2 2 2 2 2
left_child=1 6 4 -2 -3 11 7 8 12 10 -10 -6 -1 -5
right_child=3 2 -4 13 5 -7 -8 -9 9 -11 -12 -13 -14 -15
leaf_value=-0.061437076176768329 0.022987048951388291 0.0080065173002239979 -0.067352680956356464 -0.061214324384917987 -0.0534563815837268 -0.034157430458537023 -0.061124579821224038 -0.059723033130374949 0.0053821337187216012 -0.054881345480925596 -0.063389579981107766 0.014037086828941248 0.078028387818080747 0.048221334071061932
leaf_weight=2.5413027277682043 30.688602375099435 42.111976647283882 1.4713228736072768 1.4565422076266248 0.9342381712049227 7.0048002258408815 3.9003833865281186 2.7698547723703077 8.6159878685139084 1.5869749288540322 1.097776708193124 5.1759040388278663 0.1956015652976929 0.35694133210927237
leaf_count=426 343 715 155 116 90 726 415 459 437 174 149 127 4 4
internal_value=3.34868e-10 -0.00818399 0.00037956 0.0194908 0.00218404 -0.0165119 -0.031631 -0.0247867 -0.0178932 -0.00976135 -0.00238993 0.00371736 -0.0514697 -0.0396745
internal_weight=109.908 77.4061 56.6982 32.5021 55.2269 13.1149 20.7079 16.8075 14.0376 11.3007 9.71376 6.11014 2.7369 1.81348
internal_count=4340 3877 1813 463 1658 943 2064 1649 1190 760 586 217 430 120
is_linear=0
shrinkage=0.05


Tree=23
num_leaves=15
num_cat=0
split_feature=12 13 8 18 2 18 3 18 18 1 18 17 5 1
split_gain=6.50627 7.34929 4.28073 2.55415 2.52539 2.29004 2.00865 2.09338 2.32966 1.83523 1.83395 2.90334 2.26926 1.76256
threshold=1.0000000180025095e-35 1.0000000180025095e-35 0.9235000000000001 0.38281250000000006 1.0000000180025095e-35 0.21093750000000003 0.37500000000000006 0.25781250000000006 0.32031250000000006 0.37500000000000006 0.19531250000000003 0.31250000000000006 0.37500000000000006 0.37500000000000006
decision_type=2 2 2 2 2 2 2 2 2 2 2 2 2 2
left_child=2 3 10 6 -5 -4 7 -2 -9 -6 11 -1 -12 -7
right_child=1 -3 5 4 9 13 -8 8 -10 -11 12 -13 -14 -15
leaf_value=-0.042808385790354689 -0.012242526247791293 -0.059684176233372958 0.041392367470866449 -0.068061363518106294 -0.025172986156028684 -0.020004943763844773 0.024722424154657169 0.019190173568066661 -0.030707508139294723 0.040503874212440741 -0.045410196283484222 0.054829500084624429 0.00019587482191382722 0.035233925702526911
leaf_weight=1.5714877306018054 10.216729154111816 3.7910313676111391 3.2929627317935219 1.8366816617781285 2.5951031725853682 6.5401644411031139 28.230490431888029 24.173818605253476 2.589838857180438 1.8024468224029986 15.387563210912051 1.4769576741382477 3.3152549243532112 1.8533046795055268
leaf_count=188 419 424 24 206 222 278 226 379 280 36 1510 34 83 31
internal_value=8.752e-11 0.00815602 -0.0183514 0.0117558 -0.0188199 0.00605549 0.0146788 0.00701165 0.0143617 0.00174633 -0.0314646 0.00449672 -0.0373261 -0.00780803
internal_weight=108.674 75.2361 33.4377 71.4451 6.23423 11.6864 65.2109 36.9804 26.7637 4.39755 21.7513 3.04845 18.7028 8.39347
internal_count=4340 2192 2148 1768 464 333 1304 1078 659 258 1815 222 1593 309
is_linear=0
shrinkage=0.05


Tree=24
num_leaves=15
num_cat=0
split_feature=12 13 8 18 2 17 3 18 18 4 1 8 9 17
split_gain=6.25115 7.00433 3.72174 2.37758 2.21717 2.09166 1.98238 1.99431 2.54296 1.69317 1.68206 1.56393 1.51221 1.70004
threshold=1.0000000180025095e-35 1.0000000180025095e-35 0.9235000000000001 0.38281250000000006 1.0000000180025095e-35 0.56250000000000011 0.37500000000000006 0.25781250000000006 0.32031250000000006 1.0000000180025095e-35 0.37500000000000006 0.62000000000000011 0.78571428571428581 0.31250000000000006
decision_type=2 2 2 2 2 2 2 2 2 2 2 2 2 2
left_child=2 3 12 6 -5 -4 7 11 -9 -8 -6 -2 13 -1
right_child=1 -3 5 4 10 -7 9 8 -10 -11 -12 -13 -14 -15
leaf_value=-0.055708048943378476 -0.064358627371195395 -0.05891227633612587 0.011477795304420876 -0.0661893917705033 -0.024964834064246585 -0.065852402597090895 0.047739611814795205 0.018559037179769571 -0.034668894155831805 0.017880921531698939 0.038161137076079349 -0.0049211070423660162 -0.06366308972847054 -0.017629180086794965
leaf_weight=3.6479226419469404 1.2717750397277985 3.7164743089233516 10.407912482973185 1.7325113823753771 2.6020595056470484 0.95465207984671074 6.0579129606485393 24.55579259025399 2.4695492142345747 21.955021284054965 1.7752222700510172 8.5270541047211719 2.9476292075123629 14.91651916108094
leaf_count=482 191 424 228 206 222 105 30 379 280 196 36 228 346 987
internal_value=1.01784e-09 0.00799919 -0.0181674 0.0115043 -0.0183131 0.00498072 0.014314 0.00668863 0.0136951 0.024338 0.000636129 -0.0126354 -0.0303941 -0.0251117
internal_weight=107.538 74.6634 32.8746 70.9469 6.10979 11.3626 64.8371 36.8242 27.0253 28.0129 4.37728 9.79883 21.5121 18.5644
internal_count=4340 2192 2148 1768 464 333 1304 1078 659 226 258 419 1815 1469
is_linear=0
shrinkage=0.05


Tree=25
num_leaves=15
num_cat=0
split_feature=13 12 18 8 3 18 18 17 17 8 8 17 14 17
split_gain=6.00955 6.25652 3.00789 2.52132 2.10006 2.15973 2.10841 1.97541 2.1432 1.80961 1.48851 1.4865 1.47716 1.25091
threshold=1.0000000180025095e-35 1.0000000180025095e-35 0.21093750000000003 0.9900000000000001 0.37500000000000006 0.32031250000000006 0.25781250000000006 0.31250000000000006 0.56250000000000011 0.85350000000000004 0.62000000000000011 0.31250000000000006 1.0000000180025095e-35 0.56250000000000011
decision_type=2 2 2 2 2 2 2 2 2 2 2 2 2 2
left_child=1 2 9 -2 5 6 10 -4 12 11 -3 -1 -9 -7
right_child=3 4 7 -5 -6 13 -8 8 -10 -11 -12 -13 -14 -15
leaf_value=-0.059907229748391883 -0.062992829813690684 -0.063333198386627432 -0.061746051832703978 0.0061370750226812437 0.021475833872902056 -0.043064540600126683 0.016928424456508183 -0.0074026404230685032 -0.054973940405935506 0.040585710368868239 -0.0033667461347820188 0.018889017224638927 -0.06451320920786037 -0.00046700319763787982
leaf_weight=1.0843773085507591 5.1125926251988849 1.1796091630822036 3.0349358069361214 1.7775602098554371 29.241527339443564 3.418693710176739 24.358833980513737 16.066216686740525 3.3776408341946071 3.2787493022624403 8.4325995495310035 1.3359248221386224 1.2180687494692382 3.475529523100704
leaf_count=139 673 191 347 78 304 440 379 697 427 38 228 40 133 226
internal_value=-3.37288e-10 0.00312703 -0.0162352 -0.0451583 0.0112457 0.00392535 0.00910357 -0.0240788 -0.018546 0.0163786 -0.0107258 -0.0164144 -0.0114274 -0.0215902
internal_weight=106.393 99.5027 29.3959 6.89015 70.1068 40.8653 33.971 23.6969 20.6619 5.69905 9.61221 2.4203 17.2843 6.89422
internal_count=4340 3589 1821 751 1768 1464 798 1604 1257 217 419 179 830 666
is_linear=0
shrinkage=0.05


Tree=26
num_leaves=15
num_cat=0
split_feature=12 13 8 3 18 1 4 18 18 9 17 18 5 0
split_gain=5.52378 5.72514 3.22454 1.99537 2.17579 1.87915 2.88193 1.84635 1.76629 1.4041 1.49832 2.11269 1.87704 1.94986
threshold=1.0000000180025095e-35 1.0000000180025095e-35 0.9235000000000001 0.37500000000000006 0.32031250000000006 0.37500000000000006 0.37500000000000006 0.19531250000000003 0.25781250000000006 0.78571428571428581 0.31250000000000006 0.19531250000000003 0.37500000000000006 0.37500000000000006
decision_type=2 2 2 2 2 2 2 2 2 2 2 2 2 2
left_child=2 3 9 4 8 6 7 -4 -2 10 -1 -12 13 -13
right_child=1 -3 5 -5 -6 -7 -8 -9 -10 -11 11 12 -14 -15
leaf_value=-0.053732196272956716 -0.0097822183333146958 -0.055801092930500874 0.026474652212142236 0.020685766558376097 -0.02230714050713288 0.043333530177709183 0.031269956815260833 -0.044112194756249869 0.015735761450920288 -0.062304423334073128 0.048359308329744534 -0.037058852601374377 0.014704836225830685 0.048801755501081373
leaf_weight=3.4046443572733613 9.3630974976113048 3.3970351344905785 1.1867515072226504 29.03694436326623 6.7891782731749108 2.4382407795637837 3.1936822603456676 4.2231578510254622 24.592161925043911 2.7190974717959753 1.1426609191112209 10.34194295108318 2.7337381266988805 0.70639853319153267
leaf_count=482 419 424 13 304 666 33 44 243 379 346 28 915 34 10
internal_value=1.01979e-09 0.00758462 -0.0172959 0.0106703 0.00353269 0.0045871 -0.00639356 -0.0286278 0.00869923 -0.0287755 -0.0238016 -0.0169738 -0.0223905 -0.0315692
internal_weight=105.269 73.1784 32.0903 69.7814 40.7444 11.0418 8.60359 5.40991 33.9553 21.0485 18.3294 14.9247 13.7821 11.0483
internal_count=4340 2192 2148 1768 1464 333 300 256 798 1815 1469 987 959 925
is_linear=0
shrinkage=0.05


Tree=27
num_leaves=15
num_cat=0
split_feature=12 13 8 17 2 4 18 18 8 8 3 18 17 3
split_gain=5.01143 5.27869 3.13509 1.94958 2.48947 4.06072 2.35562 2.93275 2.23877 3.35017 2.22373 2.87103 3.0941 2.7951
threshold=1.0000000180025095e-35 1.0000000180025095e-35 0.9235000000000001 0.18750000000000003 1.0000000180025095e-35 1.0000000180025095e-35 0.25781250000000006 0.38281250000000006 0.73000000000000009 0.84350000000000003 0.62500000000000011 0.28906250000000006 0.31250000000000006 0.37500000000000006
decision_type=2 2 2 2 2 2 2 2 2 2 2 2 2 2
left_child=2 3 -1 -2 5 6 -5 -8 -6 -10 11 -11 -13 -14
right_child=1 -3 -4 4 8 -7 7 -9 9 10 -12 12 13 -15
leaf_value=-0.028112994427982697 0.0691804710283421 -0.054958920662210003 0.0050439005343445812 -0.068744212909289684 -0.028677024621239194 -0.072027163010917772 0.023583458580100025 -0.062169910549702216 0.032672889029454547 0.012069590821059123 0.051167610401150421 -0.082136631410483801 -0.042301491584059027 0.020609257557019495
leaf_weight=20.623610051348805 1.3706344105303276 3.2602246769238254 10.895663111470641 1.03065875917673 3.0118862439412615 2.2780746517237267 7.04725942481309 1.1613471206510437 18.735743389232084 23.35620415629819 2.5742070637643328 1.6936199670890326 3.1460557181853801 4.0237087523564696
leaf_count=1815 15 424 333 131 85 245 218 154 231 269 13 137 193 77
internal_value=7.44738e-10 0.00722022 -0.0166512 0.01014 0.00895097 -0.012237 0.00250519 0.0114511 0.0132669 0.0156269 0.006448 0.0028751 -0.0213536 -0.00699566
internal_weight=104.209 72.6896 31.5193 69.4294 68.0588 11.5173 9.23927 8.20861 56.5414 53.5295 34.7938 32.2196 8.86338 7.16976
internal_count=4340 2192 2148 1768 1753 748 503 372 1005 920 689 676 407 270
is_linear=0
shrinkage=0.05


Tree=28
num_leaves=15
num_cat=0
split_feature=12 13 8 17 2 4 18 18 17 8 8 3 18 17
split_gain=4.88045 4.76967 2.77322 1.80154 2.20291 3.69048 1.96698 2.48127 1.79056 1.76736 2.30657 1.92806 2.14843 2.17595
threshold=1.0000000180025095e-35 1.0000000180025095e-35 0.9235000000000001 0.18750000000000003 1.0000000180025095e-35 1.0000000180025095e-35 0.38281250000000006 0.25781250000000006 0.56250000000000011 0.73000000000000009 0.84350000000000003 0.62500000000000011 0.28906250000000006 0.31250000000000006
decision_type=2 2 2 2 2 2 2 2 2 2 2 2 2 2
left_child=2 3 -1 -2 5 6 7 -5 -4 -6 -11 12 -12 -14
right_child=1 -3 8 4 9 -7 -8 -9 -10 10 11 -13 13 -15
leaf_value=-0.02730449403507379 0.066174654454127541 -0.053703085193544775 0.0097296541530987532 -0.065983549940565545 -0.025732300758408339 -0.070431390983514322 -0.06093070234035193 0.020962108465236953 -0.06424144250840251 0.028928535340596778 0.011514586808546959 0.049184846270090475 -0.076378825050599994 -0.006804349301125584
leaf_weight=20.473703778465278 1.3932132071349759 3.0797110205749041 10.162538214353845 0.92750499048270096 2.8304428174160412 2.146529611083678 1.0798258131835599 7.1176072134403512 0.88972114911303002 18.774845643900335 23.844674592837691 2.53215149603784 1.3383240164257566 7.0109733282588422
leaf_count=1815 15 424 228 131 85 245 154 218 105 231 269 13 137 270
internal_value=-9.85468e-11 0.00717721 -0.0164088 0.00989466 0.0087348 -0.0114428 0.00243349 0.0109383 0.00377489 0.0127722 0.0148092 0.00717559 0.00387143 -0.0179566
internal_weight=103.602 72.0758 31.526 68.9961 67.6029 11.2715 9.12494 8.04511 11.0523 56.3314 53.501 34.7261 32.194 8.3493
internal_count=4340 2192 2148 1768 1753 748 503 349 333 1005 920 689 676 407
is_linear=0
shrinkage=0.05


Tree=29
num_leaves=15
num_cat=0
split_feature=12 13 8 17 8 8 18 0 5 17 17 1 17 9
split_gain=4.75566 4.36062 2.89832 1.6865 2.34809 3.13025 2.77331 2.08502 2.60012 1.83756 1.63705 1.62639 1.54584 5.84836
threshold=1.0000000180025095e-35 1.0000000180025095e-35 0.9235000000000001 0.18750000000000003 0.78000000000000014 0.83000000000000007 0.24218750000000003 0.37500000000000006 1.0000000180025095e-35 0.56250000000000011 0.56250000000000011 0.37500000000000006 0.31250000000000006 0.92857142857142871
decision_type=2 2 2 2 2 2 2 2 2 2 2 2 2 2
left_child=2 3 -1 -2 6 -6 -5 8 -8 12 -4 -11 13 -7
right_child=1 -3 10 4 5 9 7 -9 -10 11 -12 -13 -14 -15
leaf_value=-0.027742035082548272 0.064609880696377839 -0.052791513254972139 0.0094239660234319914 -0.070989194893740101 0.040026644177532072 0.019997186032889299 0.0068948485044569054 0.028986380464174108 -0.039982043903956578 -0.073420359452184655 -0.063161209888659128 0.02377728452634182 0.017328441606195996 -0.054964697942875174
leaf_weight=19.943653927883133 1.3673131943214674 2.9160697257611892 10.403030478395522 1.5386525337817172 9.4845603855792415 7.9611705518327636 7.6433860535034928 4.3412183071486643 4.8257663501426578 1.2471138879191119 0.8394789525773384 0.65717552672140289 25.798486340790987 3.8651435556821525
leaf_count=1815 15 424 228 200 110 116 425 32 211 100 105 17 364 178
internal_value=-2.98306e-11 0.00709407 -0.0162977 0.00963489 0.00851902 0.0142307 -0.00673799 -0.000857079 -0.0112473 0.00804128 0.00400403 -0.0398772 0.0104666 -0.00450229
internal_weight=102.832 71.6461 31.1862 68.73 67.3627 49.0137 18.349 16.8104 12.4692 39.5291 11.2425 1.90429 37.6248 11.8263
internal_count=4340 2192 2148 1768 1753 885 868 668 636 775 333 117 658 294
is_linear=0
shrinkage=0.05


Tree=30
num_leaves=15
num_cat=0
split_feature=12 13 8 3 18 18 5 1 18 5 18 17 18 17
split_gain=4.85628 4.24647 2.68773 1.68358 2.04661 1.92317 1.6155 1.99136 1.34812 1.31573 1.83234 2.27712 1.49094 1.21236
threshold=1.0000000180025095e-35 1.0000000180025095e-35 0.9235000000000001 0.37500000000000006 0.32031250000000006 0.25781250000000006 1.0000000180025095e-35 0.37500000000000006 0.30468750000000006 0.37500000000000006 0.27343750000000006 0.43750000000000006 0.19531250000000003 0.31250000000000006
decision_type=2 2 2 2 2 2 2 2 2 2 2 2 2 2
left_child=2 3 9 4 5 -2 -4 8 -8 10 11 12 13 -1
right_child=1 -3 6 -5 -6 -7 7 -9 -10 -11 -12 -13 -14 -15
leaf_value=-0.033596434037440975 -0.010486515278574075 -0.052581938608169287 0.068306146167097556 0.019282394694908472 -0.021813255744511151 0.0160413110698585 -0.0042860250369250912 0.038084090665945688 -0.056093187027532146 0.0012678411405436919 -0.051316491949739397 0.028894021677317333 -0.048989781209810145 0.036784788546776456
leaf_weight=1.2961702848551848 9.6258409679867309 2.8438756722025564 0.87353477720171469 27.612739845179021 6.7762317506130776 23.539881931385025 6.537584987934677 2.3458149312064043 1.5542436861433087 3.2973571281181639 7.6188376911450169 2.0115242644678801 4.4086585761979222 1.1589692698325962
leaf_count=186 419 424 6 304 666 379 117 32 178 85 1023 50 439 32
internal_value=-4.63018e-10 0.00726947 -0.0164539 0.00978906 0.00322612 0.00834202 0.00298849 -0.002478 -0.0142369 -0.0275655 -0.0333296 -0.0178892 -0.0315996 -0.000372386
internal_weight=101.501 70.3986 31.1027 67.5547 39.942 33.1657 11.3112 10.4376 8.09183 19.7915 16.4942 8.87532 6.8638 2.45514
internal_count=4340 2192 2148 1768 1464 798 333 327 295 1815 1730 707 657 218
is_linear=0
shrinkage=0.05


Tree=31
num_leaves=15
num_cat=0
split_feature=12 13 18 8 17 8 18 4 18 1 17 17 18 2
split_gain=4.31391 3.85951 2.75143 1.93764 1.60017 2.08373 2.44679 2.02091 1.82264 2.02222 1.47761 1.59989 1.3218 2.21484
threshold=1.0000000180025095e-35 1.0000000180025095e-35 0.21093750000000003 0.85350000000000004 0.18750000000000003 0.75000000000000011 0.25781250000000006 1.0000000180025095e-35 0.38281250000000006 0.37500000000000006 0.31250000000000006 0.56250000000000011 0.25781250000000006 0.37500000000000006
decision_type=2 2 2 2 2 2 2 2 2 2 2 2 2 2
left_child=2 4 3 -1 -2 6 -6 -7 9 -8 -4 -12 -9 -14
right_child=1 -3 10 -5 5 7 8 12 -10 -11 11 -13 13 -15
leaf_value=-0.018341400163424431 0.063472200019702579 -0.05166291128858868 -0.057619744207928959 0.036856813640216479 -0.059216505182767387 0.04345929226222265 -0.0061294667482010125 -0.0027547453680120499 -0.051530956998733626 0.042052914253569058 -0.013055710428111843 -0.050752704740946779 0.010991471527757656 0.055205763352782003
leaf_weight=2.7844487918773693 1.3303980547934759 2.7112739014555691 2.8053385750390616 3.705849701538682 2.0474957601400083 4.8770208721980444 8.1654148962115851 14.72574982466176 1.5269976065028448 2.969665808370336 17.838068266632039 3.3419087766087605 28.605837646871809 3.1436883811838916
leaf_count=273 15 424 377 44 237 56 326 227 218 31 961 493 628 30
internal_value=7.82349e-10 0.00682744 -0.0157053 0.0131758 0.00918057 0.00808721 -0.00850465 0.0128399 -0.000304388 0.00672051 -0.0235203 -0.0190038 0.00962672 0.0153694
internal_weight=100.579 70.1035 30.4756 6.4903 67.3923 66.0619 14.7096 51.3523 12.6621 11.1351 23.9853 21.18 46.4753 31.7495
internal_count=4340 2192 2148 317 1768 1753 812 941 575 357 1831 1454 885 658
is_linear=0
shrinkage=0.05


Tree=32
num_leaves=15
num_cat=0
split_feature=14 2 4 3 18 18 13 18 17 5 12 17 13 0
split_gain=4.76751 3.81537 3.20823 3.58683 2.34307 1.5778 1.21108 1.1773 3.05597 4.94436 1.94102 1.91612 1.87096 1.60507
threshold=1.0000000180025095e-35 1.0000000180025095e-35 1.0000000180025095e-35 0.37500000000000006 0.57031250000000011 0.36718750000000006 1.0000000180025095e-35 0.21093750000000003 0.31250000000000006 1.0000000180025095e-35 1.0000000180025095e-35 0.56250000000000011 1.0000000180025095e-35 0.37500000000000006
decision_type=2 2 2 2 2 2 2 2 2 2 2 2 2 2
left_child=1 2 3 5 7 6 -1 13 9 -9 11 -10 -12 -3
right_child=-2 4 -4 -5 -6 -7 -8 8 10 -11 12 -13 -14 -15
leaf_value=-0.006409612126424412 -0.064724521291033829 0.011029024070682217 -0.059839130987405911 0.037801028357149144 -0.073683172027445343 -0.056197193080947817 -0.058251913175958549 0.025587600695140822 0.00041691042759796305 -0.046204881491752614 0.01794487018634907 -0.061260202253239304 -0.044231635359855109 0.052832142150254661
leaf_weight=11.136347537278201 2.7661396723706266 7.9444931780453754 3.5806098617613307 3.4539098525419822 0.88507482712156971 2.3680231585749416 1.2533183265477426 3.8215565928257984 12.092705396818927 6.4391700039850548 38.074290781514719 1.4056284278631199 1.2496130766812701 3.2297386657446623
leaf_count=732 300 174 492 37 72 491 239 85 409 310 568 227 183 21
internal_value=1.26777e-09 0.00184699 -0.016573 -0.00806644 0.00718904 -0.0188013 -0.0116539 0.00815296 0.00550326 -0.0194661 0.0103536 -0.00600574 0.0159691 0.0231116
internal_weight=99.7006 96.9345 21.7922 18.2116 75.1423 14.7577 12.3897 74.2572 63.083 10.2607 52.8222 13.4983 39.3239 11.1742
internal_count=4340 4040 1991 1499 2049 1462 971 1977 1782 395 1387 636 751 195
is_linear=0
shrinkage=0.05


Tree=33
num_leaves=15
num_cat=0
split_feature=14 2 4 3 18 18 12 17 13 13 8 18 17 17
split_gain=3.98925 3.39596 2.73097 3.40744 1.94668 1.44527 1.21316 1.8908 1.51699 1.09167 0.995026 0.990061 1.3056 0.978102
threshold=1.0000000180025095e-35 1.0000000180025095e-35 1.0000000180025095e-35 0.37500000000000006 0.57031250000000011 0.36718750000000006 1.0000000180025095e-35 0.56250000000000011 1.0000000180025095e-35 1.0000000180025095e-35 0.65000000000000013 0.21093750000000003 0.31250000000000006 0.81250000000000011
decision_type=2 2 2 2 2 2 2 2 2 2 2 2 2 2
left_child=1 2 3 5 6 9 7 11 13 10 -1 -3 -13 -8
right_child=-2 4 -4 -5 -6 -7 8 -9 -10 -11 -12 12 -14 -15
leaf_value=-0.0021613975523423214 -0.062208523875710298 0.02110702571887409 -0.057809558479099646 0.035721469443203445 -0.07102790799484919 -0.055883583646918457 0.011514118915887203 -0.060493366247430291 -0.043732483970255101 -0.057816627028644256 -0.051110480617184623 -0.054079240823927004 -0.00079281725564293425 0.055396176575796832
leaf_weight=9.7968990341760236 2.5112348562106481 4.57127571594902 3.3002992267720392 3.5280808447860172 0.79777142172679205 2.2533386650029561 51.865464461268857 1.3428906279150385 1.2230978626757849 1.1876481517683721 1.1612745885504416 1.269722656928933 12.142438970622605 1.3017143346369255
leaf_count=623 300 89 492 37 72 491 932 227 186 239 109 126 409 8
internal_value=1.00019e-09 0.00163168 -0.0160112 -0.00831642 0.00665777 -0.0191066 0.0074985 -0.00326199 0.011322 -0.0122836 -0.0073487 0.00101169 -0.00583742 0.0125885
internal_weight=98.2532 95.7419 21.2275 17.9272 74.5144 14.3992 73.7166 19.3263 54.3903 12.1458 10.9582 17.9834 13.4122 53.1672
internal_count=4340 4040 1991 1499 2049 1462 1977 851 1126 971 732 624 535 940
is_linear=0
shrinkage=0.05


Tree=34
num_leaves=15
num_cat=0
split_feature=3 2 14 18 8 18 18 8 4 6 4 4 18 18
split_gain=3.70062 3.55311 2.05484 1.51042 1.17009 1.12531 1.08235 1.40056 1.14757 1.52054 1.98444 2.37542 0.91062 2.73771
threshold=0.37500000000000006 1.0000000180025095e-35 1.0000000180025095e-35 0.57031250000000011 0.65000000000000013 0.36718750000000006 0.38281250000000006 0.81000000000000016 1.0000000180025095e-35 1.0000000180025095e-35 0.62500000000000011 0.37500000000000006 0.22656250000000003 0.28906250000000006
decision_type=2 2 2 2 2 2 2 2 2 2 2 2 2 2
left_child=1 4 3 -3 5 -1 8 -8 -2 -10 11 12 -11 -14
right_child=6 2 -4 -5 -6 -7 7 -9 9 10 -12 -13 13 -15
leaf_value=-0.014667717792589508 0.037775436241746591 0.0030433677365119365 -0.062443354751156956 -0.069239960378161658 -0.054787158855715806 -0.056018836392674326 -0.074284299219233713 0.01539519886849122 0.02596516093025842 0.031452267451893931 0.047475603041844228 -0.073397927243124328 -0.055616286524934555 0.014769812031710322
leaf_weight=12.786442347220147 5.5544958678074243 48.857903297641315 1.2696640673093487 0.73355432273819943 2.8916666938457629 1.8882315750815895 0.75715765240602095 1.0244008019799364 10.435822835192086 1.7984194480814002 1.794086821377278 1.2734543627593664 2.0847460741642863 4.0954676291439682
leaf_count=1190 79 1587 155 71 415 459 44 76 77 20 9 28 42 88
internal_value=6.31455e-10 -0.00632979 0.000366079 0.00197416 -0.0257168 -0.0199885 0.0150299 -0.0227184 0.0175173 0.0122792 -0.000650518 -0.00998273 0.000138849 -0.00897324
internal_weight=97.2455 68.4275 50.8611 49.5915 17.5663 14.6747 28.8181 1.78156 27.0365 21.482 11.0462 9.25209 7.97863 6.18021
internal_count=4340 3877 1813 1658 2064 1649 463 120 343 264 187 178 150 130
is_linear=0
shrinkage=0.05


Tree=35
num_leaves=15
num_cat=0
split_feature=12 13 8 3 4 18 18 5 18 17 18 18 10 17
split_gain=3.6503 3.14421 2.23015 1.50065 1.68053 1.66338 1.29675 1.22958 1.44845 2.12281 1.16558 1.14146 1.38179 1.13215
threshold=1.0000000180025095e-35 1.0000000180025095e-35 0.9235000000000001 0.37500000000000006 0.37500000000000006 0.32031250000000006 0.24218750000000003 0.37500000000000006 0.25781250000000006 0.43750000000000006 0.19531250000000003 0.25781250000000006 1.0000000180025095e-35 0.31250000000000006
decision_type=2 2 2 2 2 2 2 2 2 2 2 2 2 2
left_child=2 3 7 4 5 11 -4 8 9 10 13 12 -2 -1
right_child=1 -3 6 -5 -6 -7 -8 -9 -10 -11 -12 -13 -14 -15
leaf_value=-0.034912733242271718 -0.047707407882106874 -0.049628838430537087 0.020445829927208073 0.01774384480584176 -0.077835986280231806 -0.019975448395485679 -0.014292465023582588 0.0025675976224469837 -0.045526021223989001 0.045106636768752345 -0.047175963866700858 0.014138430941036615 0.0025212257083061631 0.033644399074205231
leaf_weight=1.2229799014749032 1.6839269385673121 2.4150157984695388 5.4348051827400941 26.10686953086406 0.64430099609307845 6.2593955929623908 5.3124090861529112 3.233163565164431 8.2441476602107269 1.2291903535369781 3.2074868235504255 22.926873271819204 7.3270020184572786 1.1863618115894496
leaf_count=186 220 424 58 304 40 650 275 85 1124 28 360 369 185 32
internal_value=1.54422e-09 0.00639049 -0.0148083 0.00847349 0.00224253 0.00359327 0.00327449 -0.0254144 -0.0314097 -0.0144105 -0.0274353 0.00821244 -0.0068653 -0.00115515
internal_weight=96.4339 67.3634 29.0705 64.9484 38.8415 38.1972 10.7472 18.3233 15.0902 6.84602 5.61683 31.9378 9.01093 2.40934
internal_count=4340 2192 2148 1768 1464 1424 333 1815 1730 606 578 774 405 218
is_linear=0
shrinkage=0.05


Tree=36
num_leaves=15
num_cat=0
split_feature=12 13 8 17 8 18 18 8 17 1 9 2 5 17
split_gain=3.33572 3.01467 1.89893 1.48747 1.60347 1.59215 1.55057 1.46234 1.55934 1.2515 1.22974 1.22434 1.2067 3.3118
threshold=1.0000000180025095e-35 1.0000000180025095e-35 0.9235000000000001 0.18750000000000003 0.75000000000000011 0.27343750000000006 0.38281250000000006 0.83000000000000007 0.56250000000000011 0.37500000000000006 0.78571428571428581 1.0000000180025095e-35 1.0000000180025095e-35 0.31250000000000006
decision_type=2 2 2 2 2 2 2 2 2 2 2 2 2 2
left_child=2 3 10 -2 5 -5 9 -6 12 -7 11 -1 13 -9
right_child=1 -3 -4 4 7 6 -8 8 -10 -11 -12 -13 -14 -15
leaf_value=-0.032510757331740713 0.06296192599635074 -0.049395470081941284 0.0024320584565347492 -0.037177249606870015 0.026189646408427393 -0.0033503711500299281 -0.048793758809072926 0.026776058077449674 -0.039505598970187482 0.036725539865166183 -0.058792054312680281 -0.0044162988898582738 0.012418326467042232 -0.053541087145419525
leaf_weight=8.254863738780843 1.213325461372732 2.3613560136873266 10.571144523564728 3.4900789801031342 12.343425024533643 6.186307883821426 1.3175862600910466 2.5407070163637391 1.7675954729784269 2.8434871186036617 2.2586370569188139 7.3137531888205549 30.25685520155821 2.5937354940688238
leaf_count=1115 15 424 333 308 166 258 218 50 117 28 346 354 549 59
internal_value=2.97045e-10 0.00609363 -0.0143583 0.00812342 0.00707295 -0.00797396 0.00187605 0.011279 0.00632603 0.00926955 -0.0243145 -0.0193127 0.00861506 -0.0137973
internal_weight=95.3129 66.9145 28.3984 64.5531 63.3398 13.8375 10.3474 49.5023 37.1589 9.0298 17.8273 15.5686 35.3913 5.13444
internal_count=4340 2192 2148 1768 1753 812 504 941 775 286 1815 1469 658 109
is_linear=0
shrinkage=0.05


Tree=37
num_leaves=15
num_cat=0
split_feature=14 13 0 8 2 4 6 5 17 18 18 8 2 2
split_gain=3.35594 2.88216 2.26797 1.98061 1.95806 2.09808 1.61006 1.31511 2.52422 1.92677 1.86487 1.23516 2.83438 1.87405
threshold=1.0000000180025095e-35 1.0000000180025095e-35 0.37500000000000006 0.9900000000000001 1.0000000180025095e-35 1.0000000180025095e-35 0.62500000000000011 1.0000000180025095e-35 0.31250000000000006 0.53906250000000011 0.17968750000000003 0.9900000000000001 0.37500000000000006 0.37500000000000006
decision_type=2 2 2 2 2 2 2 2 2 2 2 2 2 2
left_child=1 2 4 -3 5 6 -1 -6 10 -10 -9 13 -13 -4
right_child=-2 3 11 -5 7 -7 -8 8 9 -11 -12 12 -14 -15
leaf_value=-0.0117595167958675 -0.060623889846152246 -0.057355585700873117 0.021763642521272001 0.0099469290691429763 0.016429216847280281 -0.055183455755253186 0.066368952801485248 0.0083873162388434074 0.0071832030129867427 -0.070416714396228902 -0.047369020155558224 0.0093614221012252273 0.074589569202292094 -0.02265238602805288
leaf_weight=12.298123522195961 2.2286835346603757 3.3662227852037168 8.3750478571746516 1.6188396485522387 15.184323421912266 2.8148890355369067 0.69678251678124148 2.2530329432338467 29.663518707151528 0.82209166442043979 4.4850995523156598 4.1029491417575619 2.8033536728471518 3.3148587701143688
leaf_count=1075 300 648 107 78 414 444 8 33 748 64 285 83 11 42
internal_value=-7.94857e-11 0.00147182 0.00359482 -0.0354999 -0.000624643 -0.0160477 -0.00757029 0.00402798 -0.00103073 0.0050906 -0.0287257 0.0190734 0.0358383 0.00916877
internal_weight=94.0278 91.7991 86.8141 4.98506 68.2179 15.8098 12.9949 52.4081 37.2237 30.4856 6.73813 18.5962 6.9063 11.6899
internal_count=4340 4040 3314 726 3071 1527 1083 1544 1130 812 318 243 94 149
is_linear=0
shrinkage=0.05


Tree=38
num_leaves=15
num_cat=0
split_feature=3 2 14 18 6 5 17 18 18 0 8 0 8 18
split_gain=3.32531 3.06812 1.79058 1.35144 1.57043 1.99001 1.5052 1.2173 1.00344 0.969591 0.959292 0.944511 1.65228 0.820092
threshold=0.37500000000000006 1.0000000180025095e-35 1.0000000180025095e-35 0.22656250000000003 1.0000000180025095e-35 1.0000000180025095e-35 0.31250000000000006 0.57031250000000011 0.36718750000000006 0.37500000000000006 0.65000000000000013 0.37500000000000006 0.9900000000000001 0.28906250000000006
decision_type=2 2 2 2 2 2 2 2 2 2 2 2 2 2
left_child=1 8 7 -2 -5 -6 9 13 10 -7 -1 12 -8 -3
right_child=3 2 -4 4 5 6 11 -9 -10 -11 -12 -13 -14 -15
leaf_value=-0.014574484525240789 0.033610769800756737 0.0072733372794453856 -0.061366158042620703 0.023231576544223018 -0.053636763869155793 0.011740968858389794 0.024705668643312913 -0.066253215270341156 -0.05474254186520823 -0.08286267828275358 -0.053171535013694204 0.0247793365057596 -0.053165398396942391 -0.0064130441145262163
leaf_weight=12.096406445140021 7.0201327162794795 31.310810340801254 1.1569673512130965 9.3068215854000318 1.7468504174612451 0.42615447123534778 1.4673642568523064 0.65274113300256331 2.3950317487469865 0.74313460593111813 1.8569736321223889 5.2472776321228594 1.2714301398955286 16.827639207942411
leaf_count=1190 59 618 155 100 71 22 47 71 636 42 238 73 49 969
internal_value=2.55919e-10 -0.00604216 0.000111573 0.0147112 0.00814597 -0.00473206 0.004599 0.00156937 -0.0248432 -0.0483838 -0.0197111 0.0123565 -0.0114444 0.00248902
internal_weight=93.5257 66.2966 49.9482 27.2292 20.209 10.9022 9.15536 48.7912 16.3484 1.16929 13.9534 7.98607 2.73879 48.1384
internal_count=4340 3877 1813 463 404 304 233 1658 2064 64 1428 169 96 1587
is_linear=0
shrinkage=0.05


Tree=39
num_leaves=15
num_cat=0
split_feature=3 2 14 18 18 17 18 9 6 18 5 8 18 18
split_gain=3.13086 2.53477 1.62177 1.09687 1.04508 1.28088 1.31851 1.15272 1.06584 1.05092 1.70261 1.22409 1.23329 1.03948
threshold=0.37500000000000006 1.0000000180025095e-35 1.0000000180025095e-35 0.57031250000000011 0.22656250000000003 0.31250000000000006 0.25781250000000006 0.78571428571428581 1.0000000180025095e-35 0.33593750000000006 1.0000000180025095e-35 0.67000000000000015 0.36718750000000006 0.36718750000000006
decision_type=2 2 2 2 2 2 2 2 2 2 2 2 2 2
left_child=1 13 3 -3 -2 7 -7 -6 -9 10 -8 -11 -13 -1
right_child=4 2 -4 -5 5 6 9 8 -10 11 -12 12 -14 -15
leaf_value=-0.017998164298889882 0.030964692249847575 0.0018718976532911839 -0.060708674262540598 -0.065401419500347807 0.017562762159573711 -0.024999988786094222 -0.013050042242545776 0.0012224869352801004 -0.079637610512616086 0.03400316637022667 0.035926484968171114 -0.080596667947504322 -0.00170017870201458 -0.054518553675129394
leaf_weight=13.665617149032185 7.0579059249721494 48.377522424678318 1.0873233585152764 0.61359605274628748 1.0852052362170099 1.9413098078221107 2.2073280145414165 0.66577073279768217 1.0506816876586524 1.2972249228041612 9.0498523043934238 0.72675506537780199 1.5554725294932721 2.2724216622882514
leaf_count=1428 59 1587 155 71 28 26 33 15 68 18 78 36 102 636
internal_value=-1.41389e-09 -0.00583835 -0.000311157 0.00102932 0.0144693 0.00852323 0.0137491 -0.0227725 -0.0482739 0.0188193 0.0263231 -0.00477974 -0.0268241 -0.0232052
internal_weight=92.654 66.0165 50.0784 48.9911 26.6375 19.5796 16.7779 2.80166 1.71645 14.8366 11.2572 3.57945 2.28223 15.938
internal_count=4340 3877 1813 1658 463 404 293 111 83 267 111 156 138 2064
is_linear=0
shrinkage=0.05


Tree=40
num_leaves=15
num_cat=0
split_feature=12 13 18 6 4 5 0 4 2 4 8 5 17 17
split_gain=3.04572 2.47485 1.78642 1.69327 1.18503 1.22716 1.17855 2.21874 1.24143 1.83666 1.76966 3.08156 3.955 3.13136
threshold=1.0000000180025095e-35 1.0000000180025095e-35 0.21093750000000003 0.62500000000000011 0.37500000000000006 0.37500000000000006 0.37500000000000006 0.37500000000000006 1.0000000180025095e-35 1.0000000180025095e-35 0.9900000000000001 0.37500000000000006 0.31250000000000006 0.43750000000000006
decision_type=2 2 2 2 2 2 2 2 2 2 2 2 2 2
left_child=2 3 -1 6 5 -4 7 8 9 -2 -10 12 -12 -14
right_child=1 -3 4 -5 -6 -7 -8 -9 10 -11 11 -13 13 -15
leaf_value=0.010109658358938784 -0.0029742133459325889 -0.04728677102358473 -0.03159104269695448 0.049041850253395192 0.0097598591945004774 0.0007102234516447747 0.018254420248116951 -0.07793612786167621 0.014074457489209356 -0.064842741122183564 -0.048306632057669857 -0.080521342395863643 0.050991986398831748 -0.043480106275773721
leaf_weight=6.0251331399194923 6.8694839469972049 2.1102746612159526 14.977796141873119 2.3898499072529367 2.7773183467797926 3.6586296551395199 14.984724834328516 0.85048554721288283 26.725006837863475 1.4533729385584591 2.6267730611143616 1.3756836112588642 3.6166881755925715 1.1579711989033965
leaf_count=317 501 424 1635 18 94 102 195 48 511 230 124 53 35 53
internal_value=-5.38934e-10 0.00596237 -0.0139418 0.00777333 -0.0207091 -0.0252498 0.00612021 0.00205024 0.00360249 -0.013778 0.00767703 -0.0118022 0.000970467 0.0280802
internal_weight=91.5992 64.1603 27.4389 62.05 21.4137 18.6364 59.6602 44.6755 43.825 8.32286 35.5021 8.77712 7.40143 4.77466
internal_count=4340 2192 2148 1768 1831 1737 1750 1555 1507 731 776 265 212 88
is_linear=0
shrinkage=0.05


Tree=41
num_leaves=15
num_cat=0
split_feature=12 13 17 18 8 18 8 17 18 3 18 5 17 17
split_gain=2.99462 2.46514 1.76036 1.69108 1.17823 2.27155 2.07675 1.28938 1.23378 1.18766 1.18814 2.96245 1.66922 1.48932
threshold=1.0000000180025095e-35 1.0000000180025095e-35 0.18750000000000003 0.21093750000000003 0.78000000000000014 0.24218750000000003 0.83000000000000007 0.56250000000000011 0.28906250000000006 0.62500000000000011 0.28906250000000006 1.0000000180025095e-35 0.43750000000000006 0.31250000000000006
decision_type=2 2 2 2 2 2 2 2 2 2 2 2 2 2
left_child=3 2 -2 -1 5 -4 8 9 -6 10 12 -12 -8 -13
right_child=1 -3 4 -5 6 -7 7 -9 -10 -11 11 13 -14 -15
leaf_value=0.009549892395666313 0.066893799584482216 -0.047307376992712348 -0.069742358408586974 -0.020444186886982824 0.0476628397783566 0.00039972256526713879 0.016001303873735634 -0.037265461204070448 0.0092382193489921258 0.044494114313293247 -0.088441996769613729 -0.056930577535145258 -0.025120400425685481 0.0088278632261715381
leaf_weight=6.0266041259747025 1.2328131266403932 2.1026461375877252 1.2519030547700847 21.337356522097252 5.3130992874503118 14.799289724382104 20.445967242121704 1.6885775092523534 3.4428163012489676 2.039226818829774 1.0721662229625488 0.98913638561498363 2.8065615966916075 6.6488674345891923
leaf_count=317 15 424 200 1831 49 668 266 117 61 12 43 123 30 184
internal_value=5.28386e-10 0.00593222 0.00774565 -0.0138383 0.00654034 -0.00507097 0.0107336 0.00538033 0.0325543 0.00749818 0.00513783 -0.010613 0.0110379 0.000312017
internal_weight=91.197 63.8331 61.7304 27.364 60.4976 16.0512 44.4464 35.6905 8.75592 34.0019 31.9627 8.71017 23.2525 7.638
internal_count=4340 2192 1768 2148 1753 868 885 775 110 658 646 350 296 307
is_linear=0
shrinkage=0.05


Tree=42
num_leaves=15
num_cat=0
split_feature=12 13 4 18 3 18 10 8 17 18 17 18 5 8
split_gain=2.77711 2.36326 1.57893 1.49994 1.32668 1.89048 2.58792 2.16064 1.94999 2.80884 1.75127 1.61283 1.34898 1.33081
threshold=1.0000000180025095e-35 1.0000000180025095e-35 0.37500000000000006 0.19531250000000003 0.37500000000000006 0.28906250000000006 1.0000000180025095e-35 0.83000000000000007 0.43750000000000006 0.25781250000000006 0.31250000000000006 0.27343750000000006 0.37500000000000006 0.84350000000000003
decision_type=2 2 2 2 2 2 2 2 2 2 2 2 2 2
left_child=2 4 3 -1 5 6 11 -8 9 -9 -7 12 -2 -12
right_child=1 -3 -4 -5 -6 10 7 8 -10 -11 13 -13 -14 -15
leaf_value=0.0091232497607947934 -0.04996935534451391 -0.047356841894674102 0.015880514358948754 -0.024150653797800431 0.016839063335896402 -0.064318921366717199 0.049973077120628366 -0.0065871067878301541 -0.036657877032233263 0.042141807405419847 0.002448594916946956 0.014660007168795525 0.045945238235068915 -0.03635766284470953
leaf_weight=4.1117443629773396 3.2444190478418053 2.0270879713934837 3.9549591860268256 19.213698509847745 23.5016240531113 1.4928988950559858 4.3960569156333831 6.0217319484800065 1.9467160794883973 5.8111827448010445 9.1578399488935229 2.2510159132070839 0.41328451258596022 2.911727925296872
leaf_count=234 271 424 105 1809 304 148 65 145 24 40 511 39 28 193
internal_value=1.11295e-09 0.00575704 -0.0133321 -0.0182852 0.00751778 0.00169882 0.0101068 0.0194518 0.00971474 0.0173438 -0.0132322 -0.0186391 -0.039132 -0.00691324
internal_weight=90.456 63.1756 27.2804 23.3254 61.1485 37.6469 24.0844 18.1757 13.7796 11.8329 13.5625 5.90872 3.6577 12.0696
internal_count=4340 2192 2148 2043 1768 1464 612 274 209 185 852 338 299 704
is_linear=0
shrinkage=0.05


Tree=43
num_leaves=15
num_cat=0
split_feature=12 13 4 18 6 5 16 8 4 6 4 17 18 17
split_gain=2.68311 2.41256 1.46597 1.47865 1.27259 1.24985 1.1636 1.11336 2.31457 1.39 3.10698 1.39816 2.4563 2.07093
threshold=1.0000000180025095e-35 1.0000000180025095e-35 0.37500000000000006 0.19531250000000003 0.62500000000000011 0.37500000000000006 1.0000000180025095e-35 0.78000000000000014 1.0000000180025095e-35 1.0000000180025095e-35 0.37500000000000006 0.31250000000000006 0.22656250000000003 0.43750000000000006
decision_type=2 2 2 2 2 2 2 2 2 2 2 2 2 2
left_child=2 4 3 -1 7 -5 -3 -2 -9 -10 11 12 -11 -13
right_child=1 6 -4 5 -6 -7 -8 8 9 10 -12 13 -14 -15
leaf_value=0.0085697979101716608 -0.0052682044270587342 -0.059638237635310856 0.014420290691359817 -0.030186905566031375 0.043998247131495083 0.004476452260544282 0.07994399149946764 0.045099408533247599 0.016613604161316395 0.017045035303490063 -0.08307396720476562 0.025657256774036311 -0.049294200684686963 -0.015146489542967169
leaf_weight=4.1985921392915833 15.827577373362145 1.8394991921377362 4.0581263042986384 15.324609255942052 2.2952421312220386 3.1319895505439481 0.16249696456361551 4.2883473658002904 17.601436457596719 2.5834637191146674 1.1323269063141186 8.6026958636939508 3.0340387711767107 4.8699491824954739
leaf_count=234 878 388 105 1706 18 103 36 53 304 50 45 96 170 154
internal_value=-4.76391e-11 0.00568924 -0.0132549 -0.0182122 0.00748394 -0.0243047 -0.0483087 0.00603745 0.0102866 0.00633964 -0.00260271 0.00217042 -0.0187851 0.010908
internal_weight=88.9504 62.2371 26.7133 22.6552 60.2351 18.4566 2.002 57.9398 42.1123 37.8239 20.2225 19.0901 5.6175 13.4726
internal_count=4340 2192 2148 2043 1768 1809 424 1750 872 819 515 470 220 250
is_linear=0
shrinkage=0.05


Tree=44
num_leaves=15
num_cat=0
split_feature=2 14 18 0 6 4 15 4 18 17 1 9 17 17
split_gain=2.77995 1.7957 1.71753 2.6311 1.70569 1.05536 1.15477 0.919448 1.01932 2.46046 2.42606 1.77051 3.0417 3.64674
threshold=1.0000000180025095e-35 1.0000000180025095e-35 0.38281250000000006 0.37500000000000006 0.62500000000000011 1.0000000180025095e-35 1.0000000180025095e-35 0.62500000000000011 0.28906250000000006 0.31250000000000006 1.0000000180025095e-35 0.92857142857142871 0.43750000000000006 0.31250000000000006
decision_type=2 2 2 2 2 2 2 2 2 2 2 2 2 2
left_child=2 7 3 4 5 -1 -7 8 10 -10 -2 -12 13 -13
right_child=1 -3 -4 -5 -6 6 -8 -9 9 -11 11 12 -14 -15
leaf_value=-0.015214499214302686 -0.018205768295845096 -0.060640738641172545 -0.057920813539119535 0.052668018227758573 0.063102268098704922 -0.062679273195817009 0.063261266839464217 0.044322744711841118 -0.056007696980459681 0.0013720728450518987 0.023429921478284824 -0.031110319532264088 -0.072801851604608128 0.025629528307037866
leaf_weight=12.221808329049965 6.7454173644073299 1.038040843210182 2.2580557123292229 1.4596703471615917 0.62745051784440953 2.1318872024421576 0.19900425290688861 1.5008173398673523 2.0440250770188895 21.72716208093334 21.859648437704891 4.1070398115552917 1.2767292149364955 9.1204883363097906
leaf_count=1165 187 157 574 11 6 374 4 9 207 1086 324 128 32 76
internal_value=-2.90652e-10 0.00462841 -0.017002 -0.0114492 -0.0176145 -0.0210947 -0.0519269 0.00561921 0.00475069 -0.00356187 0.00933437 0.014443 0.000898649 0.00801227
internal_weight=88.3172 69.4194 18.8979 16.6398 15.1802 14.5527 2.33089 68.3813 66.8805 23.7712 43.1093 36.3639 14.5043 13.2275
internal_count=4340 2206 2134 1560 1549 1543 378 2049 2040 1293 747 560 236 204
is_linear=0
shrinkage=0.05


Tree=45
num_leaves=15
num_cat=0
split_feature=12 13 18 14 18 17 0 4 17 8 8 8 17 18
split_gain=2.711 1.93209 1.46344 1.39901 1.17376 1.42041 1.20552 1.92625 1.22871 1.64387 2.27923 1.61737 2.29991 1.43172
threshold=1.0000000180025095e-35 1.0000000180025095e-35 0.42968750000000006 1.0000000180025095e-35 0.38281250000000006 0.43750000000000006 0.37500000000000006 0.37500000000000006 0.18750000000000003 0.78000000000000014 0.75000000000000011 0.9900000000000001 0.31250000000000006 0.25781250000000006
decision_type=2 2 2 2 2 2 2 2 2 2 2 2 2 2
left_child=2 4 3 -1 6 -6 7 8 -2 10 13 -11 -13 -10
right_child=1 -3 -4 -5 5 -7 -8 -9 9 11 -12 12 -14 -15
leaf_value=-0.007413976120039527 0.058763213441713813 -0.044600047526871696 -0.059860072274376432 -0.057761772992286645 -0.062802561786620623 -0.00096848223674903206 0.021784401554399681 -0.075586916358849149 -0.058623606825045776 0.019624325509421264 -0.089534852589842062 -0.042463174792764846 0.011117773623265119 0.0024842177201950294
leaf_weight=23.637418087339036 1.0934405461885024 1.8441557510523114 1.5870911070960563 1.4652774236164976 1.2079572723014269 4.0180848606978543 14.679304671008138 0.72784901713021 1.0939956994261555 18.673928533215076 0.8783523393794902 2.9405165881617013 6.2800929467193782 7.7409088962012902
leaf_count=1580 13 424 313 255 175 289 148 44 224 300 24 129 81 341
internal_value=-5.89573e-10 0.00580085 -0.0132968 -0.0103528 0.00736734 -0.0152609 0.00955289 0.00499914 0.00651471 0.00499559 -0.0127194 0.0111642 -0.00596956 -0.00508255
internal_weight=87.8684 61.1786 26.6898 25.1027 59.3344 5.22604 54.1084 39.4291 38.7012 37.6078 9.71326 27.8945 9.22061 8.8349
internal_count=4340 2192 2148 1835 1768 464 1304 1156 1112 1099 589 510 210 565
is_linear=0
shrinkage=0.05


Tree=46
num_leaves=15
num_cat=0
split_feature=14 2 18 0 17 8 8 12 17 18 1 4 6 6
split_gain=2.57112 2.06271 1.67101 2.34852 1.49782 1.70039 1.21588 0.884542 1.88125 0.928603 1.0429 1.73334 1.20558 1.35548
threshold=1.0000000180025095e-35 1.0000000180025095e-35 0.38281250000000006 0.37500000000000006 0.18750000000000003 0.62000000000000011 0.59000000000000008 1.0000000180025095e-35 0.56250000000000011 0.41406250000000006 0.37500000000000006 0.37500000000000006 1.0000000180025095e-35 0.37500000000000006
decision_type=2 2 2 2 2 2 2 2 2 2 2 2 2 2
left_child=1 2 3 4 5 -1 -6 8 9 10 11 12 -3 -14
right_child=-2 7 -4 -5 6 -7 -8 -9 -10 -11 -12 -13 13 -15
leaf_value=-0.05713607531595305 -0.059077090907299012 -0.0023765211464789292 -0.057053941673323505 0.054482489170805129 -0.011936670241546906 0.069018616671406338 -0.049934863791576634 0.0086829375266911611 -0.060052453774320981 0.03728912075889862 0.028959926169261935 0.021126940718032922 -0.055329241827385661 0.0022491628701963133
leaf_weight=0.36453879601322181 1.8036935366690148 5.0865171612240427 2.0010826499201348 1.3509722277522094 10.151408024481496 0.99934588966425508 2.6560839387821025 49.431598807685077 1.3904894599691022 1.5528696379624296 2.1652545225806525 3.6267956420779219 3.2787881350377575 1.485138503834605
leaf_count=77 300 197 561 8 1054 17 274 1182 243 24 41 58 257 47
internal_value=-7.15962e-10 0.00124568 -0.0140512 -0.00850746 -0.0145124 0.0353 -0.0198169 0.00518664 -0.00411223 0.000411337 -0.00324961 -0.0084244 -0.0193048 -0.0373794
internal_weight=87.3446 85.5409 17.5234 15.5223 14.1714 1.36388 12.8075 68.0175 18.5859 17.1954 15.6425 13.4772 9.85044 4.76393
internal_count=4340 4040 1991 1430 1422 94 1328 2049 867 624 600 559 501 304
is_linear=0
shrinkage=0.05


Tree=47
num_leaves=15
num_cat=0
split_feature=12 13 17 8 16 17 9 17 18 5 18 0 8 2
split_gain=2.95963 1.88447 1.39504 1.34033 1.17544 1.14537 1.11153 1.18037 1.23913 1.54402 1.01558 0.834973 0.933932 2.16758
threshold=1.0000000180025095e-35 1.0000000180025095e-35 0.18750000000000003 0.9235000000000001 1.0000000180025095e-35 0.56250000000000011 0.78571428571428581 0.31250000000000006 0.19531250000000003 0.37500000000000006 0.33593750000000006 0.37500000000000006 0.9900000000000001 0.37500000000000006
decision_type=2 2 2 2 2 2 2 2 2 2 2 2 2 2
left_child=3 2 -2 6 -3 -5 7 -1 -9 -10 11 -4 -13 -14
right_child=1 4 10 5 -6 -7 -8 8 9 -11 -12 12 13 -15
leaf_value=-0.048919705668545095 0.061797744626557585 -0.057238801094938278 0.0052967971000468378 0.0048527023613503598 0.079555017414812898 -0.059622912401916306 -0.057481535411151932 0.034542294816502582 -0.027456403200557401 0.01963396268341203 -0.0092553644326530109 0.0083736757290567981 0.0073799153398762043 0.068358922243132489
leaf_weight=2.5291605457896393 1.1660293664317567 1.6379359062993888 35.160740784776863 9.4490991532802582 0.17369195132050652 0.74295870296191502 2.0437072840868487 1.3121610525995482 7.9103140545776096 2.2318542767316103 8.6287018853472528 7.6277614869177324 3.2310118041932583 2.6546854749321938
leaf_count=482 15 388 925 228 36 105 346 28 925 34 711 71 37 9
internal_value=3.8296e-10 0.00609962 0.00765576 -0.0140236 -0.0441235 0.000152698 -0.0230386 -0.0180048 -0.0111786 -0.0170938 0.00655405 0.00935666 0.01992 0.0348839
internal_weight=86.4998 60.2806 58.4689 26.2193 1.81163 10.1921 16.0272 13.9835 11.4543 10.1422 57.3029 48.6742 13.5135 5.8857
internal_count=4340 2192 1768 2148 424 333 1815 1469 987 959 1753 1042 117 46
is_linear=0
shrinkage=0.05


Tree=48
num_leaves=15
num_cat=0
split_feature=12 13 18 4 17 16 17 17 18 0 4 17 18 17
split_gain=2.63166 1.705 1.25941 1.20799 1.13855 1.08738 1.06705 0.979777 0.971095 1.10467 1.54134 1.10138 1.11468 1.17277
threshold=1.0000000180025095e-35 1.0000000180025095e-35 0.19531250000000003 0.37500000000000006 0.18750000000000003 1.0000000180025095e-35 0.31250000000000006 0.18750000000000003 0.38281250000000006 0.37500000000000006 0.37500000000000006 0.43750000000000006 0.57031250000000011 0.81250000000000011
decision_type=2 2 2 2 2 2 2 2 2 2 2 2 2 2
left_child=2 4 7 6 -2 -3 -4 -1 9 10 -6 -10 13 -13
right_child=1 5 3 -5 8 -7 -8 -9 11 -11 -12 12 -14 -15
leaf_value=-0.065588521327588162 0.057376239264090127 -0.056808189452155371 -0.058786787876405358 0.0088780886842675273 0.0051234160504001706 0.070284493422164473 -0.019558145622149432 0.016582895710452378 -0.060067695158667195 0.020081496748439759 -0.072060709489719418 -0.011813013055692774 -0.068277640325978925 0.050541851644749163
leaf_weight=0.39550368167693051 1.109245016472413 1.5514351990423154 1.9496504954295293 3.3437857001554212 36.895364872179925 0.18877782823983569 15.634395481785758 4.3824431909015402 1.0549897345481429 14.345197371672837 0.65836234379093994 2.4056599604082294 0.55932752974331368 1.0983535707928243
leaf_count=68 15 388 396 98 1099 36 1413 173 173 148 44 229 46 14
internal_value=-7.91872e-10 0.00574566 -0.0133812 -0.0186693 0.00720566 -0.0430212 -0.0239077 0.009781 0.00622962 0.00827881 0.00377028 -0.0145488 -0.00273047 0.00773248
internal_weight=85.5725 59.8667 25.7058 20.9278 58.1265 1.74021 17.584 4.77795 57.0173 51.8989 37.5537 5.11833 4.06334 3.50401
internal_count=4340 2192 2148 1907 1768 424 1809 241 1753 1291 1143 462 289 243
is_linear=0
shrinkage=0.05


Tree=49
num_leaves=15
num_cat=0
split_feature=12 13 18 4 17 18 17 16 0 4 2 4 8 5
split_gain=2.32741 1.61507 1.2683 1.18511 1.43415 1.39195 1.04126 0.908472 0.876335 1.45272 1.40971 1.27189 1.04913 2.12809
threshold=1.0000000180025095e-35 1.0000000180025095e-35 0.42968750000000006 1.0000000180025095e-35 0.43750000000000006 0.27343750000000006 0.18750000000000003 1.0000000180025095e-35 0.37500000000000006 0.37500000000000006 1.0000000180025095e-35 1.0000000180025095e-35 0.9900000000000001 0.37500000000000006
decision_type=2 2 2 2 2 2 2 2 2 2 2 2 2 2
left_child=2 6 3 4 -1 -6 -2 -3 9 10 11 -8 -12 -14
right_child=1 7 -4 -5 5 -7 8 -9 -10 -11 12 -13 13 -15
leaf_value=-0.04666163593034351 0.055779449684592058 -0.056482774413311482 -0.05850338597984206 -0.0028531180591413437 0.036213092233522502 -0.033287226372098973 -0.0070821327688177817 0.058088282391820137 0.016227790921045902 -0.071215348026661629 0.013243237112899082 -0.062486247689282903 0.0024059947556169998 -0.07042075541076119
leaf_weight=4.0324149811640444 1.0656303074210871 1.4752632527379308 1.4254209368373256 17.000744856195524 1.3631660891696813 1.5279367503244428 6.2386697345064013 0.1960106095066293 15.060526403598486 0.66392300906591017 24.115737061714754 1.24211191694485 8.2317864091601187 1.1423112822230912
leaf_count=674 15 388 313 870 31 260 491 36 206 48 513 230 212 53
internal_value=-5.81619e-10 0.00541043 -0.0126847 -0.00995477 -0.0273929 -0.000517559 0.00681248 -0.0430456 0.0058921 0.00215336 0.00334229 -0.0162815 0.00772574 -0.00646855
internal_weight=84.7817 59.432 25.3497 23.9243 6.92352 2.8911 57.7607 1.67127 56.6951 41.6345 40.9706 7.48078 33.4898 9.3741
internal_count=4340 2192 2148 1835 965 291 1768 424 1753 1547 1499 721 778 265
is_linear=0
shrinkage=0.05


Tree=50
num_leaves=15
num_cat=0
split_feature=12 13 18 14 18 17 8 18 4 3 17 6 8 18
split_gain=2.16207 1.49918 1.1828 1.14278 1.03821 0.914565 0.922733 1.77857 1.60855 0.984033 0.966874 0.893131 1.01904 0.867586
threshold=1.0000000180025095e-35 1.0000000180025095e-35 0.42968750000000006 1.0000000180025095e-35 0.33593750000000006 0.18750000000000003 0.78000000000000014 0.24218750000000003 1.0000000180025095e-35 0.62500000000000011 0.56250000000000011 1.0000000180025095e-35 0.95350000000000013 0.25781250000000006
decision_type=2 2 2 2 2 2 2 2 2 2 2 2 2 2
left_child=2 4 3 -1 5 -2 7 -7 -8 11 -9 12 13 -10
right_child=1 -3 -4 -5 -6 6 8 10 9 -11 -12 -13 -14 -15
leaf_value=-0.0071351617405882341 0.05517721583580798 -0.042261554067531293 -0.057817227036222267 -0.056464044015800165 -0.0095914216346554872 -0.067312364941771508 0.0431717681675177 -0.0025295318259749323 -0.0082381361081034048 0.045155946059909934 0.059125528308732515 -0.00085664410973399505 0.045880841533742153 0.020148289745254105
leaf_weight=22.407620710786439 1.0661451388150442 1.6160267138620827 1.351268695318139 1.2390059395693231 8.4658508971915563 1.027115387667435 3.7278983625583342 8.6181804904481361 4.2066328423097747 1.7415669914335001 0.68653016327880401 17.868561654584482 2.3705855738371602 7.4744661068543792
leaf_count=1580 13 424 313 255 713 200 39 305 68 10 16 315 17 72
internal_value=4.72262e-10 0.00523136 -0.0123198 -0.00971983 0.00657189 0.00937661 0.00835338 -0.00487291 0.0120082 0.00855695 0.00201957 0.00656011 0.0159915 0.00992568
internal_weight=83.8675 58.8696 24.9979 23.6466 57.2535 48.7877 47.7215 10.3318 37.3897 33.6618 9.30471 31.9202 14.0517 11.6811
internal_count=4340 2192 2148 1835 1768 1055 1042 521 521 482 321 472 157 140
is_linear=0
shrinkage=0.05


Tree=51
num_leaves=15
num_cat=0
split_feature=14 13 8 16 12 18 17 18 8 18 8 2 4 17
split_gain=2.03412 1.65172 1.68295 1.35231 1.26758 1.23726 0.872166 0.871213 0.739033 1.75701 1.68153 1.21721 3.43666 1.09971
threshold=1.0000000180025095e-35 1.0000000180025095e-35 0.9900000000000001 1.0000000180025095e-35 1.0000000180025095e-35 0.21093750000000003 0.18750000000000003 0.42968750000000006 0.78000000000000014 0.24218750000000003 0.83000000000000007 0.37500000000000006 0.37500000000000006 0.56250000000000011
decision_type=2 2 2 2 2 2 2 2 2 2 2 2 2 2
left_child=1 3 -3 4 5 -1 -6 -7 9 -8 -10 12 -12 -11
right_child=-2 2 -4 -5 6 7 8 -9 10 13 11 -13 -14 -15
leaf_value=0.015877903127000863 -0.057787342873969742 -0.055245287516020758 0.01164635376604293 -0.067382738434490705 0.052227384926503299 -0.010645456491440324 -0.067907223475796322 -0.05741165531161424 0.030152360123421235 -0.0041264361621442596 0.0047024876218251799 0.030022364725215953 -0.080553458017413981 0.042524731818984168
leaf_weight=4.5138114000437808 1.4954773756908242 2.51277791900793 1.5025798372225834 0.68282502220244978 1.0545501706656057 15.156522038858386 0.99235837714513664 1.0659000875893969 8.039742431137709 11.007256298034916 28.404315710184168 4.1647054366767398 1.2333523492561642 1.4270307551487338
leaf_count=173 300 648 78 85 15 1107 196 252 102 521 650 40 53 120
internal_value=-6.46779e-10 0.00105702 -0.0302139 0.00267215 0.00329291 -0.00727583 0.00718394 -0.0137182 0.00632449 -0.0038822 0.0095997 0.00471134 0.00115462 0.00122752
internal_weight=83.2532 81.7577 4.01536 77.7424 77.0595 20.7362 56.3233 16.2224 55.2688 13.4266 41.8421 33.8024 29.6377 12.4343
internal_count=4340 4040 726 3314 3229 1532 1697 1359 1682 837 845 743 703 641
is_linear=0
shrinkage=0.05


Tree=52
num_leaves=15
num_cat=0
split_feature=12 18 13 18 8 15 17 17 18 1 0 18 18 18
split_gain=1.93592 1.29819 1.21132 1.08188 0.806676 1.09517 0.790674 0.798405 1.32411 0.937004 0.915134 0.843207 1.19363 0.778823
threshold=1.0000000180025095e-35 0.57031250000000011 1.0000000180025095e-35 0.21093750000000003 0.85350000000000004 1.0000000180025095e-35 0.18750000000000003 0.81250000000000011 0.38281250000000006 1.0000000180025095e-35 0.37500000000000006 0.32031250000000006 0.27343750000000006 0.42968750000000006
decision_type=2 2 2 2 2 2 2 2 2 2 2 2 2 2
left_child=3 2 6 4 5 -1 -2 8 10 -10 -8 12 -12 -5
right_child=1 -3 -4 13 -6 -7 7 -9 9 -11 11 -13 -14 -15
leaf_value=-0.028469448193556415 0.050421757142655066 -0.065202676319802658 -0.039925552863545238 -0.014987879811819467 0.023735517239686151 0.057275048876391878 0.0031833884168484664 0.049511705596847672 0.017224654076238147 -0.041862654476428875 0.022788668724544953 0.041442097590809079 -0.013528138528262146 -0.056498737625251844
leaf_weight=2.157835199031982 1.0256511899642635 0.65162325883284111 1.4145017462724343 17.421939624066002 3.2215508825611323 0.45007203938439477 36.858104846382048 1.0397250954993058 0.93250990001251954 2.3921153121045782 7.3874788135290128 3.0610796911641946 3.2613617815077305 1.2083069701329794
leaf_count=265 15 84 390 1518 44 8 1143 14 70 328 61 39 48 313
internal_value=4.76408e-10 0.00497336 0.0057704 -0.011798 0.00700077 -0.0136717 0.0069255 0.00611338 0.00527611 -0.0252895 0.00728567 0.0183143 0.0116661 -0.0176802
internal_weight=82.4839 58.0242 57.3725 24.4597 5.82946 2.60791 55.958 54.9324 53.8927 3.32463 50.568 13.7099 10.6488 18.6302
internal_count=4340 2192 2108 2148 317 273 1718 1703 1689 398 1291 148 109 1831
is_linear=0
shrinkage=0.05


Tree=53
num_leaves=15
num_cat=0
split_feature=14 13 8 12 18 18 17 18 5 4 18 17 17 1
split_gain=1.86931 1.5587 1.49772 1.20811 1.02049 0.867707 0.831808 0.902254 0.775521 0.754612 0.747727 1.33858 0.693664 0.688808
threshold=1.0000000180025095e-35 1.0000000180025095e-35 0.9900000000000001 1.0000000180025095e-35 0.42968750000000006 0.33593750000000006 0.18750000000000003 0.21093750000000003 0.37500000000000006 0.37500000000000006 0.57031250000000011 0.81250000000000011 0.18750000000000003 0.37500000000000006
decision_type=2 2 2 2 2 2 2 2 2 2 2 2 2 2
left_child=1 3 -3 4 6 12 -1 -8 9 13 11 -7 -5 -9
right_child=-2 2 -4 5 -6 10 7 8 -10 -11 -12 -13 -14 -15
leaf_value=-0.062550294074947499 -0.057285337265134476 -0.054897756501780026 0.0091265486756712463 0.050542858238287684 -0.056130232545923191 -0.012621303342748538 0.016834974537252866 -0.027627431229255445 0.0119019214359481 0.012259179023819781 -0.065925905868450582 0.04956703520523939 0.0080831102285196799 0.0082602270201986884
leaf_weight=0.61304191598902136 1.3997460625832889 2.3546840536000664 1.4923715115292 0.9821136025711884 1.0364960698643688 6.7455582588445377 4.2791103614144985 7.7545411340543051 3.3501212031114838 2.0192438636440775 0.53197677538264532 0.99263322353363026 46.758139662328176 1.6156177860684691
leaf_count=113 300 648 78 13 271 642 152 852 77 54 49 12 1020 59
internal_value=-8.03749e-11 0.000995769 -0.0300611 0.00255393 -0.00777773 0.00636637 -0.00522486 -0.00337705 -0.00924491 -0.0154651 -0.00858591 -0.00464396 0.00895659 -0.0214396
internal_weight=81.9254 80.5256 3.84706 76.6786 20.6682 56.0104 19.6317 19.0186 14.7395 11.3894 8.27017 7.73819 47.7403 9.37016
internal_count=4340 4040 726 3314 1578 1736 1307 1194 1042 965 703 654 1033 911
is_linear=0
shrinkage=0.05


Tree=54
num_leaves=15
num_cat=0
split_feature=14 13 8 12 18 18 5 11 4 1 8 18 18 6
split_gain=1.72643 1.32727 1.47824 1.14381 0.990346 0.867505 0.800562 1.03259 0.926876 0.843833 1.66646 0.847703 0.939705 0.759279
threshold=1.0000000180025095e-35 1.0000000180025095e-35 0.9900000000000001 1.0000000180025095e-35 0.21093750000000003 0.33593750000000006 0.37500000000000006 1.0000000180025095e-35 0.37500000000000006 0.37500000000000006 0.9900000000000001 0.24218750000000003 0.28906250000000006 0.62500000000000011
decision_type=2 2 2 2 2 2 2 2 2 2 2 2 2 2
left_child=1 3 -3 4 -1 13 8 -8 9 11 -11 -6 -13 -5
right_child=-2 2 -4 5 6 -7 7 -9 -10 10 -12 12 -14 -15
leaf_value=0.012533264387326316 -0.056807914260085662 -0.054157466470244137 0.0097910301278958407 0.0073450469888150047 -0.070926267054747902 -0.0091630631485222803 0.022490247216259807 -0.041055793490103097 0.010724080810849074 -0.063639746684422016 0.041776436117860978 -0.0061198613332220462 -0.042366435527695499 0.039629213111942459
leaf_weight=4.6310687740333405 1.3157308554509644 2.2199809006997375 1.5241337852785366 45.801003657281399 1.2267039372236448 8.0004275957471673 2.6680869446136053 0.84071885095909227 2.0609521232545367 0.56499912723665935 1.1142793081235141 3.2654037527390756 3.9524974572705105 1.8966356664896
leaf_count=189 300 648 78 1019 136 703 37 59 61 58 19 218 801 14
internal_value=9.09376e-10 0.00093703 -0.0281257 0.00236837 -0.00778435 0.00607318 -0.0137799 0.00726445 -0.01984 -0.026062 0.00630879 -0.0324992 -0.0259684 0.00862879
internal_weight=81.0826 79.7669 3.74411 76.0228 20.3247 55.6981 15.6936 3.50881 12.1848 10.1239 1.67928 8.44461 7.2179 47.6976
internal_count=4340 4040 726 3314 1578 1736 1389 96 1293 1232 77 1155 1019 1033
is_linear=0
shrinkage=0.05


Tree=55
num_leaves=15
num_cat=0
split_feature=12 13 18 4 17 5 16 18 17 18 17 1 18 1
split_gain=1.66362 1.15374 0.939292 1.01479 0.849771 0.848026 0.815722 0.784912 1.08319 0.976148 0.847212 0.803457 0.763571 0.949849
threshold=1.0000000180025095e-35 1.0000000180025095e-35 0.19531250000000003 0.37500000000000006 0.31250000000000006 0.37500000000000006 1.0000000180025095e-35 0.38281250000000006 0.43750000000000006 0.57031250000000011 0.81250000000000011 1.0000000180025095e-35 0.13281250000000003 1.0000000180025095e-35
decision_type=2 2 2 2 2 2 2 2 2 2 2 2 2 2
left_child=2 7 12 4 -4 -6 -3 -2 -9 10 11 -10 -1 -14
right_child=1 6 3 -5 5 -7 -8 8 9 -11 -12 -13 13 -15
leaf_value=-0.0533420779666594 0.0075210157876983916 -0.055568707064865198 -0.057045946002043185 0.0094478973335037162 -0.02374304681766061 0.0070148664942309555 0.060636191656149543 -0.060787973429838826 0.031100720103761931 -0.065519126987217166 0.04746185915206326 -0.030430358130258368 -0.043229866974733841 0.025205031202422547
leaf_weight=0.444816723989791 51.03286864986876 1.191038751596351 1.5146282917703526 3.200914525659754 11.276821303588802 2.7967453456949434 0.17294894903898228 0.97218128584790875 0.83197702147299546 0.51633098884485651 0.97660264582373191 1.4642658376251345 0.59023088950198133 3.5972371962270699
leaf_count=72 1304 388 396 98 1333 80 36 175 56 46 14 173 44 125
internal_value=-4.13426e-10 0.00459887 -0.0112232 -0.016195 -0.0214605 -0.0176307 -0.0408343 0.00570957 -0.0137058 -0.00162601 0.00845391 -0.00813636 0.00894276 0.015559
internal_weight=80.5796 57.1582 23.4214 18.7891 15.5882 14.0736 1.36399 55.7942 4.76136 3.78918 3.27285 2.29624 4.63228 4.18747
internal_count=4340 2192 2148 1907 1809 1413 424 1768 464 289 243 229 241 169
is_linear=0
shrinkage=0.05


Tree=56
num_leaves=15
num_cat=0
split_feature=14 13 8 12 18 17 18 17 8 18 4 3 10 18
split_gain=1.57354 1.2343 1.32261 1.04389 0.92844 0.733406 0.886663 0.723538 0.706703 1.69889 1.44905 0.708203 0.937981 0.769483
threshold=1.0000000180025095e-35 1.0000000180025095e-35 0.9900000000000001 1.0000000180025095e-35 0.42968750000000006 0.18750000000000003 0.19531250000000003 0.18750000000000003 0.78000000000000014 0.24218750000000003 1.0000000180025095e-35 0.37500000000000006 1.0000000180025095e-35 0.25781250000000006
decision_type=2 2 2 2 2 2 2 2 2 2 2 2 2 2
left_child=1 3 -3 4 5 -1 -7 -5 9 -9 -10 12 13 -11
right_child=-2 2 -4 7 -6 6 -8 8 10 11 -12 -13 -14 -15
leaf_value=-0.061995710700548157 -0.056232747050040527 -0.053568048858803244 0.0075700674988036822 0.048114081375082801 -0.055442636948396407 0.019789189340681419 -0.0086625779874761819 -0.068488105174493608 0.037335521289571294 -0.078766934457004112 0.0052102056206163195 0.018138382653595297 -0.046339825168321414 0.002655961914229418
leaf_weight=0.55086514371215045 1.2249901954783116 2.0854688850522498 1.5362216514768081 0.99103121156804164 0.96484788678935629 3.3539463153574642 14.917626706475856 0.97723676305031304 3.8758521806448689 0.30295379646122267 37.2032969595748 3.7440347112715235 1.3408406314556485 6.8740029947948642
leaf_count=113 300 648 78 15 271 106 1088 196 48 38 818 49 151 421
internal_value=4.78443e-10 0.000875078 -0.0276349 0.00225003 -0.0076058 -0.00515366 -0.00343995 0.00577603 0.00500358 -0.00504252 0.00824126 1.39263e-05 -0.00795276 -0.000781062
internal_weight=79.9432 78.7182 3.62169 75.0965 19.7873 18.8224 18.2716 55.3092 54.3182 13.2391 41.0791 12.2618 8.5178 7.17696
internal_count=4340 4040 726 3314 1578 1307 1194 1736 1721 855 866 659 610 459
is_linear=0
shrinkage=0.05


Tree=57
num_leaves=15
num_cat=0
split_feature=14 13 8 18 12 18 5 11 4 1 8 18 18 6
split_gain=1.56051 1.22057 1.17214 1.03342 1.01669 0.758966 0.695724 0.910845 0.729931 0.797462 1.28283 0.83086 0.779075 0.670352
threshold=1.0000000180025095e-35 1.0000000180025095e-35 0.9900000000000001 0.57031250000000011 1.0000000180025095e-35 0.21093750000000003 0.37500000000000006 1.0000000180025095e-35 0.37500000000000006 0.37500000000000006 0.9900000000000001 0.24218750000000003 0.36718750000000006 0.62500000000000011
decision_type=2 2 2 2 2 2 2 2 2 2 2 2 2 2
left_child=1 3 -3 4 5 -1 8 -8 9 11 -11 -7 -13 -6
right_child=-2 2 -4 -5 13 6 7 -9 -10 10 -12 12 -14 -15
leaf_value=0.010974405749227834 -0.056625812896369011 -0.053190005756852614 0.00483451494914784 -0.063233150340976874 0.0052045459012114055 -0.070708027275660848 0.02096698736535586 -0.039595129595620865 0.0088614713550505108 -0.059136664955960871 0.039024046180903577 -0.015850104953761615 -0.058744462864412386 0.03539880785105317
leaf_weight=4.5042343041277517 1.1983360861777317 1.9915062905347432 1.5460093638394028 0.59812422038521518 52.6737093210686 1.1096381257520969 2.7049675111193205 0.80578867299482215 2.0299773903097948 0.48253276199102368 1.0728929438628256 5.5282896439894103 1.309271005913615 1.9046750529669214
leaf_count=189 300 648 78 85 1670 136 37 57 61 55 19 597 391 17
internal_value=3.56949e-10 0.000867051 -0.0278314 0.00222566 0.00275385 -0.00703073 -0.0124218 0.00706677 -0.0183545 -0.0241684 0.00857209 -0.0305764 -0.0240636 0.00625826
internal_weight=79.46 78.2616 3.53752 74.7241 74.126 19.5476 15.0434 3.51076 11.5326 9.50262 1.55543 7.9472 6.83756 54.5784
internal_count=4340 4040 726 3314 3229 1542 1353 94 1259 1198 74 1124 988 1687
is_linear=0
shrinkage=0.05


Tree=58
num_leaves=15
num_cat=0
split_feature=14 12 18 18 13 17 18 4 5 17 18 1 17 11
split_gain=1.43027 1.08081 1.01728 0.84166 0.829538 0.693215 0.751754 0.730304 0.688146 0.641539 0.932775 0.853964 0.611709 0.812117
threshold=1.0000000180025095e-35 1.0000000180025095e-35 0.57031250000000011 0.42968750000000006 1.0000000180025095e-35 0.18750000000000003 0.19531250000000003 0.37500000000000006 0.37500000000000006 0.81250000000000011 0.38281250000000006 1.0000000180025095e-35 0.18750000000000003 1.0000000180025095e-35
decision_type=2 2 2 2 2 2 2 2 2 2 2 2 2 2
left_child=1 3 4 5 9 -1 -7 8 -8 10 12 -12 -3 -14
right_child=-2 2 -4 -5 -6 6 7 -9 -10 -11 11 -13 13 -15
leaf_value=-0.061288417425594821 -0.056030362350476648 0.046595963426744436 -0.062893573314268009 -0.054804546506526219 -0.036830238263722788 0.01406321003859144 -0.021062285151428037 0.012225675581601531 0.0071775588492348011 0.047602899400685475 0.019288905913276717 -0.038532843173323311 -0.0048703890641582665 0.0098901894097188012
leaf_weight=0.56335935962852701 1.1227478169021186 0.95423754956573148 0.55500774126266961 0.94655902771046285 1.1531160566082679 4.0943597502773654 10.226522881072013 3.0122720520012072 2.7339375750161699 0.91221572738140722 0.90626764867920462 2.1616287505603387 12.448025067045817 37.067325311596505
leaf_count=137 300 13 83 300 390 157 1142 75 69 12 66 327 610 659
internal_value=-3.15793e-10 0.000809263 0.00446376 -0.00870219 0.0051361 -0.00658694 -0.00505126 -0.00995095 -0.0151052 0.00602485 0.00531641 -0.0214521 0.00694358 0.00617942
internal_weight=78.8576 77.7348 56.1578 21.577 55.6028 20.6305 20.0671 15.9727 12.9605 54.4497 53.5375 3.0679 50.4696 49.5154
internal_count=4340 4040 2160 1880 2077 1580 1443 1286 1211 1687 1675 393 1282 1269
is_linear=0
shrinkage=0.05


Tree=59
num_leaves=15
num_cat=0
split_feature=14 12 13 18 8 9 5 1 4 18 3 17 18 17
split_gain=1.34486 1.04292 0.845585 0.781869 0.646553 1.04967 0.718967 0.644779 1.37528 0.616247 0.653334 0.73462 0.609592 0.717599
threshold=1.0000000180025095e-35 1.0000000180025095e-35 1.0000000180025095e-35 0.42968750000000006 0.9235000000000001 0.78571428571428581 0.37500000000000006 0.37500000000000006 0.37500000000000006 0.27343750000000006 0.37500000000000006 0.31250000000000006 0.19531250000000003 0.43750000000000006
decision_type=2 2 2 2 2 2 2 2 2 2 2 2 2 2
left_child=1 3 -3 4 5 6 9 8 -6 10 11 -1 -13 -14
right_child=-2 2 -4 -5 7 -7 -8 -9 -10 -11 -12 12 13 -15
leaf_value=-0.04516894282146796 -0.055770663082567597 0.0052855853158117637 -0.037368874791742029 -0.054166097692211861 -0.022102784301163608 -0.05512826608351145 0.016858015069295119 0.031481915716902287 0.023087800639481168 -0.034754252688848686 0.054274013473475206 0.029341095421663535 -0.033726882658595275 0.018628009944009344
leaf_weight=1.191281666513534 1.0661960268625978 54.485534915409517 1.1872162126528554 0.90239331024349567 3.9721380859846231 1.3820033930824145 2.1703104411717513 1.693810313940048 2.9221084984019399 2.7632675507338718 0.41767372749745835 1.2012076550163331 1.6813688171678223 1.0716515728272498
leaf_count=266 300 1736 424 300 198 252 29 29 36 522 7 27 180 34
internal_value=-6.65667e-11 0.000771819 0.00437598 -0.00861803 -0.00660979 -0.0141661 -0.008773 0.00384186 -0.00294887 -0.0154538 -0.00586713 -0.0107489 -0.000379301 -0.013347
internal_weight=78.1082 77.042 55.6728 21.3692 20.4668 11.8788 10.4968 8.58806 6.89425 8.32645 5.56318 5.14551 3.95423 2.75302
internal_count=4340 4040 2160 1880 1580 1317 1065 263 234 1036 514 507 241 214
is_linear=0
shrinkage=0.05


Tree=60
num_leaves=15
num_cat=0
split_feature=12 18 13 18 8 9 17 8 8 6 9 8 17 17
split_gain=1.27128 0.937138 0.738769 0.686804 0.68825 0.902793 0.81588 0.826571 0.612264 0.573552 0.60073 2.62337 2.45827 1.79355
threshold=1.0000000180025095e-35 0.57031250000000011 1.0000000180025095e-35 0.42968750000000006 0.9235000000000001 0.78571428571428581 0.31250000000000006 0.87000000000000011 0.9900000000000001 0.62500000000000011 0.92857142857142871 0.94350000000000012 0.31250000000000006 0.43750000000000006
decision_type=2 2 2 2 2 2 2 2 2 2 2 2 2 2
left_child=3 2 9 4 5 6 7 -1 -4 10 11 -2 -12 -14
right_child=1 -3 8 -5 -6 -7 -8 -9 -10 -11 12 -13 13 -15
leaf_value=-0.055659080370887064 0.0038718876814653851 -0.06229652105511068 -0.054501048442894134 -0.05343552810438236 0.002368072244704463 -0.054064177181881716 -0.0050713759416478321 0.041511739836291313 0.040636867096620843 0.032784413651948834 -0.042876417885580977 0.05328121394033989 0.022497049606342953 -0.02659878346811867
leaf_weight=1.5474912953795907 37.170754323306028 0.52797759237000619 0.8777925211470563 0.88336065883049641 8.6490684488089737 1.385776799637825 9.0280910065630433 0.25489964149892319 0.20946521719451994 1.8540023686364282 3.1990282720653331 2.8957535028457633 6.3681695258710516 2.6278461450710893
leaf_count=459 1334 84 357 313 276 279 817 4 33 18 177 23 90 76
internal_value=-8.32383e-10 0.00400098 0.00463507 -0.0102525 -0.00842425 -0.0160652 -0.0112031 -0.0419169 -0.0361723 0.00545494 0.00448542 0.00744288 -0.00523125 0.00815556
internal_weight=77.4795 55.7308 55.2028 21.7487 20.8653 12.2163 10.8305 1.80239 1.08726 54.1156 52.2616 40.0665 12.195 8.99602
internal_count=4340 2192 2108 2148 1835 1559 1280 463 390 1718 1700 1357 343 166
is_linear=0
shrinkage=0.05


Tree=61
num_leaves=15
num_cat=0
split_feature=14 2 4 3 18 17 4 18 8 17 8 17 6 8
split_gain=1.22591 0.980875 1.72134 1.37906 0.719789 0.716904 0.606706 0.598968 2.1802 1.57878 1.08469 1.13747 1.62041 0.958752
threshold=1.0000000180025095e-35 1.0000000180025095e-35 1.0000000180025095e-35 0.37500000000000006 0.36718750000000006 0.56250000000000011 0.62500000000000011 0.28906250000000006 0.78000000000000014 0.31250000000000006 0.83000000000000007 0.43750000000000006 1.0000000180025095e-35 0.84350000000000003
decision_type=2 2 2 2 2 2 2 2 2 2 2 2 2 2
left_child=1 2 3 4 5 -1 7 8 -3 -9 -10 -12 -13 -11
right_child=-2 6 -4 -5 -6 -7 -8 9 10 13 11 12 -14 -15
leaf_value=-0.011539450022775809 -0.055452681645276149 -0.028757263291457502 -0.052510257740824733 0.03039298775129777 -0.052859105542040014 0.042146793855349834 0.037031421355835009 -0.048649055708970962 0.030072099265641663 0.011800020275580705 0.0101143613940868 0.0070354734981404659 -0.06354560697061433 -0.010351251545614001
leaf_weight=8.4011591071612148 0.98392935143783589 3.9460081830620757 2.1275429374072692 2.3789677435997865 0.97103277742280703 0.67154093016870398 1.3188146576285351 1.8095289288321534 5.8618316638749084 9.2989419139921683 25.460401322459806 2.0747670587152238 1.3373455705586819 10.290551471698562
leaf_count=916 300 132 492 37 491 55 9 207 101 394 453 15 46 692
internal_value=-6.49737e-10 0.000718402 -0.010954 -0.00383696 -0.0119447 -0.00756571 0.00348454 0.00274815 0.00646146 -0.00396393 0.0104625 0.00648126 -0.0206281 0.000163742
internal_weight=76.9324 75.9484 14.5502 12.4227 10.0437 9.0727 61.3982 60.0794 38.6804 21.399 34.7343 28.8725 3.41211 19.5895
internal_count=4340 4040 1991 1499 1462 971 2049 2040 747 1293 615 514 61 1086
is_linear=0
shrinkage=0.05


Tree=62
num_leaves=15
num_cat=0
split_feature=12 13 18 18 10 18 4 3 3 18 5 6 5 8
split_gain=1.22556 0.713553 0.64234 0.586373 0.693856 2.33707 1.31214 0.947747 0.76586 0.907094 2.38332 1.0812 2.63275 1.04651
threshold=1.0000000180025095e-35 1.0000000180025095e-35 0.21093750000000003 0.33593750000000006 1.0000000180025095e-35 0.24218750000000003 1.0000000180025095e-35 0.37500000000000006 0.62500000000000011 0.28906250000000006 0.37500000000000006 1.0000000180025095e-35 0.37500000000000006 0.93350000000000011
decision_type=2 2 2 2 2 2 2 2 2 2 2 2 2 2
left_child=2 3 -1 4 5 7 -6 -2 9 11 -11 -8 13 -13
right_child=1 -3 -4 -5 6 -7 8 -9 -10 10 -12 12 -14 -15
leaf_value=0.0050640260108943888 -0.023096324791382516 -0.03568714820548885 -0.015105366784238529 -0.0082169955969453815 0.032711039773884017 0.0050328400528642323 0.018507107078319936 -0.10237047049205641 0.039984292382095582 -0.046078955753662804 0.022066191850639915 -0.032259628180091149 -0.064892471839560498 0.014051357886156676
leaf_weight=5.2266306676319827 0.77023429796099552 1.1131263871502586 16.129341525724158 7.5013493781443676 5.501724107656627 9.6163639352889714 12.432836849708117 0.73852866515517235 1.5830947868525971 2.7863295127172014 2.378216978861019 1.4467863542959074 1.4875835273414857 7.7776913167908788
leaf_count=317 184 424 1831 713 91 312 124 10 10 109 37 32 41 105
internal_value=1.4342e-09 0.00393899 -0.0101691 0.00475551 0.00684736 -0.00404449 0.0102709 -0.0619005 0.00614077 0.0042482 -0.0146989 0.00847605 -0.0031664 0.00678785
internal_weight=76.4898 55.1339 21.356 54.0207 46.5194 11.1251 35.3943 1.50876 29.8925 28.3094 5.16455 23.1449 10.7121 9.22448
internal_count=4340 2192 2148 1768 1055 506 549 194 458 448 146 302 178 137
is_linear=0
shrinkage=0.05


Tree=63
num_leaves=15
num_cat=0
split_feature=12 17 18 2 6 0 18 18 18 4 17 15 18 17
split_gain=1.17602 0.658152 0.837038 0.861648 1.5039 1.08595 0.62625 0.770481 0.62503 0.632469 0.775578 0.957255 0.69687 0.587613
threshold=1.0000000180025095e-35 0.18750000000000003 0.57031250000000011 1.0000000180025095e-35 1.0000000180025095e-35 0.37500000000000006 0.25781250000000006 0.32031250000000006 0.42968750000000006 1.0000000180025095e-35 0.43750000000000006 1.0000000180025095e-35 0.27343750000000006 0.81250000000000011
decision_type=2 2 2 2 2 2 2 2 2 2 2 2 2 2
left_child=8 -2 3 4 5 6 -3 -8 9 10 11 -1 -12 -5
right_child=1 2 -4 13 -6 -7 7 -9 -10 -11 12 -13 -14 -15
leaf_value=-0.04920153039831459 0.045695085720977704 -0.057527551217802168 -0.061285549573903413 0.0056955163879455414 -0.052948641478556838 0.045145234658718364 0.0089636590049256629 -0.035519031802263845 -0.052860813397355801 -0.0030058687454544448 0.027680470500099332 0.040528891865932212 -0.027201564261942115 0.047492890712698535
leaf_weight=2.7356430924846857 0.92521682684309681 0.60004452135762942 0.49912370287347485 44.128968125674874 1.7025403408042619 1.0987888956442473 3.5073126451170538 1.347452508358401 0.81677245363243756 15.086415036610559 1.1013706801459195 0.33345696830656368 1.2181238334742372 0.85721374966669728
leaf_count=661 15 204 84 1137 274 7 173 284 313 870 31 13 260 14
internal_value=-1.18166e-09 0.00388271 0.00316286 0.00376704 -0.0110806 -0.000203837 -0.00933872 -0.00338263 -0.00996885 -0.00825784 -0.0229618 -0.0394523 -0.00114181 0.00649197
internal_weight=75.9584 54.6667 53.7414 53.2423 8.25614 6.5536 5.45481 4.85477 21.2918 20.475 5.38859 3.0691 2.31949 44.9862
internal_count=4340 2192 2177 2093 942 668 661 457 2148 1835 965 674 291 1151
is_linear=0
shrinkage=0.05


Tree=64
num_leaves=15
num_cat=0
split_feature=14 18 8 17 6 12 17 17 17 2 8 4 18 1
split_gain=1.11239 0.85677 0.871611 0.881028 0.598154 0.583769 0.982726 0.981538 0.556561 0.531529 2.9914 2.96712 0.673199 0.753141
threshold=1.0000000180025095e-35 0.57031250000000011 0.49000000000000005 0.31250000000000006 1.0000000180025095e-35 1.0000000180025095e-35 0.56250000000000011 0.18750000000000003 0.81250000000000011 0.37500000000000006 0.9900000000000001 0.37500000000000006 0.38281250000000006 0.37500000000000006
decision_type=2 2 2 2 2 2 2 2 2 2 2 2 2 2
left_child=1 2 3 -1 -5 6 -4 -7 9 11 -11 12 -9 -14
right_child=-2 -3 5 4 -6 7 -8 8 -10 10 -12 -13 13 -15
leaf_value=-0.055849994305626142 -0.055225007012828266 -0.060139868618446085 -0.0020412345687417454 -0.0039285194495978452 -0.05855909587544942 0.059134383890130086 -0.053840848461386287 0.0063255384349987127 0.045518168460519731 -0.018663393542555373 0.065247516973660755 -0.076548365325558657 -0.0042958636252096172 -0.065366740742788199
leaf_weight=1.0806816845142728 0.90096022604848158 0.57481634191935782 14.628654071508205 7.2838302237651078 0.53806399070890609 0.84812100604176421 0.97676568609313186 39.656629911449272 0.82809288159478356 2.2454619582276782 2.0154664441943169 1.1549175784457464 2.0342910965846381 0.67146481783129264
leaf_count=401 300 124 776 888 112 10 283 920 13 42 9 54 329 79
internal_value=1.09441e-10 0.000667526 0.0011401 -0.0135331 -0.00768653 0.00314793 -0.00528345 0.00580847 0.004878 0.00417362 0.0210274 0.00252341 0.00467913 -0.0194513
internal_weight=75.4382 74.5373 73.9624 8.90258 7.82189 65.0599 15.6054 49.4544 48.6063 47.7782 4.26093 43.5173 42.3624 2.70576
internal_count=4340 4040 3916 1401 1000 2515 1059 1456 1446 1433 51 1382 1328 408
is_linear=0
shrinkage=0.05


Tree=65
num_leaves=15
num_cat=0
split_feature=14 0 2 17 8 8 5 18 8 3 17 17 8 12
split_gain=1.05328 0.84505 1.02926 1.21931 1.13491 1.12791 0.747928 2.04426 0.590038 1.88637 1.98546 2.19441 1.62148 1.37074
threshold=1.0000000180025095e-35 0.37500000000000006 1.0000000180025095e-35 0.18750000000000003 0.59000000000000008 0.62000000000000011 1.0000000180025095e-35 0.27343750000000006 0.9900000000000001 0.37500000000000006 0.31250000000000006 0.43750000000000006 0.95350000000000013 1.0000000180025095e-35
decision_type=2 2 2 2 2 2 2 2 2 2 2 2 2 2
left_child=1 2 3 5 -5 -1 7 -3 12 10 -10 13 -4 -12
right_child=-2 6 8 4 -6 -7 -8 -9 9 -11 11 -13 -14 -15
leaf_value=-0.055862609097586696 -0.055000581016163647 0.019077580111154357 0.0030063520899534977 -0.010844688531081899 -0.048259602437395854 0.065457078660138404 0.018565894981680982 -0.05984604754196942 -0.030425926866648457 -0.059192138701177399 0.0032950088895595852 -0.02569840550078711 0.058055923911089359 0.044743597060294828
leaf_weight=0.25134393881307804 0.86044533640961063 2.4147849511355139 29.39698745060014 8.7314451895799703 2.639501291763735 0.80573840223951265 10.348958004033193 1.2427017863374201 4.1272619027877253 1.523835566593333 3.9852592891547811 3.0709826959646307 1.4014190481975664 3.9935263743391261
leaf_count=84 300 25 1165 1398 454 35 186 65 201 66 59 244 14 44
internal_value=-4.96272e-10 0.0006401 -0.00194419 -0.0147546 -0.0195297 0.0366107 0.0116971 -0.00773825 0.00140761 -0.00616004 -0.000835402 0.0102171 0.00551127 0.0240408
internal_weight=74.7942 73.9337 59.9273 12.428 11.3709 1.05708 14.0064 3.65749 47.4993 16.7009 15.177 11.0498 30.7984 7.97879
internal_count=4340 4040 3764 1971 1852 119 276 90 1793 614 548 347 1179 103
is_linear=0
shrinkage=0.05


Tree=66
num_leaves=15
num_cat=0
split_feature=12 13 18 8 18 18 4 18 4 2 10 17 18 18
split_gain=1.08072 0.6032 0.555986 0.550609 0.974484 0.5492 0.811587 0.636049 0.606589 1.623 1.09873 0.828151 0.892536 0.618847
threshold=1.0000000180025095e-35 1.0000000180025095e-35 0.42968750000000006 0.9900000000000001 0.35156250000000006 0.38281250000000006 1.0000000180025095e-35 0.57031250000000011 1.0000000180025095e-35 1.0000000180025095e-35 1.0000000180025095e-35 0.31250000000000006 0.25781250000000006 0.25781250000000006
decision_type=2 2 2 2 2 2 2 2 2 2 2 2 2 2
left_child=2 5 -1 -3 -5 8 -7 -8 10 -10 11 -2 -13 -11
right_child=1 3 -4 4 -6 6 7 -9 9 13 -12 12 -14 -15
leaf_value=-0.0081226743070135169 -0.059642614305028811 -0.053856745729292603 -0.052159613578943304 -0.057099529250504835 0.14448941358095443 -0.060264166408855839 0.0054502898884949795 -0.061807622516284313 -0.06177915587216215 -0.0042506133183420856 0.029164433523092281 -0.065817837891044367 0.01360180867319305 0.0094221876709071218
leaf_weight=19.93202237482183 0.56582731631351446 0.80147814216615987 0.74348862237820768 0.13554675201885402 0.10748822730965912 0.74535441372427058 2.9472999139106837 0.39911611255956803 0.94350911394576442 12.72285682405345 6.6147113541373983 0.3953727692132819 3.3612364734290168 23.676455538487062
leaf_count=1835 89 379 313 18 27 180 241 43 195 248 131 74 140 427
internal_value=-3.53223e-10 0.00375693 -0.00970624 -0.0338663 0.0320582 0.0045073 -0.0130806 -0.00257134 0.00599789 0.00296482 0.0163537 -0.00325074 0.00524311 0.00464306
internal_weight=74.0918 53.4163 20.6755 1.04451 0.243035 52.3717 4.09177 3.34642 48.28 37.3428 10.9371 4.32244 3.75661 36.3993
internal_count=4340 2192 2148 424 45 1768 464 284 1304 870 434 303 214 675
is_linear=0
shrinkage=0.05


Tree=67
num_leaves=15
num_cat=0
split_feature=12 13 8 18 18 14 18 18 18 17 18 4 18 18
split_gain=1.00184 0.536556 0.553249 0.887569 0.524022 0.537366 0.516889 0.546555 0.5171 0.497926 0.484307 0.517377 0.657294 0.542535
threshold=1.0000000180025095e-35 1.0000000180025095e-35 0.9900000000000001 0.39843750000000006 0.42968750000000006 1.0000000180025095e-35 0.14843750000000003 0.16406250000000003 0.33593750000000006 0.18750000000000003 0.19531250000000003 0.37500000000000006 0.28906250000000006 0.41406250000000006
decision_type=2 2 2 2 2 2 2 2 2 2 2 2 2 2
left_child=4 6 -3 -4 5 9 -2 -8 -9 -1 -11 13 -13 -12
right_child=1 2 3 -5 -6 -7 7 8 -10 10 11 12 -14 -15
leaf_value=-0.05963083884384475 0.044994277325300223 -0.053698798801815953 -0.056940108109377753 0.13067023247619095 -0.051736526497355079 -0.053716327628052229 -0.029163058675334252 0.0065981402231904025 -0.0078438592203972785 0.01056698592412348 -0.017786514638299843 0.029813043368184401 -0.019288831377414939 0.014518819962003528
leaf_weight=0.42952007774148171 0.76941063709091295 0.76106168805563246 0.13349727878812701 0.1194500457495451 0.70554214273579319 0.61952315084636111 1.2342952989856701 42.975158532994101 7.242697681853314 3.8723030821129241 10.553704010759244 1.6850655393209302 1.1444589436287058 1.4821473096963025
leaf_count=137 59 379 20 25 313 255 35 961 713 157 1159 34 41 52
internal_value=-2.09058e-10 0.00361615 -0.0324069 0.0316557 -0.00939417 -0.00788435 0.00431562 0.00370732 0.00451523 -0.00640297 -0.00518284 -0.00928553 0.00995279 -0.0138083
internal_weight=73.7278 53.2356 1.01401 0.252947 20.4923 19.7867 52.2216 51.4522 50.2179 19.1672 18.7377 14.8654 2.82952 12.0359
internal_count=4340 2192 424 45 2148 1835 1768 1709 1674 1580 1443 1286 75 1211
is_linear=0
shrinkage=0.05


Tree=68
num_leaves=15
num_cat=0
split_feature=12 18 1 18 4 4 2 8 4 17 18 0 5 18
split_gain=0.99514 0.53669 0.903209 0.498552 0.482175 0.474274 2.47417 0.507732 1.04311 0.699694 0.826896 0.634189 0.778192 0.731541
threshold=1.0000000180025095e-35 0.53906250000000011 0.37500000000000006 0.21093750000000003 0.62500000000000011 0.37500000000000006 0.37500000000000006 0.78000000000000014 1.0000000180025095e-35 0.18750000000000003 0.24218750000000003 0.37500000000000006 1.0000000180025095e-35 0.27343750000000006
decision_type=2 2 2 2 2 2 2 2 2 2 2 2 2 2
left_child=3 4 -3 -1 5 7 -7 9 -9 -2 -11 12 13 -12
right_child=1 2 -4 -5 -6 6 -8 8 -10 10 11 -13 -14 -15
leaf_value=0.004153790377972799 0.040376492333133125 -0.065451797414847149 0.046812623466939395 -0.013932368439676508 0.035214914699738052 -0.076527865927883451 0.010503126453321424 0.033635749132764313 0.0051316601052967042 -0.05952607541458857 -0.032317964392943654 0.021647940218780928 -0.02843274314961779 0.011493734642448799
leaf_weight=5.0809855106635977 0.84247518749907513 0.6534389796142922 0.24684057908598334 15.235739735435343 1.2288353588664893 1.111748115858062 3.0762633727863431 3.5861600017524315 30.570828197465744 0.69921757237170723 1.2132196446764263 2.0483783325180402 3.3121667733066715 4.4386740184709197
leaf_count=317 15 106 9 1831 22 54 44 102 824 198 100 27 230 461
internal_value=5.81799e-10 0.00360496 -0.0346709 -0.00940922 0.004266 0.00351882 -0.0126001 0.004964 0.00812432 -0.00363451 -0.00680043 -0.0034527 -0.00918845 0.00208924
internal_weight=73.345 53.0282 0.90028 20.3167 52.128 50.8991 4.18801 46.7111 34.157 12.5541 11.7117 11.0124 8.96406 5.65189
internal_count=4340 2192 115 2148 2077 2055 98 1957 926 1031 1016 818 791 561
is_linear=0
shrinkage=0.05


Tree=69
num_leaves=15
num_cat=0
split_feature=14 8 17 18 1 6 4 18 18 17 18 1 17 15
split_gain=0.933159 0.819271 0.737005 0.53715 0.83617 0.518982 0.500382 0.483721 0.467436 0.613633 0.652558 1.22235 0.458035 0.77261
threshold=1.0000000180025095e-35 0.49000000000000005 0.31250000000000006 0.53906250000000011 0.37500000000000006 1.0000000180025095e-35 0.62500000000000011 0.14843750000000003 0.36718750000000006 0.56250000000000011 0.28906250000000006 0.37500000000000006 0.43750000000000006 1.0000000180025095e-35
decision_type=2 2 2 2 2 2 2 2 2 2 2 2 2 2
left_child=1 2 -1 6 -5 8 7 -3 9 10 12 -12 13 -4
right_child=-2 3 5 4 -6 -7 -8 -9 -10 -11 11 -13 -14 -15
leaf_value=-0.055193176093906386 -0.054770382600774596 0.029894744858748542 -0.023111333791748769 -0.064154475861405963 0.044647352084334721 -0.057891799835785351 0.035075937229435548 0.0017517168867092377 -0.052971854105547458 0.045871256362892354 -0.062778691267679251 0.012924931715564131 0.025256272022617616 0.05538391585086188
leaf_weight=0.96076733959489313 0.76948664887458917 1.5667321379296471 1.8037854259309827 0.67208115861285378 0.23952257895143703 0.50124765110376746 1.1994633711874474 59.965070493228268 0.4786235236970241 0.61250360077247012 1.1848187255091036 0.96954800351522852 1.6805311365751552 0.37942330911755551
leaf_count=401 300 33 241 100 10 119 9 2446 321 42 201 15 98 4
internal_value=-9.21463e-10 0.000583612 -0.0139283 0.00253804 -0.035567 -0.00871895 0.00309178 0.0024683 -0.00525194 -0.00180733 -0.0066599 -0.0287091 0.00563444 -0.00946952
internal_weight=72.9836 72.2141 8.57125 63.6429 0.911604 7.61048 62.7313 61.5318 7.10923 6.63061 6.01811 2.15437 3.86374 2.18321
internal_count=4340 4040 1442 2598 110 1041 2488 2479 922 601 559 216 343 245
is_linear=0
shrinkage=0.05


Tree=70
num_leaves=15
num_cat=0
split_feature=14 8 17 4 6 18 1 18 17 18 1 18 6 18
split_gain=0.87466 0.714296 0.704929 0.488739 0.47982 0.453356 0.765969 0.441163 0.736984 0.692175 0.879091 0.403866 0.40286 0.997729
threshold=1.0000000180025095e-35 0.49000000000000005 0.31250000000000006 0.62500000000000011 1.0000000180025095e-35 0.53906250000000011 0.37500000000000006 0.36718750000000006 0.56250000000000011 0.28906250000000006 0.37500000000000006 0.14843750000000003 1.0000000180025095e-35 0.25781250000000006
decision_type=2 2 2 2 2 2 2 2 2 2 2 2 2 2
left_child=1 2 -1 5 7 11 -7 8 9 -4 -11 -3 13 -13
right_child=-2 3 4 -5 -6 6 -8 -9 -10 10 -12 12 -14 -15
leaf_value=-0.054926674527572453 -0.054535292646752921 0.026580953453371661 0.0058688638566424109 0.034126052843793324 -0.057195783997967709 -0.063314106336507386 0.043790676095142089 -0.052774915870727857 0.04979881180005357 -0.061418354150920389 0.0029682232031190778 -0.008671236766467116 -0.0023431726792419124 0.011860389894248657
leaf_weight=0.90346353256609102 0.72786845653899845 1.6594033756409761 3.7443800103792455 1.1877057813107956 0.46718553124810558 0.62114831520011549 0.22827786020934582 0.44910702503693745 0.63125177461188275 1.0822158249502536 1.0391809183638543 8.3583633535890858 31.321077728440287 20.258415607982897
leaf_count=401 300 33 343 9 119 100 10 321 42 201 15 252 1585 609
internal_value=-7.14471e-10 0.000551686 -0.0132286 0.00235272 -0.00814684 0.00174841 -0.0345304 -0.00484789 -0.00153494 -0.00705928 -0.0298781 0.00224869 0.00157504 0.00586353
internal_weight=72.679 71.9512 8.31678 63.6344 7.41332 62.4467 0.849426 6.94614 6.49703 5.86578 2.1214 61.5973 59.9379 28.6168
internal_count=4340 4040 1442 2598 1041 2589 110 922 601 559 216 2479 2446 861
is_linear=0
shrinkage=0.05


Tree=71
num_leaves=15
num_cat=0
split_feature=12 18 17 2 6 0 18 18 17 4 8 8 17 4
split_gain=0.913966 0.47887 0.475133 0.519133 1.25378 0.868729 0.492954 0.634278 0.462092 0.431078 0.627214 0.57017 0.50144 0.388235
threshold=1.0000000180025095e-35 0.42968750000000006 0.18750000000000003 1.0000000180025095e-35 1.0000000180025095e-35 0.37500000000000006 0.25781250000000006 0.32031250000000006 0.18750000000000003 1.0000000180025095e-35 0.62000000000000011 0.51000000000000012 0.56250000000000011 0.62500000000000011
decision_type=2 2 2 2 2 2 2 2 2 2 2 2 2 2
left_child=1 8 -2 4 5 6 -4 -8 -1 10 11 -10 -11 -5
right_child=2 -3 3 13 -6 -7 7 -9 9 12 -12 -13 -14 -15
leaf_value=-0.058535770584388608 0.041441533029445761 -0.051300617020905215 -0.056676436702329851 0.0041675546241863506 -0.050985882465089949 0.043542450457680924 0.008862954847473117 -0.033229707072957915 -0.01464129327132762 -0.00062933406631148978 -0.056287690990484411 0.08304047544732486 -0.05645289737129381 0.033277555004381523
leaf_weight=0.4362935220124261 0.81159811094403167 0.6496700758143551 0.46607752534327929 42.834408358525252 1.453942770080175 0.99109419807791699 3.269624849432148 1.2322640086640602 3.4846923645818637 13.970623201807026 0.93890448071761046 0.15607959171757091 0.41420239966828454 1.1768493186682452
leaf_count=156 15 313 204 1199 280 7 173 305 586 672 279 11 131 9
internal_value=-9.85782e-10 -0.00907463 0.00348325 0.00288418 -0.00935663 0.000800432 -0.00772647 -0.00265871 -0.00766062 -0.0064902 -0.0198504 -0.0104537 -0.00223674 0.00494595
internal_weight=72.2863 20.0505 52.2359 51.4243 7.413 5.95906 4.96797 4.50189 19.4008 18.9645 4.57968 3.64077 14.3848 44.0113
internal_count=4340 2148 2192 2177 969 689 682 478 1835 1679 876 597 803 1208
is_linear=0
shrinkage=0.05


Tree=72
num_leaves=15
num_cat=0
split_feature=14 13 8 18 18 0 1 18 18 18 18 17 18 4
split_gain=0.805929 0.678188 1.07257 0.688686 0.727329 0.579668 0.582798 0.531076 1.49516 0.920327 0.520972 0.492279 0.600388 0.491122
threshold=1.0000000180025095e-35 1.0000000180025095e-35 0.9900000000000001 0.13281250000000003 0.14843750000000003 0.37500000000000006 1.0000000180025095e-35 0.32031250000000006 0.38281250000000006 0.27343750000000006 0.57031250000000011 0.81250000000000011 0.49218750000000006 0.37500000000000006
decision_type=2 2 2 2 2 2 2 2 2 2 2 2 2 2
left_child=1 3 -3 -1 -5 10 -7 9 -9 -8 11 12 -6 -10
right_child=-2 2 -4 4 5 6 7 8 13 -11 -12 -13 -14 -15
leaf_value=-0.065258185376240077 -0.054412269461358881 -0.052291517439356741 0.0079562323723276745 0.038308216076443247 -0.00081226263714765626 -0.013051872696248435 0.020227526287838957 0.05356538240812924 -0.06263139706460745 -0.014847333954432865 -0.058483142644635625 0.03976106456707533 -0.056577725623501642 0.024282678367847362
leaf_weight=0.38384237900026974 0.67415494020678934 1.5158528237807323 1.4409490852849558 1.3449280825152516 51.488047902166727 2.2178980087628579 5.6562854517251235 2.2080345416907217 0.43877115403302003 2.7940397895872593 0.39379449482657847 0.73906511603854497 0.48722758334770233 0.25817116210237145
leaf_count=69 300 648 78 57 2703 43 52 41 47 50 84 25 133 10
internal_value=-1.39415e-09 0.000513995 -0.0229308 0.00152732 0.00190416 0.00116991 0.0103913 0.0149702 0.0334125 0.00863027 -0.00118687 -0.000758845 -0.00133502 -0.0304355
internal_weight=72.0411 71.3669 2.9568 68.4101 68.0263 66.6813 13.5732 11.3553 2.90498 8.45033 53.1081 52.7143 51.9753 0.696942
internal_count=4340 4040 726 3314 3245 3188 243 200 98 102 2945 2861 2836 57
is_linear=0
shrinkage=0.05


Tree=73
num_leaves=15
num_cat=0
split_feature=0 2 4 17 8 8 8 8 3 17 17 12 18 5
split_gain=0.803212 0.915979 1.1505 0.773431 0.869578 0.600511 0.502011 2.00807 1.44294 1.63402 2.23257 1.15392 1.11873 0.958212
threshold=0.37500000000000006 1.0000000180025095e-35 1.0000000180025095e-35 0.18750000000000003 0.62000000000000011 0.62000000000000011 0.9900000000000001 0.95350000000000013 0.37500000000000006 0.31250000000000006 0.43750000000000006 1.0000000180025095e-35 0.33593750000000006 0.37500000000000006
decision_type=2 2 2 2 2 2 2 2 2 2 2 2 2 2
left_child=1 2 3 4 -1 -5 7 13 9 -8 11 -11 -12 -3
right_child=-2 6 -4 5 -6 -7 8 -9 -10 10 12 -13 -14 -15
leaf_value=-0.055343963065415759 0.011065044974225332 -0.0016269690608963301 -0.052299939998647564 -0.0067561005161296019 0.06369031163370785 -0.040386204778463428 -0.029225428820352367 0.05904892115942717 -0.054244220046381512 0.0028492018908555165 -0.059357525600362872 0.0416318631772047 0.00089720461600869086 0.029247675650616253
leaf_weight=0.19876756731537071 13.338785743690094 25.899106046068489 1.7619662308716204 7.3956897994212323 0.67262261867290363 1.6177735785604452 3.9768186293658827 1.5927099287509907 1.4418486945796747 3.742365605896337 1.4618237069807949 3.9343052736949176 1.6285216982651034 2.7830753200105383
leaf_count=83 281 1235 502 1183 22 321 205 15 66 63 65 47 186 66
internal_value=-1.60856e-09 -0.00254003 -0.0150782 -0.0084435 0.0365381 -0.0127922 0.000603074 0.00440329 -0.00650514 -0.00183657 0.00827955 0.0227254 -0.027605 0.00136884
internal_weight=71.4462 58.1074 11.6468 9.88485 0.87139 9.01346 46.4606 30.2749 16.1857 14.7438 10.767 7.67667 3.09035 28.6822
internal_count=4340 4059 2111 1609 105 1504 1948 1316 632 566 361 110 251 1301
is_linear=0
shrinkage=0.05


Tree=74
num_leaves=15
num_cat=0
split_feature=12 17 18 17 18 8 9 17 4 18 18 1 1 1
split_gain=0.90071 0.555674 0.445757 0.414408 0.44266 0.393179 2.33362 2.92671 0.839267 2.47409 1.03141 1.84874 1.49688 1.80334
threshold=1.0000000180025095e-35 0.18750000000000003 0.42968750000000006 0.18750000000000003 0.21093750000000003 0.94350000000000012 0.92857142857142871 0.31250000000000006 0.37500000000000006 0.25781250000000006 0.30468750000000006 0.37500000000000006 0.37500000000000006 1.0000000180025095e-35
decision_type=2 2 2 2 2 2 2 2 2 2 2 2 2 2
left_child=2 -2 3 -1 -5 8 -7 -8 10 -10 11 -3 13 -12
right_child=1 5 -4 4 -6 6 7 -9 9 -11 12 -13 -14 -15
leaf_value=-0.057970483897481932 0.044178827369609291 0.01185124437896393 -0.051192694160473007 0.0067445145408200962 -0.011078320242559865 0.049763593823399108 -0.042756054690689924 0.013813164462570872 -0.086404596509822934 0.014916755679260985 0.007258873887208874 -0.042038317649158094 0.019680354804473332 -0.044387779320739215
leaf_weight=0.40204828583228547 0.82536272029392321 21.267316496145217 0.60916503168118552 4.6304391797457383 14.068963773112044 2.9150787275284502 3.021257139276714 9.400794428191146 1.0493349621538066 1.4148692773305809 2.8131520919705491 1.7202255473239336 2.7576419290271588 4.2340984989277786
leaf_count=156 15 637 313 249 1430 23 178 220 24 39 197 37 109 713
internal_value=1.51534e-10 0.00348357 -0.0090876 -0.00774482 -0.00666494 0.00281969 0.00950259 5.45549e-05 -8.74692e-05 -0.028229 0.00202724 0.00781853 -0.0115504 -0.0237712
internal_weight=71.1297 51.4191 19.7106 19.1015 18.6994 50.5938 15.3371 12.4221 35.2566 2.4642 32.7924 22.9875 9.80489 7.04725
internal_count=4340 2192 2148 1835 1679 2177 421 398 1756 63 1693 674 1019 910
is_linear=0
shrinkage=0.05


Tree=75
num_leaves=15
num_cat=0
split_feature=12 4 1 8 6 6 17 18 18 1 5 3 17 2
split_gain=0.910768 0.42109 0.520881 1.5278 1.11356 0.52093 0.447574 0.439419 0.407294 0.668791 0.385576 0.524973 0.379494 0.438428
threshold=1.0000000180025095e-35 0.37500000000000006 0.37500000000000006 0.9900000000000001 1.0000000180025095e-35 0.37500000000000006 0.43750000000000006 0.28906250000000006 0.53906250000000011 0.37500000000000006 0.37500000000000006 0.37500000000000006 0.18750000000000003 1.0000000180025095e-35
decision_type=2 2 2 2 2 2 2 2 2 2 2 2 2 2
left_child=1 2 4 -4 10 -6 -7 -3 12 -10 11 -1 -2 -14
right_child=8 7 3 -5 5 6 -8 -9 9 -11 -12 -13 13 -15
leaf_value=-0.014230878240102813 0.038164043065083003 0.020228982026528446 -0.057692655507920645 0.04103566319693943 -0.045495468697033165 0.0014852491559902853 -0.06538210867848325 -0.018985861685467859 -0.06375784299758569 0.04426794096051459 0.012372523728875687 0.048234504101057535 -0.0081174227094051657 0.0054100606178864169
leaf_weight=6.846132632672381 0.80262091988697548 2.1753002675250168 0.55297595553565826 1.3448348637903109 3.4470205367251774 1.3205633755715096 0.30876317177899171 1.0636643834877757 0.51849963108543207 0.19798597128828987 2.2951694070361555 0.3537342664785682 6.9710981083480865 42.545597386168083
leaf_count=1141 15 47 108 25 558 78 72 58 106 9 52 9 923 1139
internal_value=-4.7849e-10 -0.00912943 -0.0123706 0.0122686 -0.0155797 -0.0344835 -0.0111864 0.00735097 0.00352545 -0.0339072 -0.0054731 -0.0111619 0.00405844 0.00350562
internal_weight=70.744 19.7082 16.4692 1.89781 14.5714 5.07635 1.62933 3.23896 51.0358 0.716486 9.49504 7.19987 50.3193 49.5167
internal_count=4340 2148 2043 133 1910 708 150 105 2192 115 1202 1150 2077 2062
is_linear=0
shrinkage=0.05


Tree=76
num_leaves=15
num_cat=0
split_feature=12 4 1 8 6 6 17 18 18 18 18 1 5 4
split_gain=0.895374 0.464393 0.608274 1.32131 0.899005 0.532271 0.464503 0.431937 0.693916 0.73544 0.409984 0.632237 0.386586 0.375812
threshold=1.0000000180025095e-35 0.37500000000000006 0.37500000000000006 0.9900000000000001 1.0000000180025095e-35 0.37500000000000006 0.43750000000000006 0.14843750000000003 0.27343750000000006 0.28906250000000006 0.53906250000000011 0.37500000000000006 1.0000000180025095e-35 0.62500000000000011
decision_type=2 2 2 2 2 2 2 2 2 2 2 2 2 2
left_child=1 2 4 -4 -1 7 -7 -6 -9 -10 13 -12 -3 -2
right_child=10 12 3 -5 5 6 -8 8 9 -11 11 -13 -14 -15
leaf_value=-0.0071348088859106516 0.0033508425807026402 0.037782001064743935 -0.055100773438046174 0.040031102282314157 0.011281077126248498 0.002308805724504081 -0.066188424378342312 -0.079784700310551404 0.038061910729837875 -0.046554018662634006 -0.063448436599297539 0.043300334191369916 -0.0020165973911862823 0.032531231129797618
leaf_weight=9.4034172649917327 49.043866918611457 0.82271675497759078 0.50011856356286499 1.3509698425186798 0.30276887200307223 1.3286604021268429 0.30416424639406603 1.2388234046229629 0.31785239043529134 1.3367630899883804 0.51117279892787237 0.19035931112011895 2.3618232728913426 1.1287837945274066
leaf_count=1202 2055 25 108 25 20 78 72 121 23 394 106 9 80 22
internal_value=1.47943e-09 -0.00917935 -0.0126334 0.0143288 -0.0161401 -0.0336758 -0.0104509 -0.0455406 -0.0514864 -0.0302993 0.00347659 -0.0344824 0.00826526 0.00400734
internal_weight=70.1423 19.2681 16.0835 1.85109 14.2324 4.82903 1.63282 3.19621 2.89344 1.65462 50.8742 0.701532 3.18454 50.1727
internal_count=4340 2148 2043 133 1910 708 150 558 538 417 2192 115 105 2077
is_linear=0
shrinkage=0.05


Tree=77
num_leaves=15
num_cat=0
split_feature=12 18 1 4 1 8 6 17 18 6 17 18 5 18
split_gain=0.768432 0.447209 0.618605 0.415491 0.397457 1.09167 0.67894 0.562411 1.41518 0.900171 0.655478 0.600445 0.382774 0.375061
threshold=1.0000000180025095e-35 0.53906250000000011 0.37500000000000006 0.37500000000000006 0.37500000000000006 0.9900000000000001 1.0000000180025095e-35 0.43750000000000006 0.27343750000000006 0.37500000000000006 0.31250000000000006 0.14843750000000003 1.0000000180025095e-35 0.27343750000000006
decision_type=2 2 2 2 2 2 2 2 2 2 2 2 2 2
left_child=3 -2 -3 4 6 -6 -1 8 9 11 -10 -8 -5 -14
right_child=1 2 -4 12 5 -7 7 -9 10 -11 -12 -13 13 -15
leaf_value=-0.0065772762836205888 0.003763596064626451 -0.064680458859718459 0.042252969737051463 0.037273723176186713 -0.053743348390470784 0.035964875486340746 -0.0030554709781318336 -0.054899460152040273 -0.055014844555334667 -0.0030772086621779432 0.05080954497534218 -0.081508427595248845 0.012860324108552132 -0.028640925730193015
leaf_weight=9.3479580133862346 50.24826653341006 0.51406111166579549 0.18353335751453415 0.82591999857686405 0.46914039368857685 1.2237360824365169 0.31199392894632327 1.5108595149649771 0.17814754942082789 1.0304423040361144 0.81923802132951096 1.1173033876111729 1.4901491259224715 0.85777579981368024
leaf_count=1202 2077 106 9 25 108 25 20 398 97 36 48 109 32 48
internal_value=1.7222e-09 0.00321163 -0.0365468 -0.00852953 -0.011806 0.0111044 -0.0145152 -0.0294515 -0.0183301 -0.0387008 0.0319078 -0.0643833 0.00799706 -0.00230148
internal_weight=70.1285 50.9459 0.697594 19.1827 16.0088 1.69288 14.3159 4.96798 3.45713 2.45974 0.997386 1.4293 3.17384 2.34792
internal_count=4340 2192 115 2148 2043 133 1910 708 310 165 145 129 105 80
is_linear=0
shrinkage=0.05


Tree=78
num_leaves=15
num_cat=0
split_feature=14 12 18 13 8 18 4 2 18 8 0 8 17 4
split_gain=0.728576 0.581678 0.406391 0.397213 0.635623 0.879 0.452278 1.46627 1.40821 0.977171 0.869807 0.819226 0.46868 0.404937
threshold=1.0000000180025095e-35 1.0000000180025095e-35 0.42968750000000006 1.0000000180025095e-35 0.9900000000000001 0.39843750000000006 1.0000000180025095e-35 1.0000000180025095e-35 0.38281250000000006 0.73000000000000009 0.37500000000000006 0.65000000000000013 0.56250000000000011 0.62500000000000011
decision_type=2 2 2 2 2 2 2 2 2 2 2 2 2 2
left_child=1 2 -1 6 -5 -6 8 -8 9 10 11 12 -3 -9
right_child=-2 3 -4 4 5 -7 7 13 -10 -11 -12 -13 -14 -15
leaf_value=-0.0058407278149165539 -0.054291485201674219 0.004258821064487479 -0.049549450823383655 -0.053973211097850762 -0.056540623390445854 0.12523450599240021 -0.060613328750292933 0.0019932466932168005 -0.060016196144210159 0.036675940748130596 0.050202405090017083 -0.036012876525642702 0.075117715566316468 0.032672120404737513
leaf_weight=17.808863308979202 0.61251774530683079 3.4631334073201256 0.54816921477322367 0.69059610257681825 0.12929006281774491 0.13695396343246102 0.93137024588941031 37.130728049436584 0.6215948704339106 4.0027364259585738 0.8961610160768031 1.3860345445573328 0.2502216332941315 1.1076825000345696
leaf_count=1580 300 281 300 379 20 25 244 889 176 64 5 54 14 9
internal_value=9.72479e-10 0.000481228 -0.00714594 0.00324028 -0.0286699 0.0369632 0.00385352 0.00137217 0.0130056 0.0175453 0.00477342 -0.00321022 0.00903359 0.00288195
internal_weight=69.7161 69.1035 18.357 50.7465 0.95684 0.266244 49.7897 39.1698 10.6199 9.99829 5.99555 5.09939 3.71336 38.2384
internal_count=4340 4040 1880 2160 424 45 1736 1142 594 418 354 349 295 898
is_linear=0
shrinkage=0.05


Tree=79
num_leaves=15
num_cat=0
split_feature=12 8 9 17 8 13 8 5 18 0 5 1 4 17
split_gain=0.735217 0.420407 0.81354 0.624831 0.503345 0.385104 0.548603 0.38463 0.516083 0.48763 0.555568 0.381117 0.850634 0.595137
threshold=1.0000000180025095e-35 0.9235000000000001 0.78571428571428581 0.31250000000000006 0.87000000000000011 1.0000000180025095e-35 0.9900000000000001 0.37500000000000006 0.19531250000000003 0.37500000000000006 1.0000000180025095e-35 0.37500000000000006 0.37500000000000006 0.43750000000000006
decision_type=2 2 2 2 2 2 2 2 2 2 2 2 2 2
left_child=1 2 3 4 -1 -2 -7 8 -5 10 -10 12 13 -3
right_child=5 11 -4 7 -6 6 -8 -9 9 -11 -12 -13 -14 -15
leaf_value=-0.054843882223521281 0.003737966668707628 -0.0077596400142299314 -0.052317137482893128 0.022571357750195462 0.026568373659634676 -0.053766983333425458 0.029670777660393513 0.014200121445624651 -0.012556250520694423 0.052334372262853417 -0.055817301208016035 0.023723264677973314 0.01870265591615845 -0.05240222372456127
leaf_weight=1.1342801027640241 49.556485629917006 2.9336996371275741 1.2746524966350996 0.97820043470710327 0.22802344150841225 0.65406074708152928 0.28191648563370109 2.0359049054677598 4.1671101222091238 0.2423799016396514 0.90294319928216271 1.4333504238165913 2.389061646303162 1.001371555321384
leaf_count=478 1768 104 346 28 4 379 45 34 689 10 226 33 44 152
internal_value=1.37334e-09 -0.00846314 -0.0147658 -0.00982564 -0.041217 0.00313786 -0.0286355 -0.00468969 -0.0108032 -0.0169486 -0.0202608 0.000444345 -0.00483177 -0.01912
internal_weight=69.2134 18.721 10.9635 9.68884 1.3623 50.4925 0.935977 8.32654 6.29063 5.31243 5.07005 7.75748 6.32413 3.93507
internal_count=4340 2148 1815 1469 482 2192 424 987 953 925 915 333 300 256
is_linear=0
shrinkage=0.05


Tree=80
num_leaves=15
num_cat=0
split_feature=14 12 18 1 18 18 18 8 9 17 18 17 18 3
split_gain=0.664777 0.5319 0.38311 0.551698 0.371934 0.341265 0.538857 0.361339 2.03988 2.63155 0.906732 0.876462 2.82196 1.16468
threshold=1.0000000180025095e-35 1.0000000180025095e-35 0.53906250000000011 0.37500000000000006 0.42968750000000006 0.14843750000000003 0.16406250000000003 0.94350000000000012 0.92857142857142871 0.31250000000000006 0.19531250000000003 0.43750000000000006 0.32031250000000006 0.37500000000000006
decision_type=2 2 2 2 2 2 2 2 2 2 2 2 2 2
left_child=1 4 5 -4 -1 -3 -7 -8 -9 10 -10 13 -13 -11
right_child=-2 2 3 -5 -6 6 7 8 9 11 -12 12 -14 -15
leaf_value=-0.0057024122456399966 -0.054060360783961883 0.039303371962332995 -0.062244282692439847 0.041316436218574469 -0.049219952858417487 -0.031716190476195887 0.0010107211182587166 0.048542337800710385 0.036181711355224445 0.041045534837173873 -0.052516661603594417 -0.063754673929198952 0.037239544489983407 -0.0031574538014298541
leaf_weight=17.532389426793092 0.56401470169657741 0.65996908165106916 0.48467895961948571 0.17505037476075813 0.50514158285659405 1.0862499706563529 33.24104725124198 2.8333010077476475 0.3275572117418063 3.9639955563470703 2.3937121222261339 1.2808033870533111 1.5037172978045417 2.3878716682083905
leaf_count=1580 300 59 104 9 300 35 1572 13 8 44 162 37 72 45
internal_value=4.3008e-10 0.000445933 0.00308576 -0.0347658 -0.00692112 0.00358843 0.00310757 0.00389676 0.010427 0.00131958 -0.0418401 0.0141747 -0.00921503 0.0244282
internal_weight=68.9395 68.3755 50.338 0.659729 18.0375 49.6782 49.0183 47.932 14.691 11.8577 2.72127 9.13639 2.78452 6.35187
internal_count=4340 4040 2160 113 1880 2047 1988 1953 381 368 170 198 109 89
is_linear=0
shrinkage=0.05


Tree=81
num_leaves=15
num_cat=0
split_feature=12 4 4 17 8 18 11 8 17 3 6 17 8 8
split_gain=0.681867 0.361179 0.502293 2.50252 0.927799 0.556416 0.434199 1.12816 1.00048 1.51277 1.63279 0.811558 2.59249 1.46765
threshold=1.0000000180025095e-35 0.62500000000000011 0.37500000000000006 0.31250000000000006 0.95350000000000013 0.33593750000000006 1.0000000180025095e-35 0.83000000000000007 0.43750000000000006 0.37500000000000006 1.0000000180025095e-35 0.31250000000000006 0.9900000000000001 0.95350000000000013
decision_type=2 2 2 2 2 2 2 2 2 2 2 2 2 2
left_child=-1 2 5 -4 -5 6 -2 -8 11 10 -10 12 -9 -13
right_child=1 -3 3 4 -6 -7 7 8 9 -11 -12 13 -14 -15
leaf_value=-0.0082285822734275687 -0.002590420163948141 0.031278920463271638 0.02471093262845921 -0.017448411028074425 -0.086611413620044986 -0.009288164589776389 0.026952272940854734 0.027976333561183703 -0.0067560227413277418 0.021846342941981664 -0.081026209861691817 -0.0025833176164541966 -0.036419705541225499 0.035766062579059926
leaf_weight=18.403496628263383 10.202673328662057 1.1063376420934208 1.9924366893246763 0.89471412217244495 1.0586119145154951 6.7983293560828306 6.9322084524319534 3.0899497233331248 1.7873898539692157 1.6567348858807234 1.2628681205678729 4.5724740123841912 3.1626071759965271 5.4907813342288136
leaf_count=2148 576 22 32 23 43 970 117 58 26 16 72 80 115 42
internal_value=-1.02279e-09 0.0030282 0.00238907 -0.0147156 -0.0549315 0.00389033 0.00623827 0.00946045 0.00369257 -0.0166152 -0.0375054 0.00955121 -0.00459584 0.0183411
internal_weight=68.4116 50.0081 48.9018 3.94576 1.95333 44.956 38.1577 27.955 21.0228 4.70699 3.05026 16.3158 6.25256 10.0633
internal_count=4340 2192 2170 98 66 2072 1102 526 409 114 98 295 173 122
is_linear=0
shrinkage=0.05


Tree=82
num_leaves=15
num_cat=0
split_feature=12 18 18 18 8 17 17 18 17 15 5 4 18 17
split_gain=0.676531 0.453488 0.452008 0.339397 0.342439 0.469096 0.393006 0.380259 0.344094 0.60831 0.342034 0.551778 0.404216 0.4809
threshold=1.0000000180025095e-35 0.14843750000000003 0.16406250000000003 0.42968750000000006 0.31000000000000005 0.56250000000000011 0.56250000000000011 0.27343750000000006 0.43750000000000006 1.0000000180025095e-35 1.0000000180025095e-35 1.0000000180025095e-35 0.38281250000000006 0.43750000000000006
decision_type=2 2 2 2 2 2 2 2 2 2 2 2 2 2
left_child=3 -2 -3 4 6 10 7 8 9 -1 -6 -12 13 -13
right_child=1 2 -4 -5 5 -7 -8 -9 -10 -11 11 12 -14 -15
leaf_value=-0.0451762086736286 0.041057908510360216 -0.030227574915321437 0.0031236976690389301 -0.048945503372308269 0.013153948897923784 -0.05597415712915868 0.021884348970104148 -0.058126984503493455 0.0095583115164601436 0.047538481628227984 -0.050678417447926095 -0.0025428134917091423 0.015331459359077518 -0.03307004742495958
leaf_weight=1.228124957182452 0.77132635650923376 1.0378166867303651 48.160652538921568 0.49733777293295034 2.899400089925618 0.41669994729454707 0.45759925170568738 0.77053321493440297 0.77314489777199913 0.20669096917845298 0.65414786228211497 6.5975291926879418 2.2693493450060478 1.6036745873861944
leaf_count=355 60 35 2097 313 234 159 73 267 26 6 204 302 42 167
internal_value=-8.6741e-10 0.00301658 0.00242017 -0.00820376 -0.00707032 -0.0036947 -0.0212569 -0.0278849 -0.0173311 -0.0318203 -0.00214132 -0.00612768 -0.00334437 -0.00851215
internal_weight=68.344 49.9698 49.1985 18.3742 17.8769 14.4408 3.43609 2.97849 2.20796 1.43482 14.0241 11.1247 10.4706 8.2012
internal_count=4340 2192 2132 2148 1835 1108 727 654 387 361 949 715 511 469
is_linear=0
shrinkage=0.05


Tree=83
num_leaves=15
num_cat=0
split_feature=14 18 18 12 18 17 4 18 18 2 1 4 8 8
split_gain=0.609286 0.542387 0.488762 0.459806 1.02518 0.427505 0.409687 0.371226 0.373178 0.636762 0.444951 0.423321 0.828705 0.444239
threshold=1.0000000180025095e-35 0.13281250000000003 0.57031250000000011 1.0000000180025095e-35 0.14843750000000003 0.81250000000000011 0.37500000000000006 0.16406250000000003 0.33593750000000006 0.37500000000000006 1.0000000180025095e-35 1.0000000180025095e-35 0.73000000000000009 0.91000000000000014
decision_type=2 2 2 2 2 2 2 2 2 2 2 2 2 2
left_child=1 -1 3 6 -5 7 -3 -6 11 10 -10 12 -9 -13
right_child=-2 2 -4 4 5 -7 -8 8 9 -11 -12 13 -14 -15
leaf_value=-0.054966572827964126 -0.053976249158367073 -0.0092884033883500593 -0.056411074019355051 0.067571693039376615 -0.027683153867027223 0.04407962902594733 0.011293834398313555 0.0011300539158134724 0.01013840118846953 0.040018965975886389 -0.021270308299578721 -0.0052454418464873403 0.033053692320176298 0.0067691401899612272
leaf_weight=0.43924943148158391 0.51884710106241883 14.582780890181313 0.37157287122681637 0.61766067653661494 1.0160571965388943 0.61773435995564696 2.898236107081174 4.7793433747428917 1.5142306102934524 0.61961081135086704 4.4161035045981398 12.656040319416205 3.5376272179419175 19.622643781127408
leaf_count=104 300 1682 124 22 35 22 90 319 144 18 731 371 73 305
internal_value=2.40037e-10 0.000413738 0.000775461 0.00109319 0.0035595 0.00274896 -0.00587601 0.00221884 0.00286327 -0.00821134 -0.0132505 0.00465011 0.0147088 0.00205838
internal_weight=68.2077 67.6889 67.2496 66.8781 49.3971 48.7794 17.481 48.1617 47.1456 6.54994 5.93033 40.5957 8.31697 32.2787
internal_count=4340 4040 3936 3812 2040 2018 1772 1996 1961 893 875 1068 392 676
is_linear=0
shrinkage=0.05


Tree=84
num_leaves=15
num_cat=0
split_feature=12 18 3 18 18 5 6 17 4 18 18 1 17 18
split_gain=0.607685 0.657554 0.368276 0.934909 1.3816 1.49023 0.616934 0.67899 0.596094 0.509286 0.704025 0.798223 0.54178 0.493079
threshold=1.0000000180025095e-35 0.14843750000000003 0.37500000000000006 0.22656250000000003 0.25781250000000006 1.0000000180025095e-35 1.0000000180025095e-35 0.31250000000000006 0.37500000000000006 0.32031250000000006 0.22656250000000003 1.0000000180025095e-35 0.56250000000000011 0.57031250000000011
decision_type=2 2 2 2 2 2 2 2 2 2 2 2 2 2
left_child=-1 -2 8 -4 -5 -6 -7 -8 9 10 11 -3 -11 -14
right_child=1 2 3 4 5 6 7 -9 -10 12 -12 -13 13 -15
leaf_value=-0.0078360585600110479 0.045419491897400043 0.047580955254777277 0.029592023405998553 -0.037337305372136344 -0.026538161688299918 0.033873870023088254 -0.040467197946591628 0.013903334453146241 -0.065600264816058532 -0.028858707573756734 0.0059449241752892561 -0.025143893720211776 0.011230718130542709 -0.056662336147488224
leaf_weight=18.130668841011357 0.89118122140644018 0.42377880369895171 3.8803705446189296 1.9363248888403166 2.3874357888707882 3.6076021587941778 0.66019209614023555 4.4093581227352843 0.35396890735137176 2.9332218933268441 22.320772256411146 3.4409395915863668 2.1758668922411748 0.30490165931405488
leaf_count=2148 60 31 43 36 71 46 40 117 37 541 582 187 324 77
internal_value=-5.31603e-10 0.00285712 0.0020804 0.00805417 0.00162579 0.00844441 0.0180695 0.00682283 -0.00107559 -0.000352803 0.00253348 -0.0171694 -0.0143127 0.00288625
internal_weight=67.8566 49.7259 48.8347 16.8813 13.0009 11.0646 8.67715 5.06955 31.9535 31.5995 26.1855 3.86472 5.41399 2.48077
internal_count=4340 2192 2132 353 310 274 203 157 1779 1742 800 218 942 401
is_linear=0
shrinkage=0.05


Tree=85
num_leaves=15
num_cat=0
split_feature=12 18 0 4 5 18 2 8 8 5 17 17 18 13
split_gain=0.581468 0.446755 0.422069 0.701025 0.459442 1.41017 0.550114 0.452467 2.39234 1.8648 2.06343 1.3515 1.64872 0.657361
threshold=1.0000000180025095e-35 0.14843750000000003 0.37500000000000006 0.37500000000000006 1.0000000180025095e-35 0.27343750000000006 0.37500000000000006 0.9900000000000001 0.95350000000000013 0.37500000000000006 0.31250000000000006 0.43750000000000006 0.39843750000000006 1.0000000180025095e-35
decision_type=2 2 2 2 2 2 2 2 2 2 2 2 2 2
left_child=-1 -2 3 7 5 -4 -6 8 13 10 -9 -12 -13 -3
right_child=1 2 4 -5 6 -7 -8 9 -10 -11 11 12 -14 -15
leaf_value=-0.0076684894868981335 0.038683835099309782 0.0014625451528265429 0.018539483717760159 -0.063991551665049426 0.0071846934947987443 -0.051473722463142982 0.033703942618061991 -0.043958740994799579 0.074562183997278805 -0.078311203364736889 0.030142487460352814 -0.054939429908209714 0.074184276983115846 -0.053616808990836221
leaf_weight=18.081231975913397 0.85309755115304042 26.191719691996703 2.0616093280259515 0.42922191412071597 5.6382920079631713 1.1045188258867709 2.9939677019137889 2.0804643619339895 1.1310726851224888 0.89089451951440413 3.8770361868664622 1.1247934576822443 0.31685546494554717 0.55314984363212616
leaf_count=2148 60 1193 23 45 111 59 39 121 4 52 35 54 44 352
internal_value=-9.24074e-10 0.00281553 0.00218323 -0.000468116 0.010407 -0.00588496 0.0163825 0.000285787 0.00333563 -0.00996954 -0.00174086 0.0147731 -0.0265597 0.000323368
internal_weight=67.3279 49.2467 48.3936 36.5952 11.7984 3.16613 8.63226 36.166 27.8759 8.29004 7.39915 5.31869 1.44165 26.7449
internal_count=4340 2192 2132 1900 232 82 150 1855 1549 306 254 133 98 1545
is_linear=0
shrinkage=0.05


Tree=86
num_leaves=15
num_cat=0
split_feature=12 4 17 18 1 18 14 18 5 6 4 8 18 4
split_gain=0.572758 0.388189 0.33773 0.336462 0.493624 0.33141 0.300358 0.288695 0.291648 0.274928 1.49659 0.738103 0.849234 0.942226
threshold=1.0000000180025095e-35 0.62500000000000011 0.18750000000000003 0.53906250000000011 0.37500000000000006 0.42968750000000006 1.0000000180025095e-35 0.14843750000000003 1.0000000180025095e-35 1.0000000180025095e-35 0.37500000000000006 0.94350000000000012 0.25781250000000006 0.37500000000000006
decision_type=2 2 2 2 2 2 2 2 2 2 2 2 2 2
left_child=2 3 -1 7 -5 6 -4 8 -2 11 -11 12 13 -9
right_child=1 -3 5 4 -6 -7 -8 9 -10 10 -12 -13 -14 -15
leaf_value=-0.057483777184544817 0.062608205959671981 0.032955149494736782 -0.0046372432290289626 -0.061941974554208051 0.041275707939578868 -0.048529187830268328 -0.053107474883640739 -0.0069388340240631174 0.0030266981618358698 0.00041155492304441749 -0.073103661789707938 0.035247572533483394 0.0082089148377270226 -0.072979278937888706
leaf_weight=0.33310430924757639 0.39980909781297569 1.0455838755005959 16.949150309912518 0.44413661745784239 0.15669959492515773 0.46051106913364392 0.32575971262121939 4.3392772510415005 0.42236225202213973 20.631208470236746 0.71632923069409926 1.9453732352703799 18.041920736584871 0.61688319407403458
leaf_count=180 35 22 1443 106 9 289 236 244 24 944 45 16 733 14
internal_value=-4.64241e-10 0.00281778 -0.00760405 0.00215737 -0.0350225 -0.00666721 -0.00555127 0.00263152 0.0320003 0.00210991 -0.00205529 0.00567464 0.00317311 -0.0151588
internal_weight=66.8281 48.7596 18.0685 47.714 0.600836 17.7354 17.2749 47.1132 0.822171 46.291 21.3475 24.9435 22.9981 4.95616
internal_count=4340 2192 2148 2170 115 1968 1679 2055 59 1996 989 1007 991 258
is_linear=0
shrinkage=0.05


Tree=87
num_leaves=15
num_cat=0
split_feature=18 14 9 17 8 4 18 10 1 1 8 5 17 18
split_gain=0.573704 0.542124 0.475911 0.432295 0.410541 0.385202 0.514767 1.2917 1.06194 1.30195 0.893248 0.856902 1.46258 1.10187
threshold=0.13281250000000003 1.0000000180025095e-35 0.35714285714285715 0.31250000000000006 0.17000000000000001 0.62500000000000011 0.28906250000000006 1.0000000180025095e-35 1.0000000180025095e-35 0.37500000000000006 0.83000000000000007 1.0000000180025095e-35 0.43750000000000006 0.30468750000000006
decision_type=2 2 2 2 2 2 2 2 2 2 2 2 2 2
left_child=-1 2 3 -2 -5 6 7 -4 -8 11 -9 12 -10 -13
right_child=1 -3 5 4 -6 -7 8 10 9 -11 -12 13 -14 -15
leaf_value=-0.056029116359038622 -0.054320767191204058 -0.053707648706352307 -0.017233620676967827 -0.0031574961467622795 -0.041620083284328611 0.032535997526025373 0.012405676675591122 0.026418746970179353 -0.09372941750742686 0.012480085832784576 0.0050688372575170152 0.011731213155987038 -0.014989496730903079 -0.025452018947555406
leaf_weight=0.45376564651087292 0.54782660416094486 0.4599828557256832 5.3535348845907711 5.4974457240532502 0.79397619091469085 1.0290868018055324 6.6658498770266332 6.1504840879351859 0.97911233309423495 4.1653855669283066 24.079768986208364 2.9967513442970795 1.4830337099265305 5.9448395268118475
leaf_count=109 282 295 261 761 218 13 357 193 97 228 457 75 235 759
internal_value=1.107e-09 0.000384358 0.000763145 -0.0117209 -0.00801147 0.00221403 0.00167434 0.00540369 -0.00429393 -0.0114438 0.00941257 -0.0201823 -0.0463017 -0.0129902
internal_weight=66.6008 66.1471 65.6871 6.83925 6.29142 58.8478 57.8188 35.5838 22.235 15.5691 30.2303 11.4037 2.46215 8.94159
internal_count=4340 4231 3936 1261 979 2675 2662 911 1751 1394 650 1166 332 834
is_linear=0
shrinkage=0.05


Tree=88
num_leaves=15
num_cat=0
split_feature=0 2 4 17 8 8 1 3 18 17 5 17 8 8
split_gain=0.550567 0.70531 1.04935 0.581281 0.60966 0.473553 0.488349 0.842735 0.467691 0.419794 0.410888 1.74139 1.26315 0.933819
threshold=0.37500000000000006 1.0000000180025095e-35 1.0000000180025095e-35 0.18750000000000003 0.62000000000000011 0.62000000000000011 0.37500000000000006 0.37500000000000006 0.21093750000000003 0.31250000000000006 1.0000000180025095e-35 0.31250000000000006 0.97000000000000008 0.83000000000000007
decision_type=2 2 2 2 2 2 2 2 2 2 2 2 2 2
left_child=1 2 3 4 -1 9 -7 -8 -2 -5 12 13 -3 -12
right_child=8 10 -4 5 -6 6 7 -9 -10 -11 11 -13 -14 -15
leaf_value=-0.054365611373269701 0.034250349139126675 0.0035757756123063361 -0.051838938370685039 -0.053237973502341863 0.061091311443882704 -0.059654217985478743 -0.061347485870578561 0.064535197211024659 0.005697262264643844 -0.0021695252639569625 -0.087020485922670324 0.0030398640465935821 0.062002689384507086 -0.020765366629741433
leaf_weight=0.14471095948829216 1.6577351223677386 11.091156935435716 1.5485898592669389 0.42975236487109025 0.54474301848676987 0.89549776843341511 0.26916056132176891 0.26273014722391963 10.633017633575944 6.3254392685630592 0.59659658937016757 25.816512303543277 1.0092361848801381 4.8980334226507694
leaf_count=83 21 563 502 286 22 265 53 3 260 897 69 1019 6 291
internal_value=1.6264e-10 -0.00218006 -0.0138615 -0.00723259 0.0368578 -0.0109476 -0.0371148 0.000832912 0.00954841 -0.0054184 0.00062398 -0.0024 0.00844889 -0.0279592
internal_weight=66.1229 53.8322 10.4206 8.87203 0.689454 8.18258 1.42739 0.531891 12.2908 6.75519 43.4115 31.3111 12.1004 5.49463
internal_count=4340 4059 2111 1609 105 1504 321 56 281 1183 1948 1379 569 360
is_linear=0
shrinkage=0.05


Tree=89
num_leaves=15
num_cat=0
split_feature=12 2 4 8 18 2 8 9 17 8 4 1 17 18
split_gain=0.533778 0.452267 2.06046 0.873741 0.467672 0.376601 0.38936 0.772976 0.495019 0.504179 0.410035 0.819981 0.520585 1.13987
threshold=1.0000000180025095e-35 0.37500000000000006 0.37500000000000006 0.94350000000000012 0.14843750000000003 0.37500000000000006 0.9235000000000001 0.78571428571428581 0.31250000000000006 0.87000000000000011 0.37500000000000006 0.37500000000000006 0.43750000000000006 0.27343750000000006
decision_type=2 2 2 2 2 2 2 2 2 2 2 2 2 2
left_child=5 2 4 -3 -2 6 7 8 9 -1 11 12 13 -8
right_child=1 3 -4 -5 -6 -7 10 -9 -10 -11 -12 -13 -14 -15
leaf_value=-0.055081724351533461 0.043202141732802325 -0.0022126554981816583 -0.072259047545571178 0.04707302280124917 0.002273054819730236 -0.078661046218421363 -0.027840174880800535 -0.051521801836329144 -0.0036282193403382652 0.026995910605120702 0.019998492490064704 0.027984801077659591 -0.050777667905080717 0.041096903803630395
leaf_weight=0.92831611471774944 0.70960082681267422 2.023318041348829 0.93040644540451367 1.618651904165745 42.465272283414379 0.18338067218428378 2.0008402552921325 1.1507011936628266 8.0179543241320044 0.23432901501655579 2.2405820882413536 1.335452990257181 0.90052732500771515 0.85625286580761883
leaf_count=475 57 40 67 13 2015 18 65 338 986 4 43 28 152 39
internal_value=7.52242e-10 0.00275764 0.00135929 0.0196921 0.00294575 -0.00737714 -0.00663714 -0.0128914 -0.00804939 -0.0385391 0.00217348 -0.00566823 -0.0176285 -0.00718017
internal_weight=65.5956 47.7472 44.1053 3.64197 43.1749 17.8483 17.665 10.3313 9.1806 1.16265 7.33366 5.09307 3.75762 2.85709
internal_count=4340 2192 2139 53 2072 2148 2130 1803 1465 479 327 284 256 104
is_linear=0
shrinkage=0.05


Tree=90
num_leaves=15
num_cat=0
split_feature=14 4 18 18 18 12 17 17 12 18 17 15 1 9
split_gain=0.491762 0.449798 0.435951 0.411032 0.401415 0.397685 0.317249 0.629411 0.269848 0.335268 0.413044 0.416768 0.265516 0.260109
threshold=1.0000000180025095e-35 0.62500000000000011 0.13281250000000003 0.57031250000000011 0.14843750000000003 1.0000000180025095e-35 0.81250000000000011 0.68750000000000011 1.0000000180025095e-35 0.19531250000000003 0.31250000000000006 1.0000000180025095e-35 1.0000000180025095e-35 0.92857142857142871
decision_type=2 2 2 2 2 2 2 2 2 2 2 2 2 2
left_child=1 2 12 4 5 -4 7 8 9 -6 -11 -12 -1 -10
right_child=-2 -3 3 -5 6 -7 -8 -9 13 10 11 -13 -14 -15
leaf_value=0.015436225016321218 -0.053470599802058739 0.03334677563914696 0.002933796199250271 -0.055452452111190854 0.011491959080400183 0.058487672371109051 0.036339684829207825 -0.055712264470324527 0.0040808785998647608 -0.040662531870981858 -0.0049489715397156037 -0.068557976180742608 -0.078036443736466066 -0.0049545885202348944
leaf_weight=0.10372007498517632 0.42718246999720477 1.0167412988375861 0.71628562548721564 0.33064644089608819 2.441862461637359 0.58544203839846887 0.59037348360288788 0.51167212796280992 34.233093812683364 0.936924183894006 12.460096186907318 0.26294578517263367 0.28399644621822417 10.380418239044955
leaf_count=30 300 22 45 124 105 22 35 193 1523 328 1134 47 73 359
internal_value=1.39516e-09 0.000352202 -0.000173303 0.00014969 0.000440959 0.0279187 -0.000137658 -0.000489386 -2.40008e-05 -0.00557251 -0.00862296 -0.00626357 -0.0530311 0.00197856
internal_weight=65.2814 64.8542 63.8375 63.4498 63.1191 1.30173 61.8174 61.227 60.7153 16.1018 13.66 12.723 0.387717 44.6135
internal_count=4340 4040 4018 3915 3791 67 3724 3689 3496 1614 1509 1181 103 1882
is_linear=0
shrinkage=0.05


Tree=91
num_leaves=15
num_cat=0
split_feature=9 17 18 1 8 18 17 18 1 17 18 15 2 12
split_gain=0.473639 0.429426 0.340723 0.426316 0.336259 0.353383 0.893507 0.386884 1.02633 0.421342 0.415632 0.452477 0.340265 0.304747
threshold=0.35714285714285715 0.31250000000000006 0.53906250000000011 0.37500000000000006 0.17000000000000001 0.36718750000000006 0.56250000000000011 0.28906250000000006 0.37500000000000006 0.43750000000000006 0.27343750000000006 1.0000000180025095e-35 1.0000000180025095e-35 1.0000000180025095e-35
decision_type=2 2 2 2 2 2 2 2 2 2 2 2 2 2
left_child=1 -1 -2 -4 5 6 7 9 -9 10 11 -3 -6 -11
right_child=2 4 3 -5 12 -7 -8 8 -10 13 -12 -13 -14 -15
leaf_value=-0.053504437960424367 0.0018461446924327206 -0.03606388581384122 -0.059560051062003454 0.039726821998744472 -0.055517288282408629 -0.052624346916851618 0.052784236046121369 -0.062218356284535238 0.014930555574690167 0.0038489924466104104 0.060676116219324984 0.04912047457084507 0.03020137151541535 0.054741931596994642
leaf_weight=0.58308049046900023 57.744390264269896 1.1386688833881633 0.45699802500894193 0.1416193142067641 0.62488531989947649 0.35359825303748937 0.67217523796716694 0.95649040027637944 0.78479539201362059 0.7231269659823738 0.1610820922360291 0.18061671685427416 0.14209959615254775 0.49583905754843727
leaf_count=425 2775 168 106 10 217 307 41 185 13 42 16 3 6 26
internal_value=1.03607e-09 -0.0124715 0.0014571 -0.036071 -0.00863325 -0.00428326 -0.000940011 -0.00907223 -0.0274474 0.00278124 -0.0151442 -0.0244017 -0.0396362 0.0245507
internal_weight=65.1595 6.81646 58.343 0.598617 6.23338 5.46639 5.11279 4.44062 1.74129 2.69933 1.48037 1.31929 0.766985 1.21897
internal_count=4340 1449 2891 116 1024 801 494 453 198 255 187 171 223 68
is_linear=0
shrinkage=0.05


Tree=92
num_leaves=15
num_cat=0
split_feature=14 8 17 6 18 1 18 17 18 1 4 5 17 8
split_gain=0.461443 0.411174 0.477468 0.378954 0.344475 0.401263 0.340746 0.619058 0.460797 0.760241 0.33081 0.286777 1.49621 1.4232
threshold=1.0000000180025095e-35 0.49000000000000005 0.31250000000000006 1.0000000180025095e-35 0.53906250000000011 0.37500000000000006 0.36718750000000006 0.56250000000000011 0.28906250000000006 0.37500000000000006 0.62500000000000011 1.0000000180025095e-35 0.31250000000000006 0.83000000000000007
decision_type=2 2 2 2 2 2 2 2 2 2 2 2 2 2
left_child=1 2 -1 6 10 -6 7 8 -4 -10 11 12 -3 -14
right_child=-2 4 3 -5 5 -7 -8 -9 9 -11 -12 -13 13 -15
leaf_value=-0.053705601647649953 -0.053350974809625175 0.029406029695484177 0.0038073729359530194 -0.056243106555109959 -0.059345183352531909 0.038524070004327615 -0.052533419692709353 0.044487910807854761 -0.059693668440946548 0.0065196462556098697 0.030672132196510989 -0.00057208171455758931 0.0076579767972447498 -0.034852671066997652
leaf_weight=0.60101042879978095 0.40278308387496409 5.1422522981010834 3.3138892384595238 0.36969954962842155 0.447872707809437 0.13669686677167192 0.34254729088570446 0.65642951277550299 0.90525874451850519 0.83188594365492463 0.99668584950268169 40.774183157845982 7.3211755960946885 2.6930797327368055
leaf_count=401 300 143 343 119 100 10 321 42 201 15 9 1785 350 201
internal_value=-1.58409e-10 0.000332992 -0.01109 -0.00710039 0.00172745 -0.0364593 -0.00409741 -0.00119041 -0.00712674 -0.0279854 0.00211958 0.00161077 0.0074831 -0.00377418
internal_weight=64.9355 64.5327 7.02072 6.41971 57.5119 0.58457 6.05001 5.70746 5.05103 1.73714 56.9274 55.9307 15.1565 10.0143
internal_count=4340 4040 1442 1041 2598 110 922 601 559 216 2488 2479 694 551
is_linear=0
shrinkage=0.05


Tree=93
num_leaves=15
num_cat=0
split_feature=8 17 6 18 1 18 17 18 1 1 4 18 18 6
split_gain=0.446787 0.4502 0.336682 0.331415 0.375487 0.313104 0.611402 0.436349 0.608397 0.34309 0.258468 0.267365 0.270856 0.242179
threshold=0.49000000000000005 0.31250000000000006 1.0000000180025095e-35 0.53906250000000011 0.37500000000000006 0.36718750000000006 0.56250000000000011 0.28906250000000006 0.37500000000000006 0.37500000000000006 0.62500000000000011 0.14843750000000003 0.16406250000000003 1.0000000180025095e-35
decision_type=2 2 2 2 2 2 2 2 2 2 2 2 2 2
left_child=1 -1 5 10 -5 6 7 9 -9 -3 11 -2 -13 -14
right_child=3 2 -4 4 -6 -7 -8 8 -10 -11 -12 12 13 -15
leaf_value=-0.053329614186472613 0.022427250919065458 0.0060829328468411771 -0.055830062699877586 -0.059096810015809978 0.037266790311687441 -0.052351061843995343 0.043366984465350547 -0.058959737093672929 0.0004258886245419233 -0.062909030092806961 0.026918968946713636 -0.022052624937888485 0.0048967378024869874 -0.0018517979042481957
leaf_weight=0.60023235960397769 1.4687312851892773 3.1614876849926081 0.34853095552534785 0.43373910024092666 0.13181092636659741 0.3339809887256705 0.64353962847962964 0.8490465021895941 0.87653236894402653 0.191090142878238 1.0081741721369315 1.2655195291154075 25.308402223803569 28.004027368733659
leaf_count=469 35 336 123 105 10 332 43 210 17 24 14 32 985 1605
internal_value=-1.98284e-10 -0.011924 -0.00804328 0.0014495 -0.0366377 -0.00529294 -0.00254611 -0.00836454 -0.028794 0.00215053 0.00182704 0.00137568 0.000809169 0.00135186
internal_weight=64.6248 7.00444 6.40421 57.6204 0.56555 6.05568 5.7217 5.07816 1.72558 3.35258 57.0549 56.0467 54.5779 53.3124
internal_count=4340 1554 1085 2786 115 962 630 587 227 360 2671 2657 2622 2590
is_linear=0
shrinkage=0.05


Tree=94
num_leaves=15
num_cat=0
split_feature=14 18 12 18 17 5 17 8 8 18 8 4 8 18
split_gain=0.427446 0.351327 0.367472 0.380299 0.331904 0.280615 0.273579 0.43446 0.340476 0.318601 0.317439 0.665334 0.354607 0.267619
threshold=1.0000000180025095e-35 0.57031250000000011 1.0000000180025095e-35 0.14843750000000003 0.81250000000000011 1.0000000180025095e-35 0.56250000000000011 0.31000000000000005 0.22000000000000003 0.27343750000000006 0.59000000000000008 1.0000000180025095e-35 0.51000000000000012 0.38281250000000006
decision_type=2 2 2 2 2 2 2 2 2 2 2 2 2 2
left_child=1 2 6 5 -5 -4 7 9 -8 -1 12 -12 -9 -13
right_child=-2 -3 3 4 -6 -7 8 10 -10 -11 11 13 -14 -15
leaf_value=-0.013497706090414958 -0.053159827561399212 -0.054129195312804551 0.066524301688512505 0.0018169591003754455 0.0423186752594032 0.0047811085725725962 0.0053076124856205565 0.008556653724683087 -0.051297423305871531 -0.056382748336787851 -0.057564422848434153 -0.0036756059695756699 0.083307579445815197 0.015277602291002302
leaf_weight=1.8166061789525003 0.37593411954003286 0.2949768940161438 0.40332597779342805 45.675381944856781 0.51149570432607916 0.33844184828922153 0.4306607860708016 0.53104200039524485 0.69334718969184905 0.56865770723379672 0.52459189454384514 9.7060039946518355 0.22624970687320456 2.3047361621574955
leaf_count=336 300 124 36 1996 22 23 128 60 304 243 164 527 8 69
internal_value=-7.29664e-10 0.000312134 0.000564116 0.00283591 0.00226549 0.0383531 -0.00578112 -0.00407279 -0.0296093 -0.0237217 -0.000546933 -0.00244608 0.0308894 -3.86824e-05
internal_weight=64.4015 64.0255 63.7305 46.9286 46.1869 0.741768 16.8019 15.6779 1.12401 2.38526 13.2926 12.5353 0.757292 12.0107
internal_count=4340 4040 3916 2077 2018 59 1839 1407 432 579 828 760 68 596
is_linear=0
shrinkage=0.05


Tree=95
num_leaves=15
num_cat=0
split_feature=12 18 5 8 9 17 5 18 0 5 18 2 4 18
split_gain=0.415534 0.499549 0.351533 0.323619 0.698551 0.461469 0.34439 0.453849 0.428517 0.469348 0.303555 0.504994 1.63241 0.473993
threshold=1.0000000180025095e-35 0.14843750000000003 1.0000000180025095e-35 0.9235000000000001 0.78571428571428581 0.31250000000000006 0.37500000000000006 0.19531250000000003 0.37500000000000006 1.0000000180025095e-35 0.25781250000000006 0.37500000000000006 0.37500000000000006 0.33593750000000006
decision_type=2 2 2 2 2 2 2 2 2 2 2 2 2 2
left_child=3 2 -2 4 5 -1 7 -7 9 -9 -3 12 13 -12
right_child=1 10 -4 -5 -6 6 -8 8 -10 -11 11 -13 -14 -15
leaf_value=-0.040165852694704296 0.068707289162550964 -0.00479616422556729 0.0026753454788148679 0.0011705588471957839 -0.050630589260922954 0.022446491693709658 0.014244498692764519 -0.012463127744635642 0.050560086479181199 -0.055840874811766909 0.0075661744227273151 0.028378190503015727 -0.074248812830527797 -0.0076238763693587536
leaf_weight=0.9836923503098659 0.47911201209353649 12.891975305334197 0.3479249767260626 7.3691161157403249 1.0806161997679744 0.89843654877040524 1.9650062035652807 3.696390893215721 0.22759793163277198 0.75014481270045497 24.306817617791246 2.0339237889274946 0.67494911447283712 6.511375581721949
leaf_count=482 36 459 24 333 346 28 34 689 10 226 619 33 51 970
internal_value=1.59534e-09 0.00241057 0.0409284 -0.00671085 -0.0127596 -0.00795698 -0.00375355 -0.0101 -0.016356 -0.0197811 0.0017243 0.00423158 0.00267212 0.00435677
internal_weight=64.2171 47.2461 0.827037 16.971 9.60188 8.52127 7.53758 5.57257 4.67413 4.44654 46.419 33.5271 31.4931 30.8182
internal_count=4340 2192 60 2148 1815 1469 987 953 925 915 2132 1673 1640 1589
is_linear=0
shrinkage=0.05


Tree=96
num_leaves=15
num_cat=0
split_feature=12 18 5 18 15 18 1 18 4 4 18 18 6 4
split_gain=0.401676 0.438354 0.313856 0.298963 0.299931 0.284402 0.346035 0.263755 0.485952 0.254968 0.244238 0.258629 0.242781 1.14964
threshold=1.0000000180025095e-35 0.14843750000000003 1.0000000180025095e-35 0.21093750000000003 1.0000000180025095e-35 0.53906250000000011 0.37500000000000006 0.22656250000000003 0.37500000000000006 0.62500000000000011 0.42968750000000006 0.38281250000000006 1.0000000180025095e-35 0.37500000000000006
decision_type=2 2 2 2 2 2 2 2 2 2 2 2 2 2
left_child=3 2 -2 -1 7 9 -7 8 -5 12 11 -9 -3 -14
right_child=1 5 -4 4 -6 6 -8 10 -10 -11 -12 -13 13 -15
leaf_value=0.0051151641038125247 0.065180375579766428 0.0050069920784214551 0.0024540931092144804 -0.071204072848830263 -0.063648200960236961 -0.059980847465584367 0.037259965899624117 -0.010203338646547197 0.014000021646113196 0.027423209625526659 -0.047380741590935027 0.0080419686092134453 -0.00033254763484153794 -0.070138872155122434
leaf_weight=4.0949936695760725 0.47181373358762257 24.026014518873126 0.34541978759807535 0.44119942035467552 0.25924233929254192 0.37167884239170135 0.12136033904971555 8.8899174351608909 0.26960498711559922 0.97540960847982106 0.37213908589910794 2.4852911539637725 20.194669885517218 0.60755572293419291
leaf_count=317 36 1007 24 76 61 106 9 1225 7 21 284 178 944 45
internal_value=4.38409e-10 0.0023676 0.0386679 -0.0066348 -0.0104183 0.00172682 -0.0360453 -0.00931062 -0.0388865 0.00213341 -0.00752105 -0.00621705 0.00158313 -0.00237133
internal_weight=63.9263 47.1139 0.817234 16.8124 12.7174 46.2967 0.493039 12.4582 0.710804 45.8036 11.7473 11.3752 44.8282 20.8022
internal_count=4340 2192 60 2148 1831 2132 115 1770 83 2017 1687 1403 1996 989
is_linear=0
shrinkage=0.05


Tree=97
num_leaves=15
num_cat=0
split_feature=12 18 5 8 9 17 13 8 18 5 0 5 1 4
split_gain=0.39286 0.439852 0.296278 0.266304 0.642579 0.364947 0.338161 0.309242 0.291826 0.37517 0.406426 0.472973 0.278765 0.643476
threshold=1.0000000180025095e-35 0.14843750000000003 1.0000000180025095e-35 0.9235000000000001 0.78571428571428581 0.31250000000000006 1.0000000180025095e-35 0.87000000000000011 0.19531250000000003 0.37500000000000006 0.37500000000000006 1.0000000180025095e-35 0.37500000000000006 0.37500000000000006
decision_type=2 2 2 2 2 2 2 2 2 2 2 2 2 2
left_child=3 2 -2 4 5 7 8 -1 -7 10 11 -10 13 -5
right_child=1 -3 -4 12 -6 6 -8 -9 9 -11 -12 -13 -14 -15
leaf_value=-0.052579837655040297 0.062277294881379133 0.0016805521170096694 0.0022698231632596612 -0.017302924807937641 -0.049404948141907656 0.025756428550618018 -0.055442454308320156 0.016405249371112301 -0.0095228726953792055 0.012890869511912409 0.055837456814856114 -0.055468979250035716 0.020474920512371181 0.016748981488657635
leaf_weight=0.72220777669281222 0.50668004974431724 46.188310562560218 0.34627424174686894 3.613378798669145 1.0308607346378273 0.85419673286378373 0.30477862419502333 0.20960057340562344 3.4634374328743434 1.9380159095162524 0.20109785307431582 0.66817691524192913 1.4180777997244147 2.2520309501560405
leaf_count=478 36 2132 24 256 346 17 153 4 578 26 5 208 33 44
internal_value=3.33799e-10 0.00233758 0.037916 -0.00659411 -0.0121582 -0.00756623 -0.00386692 -0.0370624 -0.00166071 -0.00539546 -0.0135749 -0.0169534 0.000581072 -0.00422866
internal_weight=63.7171 47.0413 0.852954 16.6759 9.39237 8.36151 7.4297 0.931808 7.12492 6.27073 4.33271 4.13161 7.28349 5.86541
internal_count=4340 2192 60 2148 1815 1469 987 482 834 817 791 786 333 300
is_linear=0
shrinkage=0.05


Tree=98
num_leaves=15
num_cat=0
split_feature=14 0 2 4 17 8 1 18 18 18 1 1 3 8
split_gain=0.382831 0.327847 0.476357 0.96946 0.606156 0.491324 0.416357 0.420597 0.604268 1.07741 0.585303 0.403113 0.742192 0.389861
threshold=1.0000000180025095e-35 0.37500000000000006 1.0000000180025095e-35 1.0000000180025095e-35 0.18750000000000003 0.62000000000000011 1.0000000180025095e-35 0.24218750000000003 0.32031250000000006 0.38281250000000006 0.37500000000000006 0.37500000000000006 0.37500000000000006 0.91000000000000014
decision_type=2 2 2 2 2 2 2 2 2 2 2 2 2 2
left_child=1 2 3 4 -1 -6 -3 -8 13 10 -10 -7 -13 -9
right_child=-2 6 -4 -5 5 11 7 8 9 -11 -12 12 -14 -15
leaf_value=0.043701309513203911 -0.053060893680150482 -0.012921339091216994 0.00081016187265234784 -0.050778214631098079 -0.0029953252410373846 -0.059409031551730843 0.029538953591921088 0.013141808127432262 0.0085201417581171127 -0.032919650388248664 0.062748001587395949 -0.060792344404449597 0.063717777265517792 -0.017041580595666624
leaf_weight=0.59080172169342215 0.33812434940773428 2.0099995450582346 42.089969062311866 1.3564107803176737 5.9971034540503751 0.78342433168290859 2.5466907471418363 1.7480699390871448 0.8128205034881838 0.62851192255038757 1.2830670122057197 0.25009641784708947 0.22953299898654222 2.7573217358440161
leaf_count=93 300 48 1793 489 1100 233 31 35 46 63 8 53 3 45
internal_value=7.13267e-10 0.000284403 -0.00144339 -0.0117451 -0.00500137 -0.0089646 0.00780413 0.0120652 0.00591006 0.0244989 0.0417175 -0.0373073 -0.00120638 -0.00533057
internal_weight=63.4219 63.0838 51.2973 9.20737 7.85096 7.26016 11.7865 9.77648 7.22979 2.7244 2.09589 1.26305 0.479629 4.50539
internal_count=4340 4040 3764 1971 1482 1389 276 228 197 117 54 289 56 80
is_linear=0
shrinkage=0.05


Tree=99
num_leaves=15
num_cat=0
split_feature=12 17 18 2 4 18 0 17 18 18 18 18 18 1
split_gain=0.373188 0.321159 0.315829 0.275963 0.980602 0.691059 0.929653 0.566768 0.402292 0.416136 0.40129 0.460794 0.300017 0.32543
threshold=1.0000000180025095e-35 0.18750000000000003 0.21093750000000003 1.0000000180025095e-35 1.0000000180025095e-35 0.38281250000000006 0.37500000000000006 0.56250000000000011 0.25781250000000006 0.32031250000000006 0.14843750000000003 0.16406250000000003 0.35156250000000006 0.37500000000000006
decision_type=2 2 2 2 2 2 2 2 2 2 2 2 2 2
left_child=2 -2 -1 4 5 6 7 8 -3 -10 -5 -12 -11 -14
right_child=1 3 -4 10 -6 -7 -8 -9 9 12 11 -13 13 -15
leaf_value=0.0056963463553720475 0.038266088728168009 -0.057414696038917447 -0.010445873410295322 0.042493526133251913 -0.059640752530132825 -0.059053307092379818 0.058381586433609411 0.059735789794548078 0.0055770919149502511 -0.060064960589573169 -0.032672942271252739 0.0035023104682097971 -0.053181757664228474 0.054140931274059216
leaf_weight=4.012966511174457 0.61178426875267078 0.38784189731813912 12.372731760151508 0.64304694999009271 0.80153381007403357 0.45781143771455379 0.70309532433748234 0.32395959385030426 2.6853416911617392 0.4845776676229433 0.90092101227491994 38.432692935195519 0.13110689175664447 0.15313738858094439
leaf_count=317 15 147 1831 11 249 266 4 32 142 69 22 1175 55 5
internal_value=7.49324e-10 0.00227723 -0.00649254 0.00179968 -0.00808018 -0.000321866 0.00520033 -0.00377513 -0.0091304 -0.00370893 0.00331425 0.00267373 -0.0361431 0.00463864
internal_weight=63.1025 46.7169 16.3857 46.1051 6.12841 5.32687 4.86906 4.16597 3.84201 3.45416 39.9767 39.3336 0.768822 0.284244
internal_count=4340 2192 2148 2177 969 720 454 450 418 271 1208 1197 129 60
is_linear=0
shrinkage=0.05


Tree=100
num_leaves=15
num_cat=0
split_feature=14 12 18 18 18 8 9 17 17 18 13 18 3 8
split_gain=0.36636 0.315036 0.262361 0.245975 0.241342 0.346142 2.06743 2.20586 0.771171 2.57351 0.676966 0.591357 0.574038 0.513321
threshold=1.0000000180025095e-35 1.0000000180025095e-35 0.42968750000000006 0.14843750000000003 0.16406250000000003 0.94350000000000012 0.92857142857142871 0.31250000000000006 0.43750000000000006 0.32031250000000006 1.0000000180025095e-35 0.19531250000000003 0.37500000000000006 0.84350000000000003
decision_type=2 2 2 2 2 2 2 2 2 2 2 2 2 2
left_child=1 2 -1 -3 -5 10 -7 11 12 -10 13 -8 -9 -6
right_child=-2 3 -4 4 5 6 7 8 9 -11 -12 -13 -14 -15
leaf_value=-0.004768857638891265 -0.052998851018856721 0.030896144668710896 -0.047053424744443198 -0.023283296427454178 0.0054548917099222563 0.055104552136152632 0.029052746983183164 0.035539374583346175 -0.063773908036092272 0.03220688656946924 -0.053725398579528141 -0.049001982239164139 0.0012699487949634661 -0.0078763114206638479
leaf_weight=15.701959985613939 0.32438954464305325 0.74330749166256183 0.37561446567269818 0.93193531397264351 19.9107567834617 2.0710480585694286 0.2722024377435458 3.6212064840365183 1.2026923582889142 1.6655574292526578 0.58373922982718696 2.2355229746317491 1.8443818262312559 11.329756163293494
leaf_count=1580 300 59 300 35 992 13 8 44 37 88 378 163 45 298
internal_value=-8.30924e-10 0.000275121 -0.00575674 0.00236461 0.00190023 0.00242484 0.00932941 0.000585052 0.0129568 -0.00803904 -0.000376671 -0.0405295 0.023975 0.000620167
internal_weight=62.8141 62.4897 16.0776 46.4121 45.6688 44.7369 12.9126 10.8416 8.33384 2.86825 31.8243 2.50773 5.46559 31.2405
internal_count=4340 4040 1880 2160 2101 2066 398 385 214 125 1668 171 89 1290
is_linear=0
shrinkage=0.05


Tree=101
num_leaves=15
num_cat=0
split_feature=12 8 9 17 5 17 17 8 3 18 2 8 18 1
split_gain=0.348961 0.324545 1.66506 2.18762 0.753146 0.646427 1.45865 0.889836 1.09941 0.914395 0.832732 0.788852 0.683269 1.18773
threshold=1.0000000180025095e-35 0.94350000000000012 0.92857142857142871 0.31250000000000006 0.37500000000000006 0.43750000000000006 0.31250000000000006 0.84350000000000003 0.37500000000000006 0.27343750000000006 1.0000000180025095e-35 0.17000000000000001 0.28906250000000006 1.0000000180025095e-35
decision_type=2 2 2 2 2 2 2 2 2 2 2 2 2 2
left_child=-1 4 -3 -4 5 6 12 10 9 -9 11 -7 -2 -14
right_child=1 2 3 -5 -6 7 -8 8 -10 -11 -12 -13 13 -15
leaf_value=-0.0063054569555466749 0.02045989545231227 0.043525740823545406 -0.039543442832588357 0.012429295553397711 0.01873801818681969 0.010230463173280618 -0.019498840501610864 0.031826837382668095 0.054709656556518917 -0.037661000484436352 0.026209922369376422 -0.056914227997960046 0.044603515167428512 -0.067398910884743368
leaf_weight=16.252703486112296 4.3824395392002815 2.7402329035103294 2.6597802354372115 8.4796595801599306 4.3907725595054208 1.3419188301777447 11.732920350863424 0.57882990059442896 0.50061648112023238 2.5999742819403764 5.3621778956585331 0.64898866656585585 0.37982525117695332 0.62817575655935776
leaf_count=2148 179 23 178 220 157 225 523 8 19 201 145 218 19 77
internal_value=2.70815e-10 0.00220738 0.00860899 1.96893e-05 -0.000522612 -0.00352621 -0.0096074 0.00591228 -0.0141617 -0.0250079 0.0159571 -0.0116571 0.0119225 -0.0251952
internal_weight=62.679 46.4263 13.8797 11.1394 32.5466 28.1559 17.1234 11.0325 3.67942 3.1788 7.35309 1.99091 5.39044 1.008
internal_count=4340 2192 421 398 1771 1614 798 816 228 209 588 443 275 96
is_linear=0
shrinkage=0.05


Tree=102
num_leaves=15
num_cat=0
split_feature=12 18 10 4 18 0 17 18 8 18 2 4 8 6
split_gain=0.374925 0.395559 0.568079 0.778526 0.642654 0.899099 0.589606 0.576862 0.477923 0.458907 0.445161 1.26057 0.501951 1.19509
threshold=1.0000000180025095e-35 0.25781250000000006 1.0000000180025095e-35 1.0000000180025095e-35 0.24218750000000003 0.37500000000000006 0.31250000000000006 0.21093750000000003 0.83000000000000007 0.24218750000000003 0.37500000000000006 0.37500000000000006 0.95350000000000013 1.0000000180025095e-35
decision_type=2 2 2 2 2 2 2 2 2 2 2 2 2 2
left_child=-1 2 6 -4 5 -5 9 8 -8 -2 11 12 -3 -14
right_child=1 10 3 4 -6 -7 7 -9 -10 -11 -12 -13 13 -15
leaf_value=-0.0065370498554538862 -0.028318844856823785 0.0014193575857596678 0.028266741206146941 -0.01067926150825536 -0.031554940375329681 0.027800260661699175 -0.055755223019453543 -0.081047779505960538 0.10582415464146461 0.049359522413609171 0.027796665214441081 -0.070267934367005153 0.071543202795993438 0.0091111853247796189
leaf_weight=16.261763550050091 0.55984459884348037 23.163009268952017 1.8972985211294151 5.4971842456143332 2.0576434535905719 2.097205001860857 0.099735111449263059 0.69926620346086565 0.084569647908210754 0.28792000678367913 2.0436175183858714 0.56542794372944527 0.86551647633314033 6.7016976867453195
leaf_count=2148 101 1330 53 135 48 27 55 90 1 9 33 51 3 256
internal_value=-5.21123e-11 0.00228023 -0.005017 -0.00101317 -0.00676871 -5.30684e-05 -0.0317257 -0.0603067 0.0183867 -0.00193752 0.00518707 0.00371066 0.00507184 0.016252
internal_weight=62.8817 46.6199 13.2807 11.5493 9.65203 7.59439 1.73134 0.883571 0.184305 0.847765 33.3393 31.2957 30.7302 7.56721
internal_count=4340 2192 519 263 210 162 256 146 56 110 1673 1640 1589 259
is_linear=0
shrinkage=0.05


Tree=103
num_leaves=15
num_cat=0
split_feature=18 14 8 9 17 13 18 5 0 3 17 18 18 12
split_gain=0.35422 0.344339 0.340539 2.02448 1.59146 1.0247 0.91398 0.563857 0.543098 2.2581 0.945126 1.23543 0.832561 0.741737
threshold=0.13281250000000003 1.0000000180025095e-35 0.94350000000000012 0.92857142857142871 0.31250000000000006 1.0000000180025095e-35 0.17968750000000003 0.37500000000000006 0.37500000000000006 0.37500000000000006 0.43750000000000006 0.33593750000000006 0.28906250000000006 1.0000000180025095e-35
decision_type=2 2 2 2 2 2 2 2 2 2 2 2 2 2
left_child=-1 2 5 -4 6 7 -5 -2 9 10 13 -12 -11 -6
right_child=1 -3 3 4 8 -7 -8 -9 -10 12 11 -13 -14 -15
leaf_value=-0.050473373380723469 -0.0034045946086858564 -0.052914455217964007 0.040358046454667715 0.023680872787873196 0.0023285341745547172 -0.050000309918570462 -0.042744069453537321 0.012614471116988546 0.026848269164679278 -0.10532701378166445 -0.052073314071743981 0.01455972406133884 -0.021328957832161464 0.034833743022997674
leaf_weight=0.34569144533452245 33.67214532230355 0.30275007493037165 3.5133468089625266 0.62870815489441456 3.3743003704585099 1.0864708544759185 2.9372685209382325 6.5642136725655282 2.6393701242050147 0.59612744301557608 1.2515513497637587 1.566089031352021 0.58398488711100072 3.657188621815294
leaf_count=109 2416 295 30 13 59 612 228 184 54 13 63 181 39 44
internal_value=6.413e-10 0.000279738 0.000539193 0.00576577 -0.00128601 -0.00208504 -0.0310329 -0.000791223 0.00647458 0.00159902 0.00943029 -0.0150376 -0.0637601 0.019235
internal_weight=62.7192 62.3735 62.0708 20.7479 17.2346 41.3228 3.56598 40.2364 13.6686 11.0292 9.84913 2.81764 1.18011 7.03149
internal_count=4340 4231 3936 724 694 3212 241 2600 453 399 347 244 52 103
is_linear=0
shrinkage=0.05


Tree=104
num_leaves=15
num_cat=0
split_feature=12 18 1 8 17 8 4 8 8 8 8 2 17 13
split_gain=0.370522 0.253776 0.294 0.249811 0.580794 0.297832 0.62159 0.33421 0.408037 0.224485 1.59124 1.55366 1.91199 0.611292
threshold=1.0000000180025095e-35 0.53906250000000011 0.37500000000000006 0.31000000000000005 0.56250000000000011 0.59000000000000008 1.0000000180025095e-35 0.51000000000000012 0.37000000000000005 0.94350000000000012 0.9900000000000001 0.37500000000000006 0.31250000000000006 1.0000000180025095e-35
decision_type=2 2 2 2 2 2 2 2 2 2 2 2 2 2
left_child=3 9 -3 -1 5 7 -7 8 -5 13 -11 12 -12 -2
right_child=1 2 -4 4 -6 6 -8 -9 -10 10 11 -13 -14 -15
leaf_value=-0.020227923505664686 0.0012512040023691974 -0.057734833917647083 0.036010859234619462 0.037917156861070611 -0.050579092748246984 -0.059022528356073238 -0.00092691682794892628 0.085584698797178477 -0.058385926052787966 0.051856468643842746 -0.03833958199981366 0.059242533136311649 0.0087320418382349062 -0.053475047344679519
leaf_weight=2.7578391910137752 31.420308182961893 0.34351470338515255 0.11054935972788371 0.36668348163948117 0.62944679592328689 0.47960556735051696 11.511817468403022 0.19587691183551215 0.15712271463416982 1.7976846974343033 2.9838960165507142 1.056033092550934 7.7873736968031153 0.51869078104937116
leaf_count=837 1326 106 9 33 328 269 635 11 35 10 186 10 198 347
internal_value=1.36369e-09 0.00228403 -0.0349109 -0.006529 -0.00369707 -0.0013755 -0.00325049 0.0298658 0.00902975 0.00265469 0.00802804 0.00136637 -0.00430791 0.000362447
internal_weight=62.1164 46.0181 0.454064 16.0984 13.3406 12.7111 11.9914 0.719683 0.523806 45.564 13.625 11.8273 10.7713 31.939
internal_count=4340 2192 115 2148 1311 983 904 79 68 2077 404 394 384 1673
is_linear=0
shrinkage=0.05


Tree=105
num_leaves=15
num_cat=0
split_feature=12 8 17 8 4 8 8 18 1 4 17 2 4 18
split_gain=0.350382 0.235473 0.54381 0.276923 0.565499 0.360631 0.351095 0.235192 0.273278 0.213533 0.187973 0.251888 0.914096 0.583688
threshold=1.0000000180025095e-35 0.31000000000000005 0.56250000000000011 0.59000000000000008 1.0000000180025095e-35 0.51000000000000012 0.37000000000000005 0.53906250000000011 0.37500000000000006 0.62500000000000011 0.18750000000000003 1.0000000180025095e-35 1.0000000180025095e-35 0.38281250000000006
decision_type=2 2 2 2 2 2 2 2 2 2 2 2 2 2
left_child=1 -1 3 5 -5 6 -3 9 -9 10 -2 12 13 -12
right_child=7 2 -4 4 -6 -7 -8 8 -10 -11 11 -13 -14 -15
leaf_value=-0.019779399302221983 0.030804159704038749 0.034296636806722902 -0.050205087308791765 -0.057932267547820319 -0.0010348799653358942 0.086864118171259913 -0.057972086832864228 -0.057182717037098235 0.034794783431716145 0.02714084222342493 0.0044356990454609679 0.0032206760258452053 -0.059927016077595797 -0.05829641552917178
leaf_weight=2.7196779316182065 0.56296732579357822 0.34316534842946289 0.5983221598798999 0.45393805357889405 11.502611364558105 0.19564233301207423 0.14737666248402093 0.32635172638037957 0.10731229878729209 0.86765906179789354 4.7661838895073734 37.999373422469944 0.73813320830231521 0.40208252400771005
leaf_count=837 15 33 328 269 635 11 35 106 9 22 454 1130 228 228
internal_value=-1.75697e-10 -0.00637902 -0.00362662 -0.00142228 -0.00319503 0.0294673 0.00657576 0.00222446 -0.0344224 0.00257501 0.00209569 0.00172758 -0.00787836 -0.000444755
internal_weight=61.7308 15.9607 13.2411 12.6427 11.9565 0.686184 0.490542 45.7701 0.433664 45.3364 44.4687 43.9058 5.9064 5.16827
internal_count=4340 2148 1311 983 904 79 68 2192 115 2077 2055 2040 910 682
is_linear=0
shrinkage=0.05


Tree=106
num_leaves=15
num_cat=0
split_feature=12 8 17 8 4 8 18 1 4 17 15 18 18 18
split_gain=0.337668 0.257029 0.51614 0.27421 0.48899 0.289631 0.220143 0.254292 0.205186 0.202638 0.48691 0.369724 0.24117 0.325007
threshold=1.0000000180025095e-35 0.31000000000000005 0.56250000000000011 0.59000000000000008 1.0000000180025095e-35 0.51000000000000012 0.53906250000000011 0.37500000000000006 0.62500000000000011 0.43750000000000006 1.0000000180025095e-35 0.25781250000000006 0.35156250000000006 0.36718750000000006
decision_type=2 2 2 2 2 2 2 2 2 2 2 2 2 2
left_child=1 9 3 5 -5 -3 8 -8 -2 10 -1 -11 -13 -14
right_child=6 2 -4 4 -6 -7 7 -9 -10 11 -12 12 13 -15
leaf_value=-0.047631400631268708 0.0020456770107605735 0.009478825474241127 -0.049936620309295132 -0.056291447244147967 -0.0011876803335799028 0.08184372465345667 -0.056855243109249977 0.033511462316779803 0.026688131915455361 0.038733993575599895 0.046680043568536472 -0.039041999687439058 0.043511606207149715 -0.051651912449973462
leaf_weight=1.0620895501924672 44.360162682525697 0.51045940896437692 0.57088735244906352 0.41721739555941795 11.494254507299045 0.18963842946686782 0.30957545549244869 0.10400364006636664 0.86113007715903123 0.3294495983282103 0.15709729224909086 0.70906451271730453 0.25339777638146188 0.13890108588384464
leaf_count=500 2055 68 328 269 635 11 106 9 22 17 6 121 21 172
internal_value=-8.66062e-11 -0.00629169 -0.00343534 -0.00133037 -0.00311777 0.0290806 0.00218282 -0.0341305 0.00251493 -0.0205006 -0.035479 -0.00773767 -0.0216387 0.0098171
internal_weight=61.4673 15.8325 13.1825 12.6116 11.9115 0.700098 45.6349 0.413579 45.2213 2.65 1.21919 1.43081 1.10136 0.392299
internal_count=4340 2148 1311 983 904 79 2192 115 2077 837 506 331 314 193
is_linear=0
shrinkage=0.05


Tree=107
num_leaves=15
num_cat=0
split_feature=12 8 17 5 18 8 8 0 5 8 4 18 4 18
split_gain=0.315746 0.23501 0.482398 0.250578 0.360601 0.417507 0.411807 0.262493 0.348873 0.258635 0.20847 0.205527 0.26821 0.206705
threshold=1.0000000180025095e-35 0.31000000000000005 0.56250000000000011 1.0000000180025095e-35 0.38281250000000006 0.95350000000000013 0.59000000000000008 0.37500000000000006 0.37500000000000006 0.9235000000000001 0.62500000000000011 0.28906250000000006 0.37500000000000006 0.25781250000000006
decision_type=2 2 2 2 2 2 2 2 2 2 2 2 2 2
left_child=1 -1 3 9 5 6 -5 8 -8 -3 -2 13 -13 -7
right_child=10 2 -4 4 -6 11 7 -9 -10 -11 -12 12 -14 -15
leaf_value=-0.020046512221650062 0.0016366047929081238 0.0059261251993703232 -0.049593453080209009 0.02836060242038202 0.012372519159806262 -0.0033071935766444561 -0.056093756593617775 0.031632957511750222 0.0027049129385611007 0.050735534876208632 0.026587075995100441 -0.0033905711302612707 -0.050869665655878873 0.024743890660037918
leaf_weight=2.5404171061745719 44.734627423651546 2.1136229388503103 0.5425035832886359 0.26198252485482765 2.3139714170101797 3.7207351211691275 1.2697890276613177 0.1222331259632482 0.31482094299281005 0.37990534305572499 0.85316101761418295 0.79693724372191332 0.47457903390750289 0.79750115831848223
leaf_count=837 2170 234 328 35 72 76 391 8 40 6 22 71 15 35
internal_value=4.83525e-10 -0.00612793 -0.00343053 -0.00143758 -0.00495059 -0.0101172 -0.0300073 -0.0389661 -0.044412 0.0127531 0.00210354 -0.00335345 -0.0211116 0.00164402
internal_weight=61.2368 15.649 13.1086 12.5661 10.0725 7.75858 1.96883 1.70684 1.58461 2.49353 45.5878 5.78975 1.27152 4.51824
internal_count=4340 2148 1311 983 743 671 474 439 431 240 2192 197 86 111
is_linear=0
shrinkage=0.05


Tree=108
num_leaves=15
num_cat=0
split_feature=12 18 1 17 18 8 8 17 15 18 4 4 4 2
split_gain=0.298744 0.210259 0.239852 0.208522 0.214357 0.268152 0.409952 0.281679 0.221343 0.218058 0.4128 0.198817 0.178627 1.33798
threshold=1.0000000180025095e-35 0.53906250000000011 0.37500000000000006 0.18750000000000003 0.21093750000000003 0.85350000000000004 0.67000000000000015 0.31250000000000006 1.0000000180025095e-35 0.22656250000000003 0.37500000000000006 0.62500000000000011 0.37500000000000006 0.37500000000000006
decision_type=2 2 2 2 2 2 2 2 2 2 2 2 2 2
left_child=3 11 -3 -1 5 6 7 -5 9 10 -6 12 -2 -14
right_child=1 2 -4 4 8 -7 -8 -9 -10 -11 -12 -13 13 -15
leaf_value=-0.056152646280512336 0.0027861326585673593 -0.056636895039436565 0.032588908416533599 -0.040101498858102137 -0.070265800744085671 0.016090302585006749 -0.050426831289912759 0.022068021253723938 -0.061415886316324914 -0.0060813179138605195 0.012135484098834845 0.026342830090567884 -0.067606057836064812 0.0085158268779377249
leaf_weight=0.20446710645046451 41.115457008090743 0.29817623351846023 0.10077389446087182 0.24193264936911807 0.36972691702976312 2.2272355554741807 0.46176451427163556 0.73789183291955851 0.19537529718945812 10.815294401774734 0.25808245991356671 0.8479146594327166 0.75601557816844378 2.4414244387298822
leaf_count=180 1957 106 9 127 69 42 42 38 60 1583 7 22 54 44
internal_value=1.6316e-11 0.00204052 -0.0340987 -0.00599322 -0.00532322 0.00521516 -0.0115868 0.00671748 -0.00864525 -0.00774427 -0.0363919 0.00235977 0.00190086 -0.00948274
internal_weight=61.0715 45.5598 0.39895 15.5118 15.3073 3.66882 1.44159 0.979824 11.6385 11.4431 0.627809 45.1608 44.3129 3.19744
internal_count=4340 2192 115 2148 1968 249 207 165 1719 1659 76 2077 2055 98
is_linear=0
shrinkage=0.05


Tree=109
num_leaves=15
num_cat=0
split_feature=12 17 4 18 18 18 8 8 17 18 18 4 15 17
split_gain=0.297456 0.218718 0.198604 0.196492 0.200231 0.227005 0.267672 0.449872 0.234644 0.16776 0.166836 0.381352 0.166328 0.159921
threshold=1.0000000180025095e-35 0.18750000000000003 0.62500000000000011 0.42968750000000006 0.38281250000000006 0.21093750000000003 0.85350000000000004 0.67000000000000015 0.31250000000000006 0.13281250000000003 0.22656250000000003 0.37500000000000006 1.0000000180025095e-35 0.18750000000000003
decision_type=2 2 2 2 2 2 2 2 2 2 2 2 2 2
left_child=1 -1 13 4 5 6 7 8 9 -3 11 -7 -12 -2
right_child=2 3 -4 -5 -6 10 -8 -9 -10 -11 12 -13 -14 -15
leaf_value=-0.057932977214078356 0.028204668699812731 0.03385031146849219 0.026109009774706638 -0.044976122903606558 0.0082498320632479454 -0.069845883431968014 0.014286927457114221 -0.053088170664366899 0.020480157750661542 -0.063824116482707957 -0.0086796851877569189 0.010607275197452512 -0.064494096824346911 0.001245170213973021
leaf_weight=0.20012273025349614 0.55702922679483791 0.059790725528723998 0.84089345758547906 0.30606726480618895 2.550606354503544 0.35815513513079977 2.2045434108586051 0.47748799278633669 0.71692652840283699 0.16604357738106046 7.9889799036391178 0.25017935049254447 0.13574661660823029 44.053356529962912
leaf_count=180 15 28 22 289 179 71 42 42 38 99 1152 7 21 2155
internal_value=-3.79631e-10 -0.00600206 0.00203558 -0.00531899 -0.00450484 -0.00713735 0.00338124 -0.0135468 0.00648003 -0.0379643 -0.0115033 -0.0367593 -0.00961222 0.0015818
internal_weight=60.8659 15.4146 45.4513 15.2145 14.9085 12.3579 3.62479 1.42025 0.942761 0.225834 8.73306 0.608334 8.12473 44.6104
internal_count=4340 2148 2192 1968 1679 1500 249 207 165 127 1251 78 1173 2170
is_linear=0
shrinkage=0.05


Tree=110
num_leaves=15
num_cat=0
split_feature=12 4 8 17 8 4 8 18 5 8 5 18 18 4
split_gain=0.277381 0.212206 0.197633 0.435612 0.236318 0.459021 0.283322 0.208423 0.249623 0.574379 0.332698 0.256043 0.301647 0.256785
threshold=1.0000000180025095e-35 0.62500000000000011 0.31000000000000005 0.56250000000000011 0.59000000000000008 1.0000000180025095e-35 0.51000000000000012 0.38281250000000006 1.0000000180025095e-35 0.95350000000000013 0.37500000000000006 0.28906250000000006 0.25781250000000006 0.37500000000000006
decision_type=2 2 2 2 2 2 2 2 2 2 2 2 2 2
left_child=2 -2 -1 4 6 -6 -4 8 -7 10 -10 12 -11 -13
right_child=1 -3 3 -5 5 7 -8 -9 9 11 -12 13 -14 -15
leaf_value=-0.018818215886416849 0.0014937911474986328 0.026890896432171824 0.0077650417591340198 -0.049013027056397568 -0.057522133680557967 0.011552932850182883 0.081745868787285722 0.011797976061025353 -0.050311230337505813 -0.0027868574038589435 0.0095208337824438365 -0.0042895847067288941 0.03023518179381697 -0.051290889726900192
leaf_weight=2.4542973566858555 44.611114695948345 0.83793552026327134 0.48099384248052679 0.50166321791766755 0.37536409828317019 1.8471972594852539 0.17705088382354006 2.3891994486402828 1.1074706640065413 3.6228738450445235 0.29402323090471316 0.76139967184280954 0.85471845639403898 0.46996234799735248
leaf_count=837 2170 22 68 328 269 119 11 71 220 75 29 71 35 15
internal_value=4.12496e-10 0.00196203 -0.00581451 -0.003337 -0.00148615 -0.00312288 0.02767 -0.00132331 -0.00482304 -0.00907729 -0.0377589 -0.00203623 0.00351665 -0.0222281
internal_weight=60.7853 45.4491 15.3362 12.8819 12.3803 11.7222 0.658045 11.3468 8.95765 7.11045 1.40149 5.70895 4.47759 1.23136
internal_count=4340 2192 2148 1311 983 904 79 635 564 445 249 196 110 86
is_linear=0
shrinkage=0.05


Tree=111
num_leaves=15
num_cat=0
split_feature=4 18 18 12 1 18 17 17 1 18 1 18 17 0
split_gain=0.376842 0.257004 0.22606 0.272411 0.219889 0.214893 0.307217 0.432642 0.224245 0.203263 0.403345 0.617932 0.759109 0.466317
threshold=0.62500000000000011 0.13281250000000003 0.14843750000000003 1.0000000180025095e-35 1.0000000180025095e-35 0.53906250000000011 0.81250000000000011 0.68750000000000011 0.37500000000000006 0.25781250000000006 1.0000000180025095e-35 0.21093750000000003 0.31250000000000006 0.37500000000000006
decision_type=2 2 2 2 2 2 2 2 2 2 2 2 2 2
left_child=1 4 3 -3 -1 6 7 9 -7 10 11 -4 -13 -12
right_child=-2 2 5 -5 -6 8 -8 -9 -10 -11 13 12 -14 -15
leaf_value=0.01189663555743764 0.032148749643360126 -0.00074477094164856496 0.0096129984105677059 0.047943534015116807 -0.077493194132987858 -0.055702433882544956 0.046660263599904862 -0.054524850574844241 0.029460608635606025 0.0016794180968861322 -0.0058646763262458932 0.0036111366175858306 -0.076105678980868577 0.016935441968704248
leaf_weight=0.10549860937317135 0.89805441544740361 0.62485878007282625 0.77878384755604502 0.53177960097673349 0.19775359193590603 0.3310774767815009 0.34443934819137112 0.37095945148030196 0.10083935971488245 39.066540432562761 13.422249127666875 0.47197187331039436 0.81315863980853464 2.6924193231388918
leaf_count=33 27 49 67 23 75 166 27 178 15 2713 801 41 87 38
internal_value=-2.30997e-10 -0.000482376 -0.000248566 0.0216403 -0.0463953 -0.000682141 -0.000420301 -0.000701757 -0.0358195 -0.000352973 -0.00472067 -0.0255317 -0.0468292 -0.00205526
internal_weight=60.7504 59.8523 59.5491 1.15664 0.303252 58.3924 57.9605 57.6161 0.431917 57.2451 18.1786 2.06391 1.28513 16.1147
internal_count=4340 4313 4205 72 108 4133 3952 3925 181 3747 1034 195 128 839
is_linear=0
shrinkage=0.05


Tree=112
num_leaves=15
num_cat=0
split_feature=2 4 18 0 17 17 15 1 18 17 18 15 18 11
split_gain=0.268027 0.966502 0.648584 0.81161 0.644374 0.566974 0.366565 0.272467 0.661994 0.536135 0.327614 0.291566 0.209443 0.569402
threshold=1.0000000180025095e-35 1.0000000180025095e-35 0.38281250000000006 0.37500000000000006 0.56250000000000011 0.18750000000000003 1.0000000180025095e-35 0.37500000000000006 0.30468750000000006 0.43750000000000006 0.30468750000000006 1.0000000180025095e-35 0.25781250000000006 1.0000000180025095e-35
decision_type=2 2 2 2 2 2 2 2 2 2 2 2 2 2
left_child=1 2 3 4 5 -1 -3 8 9 11 -9 -7 13 -2
right_child=12 6 -4 -5 -6 7 -8 10 -10 -11 -12 -13 -14 -15
leaf_value=0.043137855013448627 -0.025826232991712706 -0.057900928050272152 -0.056088695041616871 0.054219069833378965 0.042610455927157384 -0.031925938667597721 0.041608317433594708 -0.024235508965284539 -0.054110920784866082 0.014159662514503119 0.025517753950674873 0.041419120858938036 0.0037425186625134168 0.00054940268240327239
leaf_weight=0.49683805010499593 2.3637258853705143 1.104651224293774 0.51181776928933675 0.67926962784258638 0.69570359637873469 1.6954275723473982 0.10100990792852815 0.53347062791726763 1.0130835367453981 1.505013805712224 0.87123023258754984 0.14726837968919437 33.525328630465083 15.23370059177978
leaf_count=91 159 480 448 11 76 516 25 38 297 114 27 11 1639 408
internal_value=1.03957e-09 -0.0077813 -0.00159955 0.00205207 -0.00304067 -0.00811221 -0.0495641 -0.0125287 -0.0186977 -0.00798095 0.0066227 -0.0260642 0.00142388 -0.00299343
internal_weight=60.4775 9.35478 8.14912 7.63731 6.95804 6.26233 1.20566 5.76549 4.36079 3.34771 1.4047 1.8427 51.1228 17.5974
internal_count=4340 2134 1629 1181 1170 1094 505 1003 938 641 65 527 2206 567
is_linear=0
shrinkage=0.05


Tree=113
num_leaves=15
num_cat=0
split_feature=12 4 8 17 8 4 8 8 17 15 18 18 18 18
split_gain=0.265347 0.210458 0.208812 0.408573 0.261472 0.436271 0.279074 0.337161 0.203743 0.409355 0.265436 0.266688 0.310883 0.201244
threshold=1.0000000180025095e-35 0.62500000000000011 0.31000000000000005 0.56250000000000011 0.59000000000000008 1.0000000180025095e-35 0.51000000000000012 0.37000000000000005 0.43750000000000006 1.0000000180025095e-35 0.25781250000000006 0.35156250000000006 0.36718750000000006 0.38281250000000006
decision_type=2 2 2 2 2 2 2 2 2 2 2 2 2 2
left_child=2 -2 8 4 6 -6 7 -4 9 -1 -10 -12 -13 -7
right_child=1 -3 3 -5 5 13 -8 -9 10 -11 11 12 -14 -15
leaf_value=-0.047868165720465074 0.0014476478085900853 0.026506453616436276 0.03385174151664435 -0.048742231423205974 -0.057754624564675311 -0.0050368730057645597 0.077459472270067498 -0.057715189237015047 0.034891040124835564 0.045695338500986477 -0.037033857904107695 0.046950600524812314 -0.051399153807449353 0.011177787613978607
leaf_weight=0.91061386955334389 44.225074432795736 0.85406586981844057 0.3560890958469799 0.47379842752343471 0.35545432464277738 8.7453797998168721 0.20409733545966446 0.1400778505631024 0.30157083377707739 0.13412164367036894 0.67618976825906407 0.2531080559710972 0.11772247517001233 2.4495687546223044
leaf_count=500 2170 22 33 328 269 564 11 35 17 6 121 21 172 71
internal_value=1.34165e-10 0.00192241 -0.00573236 -0.00318385 -0.00142187 -0.00322047 0.0282449 0.00800057 -0.0192818 -0.0358566 -0.00644158 -0.0183465 0.0157289 -0.00148894
internal_weight=60.1969 45.0791 15.1178 12.7245 12.2507 11.5504 0.700264 0.496167 2.39333 1.04474 1.34859 1.04702 0.370831 11.1949
internal_count=4340 2192 2148 1311 983 904 79 68 837 506 331 314 193 635
is_linear=0
shrinkage=0.05


Tree=114
num_leaves=15
num_cat=0
split_feature=12 17 4 9 17 8 17 18 3 13 18 5 4 17
split_gain=0.260613 0.186336 0.179408 0.177911 1.55177 1.37906 0.648087 1.9592 0.80801 0.599513 0.45346 0.439485 0.626881 0.462832
threshold=1.0000000180025095e-35 0.18750000000000003 0.62500000000000011 0.92857142857142871 0.31250000000000006 0.95350000000000013 0.43750000000000006 0.32031250000000006 0.37500000000000006 1.0000000180025095e-35 0.19531250000000003 0.37500000000000006 0.37500000000000006 0.43750000000000006
decision_type=2 2 2 2 2 2 2 2 2 2 2 2 2 2
left_child=1 -1 3 5 10 9 8 -8 -6 11 -5 12 13 -2
right_child=2 -3 -4 4 6 -7 7 -9 -10 -11 -12 -13 -14 -15
leaf_value=-0.056481146285806971 -0.0054004127801393371 -0.0050980600531945856 0.024705062351090188 0.0074210760565261982 0.029803745964370895 0.03955494370919696 -0.06666714493763333 0.022755872652133177 -0.01316359398498391 -0.053407240126000732 -0.047961071082830126 0.015796303371704165 -0.048920111105252656 0.0082585424776820994
leaf_weight=0.17856667189334885 15.432985141633266 14.81116006902448 0.8463322806492205 0.44883540272712563 3.6482521377038211 2.4237011531367889 1.0383815816603603 1.4935094738320911 1.5628876076079903 0.50905040086945419 2.0938439412275329 4.4718175932357545 0.66942514758556981 10.368781181055963
leaf_count=180 681 1968 22 14 47 21 36 89 43 379 164 131 23 542
internal_value=-1.73971e-10 -0.00571017 0.00190176 0.00146474 -0.00429466 0.00321347 0.00683434 -0.0139184 0.0169173 0.00041299 -0.038185 0.0012984 -0.00115075 8.86191e-05
internal_weight=59.9975 14.9897 45.0078 44.1615 10.2857 33.8758 7.74303 2.53189 5.21114 31.4521 2.54268 30.943 26.4712 25.8018
internal_count=4340 2148 2192 2170 393 1777 215 125 90 1756 178 1377 1246 1223
is_linear=0
shrinkage=0.05


Tree=115
num_leaves=15
num_cat=0
split_feature=12 2 4 18 18 18 8 8 17 17 18 18 13 18
split_gain=0.264988 0.197627 1.31959 0.298809 0.22914 0.254591 0.227853 1.57571 1.84326 1.04836 1.75366 0.812724 0.547336 0.366262
threshold=1.0000000180025095e-35 0.37500000000000006 0.37500000000000006 0.28906250000000006 0.14843750000000003 0.16406250000000003 0.95350000000000013 0.9900000000000001 0.31250000000000006 0.43750000000000006 0.32031250000000006 0.19531250000000003 1.0000000180025095e-35 0.39843750000000006
decision_type=2 2 2 2 2 2 2 2 2 2 2 2 2 2
left_child=-1 2 4 -3 -2 -6 12 -8 11 -10 -11 -9 -7 -12
right_child=1 3 -4 -5 5 6 7 8 9 10 13 -13 -14 -15
leaf_value=-0.0057565363460832884 0.032790639808149433 -0.0016322569216744192 -0.066784974571303612 0.028569650983087343 -0.026498382758075385 0.00082854492243235919 0.063315013765126271 0.036857834340051861 0.027978185706832876 -0.065952558455864549 0.0035121629437336061 -0.047638136306354481 -0.053232382613432785 0.055540828990241278
leaf_weight=14.979828349099988 0.60176234062237099 1.6083069005981081 0.70592333542299357 1.6686639259569345 0.78444865066558023 28.101312662838613 1.167354278266427 0.32970230467617545 4.8029518146067858 0.93731155269779298 1.0009453860111532 2.0796214886941016 0.47612839841894938 0.51091377204284061
leaf_count=2148 57 24 67 29 33 1255 4 9 49 35 38 165 377 50
internal_value=-1.05319e-10 0.00192588 0.000992423 0.0137468 0.00216533 0.00170678 0.00226826 0.00844468 0.00181491 0.0144029 -0.0122188 -0.0360753 -7.21635e-05 0.0210946
internal_weight=59.7552 44.7753 41.4984 3.27697 40.7925 40.1907 39.4062 10.8288 9.66145 7.25212 2.44917 2.40932 28.5774 1.51186
internal_count=4340 2192 2139 53 2072 2015 1982 350 346 172 123 174 1632 88
is_linear=0
shrinkage=0.05


Tree=116
num_leaves=15
num_cat=0
split_feature=0 18 5 18 6 2 4 15 17 17 18 18 18 15
split_gain=0.294392 0.405351 0.419141 0.757099 0.493935 0.291732 0.707268 0.489781 0.474012 0.421894 0.621793 0.326359 0.260094 0.314769
threshold=0.37500000000000006 0.22656250000000003 1.0000000180025095e-35 0.27343750000000006 0.62500000000000011 1.0000000180025095e-35 1.0000000180025095e-35 1.0000000180025095e-35 0.18750000000000003 0.56250000000000011 0.36718750000000006 0.32031250000000006 0.24218750000000003 1.0000000180025095e-35
decision_type=2 2 2 2 2 2 2 2 2 2 2 2 2 2
left_child=5 -2 3 -3 -5 6 8 -8 -1 11 -11 12 13 -10
right_child=1 2 -4 4 -6 -7 7 -9 9 10 -12 -13 -14 -15
leaf_value=0.042905076979105429 0.027949870796677781 0.016652604567497582 0.0087817719176116159 -0.070816167661580429 0.0041927398187121684 0.00010829762899633067 -0.057927960251460048 0.045092957592757145 -0.045353595293128462 0.047218812296760455 -0.051888368772272313 -0.0389520606932795 -0.0017688320457374053 0.037298703565268314
leaf_weight=0.49512783962563656 1.9860161277465511 0.85492688976228048 6.5878838727949187 0.6965895512839777 0.32043359673116356 40.821756286979507 1.0303377704785814 0.1299166127864736 0.72317578225192836 0.68207382087712165 0.20607787806511624 0.98805910889132054 3.8379319775376644 0.13701668035355397
leaf_count=105 32 11 170 63 5 1948 477 25 336 55 267 419 415 12
internal_value=-1.01648e-10 0.00762146 0.0028492 -0.0180291 -0.0471831 -0.00162304 -0.010211 -0.0463924 -0.00427281 -0.00782589 0.024223 -0.0128317 -0.0073384 -0.0321882
internal_weight=59.4973 10.4459 8.45983 1.87195 1.01702 49.0515 8.22972 1.16025 7.06946 6.57434 0.888152 5.68618 4.69812 0.860192
internal_count=4340 281 249 79 68 4059 2111 502 1609 1504 322 1182 763 348
is_linear=0
shrinkage=0.05


Tree=117
num_leaves=15
num_cat=0
split_feature=12 18 5 18 8 9 17 18 5 8 8 17 17 17
split_gain=0.24794 0.283963 0.280753 0.254245 0.280983 1.27957 1.63725 0.587076 0.54373 0.662302 0.87864 0.882084 0.772651 0.648721
threshold=1.0000000180025095e-35 0.14843750000000003 1.0000000180025095e-35 0.16406250000000003 0.94350000000000012 0.92857142857142871 0.31250000000000006 0.19531250000000003 0.37500000000000006 0.84350000000000003 0.91000000000000014 0.31250000000000006 0.43750000000000006 0.31250000000000006
decision_type=2 2 2 2 2 2 2 2 2 2 2 2 2 2
left_child=-1 2 -2 -3 8 -6 7 -7 9 12 11 -11 13 -5
right_child=1 3 -4 4 5 6 -8 -9 -10 10 -12 -13 -14 -15
leaf_value=-0.0055732873923233783 0.059881296809795516 -0.026660632112848522 -0.0021949588120767616 0.012202628704655945 0.045915171608406635 0.030264746029805389 0.011841128186400826 -0.046551724314384778 0.015842990133739656 -0.010965479060956115 -0.0041745373105345545 -0.068645373139123653 0.014293995770560156 -0.015305945777572558
leaf_weight=14.934936898924205 0.41445435905188688 0.79517021251376618 0.32495323190232739 3.0961193293187623 1.9071574024856062 0.28540663188323501 8.0060471352771838 1.9354554572491904 4.2902897980820844 1.3848315507639184 6.1654384700814262 1.2713309415994443 7.5869727576664436 6.9633900260414521
leaf_count=2148 36 35 24 155 13 8 219 164 140 45 169 146 588 450
internal_value=-8.69394e-10 0.00187356 0.0326002 0.00135352 0.00187286 0.00831601 0.00130436 -0.0366799 -0.000668939 -0.00334541 -0.0145318 -0.0385731 0.00224678 -0.00683935
internal_weight=59.362 44.427 0.739408 43.6876 42.8924 12.1341 10.2269 2.22086 30.7584 26.4681 8.8216 2.65616 17.6465 10.0595
internal_count=4340 2192 60 2132 2097 404 391 172 1693 1553 360 191 1193 605
is_linear=0
shrinkage=0.05


Tree=118
num_leaves=15
num_cat=0
split_feature=12 17 11 10 17 6 18 1 18 18 4 6 5 8
split_gain=0.264103 0.244135 0.322921 1.63477 0.64238 0.610014 0.582472 1.2839 1.17437 0.987771 0.825381 0.577959 1.26466 1.01903
threshold=1.0000000180025095e-35 0.18750000000000003 1.0000000180025095e-35 1.0000000180025095e-35 0.56250000000000011 1.0000000180025095e-35 0.30468750000000006 0.37500000000000006 0.33593750000000006 0.33593750000000006 1.0000000180025095e-35 1.0000000180025095e-35 0.37500000000000006 0.93350000000000011
decision_type=2 2 2 2 2 2 2 2 2 2 2 2 2 2
left_child=-1 -2 3 4 -3 -6 10 8 -8 -9 -4 -12 13 -13
right_child=1 2 6 -5 5 -7 7 9 -10 -11 11 12 -14 -15
leaf_value=-0.0057419599468267104 0.033910133141395925 -0.0061609415429461252 0.032242219686013568 -0.085376799767978975 0.040418148836959523 -0.058862622033544934 -0.053063953644964849 0.060571980875090761 -0.0042787252655382109 -0.0026489299527001357 0.012885701794285262 -0.034456751020570039 -0.04341990408044117 0.011148927924327543
leaf_weight=14.950759379960799 0.58949203207157452 9.23998614520678 3.058002921286973 0.6096527743466148 1.3406030784972252 0.17490729584460485 1.9105110780219527 0.98705295508261803 3.481551996730559 1.6517210024176163 10.309115318115802 1.462446397941674 1.6881321219261725 7.5398294965270907
leaf_count=2148 15 681 72 128 156 65 112 18 433 126 136 56 58 136
internal_value=-5.42913e-10 0.00194915 0.00151557 -0.00572698 -0.0012122 0.02896 0.00408076 -0.00757871 -0.0215643 0.0209993 0.0079729 0.00443874 -0.00370694 0.00374015
internal_weight=58.9938 44.043 43.4535 11.3651 10.7555 1.51551 32.0884 8.03084 5.39206 2.63877 24.0575 20.9995 10.6904 9.00228
internal_count=4340 2192 2177 1030 902 221 1147 689 545 144 458 386 250 192
is_linear=0
shrinkage=0.05


Tree=119
num_leaves=15
num_cat=0
split_feature=0 1 18 18 5 4 18 2 4 15 17 8 8 3
split_gain=0.353226 0.412129 0.412478 0.32063 0.690086 0.370774 0.839539 0.311439 0.688828 0.461173 0.423358 0.447434 0.405543 0.35603
threshold=0.37500000000000006 1.0000000180025095e-35 0.27343750000000006 0.24218750000000003 0.37500000000000006 1.0000000180025095e-35 0.28906250000000006 1.0000000180025095e-35 1.0000000180025095e-35 1.0000000180025095e-35 0.18750000000000003 0.62000000000000011 0.62000000000000011 0.37500000000000006
decision_type=2 2 2 2 2 2 2 2 2 2 2 2 2 2
left_child=7 2 -2 -3 -5 -6 -7 8 10 -10 11 -1 -12 -14
right_child=1 3 -4 4 5 6 -8 -9 9 -11 12 -13 13 -15
leaf_value=-0.054750359711377095 0.010135250955285759 0.030250625716863627 -0.037855672489151608 -0.021537408512120035 0.045863810868480577 -0.033849985877996314 0.023087027727928675 3.8274130756459486e-05 -0.058176653773976988 0.043708070242652677 -0.0027432544379273009 0.063152674947460796 -0.057751239469490658 0.0026757883457781831
leaf_weight=0.10071632610924819 0.92207150615285971 2.0814204597845656 0.87036768463440239 1.5311066711146848 0.90679156675469119 0.83717119973152909 2.8565373588935472 40.34559774788795 1.0046840658924336 0.1248717336275148 5.4689590079906338 0.40023101890983526 0.69096858033662989 0.37662810081383213
leaf_count=83 16 31 32 88 19 21 74 1948 477 25 1183 22 307 14
internal_value=-6.9554e-11 0.00855382 -0.013168 0.0132945 0.00753857 0.0172154 0.0101824 -0.00176418 -0.0106684 -0.0469134 -0.00485085 0.0394481 -0.00824582 -0.0364337
internal_weight=58.5181 10.0055 1.79244 8.21303 6.13161 4.6005 3.69371 48.5127 8.16706 1.12956 7.0375 0.500947 6.53656 1.0676
internal_count=4340 281 48 233 202 114 95 4059 2111 502 1609 105 1504 321
is_linear=0
shrinkage=0.05


end of trees

feature_importances:
identifier-length=429
identifier-token-count=235
baseline-score=212
include=128
name-action=98
driver-hal-path=96
call-context=72
public-include-path=65
path=64
macro-context=62
signature=57
test-example-path=45
name-capability=43
evidence-kind-count=31
internal-private-path=17
name-capability-action-joint=13
private-symbol=7
canonical-name-order=6

parameters:
[boosting: gbdt]
[objective: lambdarank]
[metric: ndcg]
[tree_learner: serial]
[device_type: cpu]
[data_sample_strategy: bagging]
[data: ]
[valid: ]
[num_iterations: 120]
[learning_rate: 0.05]
[num_leaves: 15]
[num_threads: 6]
[seed: 20260824]
[deterministic: 0]
[force_col_wise: 0]
[force_row_wise: 0]
[histogram_pool_size: -1]
[max_depth: -1]
[min_data_in_leaf: 20]
[min_sum_hessian_in_leaf: 0.001]
[bagging_fraction: 1]
[pos_bagging_fraction: 1]
[neg_bagging_fraction: 1]
[bagging_freq: 0]
[bagging_seed: 4565]
[bagging_by_query: 0]
[feature_fraction: 1]
[feature_fraction_bynode: 1]
[feature_fraction_seed: 12274]
[extra_trees: 0]
[extra_seed: 23975]
[early_stopping_round: 0]
[early_stopping_min_delta: 0]
[first_metric_only: 0]
[max_delta_step: 0]
[lambda_l1: 0]
[lambda_l2: 0]
[linear_lambda: 0]
[min_gain_to_split: 0]
[drop_rate: 0.1]
[max_drop: 50]
[skip_drop: 0.5]
[xgboost_dart_mode: 0]
[uniform_drop: 0]
[drop_seed: 11764]
[top_rate: 0.2]
[other_rate: 0.1]
[min_data_per_group: 100]
[max_cat_threshold: 32]
[cat_l2: 10]
[cat_smooth: 10]
[max_cat_to_onehot: 4]
[top_k: 20]
[monotone_constraints: ]
[monotone_constraints_method: basic]
[monotone_penalty: 0]
[feature_contri: ]
[forcedsplits_filename: ]
[refit_decay_rate: 0.9]
[cegb_tradeoff: 1]
[cegb_penalty_split: 0]
[cegb_penalty_feature_lazy: ]
[cegb_penalty_feature_coupled: ]
[path_smooth: 0]
[interaction_constraints: ]
[verbosity: 1]
[saved_feature_importance_type: 0]
[use_quantized_grad: 0]
[num_grad_quant_bins: 4]
[quant_train_renew_leaf: 0]
[stochastic_rounding: 1]
[linear_tree: 0]
[max_bin: 255]
[max_bin_by_feature: ]
[min_data_in_bin: 3]
[bin_construct_sample_cnt: 200000]
[data_random_seed: 4772]
[is_enable_sparse: 1]
[enable_bundle: 1]
[use_missing: 1]
[zero_as_missing: 0]
[feature_pre_filter: 1]
[pre_partition: 0]
[two_round: 0]
[header: 0]
[label_column: ]
[weight_column: ]
[group_column: ]
[ignore_column: ]
[categorical_feature: ]
[forcedbins_filename: ]
[precise_float_parser: 0]
[parser_config_file: ]
[objective_seed: 31899]
[num_class: 1]
[is_unbalance: 0]
[scale_pos_weight: 1]
[sigmoid: 1]
[boost_from_average: 1]
[reg_sqrt: 0]
[alpha: 0.9]
[fair_c: 1]
[poisson_max_delta_step: 0.7]
[tweedie_variance_power: 1.5]
[lambdarank_truncation_level: 30]
[lambdarank_norm: 1]
[label_gain: ]
[lambdarank_position_bias_regularization: 0]
[eval_at: 1,2,3,4,5]
[multi_error_top_k: 1]
[auc_mu_weights: ]
[num_machines: 1]
[local_listen_port: 12400]
[time_out: 120]
[machine_list_filename: ]
[machines: ]
[gpu_platform_id: -1]
[gpu_device_id: -1]
[gpu_device_id_list: ]
[gpu_use_dp: 0]
[num_gpu: 1]

end of parameters

pandas_categorical:null
