tree
version=v4
num_class=1
num_tree_per_iteration=1
label_index=0
max_feature_idx=90
objective=lambdarank
feature_names=Column_0 Column_1 Column_2 Column_3 Column_4 Column_5 Column_6 Column_7 Column_8 Column_9 Column_10 Column_11 Column_12 Column_13 Column_14 Column_15 Column_16 Column_17 Column_18 Column_19 Column_20 Column_21 Column_22 Column_23 Column_24 Column_25 Column_26 Column_27 Column_28 Column_29 Column_30 Column_31 Column_32 Column_33 Column_34 Column_35 Column_36 Column_37 Column_38 Column_39 Column_40 Column_41 Column_42 Column_43 Column_44 Column_45 Column_46 Column_47 Column_48 Column_49 Column_50 Column_51 Column_52 Column_53 Column_54 Column_55 Column_56 Column_57 Column_58 Column_59 Column_60 Column_61 Column_62 Column_63 Column_64 Column_65 Column_66 Column_67 Column_68 Column_69 Column_70 Column_71 Column_72 Column_73 Column_74 Column_75 Column_76 Column_77 Column_78 Column_79 Column_80 Column_81 Column_82 Column_83 Column_84 Column_85 Column_86 Column_87 Column_88 Column_89 Column_90
feature_infos=[0:1] [-0.035627521574497223:0.83773982524871826] [-0.035817231982946396:0.86836433410644531] [0.63048857450485229:0.99203497171401978] [0:1] [0:1] [0.29658499999999999:0.83450299999999999] [0:1] [0:1] [0.080000000000000002:1] [0:1] none [0:1] none [0:1] [0:0.85160000000000002] [0.52320800000000001:0.79572299999999996] [0:0.79816399999999998] [0.53391100000000002:0.79447900000000005] [0.52735900000000002:0.82273300000000005] [0.476688:0.82699] [0:1] [0.088976:0.645644] [0:1] [0:1] [0:1] [0:1] [0:1] [0:1] [0:1] [0:1] [0:0.80000000000000004] [0:1] [0:1] [0:1] [0:1] [0:1] [0:1] none [0:1] [0:1] [0:1] [0:1] [0:1] [0:1] [0:1] [0:1] [0:1] [0:1] [0:1] [0:1] [0:1] [0:1] [0.55000000000000004:0.90000000000000002] [0:1] [0:1] none [0:1] [0:1] [0:1] [0.059999999999999998:1] [0:1] [0.16666666666666666:1] [0:1] [0:1] [0:1] [0:1] [0:1] [0:1] [0:1] [0:1] [0:1] [0:1] [0:1] [0:1] [0:1] [0:1] [0:1] [0:1] [0:1] [0:1] [0:1] [0:1] [0:1] [0:1] [0:1] [0.0025380710659898475:1] [-1:0] [0:1] [0:1] [0:1]
tree_sizes=895 896 888 890 888 893 895 894 891 890 892 897 896 894 894 892 876 874 893 878 895 890 852 898 871 892 895 902 893 895 891 895 896 897 890 897 893 900 900 903 891 896 898 897 901 895 898 894 902 898 902 897 901 904 897 899 897 895 906 890 903 901 896 898 873 896 876 896 893 897 903 900 898 898 904 888 907 896 899 895 898 901 897 909 899 887 892 900 894 888 901 911 853 904 902 905 906 909 896 910 896 897 896 876 907 880 905 906 909 907 908 895 889 896 881 899 896 880 907 907 896 897 898 896 903 901 903 900 900 905 904 879 894 899 893 906 901 880 907 875 900 879 902 897 900 888 901 904 894 900 890 900 906 904 901 907 898 903 899 907 910 904 896 900 893 910 892 897 900 910 902 900 906 902 904 896 904 896 901 909 879 900 898 908 898 904 904 893 907 897 904 906 897 907 909 898 911 908 901 901 896 904 908 903 902 905 900 894 906 906 898 907 901 891 902 903 896 903 905 903 880 898 904 902 902 904 903 909 907 900 902 904 907 908 909 905 906 909 881 900

Tree=0
num_leaves=7
num_cat=0
split_feature=9 1 39 60 2 2
split_gain=392.476 89.3584 39.8753 28.7909 24.8439 23.851
threshold=0.58350000000000002 0.57697290182113659 1.0000000180025095e-35 0.68000000000000005 0.55406236648559581 0.66890439391136181
decision_type=2 2 2 2 2 2
left_child=4 2 -2 -3 -1 -5
right_child=1 3 -4 5 -6 -7
leaf_value=-0.046223018051951455 -0.032372018482487691 0.034824905663325516 0.006391949150077559 -0.011612723598843983 -0.012541944261065988 0.025218152049989964
leaf_weight=83.167330061405664 19.385101456631673 116.05887782212812 65.650439277378609 17.359231232781895 19.936859435591032 22.268795218580635
leaf_count=11861 1808 3113 4504 1400 2231 1252
internal_value=0 0.0174735 -0.00301707 0.0285915 -0.0402442 0.00914483
internal_weight=343.827 240.722 85.0355 155.687 103.104 39.628
internal_count=26169 12077 6312 5765 14092 2652
is_linear=0
shrinkage=0.025


Tree=1
num_leaves=7
num_cat=0
split_feature=1 62 84 29 46 19
split_gain=749.444 361.723 187.428 153.499 114.724 98.9898
threshold=0.50930187106132518 0.58333333333333337 0.93836657169990512 0.60023650000000017 0.040641500000000004 0.68892700000000018
decision_type=2 2 2 2 2 2
left_child=5 4 3 -3 -2 -1
right_child=1 2 -4 -5 -6 -7
leaf_value=-0.041558870048119465 -0.0055156053443562074 -0.022140015926565768 0.022830020874371627 0.028898825077071168 0.029518189350077759 -0.0060928698650654601
leaf_weight=236.97934184571204 65.793024306418374 279.70745090130367 103.07094482026878 40.023352679767413 449.80553286981012 63.857220365956891
leaf_count=13046 1542 5791 587 276 3134 1793
internal_value=0 0.0110166 -0.00609336 -0.0155493 0.0250258 -0.0341718
internal_weight=1239.24 938.4 422.802 319.731 515.599 300.837
internal_count=26169 11330 6654 6067 4676 14839
is_linear=0
shrinkage=0.025


Tree=2
num_leaves=7
num_cat=0
split_feature=9 62 47 39 84 22
split_gain=908.898 311.848 173.929 160.375 65.7233 40.3427
threshold=0.58350000000000002 0.75000000000000011 0.92324450000000013 1.0000000180025095e-35 0.91476388168137013 0.49172300000000008
decision_type=2 2 2 2 2 2
left_child=-1 2 3 -2 5 -3
right_child=1 4 -4 -5 -6 -7
leaf_value=-0.039864001028425008 -0.023965666428410751 -0.040376084927775141 0.035574002892713973 0.015505562172451946 0.0032728332820999651 -0.005248823475168099
leaf_weight=273.80288323655259 72.157972041226458 77.309037582424935 244.18195654056035 465.47527666139649 49.6188372685574 29.38659937272314
leaf_count=14092 1377 3226 519 5574 507 874
internal_value=0 0.0117098 0.0181591 0.0101054 -0.02027 -0.031123
internal_weight=1211.93 938.13 781.815 537.633 156.314 106.696
internal_count=26169 12077 7470 6951 4607 4100
is_linear=0
shrinkage=0.025


Tree=3
num_leaves=7
num_cat=0
split_feature=9 62 85 29 84 30
split_gain=905.599 280.717 119.102 108.06 59.1035 30.0409
threshold=0.58350000000000002 0.75000000000000011 0.96318879855465234 0.89118900000000012 0.91476388168137013 0.66500000000000015
decision_type=2 2 2 2 2 2
left_child=5 2 3 -2 -3 -1
right_child=1 4 -4 -5 -6 -7
leaf_value=-0.041708550930744021 0.0061705976842472889 -0.033428895295074389 0.031959291490933857 0.037805974518540189 0.00096163904258299716 -0.0026727928679960633
leaf_weight=258.59758597105974 458.15316823177272 85.718874768586829 246.84911428927444 77.23348236316815 47.38774163776543 13.809217903763054
leaf_count=13559 6789 4100 535 146 507 533
internal_value=0 0.0119218 0.0176409 0.010905 -0.0213289 -0.0398038
internal_weight=1187.75 915.342 782.236 535.387 133.107 272.407
internal_count=26169 12077 7470 6935 4607 14092
is_linear=0
shrinkage=0.025


Tree=4
num_leaves=7
num_cat=0
split_feature=9 62 61 0 9 84
split_gain=826.944 230.973 121.862 121.485 79.9535 61.5964
threshold=0.58350000000000002 0.75000000000000011 0.49446450000000003 0.51233350000000011 0.75000000000000011 0.91476388168137013
decision_type=2 2 2 2 2 2
left_child=-1 2 3 -2 -4 -3
right_child=1 5 4 -5 -6 -7
leaf_value=-0.038944819626571092 0.016728252136071851 -0.033877164910045915 0.0012546845263805536 -0.015014472050654832 0.029326092450623144 0.00219423864040797
leaf_weight=260.82386503455928 190.78020929452032 75.109218466386665 76.984647064469755 120.93235390656628 382.41312497295439 46.645236215437762
leaf_count=14092 2009 4100 736 2258 2467 507
internal_value=0 0.0114535 0.0165153 0.00436398 0.0246732 -0.0202214
internal_weight=1153.69 892.865 771.11 311.713 459.398 121.754
internal_count=26169 12077 7470 4267 3203 4607
is_linear=0
shrinkage=0.025


Tree=5
num_leaves=7
num_cat=0
split_feature=9 62 1 19 44 84
split_gain=778.303 201.232 112.529 101.913 85.7809 58.8914
threshold=0.65000000000000013 0.75000000000000011 0.60968363285064708 0.72668250000000012 0.10339400000000001 0.91476388168137013
decision_type=2 2 2 2 2 2
left_child=3 2 4 -1 -2 -3
right_child=1 5 -4 -5 -6 -7
leaf_value=-0.038316950240996669 -0.015429245454626421 -0.035687701426302315 0.025051423947280743 0.0084353622420540505 0.014325159080020253 0.0019778913111918517
leaf_weight=279.32442917942535 87.719344409415498 58.097226317913737 449.88654500769917 31.264110142830759 181.39997484441847 44.195417359587736
leaf_count=14762 1714 3447 3158 619 2034 435
internal_value=0 0.012752 0.0174293 -0.0335531 0.00454176 -0.0196719
internal_weight=1131.89 821.299 719.006 310.589 269.119 102.293
internal_count=26169 10788 6906 15381 3748 3882
is_linear=0
shrinkage=0.025


Tree=6
num_leaves=7
num_cat=0
split_feature=1 62 60 84 19 16
split_gain=730.193 152.58 97.2471 95.9518 81.7651 78.4643
threshold=0.51781070232391369 0.75000000000000011 0.68000000000000005 0.87821357943309175 0.68892700000000018 0.59306800000000004
decision_type=2 2 2 2 2 2
left_child=4 2 5 -4 -1 -2
right_child=1 -3 3 -5 -6 -7
leaf_value=-0.038605884730069123 -0.023414500576062341 -0.018108954274348877 -0.020043280269763458 0.017709666328642893 -0.0079683371860947271 0.023635347996625075
leaf_weight=246.78291975829052 21.016962960828096 86.444759056263138 77.732017904345412 85.961844723438844 72.579141017282382 524.30042270035483
leaf_count=13364 555 3383 2588 377 1990 3912
internal_value=0 0.0128213 0.016655 -0.000196957 -0.0317863 0.0217075
internal_weight=1114.82 795.456 709.011 163.694 319.362 545.317
internal_count=26169 10815 7432 2965 15354 4467
is_linear=0
shrinkage=0.025


Tree=7
num_leaves=7
num_cat=0
split_feature=1 47 29 62 18 20
split_gain=691.124 138.289 154.961 115.046 68.8997 27.3815
threshold=0.51781070232391369 0.92324450000000013 0.75473800000000013 0.41666666666666669 0.6805095000000001 0.69525550000000014
decision_type=2 2 2 2 2 2
left_child=4 2 3 -2 -1 -3
right_child=1 5 -4 -5 -6 -7
leaf_value=-0.037063790203690099 0.023118705844681439 0.0022567178062781641 0.032990316226196893 -0.0082460972627122261 -0.0046925720286711981 0.029547964649176434
leaf_weight=254.92977651991532 90.147434247191995 26.640573433600366 96.818942254642025 343.27642697264673 50.594084353011567 239.43927877245005
leaf_count=14074 1182 148 287 8660 1280 538
internal_value=0 0.0122671 0.00481873 -0.00160732 -0.0318132 0.0268945
internal_weight=1101.85 796.323 530.243 433.424 305.524 266.08
internal_count=26169 10815 10129 9842 15354 686
is_linear=0
shrinkage=0.025


Tree=8
num_leaves=7
num_cat=0
split_feature=9 62 19 47 39 86
split_gain=672.66 163.648 87.6263 83.7433 96.576 41.9776
threshold=0.65000000000000013 0.75000000000000011 0.72668250000000012 0.9099980000000002 1.0000000180025095e-35 0.11805555555555557
decision_type=2 2 2 2 2 2
left_child=2 3 -1 4 -2 -3
right_child=1 5 -4 -5 -6 -7
leaf_value=-0.036405488713050896 -0.023009928561992622 -0.03359475481285356 0.0067006263407739007 0.027357098139992393 0.013599568117214087 0.00038250948232466844
leaf_weight=267.13875709084095 48.49639831087552 50.961097167019034 31.919108855072409 262.47016665805131 385.88496637286153 38.556727955467068
leaf_count=14762 1314 3293 619 544 5048 589
internal_value=0 0.0121401 -0.0317583 0.0162397 0.009384 -0.0192523
internal_weight=1085.43 786.369 299.058 696.852 434.381 89.5178
internal_count=26169 10788 15381 6906 6362 3882
is_linear=0
shrinkage=0.025


Tree=9
num_leaves=7
num_cat=0
split_feature=9 1 19 44 0 62
split_gain=629.306 151.32 77.4671 72.2129 56.7729 54.7898
threshold=0.65000000000000013 0.60968363285064708 0.72668250000000012 0.10339400000000001 0.85073300000000007 0.58333333333333337
decision_type=2 2 2 2 2 2
left_child=2 3 -1 -2 -5 -3
right_child=1 5 -4 4 -6 -7
leaf_value=-0.03581944721823821 -0.019393834883865341 0.025911861572847111 0.0046467507392333931 0.010050667308038816 -0.038258501007585821 0.0068982570579242302
leaf_weight=257.74915560818044 98.177180152066285 337.19195875723381 32.327364278957248 193.87945696210954 13.974719269288469 136.43597340380074
leaf_count=14762 3078 2267 619 2989 681 1773
internal_value=0 0.0117002 -0.0312786 -0.00197409 0.006345 0.0205181
internal_weight=1069.74 779.659 290.077 306.031 207.854 473.628
internal_count=26169 10788 15381 6748 3670 4040
is_linear=0
shrinkage=0.025


Tree=10
num_leaves=7
num_cat=0
split_feature=9 62 1 60 84 59
split_gain=590.901 169.93 82.8112 53.1955 39.0247 36.6877
threshold=0.58350000000000002 0.75000000000000011 0.51935818791389476 0.68000000000000005 0.91476388168137013 1.0000000180025095e-35
decision_type=2 2 2 2 2 2
left_child=-1 2 5 -4 -3 -2
right_child=1 4 3 -5 -6 -7
leaf_value=-0.034206490946259369 -0.02994962749834287 -0.030958518722759371 0.021122681825341539 0.0035107585575034255 0.00064118169521951011 0.0046187583746253452
leaf_weight=240.92824334846227 30.938817519694567 65.039799181133276 503.0422213015845 139.03744663705584 37.270436868770048 42.896903245098656
leaf_count=14092 1109 4100 3188 2330 507 843
internal_value=0 0.0101457 0.0144655 0.0173509 -0.0196229 -0.010258
internal_weight=1059.15 818.226 715.915 642.08 102.31 73.8357
internal_count=26169 12077 7470 5518 4607 1952
is_linear=0
shrinkage=0.025


Tree=11
num_leaves=7
num_cat=0
split_feature=9 62 1 29 47 22
split_gain=555.123 118.583 86.0668 68.4703 69.9253 40.9122
threshold=0.71000000000000008 0.75000000000000011 0.55557465553283703 1.0000000180025095e-35 0.92324450000000013 0.25748350000000003
decision_type=2 2 2 2 2 2
left_child=2 3 -1 4 -2 -4
right_child=1 -3 5 -5 -6 -7
leaf_value=-0.034448214630475149 -0.0015406997785778762 -0.016456214615955863 0.01773399922363662 0.024660732872278303 0.022102358885979983 -0.016201203618976066
leaf_weight=234.15349291215534 191.31166586722247 75.426827435847372 27.727347069449024 308.25529026822187 128.64676345512271 81.205596835003234
leaf_count=13872 3887 3383 402 1925 280 2420
internal_value=0 0.0127062 -0.0259627 0.0162728 0.00803607 -0.00728088
internal_weight=1046.73 703.641 343.086 628.214 319.958 108.933
internal_count=26169 9475 16694 6092 4167 2822
is_linear=0
shrinkage=0.025


Tree=12
num_leaves=7
num_cat=0
split_feature=1 9 29 47 18 0
split_gain=532.615 117.72 65.2077 68.4955 59.1836 45.3896
threshold=0.51935818791389476 0.73000000000000009 1.0000000180025095e-35 0.94988050000000013 0.6796390000000001 0.43580000000000002
decision_type=2 2 2 2 2 2
left_child=4 5 3 -3 -1 -2
right_child=1 2 -4 -5 -6 -7
leaf_value=-0.034377222925448016 0.010102632022071997 -0.0022396990531425693 0.02382453630100996 0.022537848177391257 -0.004199588054626959 -0.018325531440376696
leaf_weight=232.42505192477256 51.080481805722229 180.07076687575318 312.51343004195951 110.34072593250312 50.842132853111252 99.641658845997881
leaf_count=14115 1137 4224 2015 253 1342 3083
internal_value=0 0.0109884 0.0159216 0.00725657 -0.0290755 -0.00862634
internal_weight=1036.91 753.647 602.925 290.411 283.267 150.722
internal_count=26169 10712 6492 4477 15457 4220
is_linear=0
shrinkage=0.025


Tree=13
num_leaves=7
num_cat=0
split_feature=1 62 29 47 18 46
split_gain=506.561 120.178 68.8239 74.487 56.0819 51.4259
threshold=0.51935818791389476 0.58333333333333337 0.75473800000000013 0.89648150000000015 0.6796390000000001 0.040641500000000004
decision_type=2 2 2 2 2 2
left_child=4 5 3 -3 -1 -2
right_child=1 2 -4 -5 -6 -7
leaf_value=-0.033892444606617535 -0.0056460674189460673 -0.017248446415166777 0.026711375448386167 0.011307192756116479 -0.0044158740080227406 0.021339366705404574
leaf_weight=227.77833652636036 47.753430045442656 158.56626060965937 41.664092716295272 85.949201379437 50.754229370737448 416.00777985434979
leaf_count=14115 1438 5541 163 498 1342 3072
internal_value=0 0.0106967 -0.00201208 -0.00716263 -0.0286394 0.0185265
internal_weight=1028.47 749.941 286.18 244.515 278.533 463.761
internal_count=26169 10712 6202 6039 15457 4510
is_linear=0
shrinkage=0.025


Tree=14
num_leaves=7
num_cat=0
split_feature=1 62 44 19 18 60
split_gain=474.68 109.17 65.2905 83.8037 51.3954 44.3155
threshold=0.51935818791389476 0.75000000000000011 0.047175500000000009 0.71974850000000001 0.6796390000000001 0.68000000000000005
decision_type=2 2 2 2 2 2
left_child=4 2 3 -2 -1 -4
right_child=1 -3 5 -5 -6 -7
leaf_value=-0.033214682344092104 -0.023671881240798227 -0.017455824413412233 0.02158966536925945 0.014624537827276475 -0.0047424054417182131 0.0041052944444641666
leaf_weight=222.09165585786104 58.936349597293884 76.675686449394561 405.36686845903751 82.719092787709087 50.127930592629127 119.89447286189534
leaf_count=14115 1883 3339 2770 627 1342 2093
internal_value=0 0.0103447 0.0136072 -0.00138236 -0.0280944 0.0176537
internal_weight=1015.81 743.592 666.917 141.655 272.22 525.261
internal_count=26169 10712 7373 2510 15457 4863
is_linear=0
shrinkage=0.025


Tree=15
num_leaves=7
num_cat=0
split_feature=9 62 2 60 87 61
split_gain=476.361 142.421 69.7299 49.3219 31.6589 23.4632
threshold=0.58350000000000002 0.75000000000000011 0.66890439391136181 0.68000000000000005 -0.085236118318629969 0.50715900000000003
decision_type=2 2 2 2 2 2
left_child=-1 2 3 -2 -3 -4
right_child=1 4 5 -5 -6 -7
leaf_value=-0.031750396730544583 0.010666359191907209 -0.029253105502487654 0.0060995163111217622 -0.011312893574433203 0.00055576828825939421 0.025547431768117496
leaf_weight=226.05735670344438 311.72996090597007 61.87818088644417 49.62417398346588 77.530905139632523 33.03382391994819 245.95193551434204
leaf_count=14092 3531 4100 492 1885 507 1562
internal_value=0 0.00927682 0.013269 0.00622206 -0.0190404 0.0223902
internal_weight=1005.81 779.749 684.837 389.261 94.912 295.576
internal_count=26169 12077 7470 5416 4607 2054
is_linear=0
shrinkage=0.025


Tree=16
num_leaves=7
num_cat=0
split_feature=9 62 2 39 16 84
split_gain=451.186 133.643 67.1638 37.099 31.5842 28.1583
threshold=0.58350000000000002 0.75000000000000011 0.64281457662582409 1.0000000180025095e-35 0.59306800000000004 0.91476388168137013
decision_type=2 2 2 2 2 2
left_child=-1 2 3 -2 -4 -3
right_child=1 5 4 -5 -6 -7
leaf_value=-0.031263646855404739 -0.017377005118581906 -0.028541656283893851 -0.026229771603382315 0.0074942506822890352 0.020864683247148619 0
leaf_weight=221.48598344589118 41.114728720800485 60.359133284364361 6.9152259705588213 261.72716175799724 372.84141768538393 32.116376049933024
leaf_count=14092 1125 4100 121 3563 2661 507
internal_value=0 0.00900573 0.0128419 0.00397437 0.0198183 -0.0188111
internal_weight=996.56 775.074 682.599 302.842 379.757 92.4755
internal_count=26169 12077 7470 4688 2782 4607
is_linear=0
shrinkage=0.025


Tree=17
num_leaves=7
num_cat=0
split_feature=9 62 85 39 84 61
split_gain=430.828 124.569 62.1077 83.0627 27.2446 18.7381
threshold=0.58350000000000002 0.75000000000000011 0.96318879855465234 1.0000000180025095e-35 0.91476388168137013 0.49446450000000003
decision_type=2 2 2 2 2 2
left_child=-1 2 3 -2 -3 -4
right_child=1 4 5 -5 -6 -7
leaf_value=-0.030939388084555298 -0.020591034549571615 -0.028055334332522247 0.0057789953756754537 0.011161938798959048 0 0.026545687308427535
leaf_weight=216.68621375068324 56.464426810329314 58.854609951900784 34.993534060427919 403.81836221157573 32.638485168921761 184.26846263743937
leaf_count=14092 1382 4100 226 5553 507 309
internal_value=0 0.00876685 0.0124691 0.0071576 -0.018238 0.0233734
internal_weight=987.724 771.038 679.545 460.283 91.4931 219.262
internal_count=26169 12077 7470 6935 4607 535
is_linear=0
shrinkage=0.025


Tree=18
num_leaves=7
num_cat=0
split_feature=9 1 43 2 62 29
split_gain=413.747 121.733 51.586 50.5144 39.4315 26.5973
threshold=0.58350000000000002 0.60620689392089855 1.0000000180025095e-35 0.46598570048809057 0.58333333333333337 0.31620650000000006
decision_type=2 2 2 2 2 2
left_child=-1 2 3 -2 -3 -6
right_child=1 4 -4 -5 5 -7
leaf_value=-0.030539295388951473 -0.02240188176977102 0.0211533463863251 -0.027941856456379744 0.0058370647262649591 -0.0036414448592281706 0.018752178322990934
leaf_weight=213.98999167425791 46.07992061029654 332.0791919757612 44.229025545762852 211.12512705294648 84.054200380458497 51.091020816238597
leaf_count=14092 2010 2406 1741 3877 1688 355
internal_value=0 0.0085734 -0.00377396 0.00057724 0.0165357 0.00494762
internal_weight=982.648 768.658 301.434 257.205 467.224 135.145
internal_count=26169 12077 7628 5887 4449 2043
is_linear=0
shrinkage=0.025


Tree=19
num_leaves=7
num_cat=0
split_feature=9 62 29 62 16 87
split_gain=396.998 118.306 62.3421 63.0091 49.2667 25.5811
threshold=0.58350000000000002 0.75000000000000011 1.0000000180025095e-35 0.41666666666666669 0.60695300000000019 -0.085236118318629969
decision_type=2 2 2 2 2 2
left_child=-1 2 3 -2 -4 -3
right_child=1 5 4 -5 -6 -7
leaf_value=-0.030153489699916311 0.022786167545194379 -0.02758352754786178 -0.027998370079573478 -0.0018045955751039831 0.021561367024649156 0
leaf_weight=210.84619727451354 84.644627940608189 58.216515585721936 10.816036025062202 254.48184232413769 321.20951606356539 32.50468093767995
leaf_count=14092 759 4100 275 4356 2080 507
internal_value=0 0.00841622 0.0120537 0.00442938 0.0197236 -0.0180013
internal_weight=972.719 761.873 671.152 339.126 332.026 90.7212
internal_count=26169 12077 7470 5115 2355 4607
is_linear=0
shrinkage=0.025


Tree=20
num_leaves=7
num_cat=0
split_feature=1 9 60 84 18 39
split_gain=389.62 96.2014 57.645 40.238 40.1492 40.0708
threshold=0.51935818791389476 0.71000000000000008 0.68000000000000005 0.87821357943309175 0.6796390000000001 1.0000000180025095e-35
decision_type=2 2 2 2 2 2
left_child=4 -2 5 -4 -1 -3
right_child=1 2 3 -5 -6 -7
leaf_value=-0.031069763753224053 -0.0097858878019229378 -0.00047684390434380591 -0.016403231935729391 0.011625485926768171 -0.0053532004205026074 0.020902299516604841
leaf_weight=207.06855874182656 129.21032761817332 62.527230417006649 56.505377164226957 67.369945570942946 48.813844260468613 393.99733351240866
leaf_count=14115 4040 953 2551 377 1342 2791
internal_value=0 0.00954163 0.0138829 -0.00116207 -0.026297 0.0179684
internal_weight=965.493 709.61 580.4 123.875 255.882 456.525
internal_count=26169 10712 6672 2928 15457 3744
is_linear=0
shrinkage=0.025


Tree=21
num_leaves=7
num_cat=0
split_feature=2 9 15 61 0 33
split_gain=372.915 101.748 50.7 50.5714 49.627 36.0503
threshold=0.53135663270950328 0.73000000000000009 0.67617700000000014 0.50715900000000003 0.48566650000000006 0.50000000000000011
decision_type=2 2 2 2 2 2
left_child=2 5 -1 4 -3 -2
right_child=1 3 -4 -5 -6 -7
leaf_value=-0.030609565400376862 -0.014161231464544047 0.018541629542884863 -0.0025722472887565462 0.020710835968870259 -0.0047813221789339095 0.02040920854077129
leaf_weight=211.34207932790741 123.3611592844245 97.292390041518956 51.129703390062787 326.10533676680643 130.30505437671673 19.727230290183797
leaf_count=13967 4011 826 1597 3176 2231 361
internal_value=0 0.00957014 -0.0252567 0.014421 0.00524378 -0.00906637
internal_weight=959.263 696.791 262.472 553.703 227.597 143.088
internal_count=26169 10605 15564 6233 3057 4372
is_linear=0
shrinkage=0.025


Tree=22
num_leaves=7
num_cat=0
split_feature=9 62 47 39 84 20
split_gain=360.988 109.782 66.9656 71.5626 24.7115 17.9608
threshold=0.58350000000000002 0.75000000000000011 0.92324450000000013 1.0000000180025095e-35 0.91476388168137013 0.69337500000000019
decision_type=2 2 2 2 2 2
left_child=-1 2 3 -2 -3 -4
right_child=1 4 5 -5 -6 -7
leaf_value=-0.02922421969785622 -0.022463919240207516 -0.027015280834181449 0 0.009367157978149564 0 0.024742286967904224
leaf_weight=204.58350671129301 47.300287324818783 57.326243052608334 20.215094706043601 384.72239985666238 32.770957112370525 206.34536087792367
leaf_count=14092 1377 4100 98 5574 507 421
internal_value=0 0.00805646 0.0116128 0.00575278 -0.0174568 0.0225643
internal_weight=953.264 748.68 658.583 432.023 90.0972 226.56
internal_count=26169 12077 7470 6951 4607 519
is_linear=0
shrinkage=0.025


Tree=23
num_leaves=7
num_cat=0
split_feature=2 9 29 47 15 62
split_gain=346.645 92.265 51.4317 55.6747 47.9384 30.5637
threshold=0.53135663270950328 0.71000000000000008 1.0000000180025095e-35 0.88491400000000009 0.67617700000000014 0.41666666666666669
decision_type=2 2 2 2 2 2
left_child=4 5 3 -3 -1 -2
right_child=1 2 -4 -5 -6 -7
leaf_value=-0.030154742820697911 0.015141880815551283 -0.005496234918840763 0.020721268000541897 0.017057271590316597 -0.0025512198659870099 -0.015548947307959192
leaf_weight=203.97111988899997 22.619876933284104 137.93547139654402 294.55347049894044 130.72544381697662 50.050888411235064 104.73431159142638
leaf_count=13967 478 3978 1951 470 1597 3728
internal_value=0 0.00918943 0.0135332 0.0055017 -0.0248279 -0.00984388
internal_weight=944.591 690.569 563.214 268.661 254.022 127.354
internal_count=26169 10605 6399 4448 15564 4206
is_linear=0
shrinkage=0.025


Tree=24
num_leaves=7
num_cat=0
split_feature=9 62 2 60 84 16
split_gain=335.184 104.897 58.6076 37.2673 23.746 21.0694
threshold=0.58350000000000002 0.75000000000000011 0.64281457662582409 0.68000000000000005 0.91476388168137013 0.60854950000000008
decision_type=2 2 2 2 2 2
left_child=-1 2 3 -2 -3 -4
right_child=1 4 5 -5 -6 -7
leaf_value=-0.028619117189443568 0.0075456590321475447 -0.026612636935777707 -0.0064285358220416465 -0.01405807834385342 0 0.01948132166339616
leaf_weight=198.57213864219375 227.13917681877501 56.84215569938533 19.140329859685153 61.159341998281889 33.079566088388674 339.2841237843968
leaf_count=14092 3102 4100 249 1586 507 2533
internal_value=0 0.00778536 0.0113187 0.00285112 -0.0171511 0.0180385
internal_weight=935.217 736.645 646.723 288.299 89.9217 358.424
internal_count=26169 12077 7470 4688 4607 2782
is_linear=0
shrinkage=0.025


Tree=25
num_leaves=7
num_cat=0
split_feature=9 62 29 84 21 24
split_gain=320.821 103.384 54.8457 62.3702 42.2244 29.4346
threshold=0.58350000000000002 0.58333333333333337 0.75473800000000013 0.937104430379747 0.70400000000000007 0.25000000000000006
decision_type=2 2 2 2 2 2
left_child=-1 4 3 -3 5 -2
right_child=1 2 -4 -5 -6 -7
leaf_value=-0.0282954030128247 -0.013155679752426314 -0.016085742411046197 0.023303223735125927 0.0092442595672785691 0.020898994876431265 0.011451519450673141
leaf_weight=194.95921586279292 41.156598668079823 177.77297282114159 38.915683509549126 89.178203597199172 289.47220568615012 96.880125545780174
leaf_count=14092 869 7126 182 680 2130 1090
internal_value=0 0.00759257 -0.00346895 -0.00758422 0.0155012 0.00394894
internal_weight=928.335 733.376 305.867 266.951 427.509 138.037
internal_count=26169 12077 7988 7806 4089 1959
is_linear=0
shrinkage=0.025


Tree=26
num_leaves=7
num_cat=0
split_feature=9 62 2 60 84 60
split_gain=309.296 99.2224 54.8102 34.113 20.7797 19.6072
threshold=0.58350000000000002 0.75000000000000011 0.64281457662582409 0.68000000000000005 0.91476388168137013 0.68000000000000005
decision_type=2 2 2 2 2 2
left_child=-1 2 3 -2 -3 -4
right_child=1 4 5 -5 -6 -7
leaf_value=-0.028026280430961139 0.0071559537371906831 -0.025979598396148398 0.020538998106700804 -0.013728645009897296 -0.00080219813316708462 0.0059701370537662869
leaf_weight=191.85689543857006 223.32860934967175 55.563815256871749 277.4228341425769 59.778085913916584 33.043739511747845 78.315321330795996
leaf_count=14092 3102 4100 1490 1586 507 1292
internal_value=0 0.00746227 0.010917 0.00263396 -0.0169661 0.0174202
internal_weight=919.309 727.452 638.845 283.107 88.6076 355.738
internal_count=26169 12077 7470 4688 4607 2782
is_linear=0
shrinkage=0.025


Tree=27
num_leaves=7
num_cat=0
split_feature=1 62 43 21 0 29
split_gain=296.047 72.3718 44.413 39.5882 50.7183 39.2825
threshold=0.51935818791389476 0.58333333333333337 1.0000000180025095e-35 0.70400000000000007 0.48220000000000002 1.0000000180025095e-35
decision_type=2 2 2 2 2 2
left_child=-1 3 5 4 -2 -3
right_child=1 2 -4 -5 -6 -7
leaf_value=-0.024162612662964458 0.014765449157668803 -0.0080918181202901725 -0.025958840427250697 0.019906014978711681 -0.016168782948007884 0.012928193839619424
leaf_weight=233.10574127052678 88.090682431240566 109.37295558024198 38.670736175554339 286.70323945675045 49.641711875679903 107.66019186167978
leaf_count=15457 1200 3310 1539 2150 1160 1353
internal_value=0 0.00833947 -0.00212943 0.0146426 0.00346421 0.00232387
internal_weight=913.245 680.14 255.704 424.436 137.732 217.033
internal_count=26169 10712 6202 4510 2360 4663
is_linear=0
shrinkage=0.025


Tree=28
num_leaves=7
num_cat=0
split_feature=9 1 2 6 60 47
split_gain=288.375 72.6694 49.0849 37.9397 32.9709 32.9237
threshold=0.71000000000000008 0.60968363285064708 0.56705352663993847 0.53202000000000005 0.68000000000000005 0.77426000000000006
decision_type=2 2 2 2 2 2
left_child=2 3 -1 -2 -3 -5
right_child=1 4 -4 5 -6 -7
leaf_value=-0.028785198832329745 0.015827056372372552 0.019717318058978979 -0.0065523255443088908 -0.015324357904335676 0.0015093361052274049 0.0062814135262303176
leaf_weight=179.6976130255498 57.421438233926892 308.62368791433983 98.615863698418252 112.22268476983299 79.547251683543436 69.091939174220897
leaf_count=13615 815 1843 3079 4237 1825 755
internal_value=0 0.00939915 -0.021067 -0.00141966 0.0160419 -0.00707018
internal_weight=905.22 626.907 278.313 238.736 388.171 181.315
internal_count=26169 9475 16694 5807 3668 4992
is_linear=0
shrinkage=0.025


Tree=29
num_leaves=7
num_cat=0
split_feature=9 62 19 60 24 84
split_gain=276.675 88.0623 53.1828 35.071 25.2904 18.0307
threshold=0.58350000000000002 0.75000000000000011 0.68236450000000015 0.68000000000000005 0.25000000000000006 0.91476388168137013
decision_type=2 2 2 2 2 2
left_child=-1 2 4 -4 -2 -3
right_child=1 5 3 -5 -6 -7
leaf_value=-0.027103902063292419 -0.019636538658660121 -0.02484315728642451 0.017054758959961357 0.0011616704780505517 0.0044030525847346255 -0.0010234189372325625
leaf_weight=184.18240315330331 43.658749351860024 53.754986399668269 406.78898937534541 112.14262888929807 64.407367333304137 32.263317442440894
leaf_count=14092 1280 4100 2868 2276 1046 507
internal_value=0 0.00707157 0.0103423 0.013659 -0.00545422 -0.016289
internal_weight=897.198 713.016 626.998 518.932 108.066 86.0183
internal_count=26169 12077 7470 5144 2326 4607
is_linear=0
shrinkage=0.025


Tree=30
num_leaves=7
num_cat=0
split_feature=9 1 44 0 60 20
split_gain=266.92 89.0199 42.1738 36.719 30.8732 30.6315
threshold=0.58350000000000002 0.60968363285064708 0.10183150000000002 0.51600000000000013 0.68000000000000005 0.69622600000000012
decision_type=2 2 2 2 2 2
left_child=-1 2 -2 -4 -3 -6
right_child=1 4 3 -5 5 -7
leaf_value=-0.026882793142818578 -0.016795053259645257 0.017722702472426351 0.014363604154464645 -0.0074893815392279009 -0.02689331601192986 0.0082706815166602079
leaf_weight=181.04321168552269 99.050754118274199 331.11567714612465 91.132829308276996 95.959258854360087 16.780965362675488 75.716821304347832
leaf_count=14092 3769 2176 1359 2653 451 1669
internal_value=0 0.0069275 -0.00380416 0.00315813 0.0141769 0.00125926
internal_weight=890.8 709.756 286.143 187.092 423.613 92.4978
internal_count=26169 12077 7781 4012 4296 2120
is_linear=0
shrinkage=0.025


Tree=31
num_leaves=7
num_cat=0
split_feature=2 9 15 29 2 0
split_gain=260.958 70.4634 41.0557 37.6854 38.2669 37.2965
threshold=0.53135663270950328 0.75000000000000011 0.67617700000000014 1.0000000180025095e-35 0.67512935400009166 0.43580000000000002
decision_type=2 2 2 2 2 2
left_child=2 5 -1 4 -3 -2
right_child=1 3 -4 -5 -6 -7
leaf_value=-0.028125917795894018 0.009771699480653007 -0.003974410868928171 -0.0016393422282611524 0.019174696351007502 0.016705962040948357 -0.014338750698389033
leaf_weight=182.32607945866766 59.81872250320157 125.05578082351713 46.890661548415665 265.28497968433658 96.899891391047277 109.72357773710974
leaf_count=13967 1324 2761 1597 1766 1248 3506
internal_value=0 0.00802102 -0.0228215 0.0128401 0.00510061 -0.00576275
internal_weight=886 656.783 229.217 487.241 221.956 169.542
internal_count=26169 10605 15564 5775 4009 4830
is_linear=0
shrinkage=0.025


Tree=32
num_leaves=7
num_cat=0
split_feature=2 9 15 61 0 33
split_gain=252.955 66.1224 37.5061 36.4344 43.145 27.0941
threshold=0.53135663270950328 0.73000000000000009 0.67617700000000014 0.50715900000000003 0.48566650000000006 0.50000000000000011
decision_type=2 2 2 2 2 2
left_child=2 5 -1 4 -3 -2
right_child=1 3 -4 -5 -6 -7
leaf_value=-0.027822317803276014 -0.012552385626190888 0.016733393638239002 -0.0023581381498803543 0.017410574875766759 -0.0056799167242224599 0.018158937842326004
leaf_weight=178.85214837943204 112.16304216574645 90.927771030925214 46.724429517518729 306.17218615568709 123.33335538464598 18.809558364795521
leaf_count=13967 4011 826 1597 3176 2231 361
internal_value=0 0.00790705 -0.0226699 0.0118998 0.00387473 -0.00781873
internal_weight=876.982 651.406 225.577 520.433 214.261 130.973
internal_count=26169 10605 15564 6233 3057 4372
is_linear=0
shrinkage=0.025


Tree=33
num_leaves=7
num_cat=0
split_feature=9 62 43 21 2 0
split_gain=243.835 82.8292 44.4165 35.8336 34.5302 28.4837
threshold=0.58350000000000002 0.58333333333333337 1.0000000180025095e-35 0.70400000000000007 0.46598570048809057 0.51966650000000014
decision_type=2 2 2 2 2 2
left_child=-1 3 4 5 -3 -2
right_child=1 2 -4 -5 -6 -7
leaf_value=-0.026279442483068363 0.010737270838455364 -0.023875470282767909 -0.025807781538836047 0.018893313026351461 0.0042053054872899752 -0.014009961147463177
leaf_weight=173.7480781529448 88.083919584867544 28.746611550159287 44.501485616725404 278.09555082488805 217.15420176001498 40.200586722232401
leaf_count=14092 1060 1707 1974 2130 4307 899
internal_value=0 0.00662351 -0.00353469 0.0138813 0.000680092 0.00279575
internal_weight=870.53 696.782 290.402 406.38 245.901 128.285
internal_count=26169 12077 7988 4089 6014 1959
is_linear=0
shrinkage=0.025


Tree=34
num_leaves=7
num_cat=0
split_feature=9 62 47 29 84 15
split_gain=236.081 79.6592 48.8306 59.1692 16.0564 14.422
threshold=0.58350000000000002 0.75000000000000011 0.92324450000000013 0.75473800000000013 0.91476388168137013 0.50111600000000012
decision_type=2 2 2 2 2 2
left_child=-1 2 3 -2 -3 -4
right_child=1 4 5 -5 -6 -7
leaf_value=-0.026064074612289378 -9.1232292744186405e-05 -0.023995522661872035 -0.0010119903424854197 0.024012164149050722 -0.001371225493303064 0.021615662280416809
leaf_weight=171.31993268465158 327.58420640276745 52.823940182046499 18.360043114982545 76.286944576073438 32.179590695770457 186.76857135491446
leaf_count=14092 6745 4100 72 206 507 447
internal_value=0 0.00650457 0.00968608 0.00455982 -0.0158146 0.0195604
internal_weight=865.323 694.003 609 403.871 85.0035 205.129
internal_count=26169 12077 7470 6951 4607 519
is_linear=0
shrinkage=0.025


Tree=35
num_leaves=7
num_cat=0
split_feature=1 62 29 84 18 21
split_gain=225.151 62.1161 38.6267 36.2486 31.7715 29.3149
threshold=0.51781070232391369 0.58333333333333337 0.75473800000000013 0.94893524554541508 0.68368300000000015 0.70400000000000007
decision_type=2 2 2 2 2 2
left_child=4 5 3 -3 -1 -2
right_child=1 2 -4 -5 -6 -7
leaf_value=-0.02702806453721493 0.0032967064309045186 -0.013439305457158808 0.020627426093478906 0.0085352851544116277 -0.0012291244286894236 0.017935357625079248
leaf_weight=170.31607408846321 128.33114063588437 147.8148348450195 35.733973865397274 65.676606463151984 37.224359094776446 272.33144178264774
leaf_count=14205 2383 5646 164 467 1149 2155
internal_value=0 0.00724793 -0.00251088 -0.00661818 -0.0225121 0.0133179
internal_weight=857.428 649.888 249.225 213.491 207.54 400.663
internal_count=26169 10815 6277 6113 15354 4538
is_linear=0
shrinkage=0.025


Tree=36
num_leaves=7
num_cat=0
split_feature=9 62 29 47 6 30
split_gain=221.356 53.9969 43.6493 43.4591 37.0296 34.0121
threshold=0.71000000000000008 0.75000000000000011 1.0000000180025095e-35 0.96388050000000014 0.72744600000000015 0.91500000000000015
decision_type=2 2 2 2 2 2
left_child=4 2 3 -2 5 -1
right_child=1 -3 -4 -5 -6 -7
leaf_value=-0.02530321671838049 -0.0033059532861395022 -0.012823587526634992 0.01776473612457511 0.019063456773418322 0.012542837783726592 0.0066047498187183822
leaf_weight=211.56913733427064 179.35417659001541 64.832457159849582 277.387282075244 74.753762657754123 18.879209242906654 21.653757808904629
leaf_count=15779 3986 3383 1925 181 260 655
internal_value=0 0.00830197 0.0109433 0.00336222 -0.0195264 -0.0222649
internal_weight=848.43 596.328 531.495 254.108 252.102 233.223
internal_count=26169 9475 6092 4167 16694 16434
is_linear=0
shrinkage=0.025


Tree=37
num_leaves=7
num_cat=0
split_feature=9 62 43 2 19 39
split_gain=215.697 72.4913 37.8054 30.145 28.9736 23.17
threshold=0.58350000000000002 0.58333333333333337 1.0000000180025095e-35 0.46598570048809057 0.68318650000000003 1.0000000180025095e-35
decision_type=2 2 2 2 2 2
left_child=-1 4 3 -3 -2 -6
right_child=1 2 -4 -5 5 -7
leaf_value=-0.025467515155780503 -0.0021621651715421613 -0.022936352465097152 -0.024557997585031639 0.0038132901080506843 -4.9283342934158014e-06 0.018738253549168936
leaf_weight=164.3416310250177 63.390208618482575 27.510596031410387 42.043061150470749 211.45673100161366 47.034449634607881 284.84504550346173
leaf_count=14092 1215 1707 1974 4307 454 2420
internal_value=0 0.00625982 -0.00340849 0.000491973 0.0131336 0.0160756
internal_weight=840.622 676.28 281.01 238.967 395.27 331.879
internal_count=26169 12077 7988 6014 4089 2874
is_linear=0
shrinkage=0.025


Tree=38
num_leaves=7
num_cat=0
split_feature=1 62 29 47 18 46
split_gain=205.309 55.1613 34.7618 42.4384 28.8779 27.4234
threshold=0.51781070232391369 0.58333333333333337 0.75473800000000013 0.98135300000000014 0.68368300000000015 0.040641500000000004
decision_type=2 2 2 2 2 2
left_child=4 5 3 -3 -1 -2
right_child=1 2 -4 -5 -6 -7
leaf_value=-0.026437708081330474 -0.0064011764974759196 -0.011543854270256103 0.019855433235523474 0.017560580647405847 -0.0016083037926464018 0.014939463149637925
leaf_weight=162.59320876258425 40.085944204241969 171.67366123929969 34.708278582664207 35.657305850356352 36.922561870887876 353.01639101444744
leaf_count=14205 1446 5929 164 184 1149 3092
internal_value=0 0.0069582 -0.00238933 -0.00634711 -0.0219628 0.0127145
internal_weight=834.657 635.142 242.039 207.331 199.516 393.102
internal_count=26169 10815 6277 6113 15354 4538
is_linear=0
shrinkage=0.025


Tree=39
num_leaves=7
num_cat=0
split_feature=9 1 39 44 60 20
split_gain=203.346 68.7263 34.4908 33.6563 30.3436 25.1716
threshold=0.58350000000000002 0.60968363285064708 1.0000000180025095e-35 0.10339400000000001 0.68000000000000005 0.69622600000000012
decision_type=2 2 2 2 2 2
left_child=-1 2 -2 -4 -3 -6
right_child=1 4 3 -5 5 -7
leaf_value=-0.025142082657428757 -0.022803627605370427 0.016328803571020244 -0.013157283406920576 0.0072153605683163771 -0.026370481117138345 0.0061728626068444092
leaf_weight=159.46143884136109 45.774020138836931 308.9313215323491 73.143728902330622 150.91365817544283 15.942975136451421 73.801877777383197
leaf_count=14092 2142 2176 2765 2874 451 1669
internal_value=0 0.00606856 -0.00363217 0.000454273 0.0126377 -7.15392e-05
internal_weight=827.969 668.508 269.831 224.057 398.676 89.7449
internal_count=26169 12077 7781 5639 4296 2120
is_linear=0
shrinkage=0.025


Tree=40
num_leaves=7
num_cat=0
split_feature=2 47 29 62 15 16
split_gain=195.929 51.564 59.1736 54.5843 31.8532 14.713
threshold=0.53135663270950328 0.94988050000000013 0.75473800000000013 0.41666666666666669 0.67881200000000008 0.60854950000000008
decision_type=2 2 2 2 2 2
left_child=4 2 3 -2 -1 -3
right_child=1 5 -4 -5 -6 -7
leaf_value=-0.02610183107235748 0.016592577165776595 -0.0097308702038633593 0.021773741477414534 -0.0067176267557235193 -0.0012688164154310722 0.020355797914639519
leaf_weight=161.65849261777475 77.239475794951431 8.9984901016578061 79.022914418485016 291.8551475716813 41.449182232609019 161.60394719010219
leaf_count=14069 1194 65 285 8635 1495 426
internal_value=0 0.00700131 0.0024872 -0.0017372 -0.0211536 0.0186007
internal_weight=821.828 618.72 448.118 369.095 203.108 170.602
internal_count=26169 10605 10114 9829 15564 491
is_linear=0
shrinkage=0.025


Tree=41
num_leaves=7
num_cat=0
split_feature=9 62 29 47 84 60
split_gain=190.201 63.0454 37.5203 44.1675 14.3496 13.8131
threshold=0.57000000000000017 0.75000000000000011 0.31620650000000006 0.8716965000000001 0.91476388168137013 0.82000000000000017
decision_type=2 2 2 2 2 2
left_child=-1 2 3 -2 -3 -4
right_child=1 4 5 -5 -6 -7
leaf_value=-0.024877345370595699 -0.0025761359778217422 -0.022592771983101619 0.020551254153434884 0.014247391246801354 -0.00072757623256931858 -0.00026788995584634917
leaf_weight=153.06786441721488 234.53387672145618 49.477448133548023 160.76035043690354 162.9279253478162 30.945857618236914 21.670874660136178
leaf_count=14009 5859 4145 729 622 507 298
internal_value=0 0.0058389 0.00873339 0.00434425 -0.0145604 0.0180607
internal_weight=813.384 660.316 579.893 397.462 80.4233 182.431
internal_count=26169 12160 7508 6481 4652 1027
is_linear=0
shrinkage=0.025


Tree=42
num_leaves=7
num_cat=0
split_feature=9 1 2 0 61 60
split_gain=183.984 50.174 35.5927 31.1218 31.2808 24.4628
threshold=0.71000000000000008 0.60968363285064708 0.56705352663993847 0.51600000000000013 0.48477250000000005 0.68000000000000005
decision_type=2 2 2 2 2 2
left_child=2 3 -1 -2 -5 -3
right_child=1 5 -4 4 -6 -7
leaf_value=-0.026238407228852789 0.0087442524046991831 0.016719002945206934 -0.0058896319497771764 -0.024039031824989149 0.0010432203434294896 0.00042399472409604253
leaf_weight=143.55982999116532 94.882929720100947 281.53531256085262 89.815802810684545 53.213671214209171 68.401172717451118 73.780440414266195
leaf_count=13615 1766 1843 3079 2626 1415 1825
internal_value=0 0.00763491 -0.0185896 -0.00180959 -0.0101244 0.0133864
internal_weight=805.189 571.814 233.376 216.498 121.615 355.316
internal_count=26169 9475 16694 5807 4041 3668
is_linear=0
shrinkage=0.025


Tree=43
num_leaves=7
num_cat=0
split_feature=9 62 43 61 21 0
split_gain=177.585 59.1405 35.1779 28.2881 27.8901 23.6914
threshold=0.57000000000000017 0.58333333333333337 1.0000000180025095e-35 0.71629350000000003 0.70400000000000007 0.51966650000000014
decision_type=2 2 2 2 2 2
left_child=-1 4 3 -3 5 -2
right_child=1 2 -4 -5 -6 -7
leaf_value=-0.024510062377215713 0.0092811424391998302 -0.0033572762850787767 -0.024318577422536999 0.019818394013201717 0.01652800459528719 -0.013957638863784511
leaf_weight=147.74516358747496 84.328363529872149 193.15634361369302 39.559444773767609 37.052106594899669 260.03652015142143 37.475512662669644
leaf_count=14009 1073 5446 2006 606 2130 899
internal_value=0 0.00562983 -0.00329029 0.00050809 0.011935 0.00192394
internal_weight=799.353 651.608 269.768 230.208 381.84 121.804
internal_count=26169 12160 8058 6052 4102 1972
is_linear=0
shrinkage=0.025


Tree=44
num_leaves=7
num_cat=0
split_feature=2 9 39 43 60 31
split_gain=172.599 51.0067 33.5877 41.6308 38.7382 22.8808
threshold=0.51854240894317638 0.73000000000000009 1.0000000180025095e-35 1.0000000180025095e-35 0.68000000000000005 0.52852950000000021
decision_type=2 2 2 2 2 2
left_child=-1 5 3 -3 -4 -2
right_child=1 2 4 -5 -6 -7
leaf_value=-0.02169808901355354 -0.011268274001813107 0.0050925653828695645 0.016646076230502984 -0.036521749316164524 -0.0014782101830121766 0.024491844976839202
leaf_weight=175.54973566043191 114.47504507130361 57.853429038019385 324.98081681865733 17.481853052100632 93.499493902083486 9.8817168644745816
leaf_count=14842 4541 850 2686 524 2526 200
internal_value=0 0.00622444 0.00982882 -0.00531466 0.0125911 -0.00793104
internal_weight=793.722 618.172 493.816 75.3353 418.48 124.357
internal_count=26169 11327 6586 1374 5212 4741
is_linear=0
shrinkage=0.025


Tree=45
num_leaves=7
num_cat=0
split_feature=2 47 29 62 18 28
split_gain=169.993 45.6032 52.5752 49.3471 23.9438 15.0816
threshold=0.53135663270950328 0.94988050000000013 0.91839300000000013 0.41666666666666669 0.68368300000000015 0.65961650000000016
decision_type=2 2 2 2 2 2
left_child=4 2 3 -2 -1 -6
right_child=1 -3 -4 -5 5 -7
leaf_value=-0.025016921139209877 0.015922493539165462 0.017622650193900774 0.023182001897022506 -0.0060667926064953727 -0.012048689587232431 0.019829267607480126
leaf_weight=149.53383372304961 78.66661926987581 165.09303273889236 61.429142801091075 294.50441101990873 29.734375894098775 10.465719391126184
leaf_count=14231 1208 491 196 8710 1236 97
internal_value=0 0.00653395 0.00222493 -0.00133292 -0.0204683 -0.00286958
internal_weight=789.427 599.693 434.6 373.171 189.734 40.2001
internal_count=26169 10605 10114 9918 15564 1333
is_linear=0
shrinkage=0.025


Tree=46
num_leaves=7
num_cat=0
split_feature=9 1 39 44 60 16
split_gain=164.474 56.4065 31.5261 29.6766 24.045 21.2318
threshold=0.57000000000000017 0.60968363285064708 1.0000000180025095e-35 0.10183150000000002 0.68000000000000005 0.59306800000000004
decision_type=2 2 2 2 2 2
left_child=-1 2 -2 -4 5 -3
right_child=1 4 3 -5 -6 -7
leaf_value=-0.024116757238765132 -0.022234352284907527 -0.023090174810516451 -0.012742474570960713 0.0068633895616682546 -5.438383812793876e-05 0.015940750981040901
leaf_weight=141.84513016129495 43.973617977491813 6.6798305800184599 69.064962368807755 145.44735977283563 86.00582495611161 289.4541784846806
leaf_count=14009 2163 157 2806 2893 2120 2021
internal_value=0 0.00541284 -0.00356266 0.000436637 0.0114905 0.0148451
internal_weight=782.471 640.626 258.486 214.512 382.14 296.134
internal_count=26169 12160 7862 5699 4298 2178
is_linear=0
shrinkage=0.025


Tree=47
num_leaves=7
num_cat=0
split_feature=9 62 29 47 84 16
split_gain=158.913 55.405 35.4014 44.6544 14.7196 13.8568
threshold=0.57000000000000017 0.75000000000000011 0.31620650000000006 0.8716965000000001 0.91476388168137013 0.60854950000000008
decision_type=2 2 2 2 2 2
left_child=-1 2 3 -2 -3 -4
right_child=1 4 5 -5 -6 -7
leaf_value=-0.023941331031854932 -0.0033415293337928698 -0.022115985168697463 -0.012869424367555744 0.014005878115044987 -7.2093402862179857e-05 0.018710493082107267
leaf_weight=139.32994943662197 225.20825120297377 48.532575419842033 7.1254722522571674 153.6806428078562 31.397703865950461 171.21259363763966
leaf_count=14009 5859 4145 116 622 507 911
internal_value=0 0.00530846 0.00811856 0.00371747 -0.0138278 0.0172399
internal_weight=776.487 637.157 557.227 378.889 79.9303 178.338
internal_count=26169 12160 7508 6481 4652 1027
is_linear=0
shrinkage=0.025


Tree=48
num_leaves=7
num_cat=0
split_feature=9 62 43 21 19 0
split_gain=152.983 52.1352 33.1835 24.4772 24.2328 21.0642
threshold=0.57000000000000017 0.58333333333333337 1.0000000180025095e-35 0.70400000000000007 0.64414750000000021 0.51966650000000014
decision_type=2 2 2 2 2 2
left_child=-1 3 4 5 -3 -2
right_child=1 2 -4 -5 -6 -7
leaf_value=-0.023749833406074027 0.0087228454616925123 -0.028516400283549938 -0.024358250531025218 0.015625109256848468 0.0027015438853423245 -0.013502734210720381
leaf_weight=136.54410575068323 82.689657155540772 14.253713154321302 37.192901305912528 250.84277442283928 210.85731883053086 36.186185609316453
leaf_count=14009 1073 1043 2006 2130 5009 899
internal_value=0 0.00520435 -0.00327869 0.0112279 0.000394922 0.00174645
internal_weight=768.567 632.023 262.304 369.719 225.111 118.876
internal_count=26169 12160 8058 4102 6052 1972
is_linear=0
shrinkage=0.025


Tree=49
num_leaves=7
num_cat=0
split_feature=9 62 2 60 30 84
split_gain=148.185 50.9391 32.729 29.6978 18.2795 13.3315
threshold=0.57000000000000017 0.75000000000000011 0.67512935400009166 0.68000000000000005 0.33500000000000008 0.90260840108401097
decision_type=2 2 2 2 2 2
left_child=-1 2 3 -2 -4 -3
right_child=1 5 4 -5 -6 -7
leaf_value=-0.023579649132488802 0.0066855180925597061 -0.021790940046015957 -0.0023726905799387236 -0.011372831669466767 0.018089126582942892 -0.00064014254629518336
leaf_weight=134.34427326085279 259.37486224505119 45.758024645299884 30.308279938064516 70.077898783987621 189.83426397177391 32.008458609634545
leaf_count=14009 3638 4075 276 1978 1616 577
internal_value=0 0.00512293 0.00782096 0.00276125 0.0152377 -0.0134854
internal_weight=761.706 627.362 549.595 329.453 220.143 77.7665
internal_count=26169 12160 7508 5616 1892 4652
is_linear=0
shrinkage=0.025


Tree=50
num_leaves=7
num_cat=0
split_feature=2 44 19 43 60 15
split_gain=146.736 39.4775 54.4293 40.4817 35.7568 26.1781
threshold=0.53135663270950328 0.047175500000000009 0.71974850000000001 1.0000000180025095e-35 0.68000000000000005 0.67617700000000014
decision_type=2 2 2 2 2 2
left_child=5 2 -2 4 -3 -1
right_child=1 3 -4 -5 -6 -7
leaf_value=-0.024925846810994856 -0.0235229605638832 0.016471417725428417 0.0086726003679806398 -0.0095183568331323118 -0.0014769913677625166 -0.0017278800736999389
leaf_weight=136.41315044628573 57.837302047933917 305.25626914284658 69.391018369002268 58.091803597984836 87.934015223057941 40.483030262053944
leaf_count=13967 2759 3097 888 1712 2149 1597
internal_value=0 0.00610238 -0.00606714 0.0095671 0.0124513 -0.0197638
internal_weight=755.407 578.51 127.228 451.282 393.19 176.896
internal_count=26169 10605 3647 6958 5246 15564
is_linear=0
shrinkage=0.025


Tree=51
num_leaves=7
num_cat=0
split_feature=1 2 34 0 22 20
split_gain=141.688 43.0094 30.4355 33.6446 25.3686 17.9507
threshold=0.50930187106132518 0.67512935400009166 0.11836900000000002 0.48566650000000006 0.41060950000000002 0.69749450000000013
decision_type=2 2 2 2 2 2
left_child=5 2 4 -4 -2 -1
right_child=1 -3 3 -5 -6 -7
leaf_value=-0.02464417631341587 -0.021100711492008605 0.013948085298702029 0.015839430683800428 -0.0021747985409090779 0.0095428910624385625 -0.001560375236183251
leaf_weight=130.82634063578735 60.301093815622153 231.89026056806324 96.906287311867345 182.87150084399036 20.97470075218007 26.396535395091632
leaf_count=13823 2886 2615 1293 4112 424 1016
internal_value=0 0.00560852 0.000169197 0.00411879 -0.0130393 -0.0209084
internal_weight=750.167 592.944 361.054 279.778 81.2758 157.223
internal_count=26169 11330 8715 5405 3310 14839
is_linear=0
shrinkage=0.025


Tree=52
num_leaves=7
num_cat=0
split_feature=1 44 60 39 43 20
split_gain=139.041 44.8356 37.5423 33.1003 34.3654 30.0141
threshold=0.56367313861846935 0.094885000000000011 0.68000000000000005 1.0000000180025095e-35 1.0000000180025095e-35 0.69622600000000012
decision_type=2 2 2 2 2 2
left_child=1 -1 3 4 -2 -4
right_child=2 -3 5 -5 -6 -7
leaf_value=-0.02417669509823879 0.0061517727703613578 -0.0030569257880094613 -0.025949267605494666 0.014942215342367303 -0.033971325712805367 0.0027767219768889228
leaf_weight=140.95927490464237 47.030127138277749 115.09248702293553 28.04071651439881 311.922093928908 15.728833473753182 85.913203999225516
leaf_count=13570 625 4771 1217 3296 528 2162
internal_value=0 -0.0148388 0.00781169 0.011622 -0.00468609 -0.00462209
internal_weight=744.687 256.052 488.635 374.681 62.759 113.954
internal_count=26169 18341 7828 4449 1153 3379
is_linear=0
shrinkage=0.025


Tree=53
num_leaves=7
num_cat=0
split_feature=1 44 60 39 43 20
split_gain=136.278 41.7559 37.6226 27.8834 28.862 27.3157
threshold=0.56367313861846935 0.094885000000000011 0.68000000000000005 1.0000000180025095e-35 1.0000000180025095e-35 0.69622600000000012
decision_type=2 2 2 2 2 2
left_child=1 -1 3 4 -2 -4
right_child=2 -3 5 -5 -6 -7
leaf_value=-0.023925350253675055 0.0059485246844019598 -0.0033954131541309332 -0.025351405305997346 0.014530232104319524 -0.031876618750960692 0.0022348473103144802
leaf_weight=138.6414749239193 47.279465446539689 113.98844310763525 27.472400601604022 312.96309439936886 14.346049860643687 86.144427314953646
leaf_count=13570 625 4771 1217 3296 528 2162
internal_value=0 -0.0148204 0.00770551 0.0115168 -0.00361994 -0.00476232
internal_weight=740.835 252.63 488.205 374.589 61.6255 113.617
internal_count=26169 18341 7828 4449 1153 3379
is_linear=0
shrinkage=0.025


Tree=54
num_leaves=7
num_cat=0
split_feature=2 9 61 6 15 0
split_gain=131.696 37.5329 28.6845 44.1657 23.901 22.6613
threshold=0.53135663270950328 0.73000000000000009 0.49446450000000003 0.62381950000000008 0.67617700000000014 0.46670000000000006
decision_type=2 2 2 2 2 2
left_child=4 5 3 -3 -1 -2
right_child=1 2 -4 -5 -6 -7
leaf_value=-0.024568444584994645 0.0072657121202706126 0.011291555483702852 0.01360026030686208 -0.014741018333090808 -0.0019459581605400453 -0.015299929160892218
leaf_weight=127.21496554581972 41.881251522077946 95.796179554890841 292.28859558037948 67.018357581517193 39.363775843987241 71.99043726696982
leaf_count=13967 1384 1223 3408 1602 1597 2988
internal_value=0 0.00573448 0.00894738 0.000462121 -0.0193822 -0.00694745
internal_weight=735.554 568.975 455.103 162.815 166.579 113.872
internal_count=26169 10605 6233 2825 15564 4372
is_linear=0
shrinkage=0.025


Tree=55
num_leaves=7
num_cat=0
split_feature=2 29 62 47 16 15
split_gain=127.127 38.4764 36.9521 47.2011 22.9842 22.9591
threshold=0.53135663270950328 1.0000000180025095e-35 0.41666666666666669 0.8716965000000001 0.60695300000000019 0.67617700000000014
decision_type=2 2 2 2 2 2
left_child=5 2 -2 -4 -3 -1
right_child=1 4 3 -5 -6 -7
leaf_value=-0.024391541756253701 0.014847986675036152 -0.014851343331751863 -0.014694837060064862 0.0085487100414300306 0.014202080556381176 -0.0021639296139894055
leaf_weight=124.60251569344109 70.259835394099355 15.937661059899254 136.98676934441028 87.133665305067552 256.38956970753497 39.471805544395465
leaf_count=13967 944 706 5796 590 2569 1597
internal_value=0 0.0056215 -0.000625323 -0.00562497 0.0123503 -0.0192094
internal_weight=730.782 566.708 294.38 224.12 272.327 164.074
internal_count=26169 10605 7330 6386 3275 15564
is_linear=0
shrinkage=0.025


Tree=56
num_leaves=7
num_cat=0
split_feature=9 2 39 60 61 6
split_gain=124.354 45.8941 33.9224 33.5009 18.2633 13.7099
threshold=0.57000000000000017 0.66551268100738536 1.0000000180025095e-35 0.68000000000000005 0.50715900000000003 0.59777650000000004
decision_type=2 2 2 2 2 2
left_child=-1 2 -2 -4 5 -3
right_child=1 4 3 -5 -6 -7
leaf_value=-0.022703031059710648 -0.019003338863848279 0.018713451550472462 0.0067412413198273298 -0.012835618377991496 0.016342811876321382 -0.0086466530643869704
leaf_weight=122.45066401934309 53.094922172662336 13.754209693521259 234.36435799309402 68.393973303725943 196.0374858295545 36.08454566670116
leaf_count=14009 2409 138 4362 2699 2049 503
internal_value=0 0.00469484 -0.00103166 0.00222121 0.0129449 -0.000395592
internal_weight=724.18 601.729 355.853 302.758 245.876 49.8388
internal_count=26169 12160 9470 7061 2690 641
is_linear=0
shrinkage=0.025


Tree=57
num_leaves=7
num_cat=0
split_feature=9 2 1 39 60 0
split_gain=120.21 39.4916 30.4081 25.591 30.6236 21.1524
threshold=0.73000000000000009 0.66890439391136181 0.51781070232391369 1.0000000180025095e-35 0.68000000000000005 0.46670000000000006
decision_type=2 2 2 2 2 2
left_child=2 3 -1 -2 -5 -4
right_child=1 -3 5 4 -6 -7
leaf_value=-0.025954444509388754 -0.016514890419913938 0.014789597276808586 0.0072404256247074143 0.0081971012032009179 -0.012472841720298901 -0.014830651541125523
leaf_weight=97.54480474061711 43.383446246851236 209.53302092477679 40.999793030743604 204.02530830149772 54.590277430572314 69.55033072916558
leaf_count=12674 1833 2127 1334 3172 2093 2936
internal_value=0 0.0065175 -0.0159083 0.000675111 0.0037228 -0.00658864
internal_weight=719.627 511.532 208.095 301.999 258.616 110.55
internal_count=26169 9225 16944 7098 5265 4270
is_linear=0
shrinkage=0.025


Tree=58
num_leaves=7
num_cat=0
split_feature=2 60 39 48 43 44
split_gain=116.701 35.0045 36.0638 28.6405 27.5234 22.5655
threshold=0.53135663270950328 0.68000000000000005 1.0000000180025095e-35 0.66160000000000008 1.0000000180025095e-35 0.047175500000000009
decision_type=2 2 2 2 2 2
left_child=-1 2 4 -3 -2 -4
right_child=1 3 5 -5 -6 -7
leaf_value=-0.018790249716912382 0.0023601675670130709 -0.018227852406169233 -0.00041035546316808917 0.0044922159659366119 -0.031435455850441732 0.015360254483818274
leaf_weight=157.97695154073881 51.848512480937643 59.315810399566544 69.389218821364921 76.280610771587817 18.33715211301751 280.91170498277643
leaf_count=15564 940 2159 1618 2186 841 2861
internal_value=0 0.00539831 0.00895601 -0.00553323 -0.00712663 0.0122308
internal_weight=714.06 556.083 420.487 135.596 70.1857 350.301
internal_count=26169 10605 6260 4345 1781 4479
is_linear=0
shrinkage=0.025


Tree=59
num_leaves=7
num_cat=0
split_feature=9 1 1 0 6 6
split_gain=114.843 38.1328 29.0829 20.561 22.339 19.6523
threshold=0.73000000000000009 0.61158692836761486 0.51781070232391369 0.46670000000000006 0.70334900000000011 0.54787700000000006
decision_type=2 2 2 2 2 2
left_child=2 5 -1 -4 -5 -2
right_child=1 -3 3 4 -6 -7
leaf_value=-0.02577826964170974 0.010213058004347159 0.011832673426645282 0.0069039152182674111 -0.02698880485392624 0.0010125959903322143 -0.0071042406513328951
leaf_weight=94.217081660237454 54.538827742799185 309.18390734534478 41.31596934083791 38.170310947316466 30.329059604438953 141.67401119730494
leaf_count=12674 1044 3505 1334 2267 669 4676
internal_value=0 0.00639175 -0.0157183 -0.00662776 -0.0148684 -0.0021788
internal_weight=709.429 505.397 204.032 109.815 68.4994 196.213
internal_count=26169 9225 16944 4270 2936 5720
is_linear=0
shrinkage=0.025


Tree=60
num_leaves=7
num_cat=0
split_feature=1 44 60 84 49 16
split_gain=111.072 35.6893 30.2831 24.0461 22.8519 22.1966
threshold=0.56367313861846935 0.094885000000000011 0.68000000000000005 0.93377192982456159 1.0000000180025095e-35 0.59306800000000004
decision_type=2 2 2 2 2 2
left_child=1 -1 5 -4 -3 -2
right_child=2 4 3 -5 -6 -7
leaf_value=-0.023139200154548806 -0.018267403163730232 0.0073172162257079182 -0.014152900209589529 0.0092646654785789942 -0.015130454480989207 0.011667046355437166
leaf_weight=123.58282112902816 13.798885506694203 56.848884480692504 63.974309651050135 43.982717633363791 51.533280844640103 350.40689008691697
leaf_count=13570 586 1808 3073 306 2963 3863
internal_value=0 -0.0140777 0.00695385 -0.00453939 -0.00337773 0.0103922
internal_weight=704.128 231.965 472.163 107.957 108.382 364.206
internal_count=26169 18341 7828 3379 4771 4449
is_linear=0
shrinkage=0.025


Tree=61
num_leaves=7
num_cat=0
split_feature=9 62 21 43 61 22
split_gain=107.749 41.9986 23.9306 23.2126 23.6034 20.6411
threshold=0.57000000000000017 0.58333333333333337 0.70400000000000007 1.0000000180025095e-35 0.71629350000000003 0.38669450000000005
decision_type=2 2 2 2 2 2
left_child=-1 2 -2 4 -3 -4
right_child=1 3 5 -5 -6 -7
leaf_value=-0.021983165099982396 0.0003831464854855984 -0.0040227958906370971 0.0024298791486782722 -0.022067681836489467 0.018109171498409862 0.019286321981337569
leaf_weight=113.81677713570389 110.97424132935703 177.82338461888139 65.287739252671599 33.455302228350774 33.640576916281134 163.65123654680792
leaf_count=14009 1972 5446 603 2006 606 1527
internal_value=0 0.0043536 0.0100175 -0.00349358 -0.000290602 0.0145953
internal_weight=698.649 584.832 339.913 244.919 211.464 228.939
internal_count=26169 12160 4102 8058 6052 2130
is_linear=0
shrinkage=0.025


Tree=62
num_leaves=7
num_cat=0
split_feature=9 1 1 0 6 0
split_gain=105.216 35.5896 27.5487 19.42 19.4721 19.1288
threshold=0.73000000000000009 0.60968363285064708 0.51781070232391369 0.46670000000000006 0.70334900000000011 0.51600000000000013
decision_type=2 2 2 2 2 2
left_child=2 5 -1 -4 -5 -2
right_child=1 -3 3 4 -6 -7
leaf_value=-0.025509199333892143 0.0065000125750040386 0.011343349410286408 0.0066974333597902801 -0.026342828925859998 0.00018691391107755956 -0.0093345645836458557
leaf_weight=89.136519299121574 82.224965663976036 307.68194527336163 40.792592937970767 36.361650711216498 29.921250356099335 105.98653374837886
leaf_count=12674 1748 3569 1334 2267 669 3908
internal_value=0 0.00613279 -0.0153818 -0.00648153 -0.0146681 -0.00237642
internal_weight=692.105 495.893 196.212 107.075 66.2829 188.211
internal_count=26169 9225 16944 4270 2936 5656
is_linear=0
shrinkage=0.025


Tree=63
num_leaves=7
num_cat=0
split_feature=1 85 29 44 20 28
split_gain=101.39 41.1293 50.2342 29.7169 16.2533 10.7019
threshold=0.50750878453254711 0.96318879855465234 0.89118900000000012 0.098009500000000013 0.69749450000000013 0.31620650000000006
decision_type=2 2 2 2 2 2
left_child=4 2 3 -2 -1 -6
right_child=1 -3 -4 -5 5 -7
leaf_value=-0.023602084104657389 -0.013215688498165358 0.015462474315939593 0.021327893360983483 0.0020892462000669521 -0.015923293455590064 0.014543248297235674
leaf_weight=107.51878333176865 119.5784710746957 155.93978833383881 58.452923914417624 222.66512305552897 11.865979266614888 11.921346079907378
leaf_count=13743 4775 779 217 5662 814 179
internal_value=0 0.0046781 0.000389566 -0.00328991 -0.0195484 -0.000390701
internal_weight=687.942 556.636 400.697 342.244 131.306 23.7873
internal_count=26169 11433 10654 10437 14736 993
is_linear=0
shrinkage=0.025


Tree=64
num_leaves=7
num_cat=0
split_feature=19 62 29 85 44 2
split_gain=99.1726 40.2498 25.7511 31.394 24.8986 20.5557
threshold=0.68236450000000015 0.75000000000000011 0.91839300000000013 0.96318879855465234 0.33894050000000003 0.68425273895263683
decision_type=2 2 2 2 2 2
left_child=4 2 3 -2 5 -1
right_child=1 -3 -4 -5 -6 -7
leaf_value=-0.023147679605468319 0.0012611632963375936 -0.011966107353197912 0.025174572114262519 0.016626045899333419 0 0.012344191849782948
leaf_weight=130.4793075179623 253.73746494806255 65.407499393942999 50.440089238109067 122.48135284928139 50.215867820603307 9.1874710600823146
leaf_count=14311 5682 3898 117 454 1611 96
internal_value=0 0.0059244 0.00874116 0.00636317 -0.0152301 -0.0205754
internal_weight=681.949 492.066 426.659 376.219 189.883 139.667
internal_count=26169 10151 6253 6136 16018 14407
is_linear=0
shrinkage=0.025


Tree=65
num_leaves=7
num_cat=0
split_feature=2 29 85 62 15 19
split_gain=95.397 34.88 36.8803 29.9124 16.4665 15.3838
threshold=0.51854240894317638 0.31620650000000006 0.96318879855465234 0.41666666666666669 0.67881200000000008 0.68236450000000015
decision_type=2 2 2 2 2 2
left_child=4 2 3 -2 -1 -3
right_child=1 5 -4 -5 -6 -7
leaf_value=-0.023616264326939525 0.011401346390028674 -0.0059304667058082995 0.011886721164096677 -0.0090564023005920008 -0.0018059661358374446 0.016938286516947815
leaf_weight=101.77019341863343 53.997782350226771 19.133461159304716 118.43889506388223 209.42697616451187 28.973453912825789 144.7366993757314
leaf_count=13521 1109 428 632 8053 1321 1105
internal_value=0 0.00461129 0.000422573 -0.00476223 -0.0189732 0.0141665
internal_weight=676.477 545.734 381.864 263.425 130.744 163.87
internal_count=26169 11327 9794 9162 14842 1533
is_linear=0
shrinkage=0.025


Tree=66
num_leaves=7
num_cat=0
split_feature=1 29 62 47 18 32
split_gain=91.6419 33.066 31.0041 38.1931 21.7864 19.1427
threshold=0.50750878453254711 1.0000000180025095e-35 0.41666666666666669 0.8716965000000001 0.69107250000000009 0.10193000000000001
decision_type=2 2 2 2 2 2
left_child=-1 2 5 -4 -3 -2
right_child=1 4 3 -5 -6 -7
leaf_value=-0.019121331709945334 -0.0059984288566991735 0 -0.014051783564844739 0.0069688910924825325 0.015679007972077389 0.021592445342598202
leaf_weight=124.71848430021055 21.006833094230387 78.365000726626022 136.20596978337562 85.884732721548062 178.61497420002706 47.276071765925735
leaf_count=14736 389 1921 6265 634 1643 581
internal_value=0 0.00442406 -0.00133365 -0.00589683 0.0109139 0.0130686
internal_weight=672.072 547.354 290.374 222.091 256.98 68.2829
internal_count=26169 11433 7869 6899 3564 970
is_linear=0
shrinkage=0.025


Tree=67
num_leaves=7
num_cat=0
split_feature=9 62 19 29 16 84
split_gain=91.8766 37.6475 26.1951 21.8618 12.5683 11.0594
threshold=0.57000000000000017 0.75000000000000011 0.68236450000000015 0.91839300000000013 0.67431750000000013 0.96318879855465223
decision_type=2 2 2 2 2 2
left_child=-1 2 4 -4 -2 -3
right_child=1 5 3 -5 -6 -7
leaf_value=-0.021293104478524911 0.00052727809536475565 -0.017735726256862445 0.0068977498655315985 0.024518779139272886 -0.019587878831041468 0.0037733156824903608
leaf_weight=104.03324306516151 58.811991158727324 55.324554025573889 354.17206405036268 49.257860663346946 25.821090968209319 18.272500550025143
leaf_count=14009 1641 4430 5056 104 707 222
internal_value=0 0.00402089 0.00655492 0.00920855 -0.00589525 -0.012332
internal_weight=665.693 561.66 488.063 403.43 84.6331 73.5971
internal_count=26169 12160 7508 5160 2348 4652
is_linear=0
shrinkage=0.025


Tree=68
num_leaves=7
num_cat=0
split_feature=9 61 6 44 1 2
split_gain=89.3222 34.2814 40.72 30.9349 24.3934 17.8549
threshold=0.73000000000000009 0.49446450000000003 0.62381950000000008 0.16062100000000004 0.51781070232391369 0.70846572518348705
decision_type=2 2 2 2 2 2
left_child=4 2 3 -2 -1 -3
right_child=1 5 -4 -5 -6 -7
leaf_value=-0.024970732031705748 -0.010829601470283994 0.0064287108514649409 -0.015824194519893565 0.015150715736601884 -0.0063341062186471862 0.019908168430760934
leaf_weight=79.835147310019238 39.94266331079416 175.31759675312787 79.114697127282852 85.544923789115273 102.64198751389631 98.199459855444729
leaf_count=12674 1554 2817 2611 1334 4270 909
internal_value=0 0.00568163 -0.00201437 0.00676282 -0.0147624 0.0114364
internal_weight=660.596 478.119 204.602 125.488 182.477 273.517
internal_count=26169 9225 5499 2888 16944 3726
is_linear=0
shrinkage=0.025


Tree=69
num_leaves=7
num_cat=0
split_feature=9 62 21 29 47 0
split_gain=86.4757 35.3058 23.3303 19.003 22.1621 17.6327
threshold=0.57000000000000017 0.58333333333333337 0.70400000000000007 0.60023650000000017 0.98135300000000014 0.51966650000000014
decision_type=2 2 2 2 2 2
left_child=-1 2 5 4 -3 -2
right_child=1 3 -4 -5 -6 -7
leaf_value=-0.021031514006502258 0.0066264516595248672 -0.0099596179263685015 0.013952159075203802 0.013195487498458437 0.01243718337534715 -0.014547397822363611
leaf_weight=100.62731718231225 72.350810711388476 170.24221979491995 214.61832426802721 33.801166379067581 30.340079981659073 34.076591681456193
leaf_count=14009 1073 7524 2130 341 193 899
internal_value=0 0.00388745 0.00925115 -0.00344261 -0.00641739 -0.000251075
internal_weight=656.057 555.429 321.046 234.383 200.582 106.427
internal_count=26169 12160 4102 8058 7717 1972
is_linear=0
shrinkage=0.025


Tree=70
num_leaves=7
num_cat=0
split_feature=9 2 39 29 16 30
split_gain=83.8227 35.2244 28.0692 22.2791 13.6153 11.4869
threshold=0.57000000000000017 0.67512935400009166 1.0000000180025095e-35 1.0000000180025095e-35 0.60377350000000007 0.33500000000000008
decision_type=2 2 2 2 2 2
left_child=-1 2 -2 -4 -3 -6
right_child=1 4 3 -5 5 -7
leaf_value=-0.020887598998953674 -0.017294129590688555 -0.015889189341285869 -0.0038576091713710655 0.009802649364796856 -0.0018782916947577778 0.015872853460011504
leaf_weight=98.976402096654056 52.902459958611871 8.041727743810041 169.01324919320177 129.16142120643053 24.746423039119691 167.20245944161434
leaf_count=14009 2452 169 5363 2083 299 1794
internal_value=0 0.00382898 -0.000930879 0.00206286 0.0121363 0.0135446
internal_weight=650.044 551.068 351.077 298.175 199.991 191.949
internal_count=26169 12160 9898 7446 2262 2093
is_linear=0
shrinkage=0.025


Tree=71
num_leaves=7
num_cat=0
split_feature=2 62 43 21 0 9
split_gain=81.7285 29.0372 19.5632 18.8777 22.9715 19.7427
threshold=0.51854240894317638 0.58333333333333337 1.0000000180025095e-35 0.70400000000000007 0.48220000000000002 0.78000000000000014
decision_type=2 2 2 2 2 2
left_child=-1 3 -3 4 -2 -5
right_child=1 2 -4 5 -6 -7
leaf_value=-0.018271128976127385 0.0087916882326031266 0.0001205151443277242 -0.021693331635533566 -0.0058888816822027139 -0.014856461641135793 0.016262406648296587
leaf_weight=121.40052265886334 70.221903084602673 179.65775672890595 27.330314522667322 27.15131232875865 37.152612546924502 183.3323159776628
leaf_count=14842 1313 4894 1697 407 1250 1766
internal_value=0 0.00429282 -0.00294249 0.00901793 0.000377711 0.0133283
internal_weight=646.247 524.846 206.988 317.858 107.375 210.484
internal_count=26169 11327 6591 4736 2563 2173
is_linear=0
shrinkage=0.025


Tree=72
num_leaves=7
num_cat=0
split_feature=9 29 85 1 2 16
split_gain=79.9677 29.1885 25.5359 23.0521 20.0316 17.4793
threshold=0.73000000000000009 1.0000000180025095e-35 0.96407056798623081 0.51781070232391369 0.71150264143943798 0.60695300000000019
decision_type=2 2 2 2 2 2
left_child=3 2 4 -1 -2 -3
right_child=1 5 -4 -5 -6 -7
leaf_value=-0.024655488542661228 -0.010544018260005915 -0.022147906706133851 0.011046617148938374 -0.0061066787742302684 0.011582226048654467 0.013018837578574178
leaf_weight=74.497508691201801 131.66740252527234 6.8131956930737934 75.010447445558384 100.46598114565131 29.062992382328957 222.94828673894517
leaf_count=12674 5207 292 438 4270 635 2653
internal_value=0 0.00541865 -0.000736085 -0.0142899 -0.00637347 0.0117112
internal_weight=640.466 465.502 235.741 174.963 160.73 229.761
internal_count=26169 9225 6280 16944 5842 2945
is_linear=0
shrinkage=0.025


Tree=73
num_leaves=7
num_cat=0
split_feature=9 2 39 60 16 21
split_gain=78.061 34.1725 28.088 27.1328 13.1953 11.8485
threshold=0.57000000000000017 0.66551268100738536 1.0000000180025095e-35 0.68000000000000005 0.60854950000000008 0.77400000000000013
decision_type=2 2 2 2 2 2
left_child=-1 2 -2 -4 -3 -6
right_child=1 4 3 -5 5 -7
leaf_value=-0.020588575570544491 -0.018699178015058503 -0.0097919620350062301 0.0059209972703681288 -0.012581457762914257 -0.003425739527999279 0.015058502467592608
leaf_weight=95.067645115137566 47.636949946885579 15.062218465609474 211.64511563477572 61.833343705045991 22.780673594330437 181.62035041290801
leaf_count=14009 2409 272 4362 2699 501 1917
internal_value=0 0.00369887 -0.00148007 0.00162982 0.0112474 0.0129396
internal_weight=635.646 540.579 321.115 273.478 219.463 204.401
internal_count=26169 12160 9470 7061 2690 2418
is_linear=0
shrinkage=0.025


Tree=74
num_leaves=7
num_cat=0
split_feature=9 61 49 31 24 2
split_gain=75.9022 28.6631 44.6447 22.2213 19.8162 17.9615
threshold=0.73000000000000009 0.49446450000000003 1.0000000180025095e-35 0.52852950000000021 1.0000000180025095e-35 0.56705352663993847
decision_type=2 2 2 2 2 2
left_child=3 2 4 5 -2 -1
right_child=1 -3 -4 -5 -6 -7
leaf_value=-0.02426493685830039 -0.0054696569697179342 0.010652292034850637 -0.014712763826333637 0.018811634003939939 0.016563591564135269 -0.0071511690130291738
leaf_weight=84.436590922821779 37.107911688857712 263.33600200200453 89.714159973504138 9.7627171944186539 69.845856986823492 77.084743274579523
leaf_count=13323 1191 3726 3427 556 881 3065
internal_value=0 0.00529283 -0.00188313 -0.0140862 0.00888883 -0.0163844
internal_weight=631.288 460.004 196.668 171.284 106.954 161.521
internal_count=26169 9225 5499 16944 2072 16388
is_linear=0
shrinkage=0.025


Tree=75
num_leaves=7
num_cat=0
split_feature=9 29 85 39 2 0
split_gain=74.1693 32.4749 36.3693 21.7686 10.4579 16.8056
threshold=0.57000000000000017 0.31620650000000006 0.96318879855465234 1.0000000180025095e-35 0.58813524246215831 0.51350000000000018
decision_type=2 2 2 2 2 2
left_child=-1 2 3 -2 5 -3
right_child=1 4 -4 -5 -6 -7
leaf_value=-0.020340781161716906 -0.021449669856741706 0.014106678278703225 0.011335595876276309 -0.0022182357718824649 0.016046903728570386 -0.020809392044671124
leaf_weight=92.643141326028854 42.250315896686516 18.601060709799643 112.03310814101133 219.71962928376161 128.60596699645976 12.058857170515692
leaf_count=14009 2141 302 727 7637 817 536
internal_value=0 0.00361216 -0.000410392 -0.00552639 0.0129728 0
internal_weight=625.912 533.269 374.003 261.97 159.266 30.6599
internal_count=26169 12160 10505 9778 1655 838
is_linear=0
shrinkage=0.025


Tree=76
num_leaves=7
num_cat=0
split_feature=2 60 39 84 43 44
split_gain=71.9943 28.8524 29.767 23.1696 22.5982 17.3246
threshold=0.51854240894317638 0.68000000000000005 1.0000000180025095e-35 0.93836657169990512 1.0000000180025095e-35 0.047175500000000009
decision_type=2 2 2 2 2 2
left_child=-1 2 4 -3 -2 -4
right_child=1 3 5 -5 -6 -7
leaf_value=-0.017713765540583522 0.0014536641230659154 -0.014228212076572492 -0.00096826554055646412 0.0073916409534137695 -0.030330964640702052 0.013520878282524188
leaf_weight=114.17966804123716 46.276985348085873 79.755288108863169 62.781162869767286 47.125727863633074 17.125457826856291 253.89455871854443
leaf_count=14842 1005 4212 1787 393 903 3027
internal_value=0 0.00405692 0.00750269 -0.00614294 -0.00782374 0.0106359
internal_weight=621.139 506.959 380.078 126.881 63.4024 316.676
internal_count=26169 11327 6722 4605 1908 4814
is_linear=0
shrinkage=0.025


Tree=77
num_leaves=7
num_cat=0
split_feature=9 2 1 39 60 0
split_gain=70.4439 27.197 21.1942 19.3248 24.1955 16.6032
threshold=0.73000000000000009 0.66890439391136181 0.51781070232391369 1.0000000180025095e-35 0.68000000000000005 0.46670000000000006
decision_type=2 2 2 2 2 2
left_child=2 3 -1 -2 -5 -4
right_child=1 -3 5 4 -6 -7
leaf_value=-0.024303604663415926 -0.015782905507963588 0.012527289063725853 0.0066704496641559032 0.0070898980619596213 -0.012261277556121816 -0.01393922207258453
leaf_weight=68.27891923453717 38.43641659898276 181.77802202140447 37.50981268970645 181.3757809108356 49.118594290572219 59.993424016633071
leaf_count=12674 1833 2127 1334 3172 2093 2936
internal_value=0 0.00512878 -0.0138126 2.63604e-05 0.00284127 -0.00595457
internal_weight=616.491 450.709 165.782 268.931 230.494 97.5032
internal_count=26169 9225 16944 7098 5265 4270
is_linear=0
shrinkage=0.025


Tree=78
num_leaves=7
num_cat=0
split_feature=19 62 44 0 47 2
split_gain=70.0877 33.1463 20.3803 18.6709 27.9661 18.6211
threshold=0.68236450000000015 0.58333333333333337 0.39047500000000007 0.45106650000000009 0.78513100000000013 0.68425273895263683
decision_type=2 2 2 2 2 2
left_child=2 -2 5 -3 -5 -1
right_child=1 3 -4 4 -6 -7
leaf_value=-0.022062696067800536 0.010949405558489013 0.012220209290394659 0.0005531280406303068 -0.017231412475504027 0.0037814044013925866 0.011548248006836924
leaf_weight=110.10725939196709 256.58485806721728 38.799450789752882 43.511070774722612 75.807409301225562 77.500690382352332 9.4532445459626597
leaf_count=14477 3447 1145 1433 4503 1056 108
internal_value=0 0.00510521 -0.013912 -0.00269591 -0.00666257 -0.0191514
internal_weight=611.764 448.692 163.072 192.108 153.308 119.561
internal_count=26169 10151 16018 6704 5559 14585
is_linear=0
shrinkage=0.025


Tree=79
num_leaves=7
num_cat=0
split_feature=9 62 47 39 61 44
split_gain=65.9996 30.6622 21.4691 25.0594 8.79528 8.49263
threshold=0.57000000000000017 0.75000000000000011 0.98135300000000014 1.0000000180025095e-35 0.50715900000000003 0.40703000000000006
decision_type=2 2 2 2 2 2
left_child=5 2 3 -2 -4 -1
right_child=1 -3 4 -5 -6 -7
leaf_value=-0.021938380160318151 -0.012831321867428047 -0.011766153414800265 -0.0010001692988884452 0.0057871661057573506 0.020844558232295946 0.0056651909749570175
leaf_weight=81.099598930595675 49.916125462157652 69.267930853500729 12.621092207729815 320.30600576847792 67.456660970114172 6.0727714637760064
leaf_count=13390 1449 4652 80 5799 180 619
internal_value=0 0.00340324 0.0058081 0.00318418 0.0173696 -0.0198135
internal_weight=606.74 519.568 450.3 370.222 80.0778 87.1724
internal_count=26169 12160 7508 7248 260 14009
is_linear=0
shrinkage=0.025


Tree=80
num_leaves=7
num_cat=0
split_feature=19 29 47 39 1 55
split_gain=64.595 32.219 33.5958 28.7093 19.7645 19.3277
threshold=0.68236450000000015 0.60023650000000017 0.92324450000000013 1.0000000180025095e-35 0.60792189836502086 1.0000000180025095e-35
decision_type=2 2 2 2 2 2
left_child=4 2 3 -2 -1 -6
right_child=1 -3 -4 -5 5 -7
leaf_value=-0.018093482457802394 -0.022492998756328132 0.019780999626328736 0.012225337696213021 0.00024013484637572951 0.014955143913194802 -0.023058876304439247
leaf_weight=124.85436374315759 39.06019994764938 73.139848793274723 125.59459020459326 206.29866010020487 24.112335733603686 9.6434826329641492
leaf_count=15261 2217 402 649 6883 440 317
internal_value=0 0.00489552 0.00182439 -0.00353396 -0.0135703 0.00301265
internal_weight=602.703 444.093 370.953 245.359 158.61 33.7558
internal_count=26169 10151 9749 9100 16018 757
is_linear=0
shrinkage=0.025


Tree=81
num_leaves=7
num_cat=0
split_feature=2 60 39 44 84 47
split_gain=63.4627 33.1711 27.6204 23.7069 21.824 16.9249
threshold=0.46598570048809057 0.68000000000000005 1.0000000180025095e-35 0.047175500000000009 0.93377192982456159 0.93479450000000008
decision_type=2 2 2 2 2 2
left_child=-1 2 5 -4 -3 -2
right_child=1 4 3 -5 -6 -7
leaf_value=-0.021632050679813299 -0.016287729852188595 -0.015176675456072054 -0.0033720167193427939 0.013053124266875986 0.0054286533822239047 0.010352742773564891
leaf_weight=71.790811413433403 44.605602991563501 84.294646137568634 67.296555479522794 260.43515811144607 48.570041374652646 19.358799285255373
leaf_count=11852 2352 5091 2671 3592 509 102
internal_value=0 0.0030491 0.00671512 0.00965389 -0.0076184 -0.00800722
internal_weight=596.352 524.561 391.696 327.732 132.865 63.9644
internal_count=26169 14317 8717 6263 5600 2454
is_linear=0
shrinkage=0.025


Tree=82
num_leaves=7
num_cat=0
split_feature=2 29 85 62 15 26
split_gain=61.8564 27.8747 29.1804 28.1535 15.1162 9.48748
threshold=0.51854240894317638 0.91839300000000013 0.96318879855465234 0.41666666666666669 0.67881200000000008 0.58520000000000005
decision_type=2 2 2 2 2 2
left_child=4 2 3 -2 -1 -4
right_child=1 -3 5 -5 -6 -7
leaf_value=-0.022316842644227858 0.0119687006977824 0.020274334875050332 0.013685319845837863 -0.006527691789780134 -1.6187469530186882e-05 -0.0076120051486872039
leaf_weight=80.04018161251588 62.547950254171155 54.234299635281786 116.49148594669532 241.31512530552573 25.704117308079731 12.533295976929365
leaf_count=13521 1246 215 640 9117 1321 109
internal_value=0 0.00378096 0.00158994 -0.00262519 -0.0171025 0.0114446
internal_weight=592.866 487.122 432.888 303.863 105.744 129.025
internal_count=26169 11327 11112 10363 14842 749
is_linear=0
shrinkage=0.025


Tree=83
num_leaves=7
num_cat=0
split_feature=2 60 39 44 34 43
split_gain=60.0602 30.2074 25.4606 22.072 20.2844 19.9053
threshold=0.46598570048809057 0.68000000000000005 1.0000000180025095e-35 0.075027500000000011 0.30349850000000006 1.0000000180025095e-35
decision_type=2 2 2 2 2 2
left_child=-1 2 5 -4 -3 -2
right_child=1 4 3 -5 -6 -7
leaf_value=-0.021380408709519752 0.00097846409863100187 -0.020805462574992235 -0.0014054342977588654 0.013179259197520346 -0.00013341435278713617 -0.02894801804747156
leaf_weight=69.625278644241916 45.726483473059488 43.268517988268286 86.689342400874011 238.51102653209819 86.885288836536347 17.042144346632995
leaf_count=11852 1311 2890 2955 3308 2710 1143
internal_value=0 0.00296197 0.00646333 0.00928362 -0.00733421 -0.00781031
internal_weight=587.748 518.123 387.969 325.2 130.154 62.7686
internal_count=26169 14317 8717 6263 5600 2454
is_linear=0
shrinkage=0.025


Tree=84
num_leaves=7
num_cat=0
split_feature=9 2 31 0 61 2
split_gain=59.1147 25.3325 19.7609 17.7258 21.0229 14.8099
threshold=0.73000000000000009 0.64281457662582409 0.52852950000000021 0.51600000000000013 0.48477250000000005 0.56705352663993847
decision_type=2 2 2 2 2 2
left_child=2 3 5 -2 -5 -1
right_child=1 -3 -4 4 -6 -7
leaf_value=-0.023463178119342759 0.0070954108911884112 0.010485023752520577 0.018710652032148323 -0.020326762776087162 0.00061533686219018477 -0.0070385420011240228
leaf_weight=71.887083116038411 83.588795760646462 226.05946354626212 9.0621053763898072 46.802565291771316 74.039855121867731 73.076770386775024
leaf_count=13323 1858 2963 556 2694 1710 3065
internal_value=0 0.00475986 -0.013167 -0.00157892 -0.00767225 -0.0155025
internal_weight=584.517 430.491 154.026 204.431 120.842 144.964
internal_count=26169 9225 16944 6262 4404 16388
is_linear=0
shrinkage=0.025


Tree=85
num_leaves=7
num_cat=0
split_feature=9 29 85 24 1 0
split_gain=57.0296 28.2522 26.5419 18.6641 8.89366 12.8752
threshold=0.57000000000000017 0.31620650000000006 0.96318879855465234 1.0000000180025095e-35 0.58539897203445446 0.51350000000000018
decision_type=2 2 2 2 2 2
left_child=-1 2 3 -2 5 -3
right_child=1 4 -4 -5 -6 -7
leaf_value=-0.019202515238768973 -0.014798054550227202 0.013264262175540859 0.009694527933275042 -0.00025331902720811624 0.015241850318410658 -0.01764667298904303
leaf_weight=80.459030113401241 81.12898155968287 16.993516155169349 104.87153062867583 165.86364868488454 118.49162190733477 12.32725611652131
leaf_count=14009 4010 306 727 5768 795 554
internal_value=0 0.00317223 -0.000675237 -0.00516627 0.0122482 0
internal_weight=580.136 499.677 351.864 246.993 147.812 29.3208
internal_count=26169 12160 10505 9778 1655 860
is_linear=0
shrinkage=0.025


Tree=86
num_leaves=7
num_cat=0
split_feature=9 61 0 31 0 24
split_gain=55.7805 24.9619 30.329 19.0509 18.5037 16.4945
threshold=0.73000000000000009 0.50715900000000003 0.51600000000000013 0.52852950000000021 0.85456650000000012 1.0000000180025095e-35
decision_type=2 2 2 2 2 2
left_child=3 2 5 -1 -3 -2
right_child=1 4 -4 -5 -6 -7
leaf_value=-0.015313789741639544 -0.0050361389165135464 0.012555721987898472 -0.010158922942405094 0.01843753000924149 -0.015236882084708529 0.015932752664044991
leaf_weight=141.26095009715937 33.987496626621578 201.0790745287668 113.61677998775849 8.9662508769397373 13.80107407143805 63.686833493411541
leaf_count=16388 1126 2659 3782 556 797 861
internal_value=0 0.00462211 -0.00144458 -0.0129732 0.0105757 0.00860532
internal_weight=576.398 426.171 211.291 150.227 214.88 97.6743
internal_count=26169 9225 5769 16944 3456 1987
is_linear=0
shrinkage=0.025


Tree=87
num_leaves=7
num_cat=0
split_feature=2 60 44 61 43 20
split_gain=54.1042 29.0503 20.959 31.5261 30.6305 19.66
threshold=0.46598570048809057 0.68000000000000005 0.047175500000000009 0.71629350000000003 1.0000000180025095e-35 0.68995650000000019
decision_type=2 2 2 2 2 2
left_child=-1 2 3 -2 -4 -3
right_child=1 5 4 -5 -6 -7
leaf_value=-0.020977015323602782 -0.013113457868501996 -0.021805330504674005 0.012106643284255651 0.020229418027811797 -0.014345508238214032 -0.00071848779778360434
leaf_weight=65.323671701415151 64.951847048418131 38.232116501618293 265.20174620757462 21.492353191366419 28.075336017791415 89.373208507255185
leaf_count=11852 3572 2706 3955 243 947 2894
internal_value=0 0.00279063 0.0062645 -0.00438956 0.00944495 -0.00740121
internal_weight=572.65 507.327 379.721 86.4442 293.277 127.605
internal_count=26169 14317 8717 3815 4902 5600
is_linear=0
shrinkage=0.025


Tree=88
num_leaves=7
num_cat=0
split_feature=1 44 22 60 39 34
split_gain=53.9848 34.2715 17.7645 16.2518 15.3841 13.6925
threshold=0.61158692836761486 0.10004450000000001 0.41060950000000002 0.68000000000000005 1.0000000180025095e-35 0.29069600000000007
decision_type=2 2 2 2 2 2
left_child=1 2 -1 -2 -3 -5
right_child=3 4 -4 5 -6 -7
leaf_value=-0.022170021333953831 0.010566719352779615 -0.017568831266167689 0.0024131444945599458 -0.021781543476336832 0.0035004603357248194 0.0030010587046703941
leaf_weight=99.327573252245202 226.72238553862553 23.520575041344273 21.091738702321891 15.792393060284665 126.72563676302525 55.12935049769294
leaf_count=14359 2613 1754 1010 847 4102 1484
internal_value=0 -0.00804143 -0.0178315 0.00731862 0 -0.00295195
internal_weight=568.31 270.666 120.419 297.644 150.246 70.9217
internal_count=26169 21225 15369 4944 5856 2331
is_linear=0
shrinkage=0.025


Tree=89
num_leaves=7
num_cat=0
split_feature=19 29 47 6 44 16
split_gain=52.3005 30.4588 29.4961 26.515 18.7912 10.4596
threshold=0.68236450000000015 0.60023650000000017 0.92324450000000013 0.54787700000000006 0.43680000000000002 0.67436300000000016
decision_type=2 2 2 2 2 2
left_child=4 2 3 -2 -1 -6
right_child=1 -3 -4 -5 5 -7
leaf_value=-0.018049456724542758 0.016948122085979771 0.019299721615118261 0.01158011285739702 -0.0070482840238761391 0.0082361113940647695 -0.02309584533488895
leaf_weight=107.35446924150892 30.89800984406611 69.496586317778565 116.05005148414057 202.85734295471048 31.854451680119382 5.719543492748925
leaf_count=14780 938 402 649 8162 1008 230
internal_value=0 0.00448007 0.00139493 -0.0036936 -0.0128178 0.0021051
internal_weight=564.23 419.302 349.805 233.755 144.928 37.574
internal_count=26169 10151 9749 9100 16018 1238
is_linear=0
shrinkage=0.025


Tree=90
num_leaves=7
num_cat=0
split_feature=9 29 62 47 39 33
split_gain=50.4256 24.9928 18.5913 21.7214 15.1881 14.8334
threshold=0.73000000000000009 1.0000000180025095e-35 0.41666666666666669 0.8716965000000001 1.0000000180025095e-35 0.50000000000000011
decision_type=2 2 2 2 2 2
left_child=5 2 -2 -4 -3 -1
right_child=1 4 3 -5 -6 -7
leaf_value=-0.015508860737023676 0.012205647377858665 -0.0053338015787655008 -0.012511962273433886 0.0056451552088755165 0.013482006899721555 0.0081843524795202627
leaf_weight=127.60728215557901 45.379800024209544 29.525863349495921 102.2795426085504 65.162847087020054 173.02162581542507 16.820777144304884
leaf_count=15724 658 866 5116 506 2079 1220
internal_value=0 0.00442946 -0.00151924 -0.00541525 0.0106649 -0.0125976
internal_weight=559.798 415.37 212.822 167.442 202.547 144.428
internal_count=26169 9225 6280 5622 2945 16944
is_linear=0
shrinkage=0.025


Tree=91
num_leaves=7
num_cat=0
split_feature=2 60 39 44 43 20
split_gain=49.7493 26.2808 21.6711 19.1856 17.5551 17.2533
threshold=0.46598570048809057 0.68000000000000005 1.0000000180025095e-35 0.047175500000000009 1.0000000180025095e-35 0.68995650000000019
decision_type=2 2 2 2 2 2
left_child=-1 2 4 -4 -2 -3
right_child=1 5 3 -5 -6 -7
leaf_value=-0.020679999876720687 0.00086281660773853276 -0.020930459783903899 -0.0034112321703953959 0.011809858062717534 -0.028070712365990437 -0.00083988260254067449
leaf_weight=61.867611850255344 43.966639145684894 36.719349547784077 63.029732147726463 247.31561582960421 15.771637085592372 87.623198413406499
leaf_count=11852 1311 2706 2671 3592 1143 2894
internal_value=0 0.00267871 0.00602601 0.008688 -0.00745611 -0.00713737
internal_weight=556.294 494.426 370.084 310.345 59.7383 124.343
internal_count=26169 14317 8717 6263 2454 5600
is_linear=0
shrinkage=0.025


Tree=92
num_leaves=7
num_cat=0
split_feature=2 29 62 47 32 19
split_gain=48.0967 27.3699 28.2642 33.2094 16.0568 5.16383
threshold=0.46598570048809057 0.91839300000000013 0.41666666666666669 0.8716965000000001 0.15156000000000003 0.68236450000000015
decision_type=2 2 2 2 2 2
left_child=-1 2 4 -4 -2 -3
right_child=1 5 3 -5 -6 -7
leaf_value=-0.020555966165100831 0 0 -0.008190566147382226 0.0076590246674798678 0.021697532968994057 0.022438327822430177
leaf_weight=60.58850324825471 33.912507325178012 6.5636422038078299 229.79119101674587 125.46420685597695 51.668757541337982 44.376186721026897
leaf_count=11852 790 83 11590 1002 700 152
internal_value=0 0.00262372 0.000551846 -0.00255416 0.013251 0.0195255
internal_weight=552.365 491.776 440.837 355.255 85.5813 50.9398
internal_count=26169 14317 14082 12592 1490 235
is_linear=0
shrinkage=0.025


Tree=93
num_leaves=7
num_cat=0
split_feature=2 2 49 47 33 19
split_gain=46.8657 25.2441 24.5103 26.7179 14.2564 10.1508
threshold=0.46598570048809057 0.68277427554130565 1.0000000180025095e-35 0.80572300000000008 1.0000000180025095e-35 0.76890650000000005
decision_type=2 2 2 2 2 2
left_child=-1 2 4 -4 -2 -3
right_child=1 5 3 -5 -6 -7
leaf_value=-0.020466281355900822 -0.0053674201115698926 0.007419231105742833 -0.013424224584342091 0.0037291256558648722 0.014298376723719029 0.024045129671661218
leaf_weight=59.586631009777193 30.573612668173155 130.76801973109832 127.75502902237349 97.908229664782993 74.293014651455451 27.727682497352362
leaf_count=11852 1269 1885 8439 1110 1187 427
internal_value=0 0.00258518 -0.00133589 -0.00598426 0.00849189 0.0107104
internal_weight=548.612 489.026 330.53 225.663 104.867 158.496
internal_count=26169 14317 12005 9549 2456 2312
is_linear=0
shrinkage=0.025


Tree=94
num_leaves=7
num_cat=0
split_feature=9 29 31 62 55 39
split_gain=45.5127 23.4111 16.8043 15.6835 20.1508 12.8849
threshold=0.73000000000000009 1.0000000180025095e-35 0.52852950000000021 0.41666666666666669 1.0000000180025095e-35 1.0000000180025095e-35
decision_type=2 2 2 2 2 2
left_child=2 3 -1 -2 -5 -3
right_child=1 5 -4 4 -6 -7
leaf_value=-0.014547689104291946 0.01110814699546831 -0.0046151319710881289 0.017850312361606748 0.0024809632937985091 -0.014933540842941989 0.012968114604510536
leaf_weight=130.37502406768181 44.601563768694177 28.600556522491388 8.4953161556622927 91.518943144474179 71.639319026333396 168.86121769982856
leaf_count=16388 658 866 556 1941 3681 2079
internal_value=0 0.0042382 -0.0122232 -0.00158468 -0.00522253 0.0103517
internal_weight=544.092 405.222 138.87 207.76 163.158 197.462
internal_count=26169 9225 16944 6280 5622 2945
is_linear=0
shrinkage=0.025


Tree=95
num_leaves=7
num_cat=0
split_feature=1 44 62 86 39 6
split_gain=45.7074 28.9004 18.6055 14.2206 13.3034 10.0074
threshold=0.61158692836761486 0.10004450000000001 0.58333333333333337 0.012579113924050636 1.0000000180025095e-35 0.53097800000000006
decision_type=2 2 2 2 2 2
left_child=1 3 -2 -1 -3 -6
right_child=2 4 -4 -5 5 -7
leaf_value=0.0069286693119936255 0.011126783178363134 -0.016933364399111257 -0.0024768891933598844 -0.020118050883951862 0.013308943895459455 -0.0016852234815954784
leaf_weight=12.031635020655811 195.9047606458189 22.197284656198462 89.427878278394928 99.588444151348085 38.411774730237084 83.132811865536496
leaf_count=984 2764 1754 2180 14385 1338 2764
internal_value=0 -0.00764425 0.00684829 -0.0170381 -0.000123262 0.00315558
internal_weight=540.695 255.362 285.333 111.62 143.742 121.545
internal_count=26169 21225 4944 15369 5856 4102
is_linear=0
shrinkage=0.025


Tree=96
num_leaves=7
num_cat=0
split_feature=2 44 29 62 49 47
split_gain=43.6781 25.1581 21.6397 21.4403 15.8506 14.9732
threshold=0.57366925477981578 0.094885000000000011 1.0000000180025095e-35 0.41666666666666669 1.0000000180025095e-35 0.8716965000000001
decision_type=2 2 2 2 2 2
left_child=1 -1 3 -2 -3 -5
right_child=2 4 -4 5 -6 -7
leaf_value=-0.021515948176904748 0.012843948251873903 0.0075768191391286923 0.010761441303375294 -0.012899394142661539 -0.012642384792199302 0.0032821466966614457
leaf_weight=71.687217413767939 47.690084287663922 49.450831810456293 184.28663785918616 82.138236432947451 42.716261285400833 59.205721753416583
leaf_count=13241 803 1856 2527 4299 2947 496
internal_value=0 -0.0106654 0.00472094 -0.00118577 -0.00178805 -0.00612125
internal_weight=537.175 163.854 373.321 189.034 92.1671 141.344
internal_count=26169 18044 8125 5598 4803 4795
is_linear=0
shrinkage=0.025


Tree=97
num_leaves=7
num_cat=0
split_feature=2 60 39 43 34 22
split_gain=42.4963 24.6941 19.9379 16.3091 15.5613 14.4444
threshold=0.46598570048809057 0.68000000000000005 1.0000000180025095e-35 1.0000000180025095e-35 0.29069600000000007 0.49268850000000003
decision_type=2 2 2 2 2 2
left_child=-1 2 3 -2 -3 -4
right_child=1 4 5 -5 -6 -7
leaf_value=-0.020089174815868638 0.00069186256613725829 -0.019961425853825234 0.0051008868936005067 -0.027764505886233894 -0.0008505369382555395 0.017967123424491829
leaf_weight=56.145269434338843 42.745094219862949 37.795364695019089 227.21245967235882 14.953172477413316 82.311267901168321 72.353998175123706
leaf_count=11852 1311 2827 5624 1143 2773 639
internal_value=0 0.00245511 0.00575966 -0.00738435 -0.00722015 0.00836041
internal_weight=533.517 477.371 357.265 57.6983 120.107 299.566
internal_count=26169 14317 8717 2454 5600 6263
is_linear=0
shrinkage=0.025


Tree=98
num_leaves=7
num_cat=0
split_feature=19 29 47 1 44 2
split_gain=41.6349 24.1101 24.0741 24.0863 16.6526 15.0621
threshold=0.68236450000000015 0.60023650000000017 0.92324450000000013 0.71458289027214061 0.43680000000000002 0.66551268100738536
decision_type=2 2 2 2 2 2
left_child=4 2 3 -2 5 -1
right_child=1 -3 -4 -5 -6 -7
leaf_value=-0.020905499214756436 -0.0068296498773135171 0.017702484251829045 0.010751817461952742 0.015844687949622946 0.0021553948752831274 0.0076975902442539615
leaf_weight=85.057293213394587 191.79031579887669 64.869134914973984 109.35267021507025 31.893947828910314 36.240583333630639 11.456396295223383
leaf_count=14575 8409 402 649 691 1238 205
internal_value=0 0.00405088 0.00125365 -0.00341856 -0.0119922 -0.0173132
internal_weight=530.66 397.906 333.037 223.684 132.754 96.5137
internal_count=26169 10151 9749 9100 16018 14780
is_linear=0
shrinkage=0.025


Tree=99
num_leaves=7
num_cat=0
split_feature=2 60 39 43 44 34
split_gain=40.2302 23.6411 18.445 16.3448 15.9816 14.743
threshold=0.46598570048809057 0.68000000000000005 1.0000000180025095e-35 1.0000000180025095e-35 0.047175500000000009 0.29069600000000007
decision_type=2 2 2 2 2 2
left_child=-1 2 3 -2 -4 -3
right_child=1 5 4 -5 -6 -7
leaf_value=-0.019886792590096018 0.00098750760190384024 -0.019678524117264017 -0.0031681305030810598 -0.027701992483857442 0.01104390396534417 -0.00092954674858083855
leaf_weight=54.287603526274324 42.426152576954337 37.088504967017798 60.020380591071444 14.648981548176378 236.68538003455615 81.578473485060385
leaf_count=11852 1311 2827 2671 1143 3592 2773
internal_value=0 0.00237778 0.00562484 -0.00708259 0.00813727 -0.00714673
internal_weight=526.735 472.448 353.781 57.0751 296.706 118.667
internal_count=26169 14317 8717 2454 6263 5600
is_linear=0
shrinkage=0.025


Tree=100
num_leaves=7
num_cat=0
split_feature=9 61 0 31 62 0
split_gain=39.7004 20.0604 33.3425 15.8185 13.765 15.1036
threshold=0.73000000000000009 0.49446450000000003 0.51600000000000013 0.52852950000000021 0.58333333333333337 0.85073300000000007
decision_type=2 2 2 2 2 2
left_child=3 2 -2 -1 -3 -6
right_child=1 4 -4 -5 5 -7
leaf_value=-0.014125526987128927 0.0078723145937039159 0.01314515730589238 -0.013955875229306407 0.017577687826001821 0.0044886815653550644 -0.026818080212160464
leaf_weight=123.12236322616809 90.101091925287619 150.43113523081411 80.17401192872785 8.3325262180660484 62.732138517079875 8.7978082438930851
leaf_count=16388 1981 1879 3518 556 1258 589
internal_value=0 0.00399082 -0.00240806 -0.0117601 0.00891079 -1.93061e-05
internal_weight=523.691 392.236 170.275 131.455 221.961 71.5299
internal_count=26169 9225 5499 16944 3726 1847
is_linear=0
shrinkage=0.025


Tree=101
num_leaves=7
num_cat=0
split_feature=1 44 62 22 6 1
split_gain=39.0187 24.8848 15.45 15.1274 11.8642 11.8785
threshold=0.61158692836761486 0.10004450000000001 0.58333333333333337 0.41060950000000002 0.53097800000000006 0.48245425522327429
decision_type=2 2 2 2 2 2
left_child=1 3 -2 -1 5 -3
right_child=2 4 -4 -5 -6 -7
leaf_value=-0.020936798476587779 0.01038342382865127 -0.011002826079980873 -0.0022176453277201647 0.0024073197981098493 -0.0049912958058816216 0.017848731736816396
leaf_weight=83.697156416994403 189.37756752653513 9.7867191206751141 86.400521101371851 20.304179838392884 99.27366400360188 31.481149507977534
leaf_count=14359 2764 1241 2180 1010 4047 568
internal_value=0 -0.00723132 0.00641964 -0.0163476 -0.000256224 0.010569
internal_weight=520.321 244.543 275.778 104.001 140.542 41.2679
internal_count=26169 21225 4944 15369 5856 1809
is_linear=0
shrinkage=0.025


Tree=102
num_leaves=7
num_cat=0
split_feature=2 29 62 47 32 22
split_gain=37.9639 22.5459 20.9408 23.6882 13.0472 4.26454
threshold=0.46598570048809057 0.9893010000000001 0.41666666666666669 0.88491400000000009 0.15156000000000003 0.42998650000000005
decision_type=2 2 2 2 2 2
left_child=-1 2 4 -4 -2 -3
right_child=1 5 3 -5 -6 -7
leaf_value=-0.019709850582910578 -0.00050196259555679973 0.0039550874457094515 -0.0069113088244014661 0.0068590035474599938 0.019397864144835492 0.024072474392125457
leaf_weight=52.182843213471642 32.380223506508628 11.053594757337121 225.9134066458646 115.80534070712747 49.794331866665743 30.139937902567908
leaf_count=11852 796 71 11714 924 708 104
internal_value=0 0.00230501 0.000518209 -0.00220333 0.0116699 0.0194097
internal_weight=517.27 465.087 423.893 341.719 82.1746 41.1935
internal_count=26169 14317 14142 12638 1504 175
is_linear=0
shrinkage=0.025


Tree=103
num_leaves=7
num_cat=0
split_feature=2 29 62 47 32 19
split_gain=36.8998 22.1322 21.4558 23.6818 14.9631 4.12076
threshold=0.46598570048809057 0.91839300000000013 0.41666666666666669 0.88491400000000009 0.15156000000000003 0.68236450000000015
decision_type=2 2 2 2 2 2
left_child=-1 2 4 -4 -2 -3
right_child=1 5 3 -5 -6 -7
leaf_value=-0.019580128722744037 -0.0015492457781672219 0 -0.0071994246932136326 0.0066715721446970067 0.020030143703751568 0.02079507355296779
leaf_weight=51.406642609239498 31.101388513314305 6.211235196562483 220.53292467503343 114.59537368043675 49.256507158279419 40.856447257800028
leaf_count=11852 790 83 11674 918 700 152
internal_value=0 0.00226963 0.000362177 -0.00241611 0.0117778 0.0180635
internal_weight=513.961 462.554 415.486 335.128 80.3579 47.0677
internal_count=26169 14317 14082 12592 1490 235
is_linear=0
shrinkage=0.025


Tree=104
num_leaves=7
num_cat=0
split_feature=1 44 60 22 49 19
split_gain=36.2767 22.9523 14.5195 14.4852 12.2327 12.5386
threshold=0.61158692836761486 0.10004450000000001 0.68000000000000005 0.41060950000000002 1.0000000180025095e-35 0.68236450000000015
decision_type=2 2 2 2 2 2
left_child=1 3 -2 -1 5 -3
right_child=2 4 -4 -5 -6 -7
leaf_value=-0.020664823482999462 0.0094567566375688122 -0.0058804110393806692 -0.003806780623343076 0.0022592455939148283 -0.0073227018766892048 0.015797609520480965
leaf_weight=80.297494474420091 206.22447205829667 25.118237507471349 65.89177785308857 20.330011165206088 72.468354435375659 39.66083832224831
leaf_count=14359 2613 1379 2331 1010 3791 686
internal_value=0 -0.00709206 0.00620777 -0.0160061 -0.000324421 0.00735569
internal_weight=509.991 237.875 272.116 100.628 137.247 64.7791
internal_count=26169 21225 4944 15369 5856 2065
is_linear=0
shrinkage=0.025


Tree=105
num_leaves=7
num_cat=0
split_feature=9 29 2 1 0 6
split_gain=35.6897 20.1443 15.5183 13.3564 15.7836 13.5469
threshold=0.73000000000000009 1.0000000180025095e-35 0.70184689760208141 0.49261230230331426 0.46670000000000006 0.70334900000000011
decision_type=2 2 2 2 2 2
left_child=3 2 -2 -1 -5 -6
right_child=1 -3 -4 4 5 -7
leaf_value=-0.023522192847863443 -0.0057039826782545149 0.0096512977356843204 0.010506619241194136 0.0071270859381059141 -0.024632913377206217 0
leaf_weight=37.553508048396907 149.37655305814405 186.09013590181712 46.104099083226174 34.276334091482568 29.425219429831486 24.507269172812812
leaf_count=11737 5458 2945 822 1719 2800 688
internal_value=0 0.00381311 -0.00175212 -0.011418 -0.00566215 -0.0139009
internal_weight=507.333 381.571 195.481 125.762 88.2088 53.9325
internal_count=26169 9225 6280 16944 5207 3488
is_linear=0
shrinkage=0.025


Tree=106
num_leaves=7
num_cat=0
split_feature=19 62 60 39 1 55
split_gain=34.4166 20.9097 14.3825 16.6497 13.8456 13.8671
threshold=0.68236450000000015 0.75000000000000011 0.68000000000000005 1.0000000180025095e-35 0.60792189836502086 1.0000000180025095e-35
decision_type=2 2 2 2 2 2
left_child=4 2 3 -2 -1 -6
right_child=1 -3 -4 -5 5 -7
leaf_value=-0.016018077390981812 -0.0055253033727839769 -0.010241623129909633 -0.0030058044116617368 0.011858602622702406 0.013767944776591988 -0.020568596459117103
leaf_weight=93.240406093354977 38.845115766278468 54.609978554290137 79.063436872907914 209.10897734365426 21.240514188830275 8.0943455450178607
leaf_count=15261 910 3898 2650 2693 440 317
internal_value=0 0.00370874 0.00612495 0.00907229 -0.0113902 0.00314741
internal_weight=504.203 381.628 327.018 247.954 122.575 29.3349
internal_count=26169 10151 6253 3603 16018 757
is_linear=0
shrinkage=0.025


Tree=107
num_leaves=7
num_cat=0
split_feature=9 29 2 31 39 24
split_gain=33.6656 17.6372 14.7107 14.6259 12.439 12.1623
threshold=0.73000000000000009 1.0000000180025095e-35 0.68750262260437023 0.52852950000000021 1.0000000180025095e-35 1.0000000180025095e-35
decision_type=2 2 2 2 2 2
left_child=3 2 5 -1 -3 -2
right_child=1 4 -4 -5 -6 -7
leaf_value=-0.01359353175397527 -0.01655184436583854 -0.0057537924365808372 0.0087832217944110794 0.01746633434694032 0.011870962484845775 -0.0006857902238054241
leaf_weight=115.30683455834514 43.512676511192694 27.383875913044903 57.265566827147268 7.9457896913518189 157.65898165799445 92.170368543214863
leaf_count=16388 2097 866 1055 556 2079 3128
internal_value=0 0.00370629 -0.00154304 -0.0112142 0.00917415 -0.00604465
internal_weight=501.244 377.991 192.949 123.253 185.043 135.683
internal_count=26169 9225 6280 16944 2945 5225
is_linear=0
shrinkage=0.025


Tree=108
num_leaves=7
num_cat=0
split_feature=2 60 39 43 34 16
split_gain=33.2406 20.8173 17.8492 15.6816 14.4691 12.9117
threshold=0.46598570048809057 0.68000000000000005 1.0000000180025095e-35 1.0000000180025095e-35 0.29069600000000007 0.59306800000000004
decision_type=2 2 2 2 2 2
left_child=-1 2 3 -2 -3 -4
right_child=1 4 5 -5 -6 -7
leaf_value=-0.019208209921147797 0.0006633048762312388 -0.019818435567363797 -0.016200144196346352 -0.027910382320622984 -0.00078040817268645835 0.0089695795532001698
leaf_weight=48.151335171285609 40.75368997224723 34.732728079165099 10.887984609478734 14.130956919369053 79.466772233135998 271.02527999716403
leaf_count=11852 1311 2827 1001 1143 2773 5262
internal_value=0 0.00214537 0.00528233 -0.00743641 -0.00694615 0.00783286
internal_weight=499.149 450.997 336.798 54.8846 114.2 281.913
internal_count=26169 14317 8717 2454 5600 6263
is_linear=0
shrinkage=0.025


Tree=109
num_leaves=7
num_cat=0
split_feature=1 44 62 22 39 19
split_gain=32.1967 21.6618 14.9724 13.3476 11.1364 8.66749
threshold=0.61158692836761486 0.10004450000000001 0.58333333333333337 0.41060950000000002 1.0000000180025095e-35 0.68236450000000015
decision_type=2 2 2 2 2 2
left_child=1 3 -2 -1 -3 -6
right_child=2 4 -4 -5 5 -7
leaf_value=-0.020398405449992687 0.0098828740547509848 -0.016270883754927044 -0.002693529142941175 0.0018869221521063137 -0.0065227158493625544 0.0077029722610262004
leaf_weight=75.836668929463485 182.30788989597932 20.219353692642471 84.297859669663012 19.9848728585348 37.801792947444483 75.93288423481863
leaf_count=14359 2764 1754 2180 1010 2156 1946
internal_value=0 -0.00681902 0.00588576 -0.0157317 -0.000207944 0.00286093
internal_weight=496.381 229.776 266.606 95.8215 133.954 113.735
internal_count=26169 21225 4944 15369 5856 4102
is_linear=0
shrinkage=0.025


Tree=110
num_leaves=7
num_cat=0
split_feature=2 60 39 43 44 84
split_gain=31.4113 20.1319 16.2864 14.3463 13.5935 12.1274
threshold=0.46598570048809057 0.68000000000000005 1.0000000180025095e-35 1.0000000180025095e-35 0.047175500000000009 0.93377192982456159
decision_type=2 2 2 2 2 2
left_child=-1 2 3 -2 -4 -3
right_child=1 5 4 -5 -6 -7
leaf_value=-0.018965013511810506 0.00058979193066413624 -0.012899594003243762 -0.0030496454294881613 -0.027208540132452077 0.01039850937886389 0.0037289051418887744
leaf_weight=46.690646628645482 40.308597719325917 72.513839800580172 56.988715505867731 13.418721703361369 222.30112312058918 40.676002012798563
leaf_count=11852 1311 5091 2671 1143 3592 509
internal_value=0 0.00207909 0.00518468 -0.00709845 0.00762067 -0.00689688
internal_weight=492.898 446.207 333.017 53.7273 279.29 113.19
internal_count=26169 14317 8717 2454 6263 5600
is_linear=0
shrinkage=0.025


Tree=111
num_leaves=7
num_cat=0
split_feature=2 49 29 62 19 15
split_gain=30.506 19.0338 15.6438 19.7406 14.8145 13.3616
threshold=0.57366925477981578 1.0000000180025095e-35 1.0000000180025095e-35 0.41666666666666669 0.68340750000000006 0.48619900000000005
decision_type=2 2 2 2 2 2
left_child=1 4 3 -2 -1 -5
right_child=2 -3 -4 5 -6 -7
leaf_value=-0.010847808326183175 0.012640103060002954 -0.01809280383382246 0.0093790442256240867 -0.022256303225492758 0.011453524729182646 -0.0020859144314663907
leaf_weight=35.992330200511788 44.932952197501436 74.808041679665621 170.19070265750634 23.493256785150152 33.552404346119147 107.10078413030715
leaf_count=6199 803 10853 2527 999 992 3796
internal_value=0 -0.00955617 0.00403009 -0.00116597 0 -0.00613011
internal_weight=490.07 144.353 345.718 175.527 69.5447 130.594
internal_count=26169 18044 8125 5598 7191 4795
is_linear=0
shrinkage=0.025


Tree=112
num_leaves=7
num_cat=0
split_feature=9 61 32 62 33 60
split_gain=29.8347 19.8222 21.0499 14.8614 8.52918 8.19096
threshold=0.57000000000000017 0.71629350000000003 0.40703000000000006 0.41666666666666669 0.70000000000000007 0.82000000000000017
decision_type=2 2 2 2 2 2
left_child=4 2 3 -2 -1 -4
right_child=1 -3 5 -5 -6 -7
leaf_value=-0.018742043227441406 0.0080304550697832145 0.014693227829551573 0.011902484394733015 -0.0071631144524050413 0.016145617807549566 -0.0038292298071063782
leaf_weight=55.457253363936616 47.555269148026127 65.494432433741167 93.426434741078992 199.33575225307868 2.5965066828503032 24.088506577551016
leaf_count=13532 630 1678 1464 7578 477 810
internal_value=0 0.00230157 0 -0.00415033 -0.016435 0.00859226
internal_weight=487.954 429.9 364.406 246.891 58.0538 117.515
internal_count=26169 12160 10482 8208 14009 2274
is_linear=0
shrinkage=0.025


Tree=113
num_leaves=7
num_cat=0
split_feature=19 29 47 6 44 2
split_gain=29.8157 18.6321 17.8401 22.5022 12.7091 10.7631
threshold=0.68236450000000015 0.60023650000000017 0.92324450000000013 0.54787700000000006 0.40141200000000005 0.66551268100738536
decision_type=2 2 2 2 2 2
left_child=4 2 3 -2 5 -1
right_child=1 -3 -4 -5 -6 -7
leaf_value=-0.019654112599670148 0.016768701854580358 0.016065908259510691 0.0095785541946754281 -0.0064145133029629431 0.0013438567455066907 0.006073551467773091
leaf_weight=70.671788300162007 27.899797088641208 58.988866483065067 99.228936450381298 182.57106721345917 35.250151954394823 10.051284779561682
leaf_count=14462 938 402 649 8162 1357 199
internal_value=0 0.0034852 0.000951443 -0.00313952 -0.0109195 -0.0162593
internal_weight=484.662 368.689 309.7 210.471 115.973 80.7231
internal_count=26169 10151 9749 9100 16018 14661
is_linear=0
shrinkage=0.025


Tree=114
num_leaves=7
num_cat=0
split_feature=2 44 0 20 47 19
split_gain=29.139 24.6167 16.0164 15.8187 15.7781 11.407
threshold=0.68425273895263683 0.098009500000000013 0.48566650000000006 0.71618150000000014 0.94988050000000013 0.68236450000000015
decision_type=2 2 2 2 2 2
left_child=1 3 5 -1 -4 -3
right_child=-2 2 4 -5 -6 -7
leaf_value=-0.01875360680426506 0.0096618653775878693 -0.0019978381151826911 -0.0092395995702081353 0 0.0096688298911947208 0.016509150196586549
leaf_weight=83.297947014139936 136.70693062990904 31.420597034346429 98.679604433680652 43.040917374761193 35.261604234576225 52.577263856655918
leaf_count=14849 2209 1985 4700 1320 251 855
internal_value=0 -0.00387856 0.00119313 -0.0125487 -0.00411165 0.00962753
internal_weight=480.985 344.278 217.939 126.339 133.941 83.9979
internal_count=26169 23960 7791 16169 4951 2840
is_linear=0
shrinkage=0.025


Tree=115
num_leaves=7
num_cat=0
split_feature=62 61 44 0 9 21
split_gain=28.1145 20.5406 25.4983 19.6342 11.8002 9.74772
threshold=0.75000000000000011 0.50715900000000003 0.050181500000000011 0.48220000000000002 0.78000000000000014 0.77400000000000013
decision_type=2 2 2 2 2 2
left_child=1 2 -1 -4 -3 -6
right_child=-2 4 3 -5 5 -7
leaf_value=-0.017195388049269324 -0.013443285894626154 -0.0035553776135226808 0.01053412776207489 -0.0068267603489909207 -0.0086939689561067526 0.013598065799943233
leaf_weight=53.076355214972864 78.431805722510035 37.275678501842776 84.70812674757326 73.543948398684734 11.24978531245142 139.52949677675497
leaf_count=7931 10461 991 2312 2261 220 1993
internal_value=0 0.00270723 -0.00260082 0.00243093 0.00867397 0.0117631
internal_weight=477.815 399.383 211.328 158.252 188.055 150.779
internal_count=26169 15708 12504 4573 3204 2213
is_linear=0
shrinkage=0.025


Tree=116
num_leaves=7
num_cat=0
split_feature=62 19 31 48 2 6
split_gain=27.5166 20.2083 19.3501 10.3533 9.15514 8.96208
threshold=0.75000000000000011 0.7009645000000001 0.27463300000000007 0.66350000000000009 0.67772752046585094 0.54787700000000006
decision_type=2 2 2 2 2 2
left_child=1 2 4 -2 -1 -3
right_child=3 5 -4 -5 -6 -7
leaf_value=-0.015803302221003332 -0.018673939273360935 0.022801223665601764 0.0062218411178977008 0.0013663954665530153 0.0043774388511674603 0.0054131414343551558
leaf_weight=71.025394137905096 57.017399183248926 18.533193283132277 58.0255677844616 20.567718223814154 15.429282659315502 234.13731064269086
leaf_count=8586 9446 214 2464 1015 229 4215
internal_value=0 0.00268023 -0.00469028 -0.0133752 -0.0120815 0.00693373
internal_weight=474.736 397.151 144.48 77.5851 86.4547 252.671
internal_count=26169 15708 11279 10461 8815 4429
is_linear=0
shrinkage=0.025


Tree=117
num_leaves=7
num_cat=0
split_feature=1 29 62 61 32 37
split_gain=26.7902 18.9801 20.1968 18.003 11.29 2.74356
threshold=0.45557285845279699 0.91839300000000013 0.41666666666666669 0.71629350000000003 0.15156000000000003 1.0000000180025095e-35
decision_type=2 2 2 2 2 2
left_child=5 2 4 -4 -2 -1
right_child=1 -3 3 -5 -6 -7
leaf_value=-0.020889424801099083 -0.00053534917600270445 0.017165663804147548 -0.0055322433105436958 0.009793126559590918 0.018901795057105219 0
leaf_weight=36.357152687487542 28.76399574696552 42.854103378136642 258.40298430054099 55.996836747042835 45.999877427180763 3.9800828052975694
leaf_count=10682 768 246 11197 1815 703 758
internal_value=0 0.00185958 5.29427e-05 -0.00271935 0.0115351 -0.0188625
internal_weight=472.355 432.018 389.164 314.4 74.7639 40.3372
internal_count=26169 14729 14483 13012 1471 11440
is_linear=0
shrinkage=0.025


Tree=118
num_leaves=7
num_cat=0
split_feature=2 60 39 43 84 31
split_gain=25.8701 17.7462 15.3476 13.7796 10.7886 10.7247
threshold=0.46598570048809057 0.68000000000000005 1.0000000180025095e-35 1.0000000180025095e-35 0.93377192982456159 0.31505900000000003
decision_type=2 2 2 2 2 2
left_child=-1 2 3 -2 -3 -4
right_child=1 4 5 -5 -6 -7
leaf_value=-0.018126071409966343 0.00044171570655502225 -0.012474970690862678 0.0036005692968864422 -0.027230051996866886 0.0036063477755753992 0.014312919364385199
leaf_weight=42.088513344468083 38.653444374169339 69.73947282062727 179.38536206469871 12.986273731832624 38.253438656742219 88.48786164354533
leaf_count=11852 1311 5091 4693 1143 509 1570
internal_value=0 0.00187954 0.00485207 -0.00729158 -0.00674672 0.00727122
internal_weight=469.594 427.506 319.513 51.6397 107.993 267.873
internal_count=26169 14317 8717 2454 5600 6263
is_linear=0
shrinkage=0.025


Tree=119
num_leaves=7
num_cat=0
split_feature=2 44 60 22 43 14
split_gain=25.8894 22.2548 20.2611 17.0419 13.8641 12.7571
threshold=0.68425273895263683 0.047175500000000009 0.68000000000000005 0.40872900000000006 1.0000000180025095e-35 1.0000000180025095e-35
decision_type=2 2 2 2 2 2
left_child=1 3 4 -1 -3 -4
right_child=-2 2 5 -5 -6 -7
leaf_value=-0.02034821812265647 0.0092027671355681528 0.0065579483162017159 0.0012358273689295003 0.0046280349430050651 -0.017258157712531197 -0.020697413965057102
leaf_weight=66.859190548522747 133.49725194292841 167.5308945463039 26.807997287658509 20.876517966884421 14.22425030031445 37.108627286310366
leaf_count=13422 2209 4759 888 839 1116 2936
internal_value=0 -0.00372588 0.000137395 -0.0143446 0.00443773 -0.0116662
internal_weight=466.905 333.407 245.672 87.7357 181.755 63.9166
internal_count=26169 23960 9699 14261 5875 3824
is_linear=0
shrinkage=0.025


Tree=120
num_leaves=7
num_cat=0
split_feature=62 19 32 48 2 6
split_gain=25.4127 18.5134 14.3669 9.86248 9.35868 8.89655
threshold=0.75000000000000011 0.7009645000000001 0.24264500000000003 0.66350000000000009 0.61679986119270336 0.54787700000000006
decision_type=2 2 2 2 2 2
left_child=1 2 -1 -2 -4 -3
right_child=3 5 4 -5 -6 -7
leaf_value=-0.011265361456876963 -0.018345675379621899 0.022473204082135212 -0.0037659407007604217 0.0013856480187453373 0.015477979416079399 0.0051500722086120013
leaf_weight=81.463636217918975 55.046707404653716 18.529000079783145 33.79452025530918 20.28242257724196 25.230565375648439 229.76401733176317
leaf_count=9571 9446 214 1283 1015 425 4215
internal_value=0 0.0025951 -0.00456925 -0.0130467 0.00461243 0.00668884
internal_weight=464.111 388.782 140.489 75.3291 59.0251 248.293
internal_count=26169 15708 11279 10461 1708 4429
is_linear=0
shrinkage=0.025


Tree=121
num_leaves=7
num_cat=0
split_feature=9 61 49 31 0 24
split_gain=24.8531 14.92 21.6441 13.0151 12.5801 10.7554
threshold=0.73000000000000009 0.50715900000000003 1.0000000180025095e-35 0.52852950000000021 0.85456650000000012 1.0000000180025095e-35
decision_type=2 2 2 2 2 2
left_child=3 2 5 -1 -3 -2
right_child=1 4 -4 -5 -6 -7
leaf_value=-0.01273728985499486 -0.0046679177991445298 0.010193489635989206 -0.010092903968810855 0.01713479137744315 -0.01449013244682964 0.013573418685573411
leaf_weight=102.09392562469293 28.810773098521167 164.55841695499839 92.530381252152438 7.5951675123069426 11.537606477504594 54.508604317554273
leaf_count=16388 1196 2659 3691 556 797 882
internal_value=0 0.00324595 -0.00185863 -0.0102551 0.00834706 0.00721161
internal_weight=461.635 351.946 175.85 109.689 176.096 83.3194
internal_count=26169 9225 5769 16944 3456 2078
is_linear=0
shrinkage=0.025


Tree=122
num_leaves=7
num_cat=0
split_feature=1 9 62 0 61 19
split_gain=24.7623 14.3267 12.5069 10.5749 17.1186 8.69219
threshold=0.61158692836761486 0.29000000000000009 0.58333333333333337 0.51600000000000013 0.48363350000000005 0.76890650000000005
decision_type=2 2 2 2 2 2
left_child=1 -1 5 -3 -5 -2
right_child=2 3 -4 4 -6 -7
leaf_value=-0.020709206915829011 0.006488445198131982 0.003427369786071117 -0.0027577292962703229 -0.020721883943992225 0.00011955064634101175 0.022598117013034668
leaf_weight=33.649513961099728 146.59052202408202 78.643944228155306 79.525137067656033 39.947604476532433 56.654986251698574 23.746752915438265
leaf_count=11353 2301 3587 2180 4195 2090 463
internal_value=0 -0.0063118 0.0052872 -0.0032457 -0.00871594 0.00907931
internal_weight=458.758 208.896 249.862 175.247 96.6026 170.337
internal_count=26169 21225 4944 9872 6285 2764
is_linear=0
shrinkage=0.025


Tree=123
num_leaves=7
num_cat=0
split_feature=19 29 2 6 44 2
split_gain=24.2796 17.202 15.4727 15.4899 10.3512 10.2399
threshold=0.68236450000000015 0.89118900000000012 0.71935179829597484 0.54787700000000006 0.43680000000000002 0.66551268100738536
decision_type=2 2 2 2 2 2
left_child=4 2 3 -2 5 -1
right_child=1 -3 -4 -5 -6 -7
leaf_value=-0.018969531408854014 0.014975855952936226 0.018675375172911898 0.012218388008486189 -0.0038648025869190469 0.0012318382374696636 0.0060912715040142371
leaf_weight=64.002246856580314 28.457942530119908 37.365502976579592 61.032554928795435 222.46474435848359 32.261303344908811 10.223131536040453
leaf_count=14575 969 167 998 8017 1238 205
internal_value=0 0.00319394 0.00117805 -0.00156684 -0.0103104 -0.0153178
internal_weight=455.807 349.321 311.955 250.923 106.487 74.2254
internal_count=26169 10151 9984 8986 16018 14780
is_linear=0
shrinkage=0.025


Tree=124
num_leaves=7
num_cat=0
split_feature=2 44 86 0 47 48
split_gain=23.8846 17.4856 18.4044 15.6256 15.2181 13.6578
threshold=0.67512935400009166 0.049005000000000007 0.012579113924050636 0.48566650000000006 0.94988050000000013 0.66160000000000008
decision_type=2 2 2 2 2 2
left_child=1 2 -1 -3 -5 -4
right_child=-2 3 5 4 -6 -7
leaf_value=0.012482774153655674 0.0081858609772594501 0.0078304441500661303 -0.022369870066002683 -0.010531780944008634 0.0078930866516678244 0.0099149126912026417
leaf_weight=12.108967196880256 147.36878505587811 87.092842185396876 62.595438954231213 100.35359340107243 35.894905275607016 7.5239386924295095
leaf_count=931 2615 3467 13181 5508 283 184
internal_value=0 -0.00398223 -0.0136546 -0.000270657 -0.0055599 -0.0185631
internal_weight=452.938 305.57 82.2283 223.341 136.248 70.1194
internal_count=26169 23554 14296 9258 5791 13365
is_linear=0
shrinkage=0.025


Tree=125
num_leaves=7
num_cat=0
split_feature=2 49 60 20 16 19
split_gain=23.4149 17.1657 12.0565 16.0274 11.6134 10.8491
threshold=0.57366925477981578 1.0000000180025095e-35 0.68000000000000005 0.70180650000000011 0.60695300000000019 0.68340750000000006
decision_type=2 2 2 2 2 2
left_child=1 5 4 -4 -2 -1
right_child=2 -3 3 -5 -6 -7
leaf_value=-0.0095361189690837851 -0.010119621120822882 -0.017544368529647091 -0.020676647045589858 0.0027551971717733039 0.0081548954746707304 0.01041917873113909
leaf_weight=31.33922105955935 21.553698123781942 66.1047709355189 24.07899153525068 55.178680521610659 219.79362396505894 31.701688424916938
leaf_count=6199 1092 10853 1516 1968 3549 992
internal_value=0 -0.00888725 0.00362102 -0.0046711 0.00639998 0.000380048
internal_weight=449.751 129.146 320.605 79.2577 241.347 63.0409
internal_count=26169 18044 8125 3484 4641 7191
is_linear=0
shrinkage=0.025


Tree=126
num_leaves=7
num_cat=0
split_feature=9 29 2 0 1 61
split_gain=22.3406 15.0266 14.2723 11.1971 18.312 15.1357
threshold=0.75000000000000011 1.0000000180025095e-35 0.68750262260437023 0.46670000000000006 0.45899933576583868 0.70270150000000009
decision_type=2 2 2 2 2 2
left_child=3 2 -2 4 -1 -5
right_child=1 -3 -4 5 -6 -7
leaf_value=-0.022096528649300042 -0.0071852792562612277 0.0090536295651535183 0.0086686852000997777 -0.022601295098764684 0.0069713982559141191 0.0014530153440542339
leaf_weight=15.894508656270771 102.72805904125562 157.82554406899726 50.834768897620961 48.540813845807861 48.703244924894534 22.659864096553065
leaf_count=7258 4553 2596 1021 7367 2677 697
internal_value=0 0.0036885 -0.00182619 -0.00837159 -0.000607272 -0.0150376
internal_weight=447.187 311.388 153.563 135.798 64.5978 71.2007
internal_count=26169 8170 5574 17999 9935 8064
is_linear=0
shrinkage=0.025


Tree=127
num_leaves=7
num_cat=0
split_feature=2 9 0 61 16 30
split_gain=21.6365 13.4097 12.8949 18.1684 10.1347 9.71775
threshold=0.64281457662582409 0.29000000000000009 0.51600000000000013 0.48363350000000005 0.60854950000000008 0.33500000000000008
decision_type=2 2 2 2 2 2
left_child=1 -1 -3 -4 -2 -6
right_child=4 2 3 -5 5 -7
leaf_value=-0.019842575032056831 -0.010428073031838847 0.0044049844522840494 -0.020488109167827367 -0.00014747553672160175 -0.0053466225653388509 0.0098996208453605676
leaf_weight=31.357177443493129 19.242956687929109 87.307638981597847 43.12796782895748 71.173859554051887 28.576992899979814 163.2692043450661
leaf_count=11418 702 3685 4340 2489 745 2790
internal_value=0 -0.00522647 -0.0026951 -0.0081715 0.0057618 0.00754399
internal_weight=444.056 232.967 201.609 114.302 211.089 191.846
internal_count=26169 21932 10514 6829 4237 3535
is_linear=0
shrinkage=0.025


Tree=128
num_leaves=7
num_cat=0
split_feature=1 9 62 29 16 6
split_gain=21.4251 12.2428 10.209 9.55068 8.10501 7.82252
threshold=0.61364492774009716 0.29000000000000009 0.58333333333333337 0.91839300000000013 0.60854950000000008 0.53097800000000006
decision_type=2 2 2 2 2 2
left_child=1 -1 4 5 -2 -3
right_child=2 3 -4 -5 -6 -7
leaf_value=-0.019940896853059702 -0.0096724948137725461 0.0045938195742121274 -0.0023702103443616475 0.015742541334568934 0.010170726461660441 -0.0079893782120465124
leaf_weight=30.51016427738432 11.642225696588865 38.244851522264071 75.796628084077383 12.718672373448497 150.83572501398157 122.28047122963471
leaf_count=11366 319 2209 2127 112 2395 7641
internal_value=0 -0.00591341 0.00506559 -0.00314471 0.00857081 -0.00491331
internal_weight=442.029 203.754 238.275 173.244 162.478 160.525
internal_count=26169 21328 4841 9962 2714 9850
is_linear=0
shrinkage=0.025


Tree=129
num_leaves=7
num_cat=0
split_feature=2 49 29 62 15 47
split_gain=20.8656 14.9376 11.7058 15.8301 10.6812 10.6349
threshold=0.57366925477981578 1.0000000180025095e-35 1.0000000180025095e-35 0.41666666666666669 0.48619900000000005 0.98135300000000014
decision_type=2 2 2 2 2 2
left_child=1 -1 3 -2 -5 -3
right_child=2 5 -4 4 -6 -7
leaf_value=0.00014203326793877998 0.011562725595053374 -0.020570300714999115 0.0082593077739843528 -0.021035552209454134 -0.00213563964654609 0.008372048021830782
leaf_weight=61.41801278429557 41.233351788017899 55.661314924574981 155.41440991067793 21.307338507496752 97.196336747409077 7.3354292646981767
leaf_count=7191 803 10769 2527 999 3796 84
internal_value=0 -0.00856854 0.00342348 -0.00128232 -0.00597061 -0.0168757
internal_weight=439.566 124.415 315.151 159.737 118.504 62.9967
internal_count=26169 18044 8125 5598 4795 10853
is_linear=0
shrinkage=0.025


Tree=130
num_leaves=7
num_cat=0
split_feature=1 60 43 61 44 34
split_gain=20.16 14.5727 14.5837 20.4646 12.0655 10.8781
threshold=0.45557285845279699 0.68000000000000005 1.0000000180025095e-35 0.71629350000000003 0.047175500000000009 0.29069600000000007
decision_type=2 2 2 2 2 2
left_child=-1 2 4 -4 -2 -3
right_child=1 5 3 -5 -6 -7
leaf_value=-0.017724413134819584 -0.0041139362614794513 -0.018648279229304444 -0.020036522494994994 0.018283763381787537 0.0091219417641278597 -0.00090584342728489283
leaf_weight=34.268871087220759 51.271955805874313 29.344985856092535 28.450327544196625 9.6950561453122628 212.07082840462681 71.587824414229544
leaf_count=11440 3078 2793 1803 85 4096 2874
internal_value=0 0.00160947 0.00437574 -0.0095562 0.00649759 -0.00647489
internal_weight=436.69 402.421 301.488 38.1454 263.343 100.933
internal_count=26169 14729 9062 1888 7174 5667
is_linear=0
shrinkage=0.025


Tree=131
num_leaves=7
num_cat=0
split_feature=1 29 62 47 32 30
split_gain=19.9977 15.1655 15.7905 16.6549 11.6999 3.01625
threshold=0.45557285845279699 0.91839300000000013 0.41666666666666669 0.8716965000000001 0.15156000000000003 1.0000000180025095e-35
decision_type=2 2 2 2 2 2
left_child=-1 2 4 -4 -2 -3
right_child=1 5 3 -5 -6 -7
leaf_value=-0.017751912860541161 -0.0022458179030359106 0 -0.0069451621292462035 0.0054487436813194373 0.018115086887457162 0.018706942275406858
leaf_weight=33.885024433406215 26.739822301577078 6.1766789869288905 191.1056505568049 101.31504845533345 43.278935105074197 32.922322248341516
leaf_count=11440 768 73 11992 1020 703 173
internal_value=0 0.00159862 -1.8055e-05 -0.00261159 0.0104093 0.0158956
internal_weight=435.423 401.538 362.439 292.421 70.0188 39.099
internal_count=26169 14729 14483 13012 1471 246
is_linear=0
shrinkage=0.025


Tree=132
num_leaves=7
num_cat=0
split_feature=62 61 44 2 0 48
split_gain=19.7382 16.1878 20.987 11.416 10.5947 8.69
threshold=0.75000000000000011 0.56964300000000001 0.049005000000000007 0.70846572518348705 0.48220000000000002 0.66350000000000009
decision_type=2 2 2 2 2 2
left_child=1 2 -1 -3 -4 -2
right_child=5 3 4 -5 -6 -7
leaf_value=-0.015229768298311852 -0.017454354711311858 0.0026230001958323854 0.0092074823396398175 0.017875829314765949 -0.0026462536253494275 0.0015822293755820287
leaf_weight=51.572852669683925 49.079857118831569 72.136406973702833 79.60080814882167 54.47706636483781 107.04207944985683 19.437970108738227
leaf_count=8041 9446 1703 2341 771 2852 1015
internal_value=0 0.0023326 -0.00148495 0.00947255 0.00241783 -0.012065
internal_weight=433.347 364.829 238.216 126.613 186.643 68.5178
internal_count=26169 15708 13234 2474 5193 10461
is_linear=0
shrinkage=0.025


Tree=133
num_leaves=7
num_cat=0
split_feature=2 29 19 34 0 19
split_gain=19.2025 14.347 11.0651 11.007 12.9558 11.5754
threshold=0.68425273895263683 0.91839300000000013 0.77163700000000002 0.11836900000000002 0.48566650000000006 0.71974850000000001
decision_type=2 2 2 2 2 2
left_child=1 3 -2 5 -5 -1
right_child=2 -3 -4 4 -6 -7
leaf_value=-0.019961715061730476 0.0046731928338111925 0.013778271276440178 0.024977747288153912 0.0055856842755988732 -0.0069870519308901013 0.0013718248427440978
leaf_weight=48.682426709652646 107.22759286654764 25.130986752716126 18.328113220632076 81.033244315927732 128.86508956553007 21.54001351253828
leaf_count=13437 1866 267 343 3491 6017 748
internal_value=0 -0.00338509 0.00813527 -0.00506412 -0.00208342 -0.0134753
internal_weight=430.807 305.252 125.556 280.121 209.898 70.2224
internal_count=26169 23960 2209 23693 9508 14185
is_linear=0
shrinkage=0.025


Tree=134
num_leaves=7
num_cat=0
split_feature=9 61 44 2 0 1
split_gain=18.938 13.7938 14.5152 12.2673 10.471 16.1169
threshold=0.75000000000000011 0.71629350000000003 0.054404500000000001 0.75098425149917614 0.46670000000000006 0.45899933576583868
decision_type=2 2 2 2 2 2
left_child=4 2 -2 -4 5 -1
right_child=1 -3 3 -5 -6 -7
leaf_value=-0.021649144642900083 -0.011417499007117818 0.016040287489611175 0.001774207831862323 0.021323349555069426 -0.01459733578833023 0.0066668166323716471
leaf_weight=14.243880480746155 44.493041921785334 43.67339294985868 191.06514589147264 20.224914371035993 66.896719060438045 47.697930080772494
leaf_count=7258 2008 1333 4684 145 8064 2677
internal_value=0 0.00344698 0.00112842 0.00391387 -0.00792485 -0.000296086
internal_weight=428.295 299.456 255.783 211.29 128.839 61.9418
internal_count=26169 8170 6837 4829 17999 9935
is_linear=0
shrinkage=0.025


Tree=135
num_leaves=7
num_cat=0
split_feature=1 60 43 61 44 87
split_gain=18.5439 14.311 14.1963 16.2037 10.7187 10.2682
threshold=0.45557285845279699 0.68000000000000005 1.0000000180025095e-35 0.71629350000000003 0.047175500000000009 -0.012270400481782627
decision_type=2 2 2 2 2 2
left_child=-1 2 4 -4 -2 -3
right_child=1 5 3 -5 -6 -7
leaf_value=-0.017547065773769212 -0.0037660724146150099 -0.010340990672875342 -0.019455344314382103 0.015821676840841844 0.0088328883858573883 0.0095309915637694885
leaf_weight=32.121577240744955 50.070789172052173 81.222134994670341 26.681028106977465 8.8886892148293537 209.84723167716584 17.635547199752182
leaf_count=11440 3078 5529 1803 85 4096 138
internal_value=0 0.00153084 0.00430006 -0.00994987 0.00635972 -0.00656199
internal_weight=426.467 394.345 295.488 35.5697 259.918 98.8577
internal_count=26169 14729 9062 1888 7174 5667
is_linear=0
shrinkage=0.025


Tree=136
num_leaves=7
num_cat=0
split_feature=2 29 44 0 19 86
split_gain=19.1352 14.4288 12.7477 12.2113 10.7738 10.5677
threshold=0.68425273895263683 0.91839300000000013 0.094885000000000011 0.48566650000000006 0.77163700000000002 0.012270400481782597
decision_type=2 2 2 2 2 2
left_child=1 2 5 -4 -2 -1
right_child=4 -3 3 -5 -6 -7
leaf_value=0.0092303408752688106 0.0046736791586363324 0.014013536314795553 0.0065443487354373518 -0.006331297112244734 0.024635178885482507 -0.016051033919814228
leaf_weight=9.7683720984459779 105.04882405698299 24.48308301527868 72.048593811719911 117.07539941245341 18.631506483536214 76.725516208516638
leaf_count=670 1866 267 2912 5392 343 14719
internal_value=0 -0.00341036 -0.00510163 -0.00135915 0.00817859 -0.0129184
internal_weight=423.781 300.101 275.618 189.124 123.68 86.4939
internal_count=26169 23960 23693 8304 2209 15389
is_linear=0
shrinkage=0.025


Tree=137
num_leaves=7
num_cat=0
split_feature=2 49 29 62 47 47
split_gain=18.9198 12.7694 10.3163 12.3267 13.9379 10.2764
threshold=0.57366925477981578 1.0000000180025095e-35 0.31620650000000006 0.41666666666666669 0.8716965000000001 0.98135300000000014
decision_type=2 2 2 2 2 2
left_child=1 -1 3 -2 -5 -3
right_child=2 5 -4 4 -6 -7
leaf_value=0 0.010682825037182094 -0.02003225030982277 0.010065559343023354 -0.0092680697065529623 0.0055664219154696421 0.0085395115149349346
leaf_weight=58.407566592934018 50.139884432253893 52.727250031632138 94.194692110293545 94.783103679372289 63.850610463268822 7.2775728929555035
leaf_count=7191 958 10769 1124 5416 627 84
internal_value=0 -0.00837042 0.00331323 0.00014224 -0.00324911 -0.016224
internal_weight=421.381 118.412 302.968 208.774 158.634 60.0048
internal_count=26169 18044 8125 7001 6043 10853
is_linear=0
shrinkage=0.025


Tree=138
num_leaves=7
num_cat=0
split_feature=2 60 39 43 22 34
split_gain=17.5305 13.5961 12.5536 11.6529 10.919 9.69144
threshold=0.46598570048809057 0.68000000000000005 1.0000000180025095e-35 1.0000000180025095e-35 0.49268850000000003 0.29069600000000007
decision_type=2 2 2 2 2 2
left_child=-1 2 3 -2 -4 -3
right_child=1 5 4 -5 -6 -7
leaf_value=-0.01666889838936764 0.00018531387993662613 -0.018187583227940306 0.0033856368952032336 -0.026444632328084874 0.01567674352444073 -0.0010370531984867477
leaf_weight=33.571385816492693 35.802184605781804 27.942355566112383 180.71338856581497 11.534539345011579 60.080580857087625 68.489985206790152
leaf_count=11852 1311 2827 5624 1143 639 2773
internal_value=0 0.00155342 0.00428745 -0.00712909 0.00661794 -0.00642907
internal_weight=418.134 384.563 288.131 47.3367 240.794 96.4323
internal_count=26169 14317 8717 2454 6263 5600
is_linear=0
shrinkage=0.025


Tree=139
num_leaves=7
num_cat=0
split_feature=19 29 2 47 6 33
split_gain=17.4594 13.0449 12.3559 12.4155 7.96666 7.89691
threshold=0.68236450000000015 0.89118900000000012 0.72535717487335216 0.94988050000000013 0.70777750000000006 0.3000000000000001
decision_type=2 2 2 2 2 2
left_child=5 2 3 -2 -4 -1
right_child=1 -3 4 -5 -6 -7
leaf_value=-0.014760595719564557 -0.0047527342897602338 0.016858925888944463 -0.00091106492237777003 0.0083405404703392524 0.018763557615603839 0
leaf_weight=58.713363940783893 178.45482528135835 34.092175442143343 18.59320138534531 57.651347402075771 32.820813898928463 35.649855110874341
leaf_count=13136 8645 167 304 428 607 2882
internal_value=0 0.00278328 0.00095318 -0.00146511 0.0117739 -0.00931309
internal_weight=415.976 321.612 287.52 236.106 51.414 94.3632
internal_count=26169 10151 9984 9073 911 16018
is_linear=0
shrinkage=0.025


Tree=140
num_leaves=7
num_cat=0
split_feature=62 21 0 31 61 32
split_gain=17.0404 14.4369 13.5677 10.6709 8.90689 14.8633
threshold=0.75000000000000011 0.70400000000000007 0.48220000000000002 0.27463300000000007 0.72035700000000003 0.11497500000000001
decision_type=2 2 2 2 2 2
left_child=1 2 3 -1 5 -3
right_child=-2 4 -4 -5 -6 -7
leaf_value=-0.005700710526824619 -0.011456665945785845 -0.005893756650614276 -0.013641521973932196 0.011152460459952402 0.015868939004904697 0.0094381504966723727
leaf_weight=48.187490434509527 65.469104179464921 62.14523444394581 52.499291221472959 40.937353010333027 46.132281169411726 98.314793752360856
leaf_count=5742 10461 1345 4515 1439 1213 1454
internal_value=0 0.00222031 -0.00384943 0.00203797 0.00641939 0.00344718
internal_weight=413.686 348.216 141.624 89.1248 206.592 160.46
internal_count=26169 15708 11696 7181 4012 2799
is_linear=0
shrinkage=0.025


Tree=141
num_leaves=7
num_cat=0
split_feature=1 60 39 22 43 84
split_gain=16.7613 13.4182 12.5886 12.4143 11.2024 9.5018
threshold=0.45557285845279699 0.68000000000000005 1.0000000180025095e-35 0.46480350000000009 1.0000000180025095e-35 0.93836657169990512
decision_type=2 2 2 2 2 2
left_child=-1 2 4 -4 -2 -3
right_child=1 5 3 -5 -6 -7
leaf_value=-0.017121731399216616 0 -0.0120912114838241 0.0024513981984911285 0.014651748654282369 -0.02638963795082426 0.0039735584674164982
leaf_weight=30.409597680969455 35.259157473075902 62.564543255772151 161.54210316533863 77.105408454197459 11.332970605843 33.020890111707558
leaf_count=11440 1358 5164 5577 958 1169 503
internal_value=0 0.00146995 0.00420183 0.00654056 -0.00732209 -0.00649245
internal_weight=411.235 380.825 285.24 238.648 46.5921 95.5854
internal_count=26169 14729 9062 6535 2527 5667
is_linear=0
shrinkage=0.025


Tree=142
num_leaves=7
num_cat=0
split_feature=2 49 60 20 9 19
split_gain=16.9626 12.285 9.91814 13.3885 9.97107 8.27034
threshold=0.57366925477981578 1.0000000180025095e-35 0.68000000000000005 0.70180650000000011 0.95350000000000013 0.64236450000000012
decision_type=2 2 2 2 2 2
left_child=1 5 4 -4 -2 -1
right_child=2 -3 3 -5 -6 -7
leaf_value=-0.01532469411953916 0.002145899379635116 -0.015977351626219105 -0.020023793198173098 0.0023681184149427995 0.013645633459558798 0.0056070118244154936
leaf_weight=13.363472138891664 155.36545927400584 57.407182502207434 21.752002495763008 50.463636285450775 67.515103386045666 43.431777290861646
leaf_count=4829 3881 10853 1516 1968 760 2362
internal_value=0 -0.00807799 0.00316779 -0.00470374 0.00578095 9.59126e-05
internal_weight=409.299 114.202 295.096 72.2156 222.881 56.7952
internal_count=26169 18044 8125 3484 4641 7191
is_linear=0
shrinkage=0.025


Tree=143
num_leaves=7
num_cat=0
split_feature=62 61 44 2 48 0
split_gain=16.5418 14.0303 17.0921 9.78614 8.15576 8.00849
threshold=0.75000000000000011 0.53044100000000005 0.050181500000000011 0.70846572518348705 0.66350000000000009 0.48220000000000002
decision_type=2 2 2 2 2 2
left_child=1 2 -1 -3 -2 -4
right_child=4 3 5 -5 -6 -7
leaf_value=-0.01454106935320452 -0.016980755571116918 0.0023460419208910402 0.0079983916475454796 0.016357291067132674 0.001652853075225948 -0.0028047375120233559
leaf_weight=47.467026368021834 45.006917752725712 73.155865600710968 75.626048367772455 55.5485066967085 19.470143549762724 91.511279558962997
leaf_count=8054 9446 1827 2316 808 1015 2703
internal_value=0 0.00220249 -0.00168292 0.0086564 -0.0113717 0.0020777
internal_weight=407.786 343.309 214.604 128.704 64.4771 167.137
internal_count=26169 15708 13073 2635 10461 5019
is_linear=0
shrinkage=0.025


Tree=144
num_leaves=7
num_cat=0
split_feature=2 18 33 48 6 61
split_gain=16.488 9.99928 8.41758 7.67631 7.62396 6.58266
threshold=0.64281457662582409 0.63484550000000006 0.50000000000000011 0.37386650000000005 0.53097800000000006 0.4917160000000001
decision_type=2 2 2 2 2 2
left_child=1 2 -1 -2 -3 -6
right_child=3 4 -4 -5 5 -7
leaf_value=-0.021910866166449688 -0.017332066516760929 0.0082780652501089937 0.0072434742044384902 0.0062516345550991132 -0.0092092816854147923 0.0013831062690558935
leaf_weight=29.015196815984382 6.4884007262298828 32.109503687473989 5.8912022108379452 188.25598757332773 83.265900987611531 60.826468991945148
leaf_count=11262 241 1730 800 3996 6045 2095
internal_value=0 -0.00481254 -0.0166013 0.0052118 -0.0022286 -0.00473084
internal_weight=405.853 211.108 34.9064 194.744 176.202 144.092
internal_count=26169 21932 12062 4237 9870 8140
is_linear=0
shrinkage=0.025


Tree=145
num_leaves=7
num_cat=0
split_feature=2 60 20 49 47 39
split_gain=16.1283 10.7236 11.2972 10.4406 10.231 9.23691
threshold=0.57711473107337963 0.68000000000000005 0.69418650000000015 1.0000000180025095e-35 0.98135300000000014 1.0000000180025095e-35
decision_type=2 2 2 2 2 2
left_child=3 5 -3 -1 -5 -2
right_child=1 2 -4 4 -6 -7
leaf_value=0 -0.0049613866491134053 -0.021943149985146716 0.00052310377355767052 -0.019006580284131467 0.0081265207961041374 0.0082747241215154251
leaf_weight=57.789483995329647 37.567814804890077 16.146138371608686 52.767401199846063 51.002873652889321 8.4133999270852637 180.17288819159148
leaf_count=7243 1267 1294 2126 10919 88 3232
internal_value=0 0.00319477 -0.00520202 -0.0077171 -0.0148502 0.00592091
internal_weight=403.86 286.654 68.9135 117.206 59.4163 217.741
internal_count=26169 7919 3420 18250 11007 4499
is_linear=0
shrinkage=0.025


Tree=146
num_leaves=7
num_cat=0
split_feature=2 9 0 61 48 19
split_gain=16.5139 11.0536 7.76416 12.7645 7.10691 5.72739
threshold=0.64465811848640453 0.29000000000000009 0.51600000000000013 0.48363350000000005 0.37386650000000005 0.7009645000000001
decision_type=2 2 2 2 2 2
left_child=1 -1 5 -4 -2 -3
right_child=4 2 3 -5 -6 -7
leaf_value=-0.019298569985595832 -0.016672533770860774 -0.0017283314317097351 -0.017897611141760684 -3.5564498479383849e-05 0.0062976086012579632 0.011593278475356709
leaf_weight=26.141212496528169 6.2675569099374107 50.744656579408911 38.350972308893688 67.04141110854107 184.78842548983812 29.529340992245125
leaf_count=11434 227 3071 4369 2537 3909 622
internal_value=0 -0.00478071 -0.00246089 -0.00688054 0.00529326 0.00326855
internal_weight=402.864 211.808 185.666 105.392 191.056 80.274
internal_count=26169 22033 10599 6906 4136 3693
is_linear=0
shrinkage=0.025


Tree=147
num_leaves=7
num_cat=0
split_feature=2 44 20 39 19 61
split_gain=15.4361 12.2589 8.80103 8.5879 8.38318 7.0792
threshold=0.66551268100738536 0.10004450000000001 0.71618150000000014 1.0000000180025095e-35 0.76890650000000005 0.56964300000000001
decision_type=2 2 2 2 2 2
left_child=1 2 -1 -3 5 -2
right_child=4 3 -4 -5 -6 -7
leaf_value=-0.01708029498083187 -0.0036268308272571163 -0.013664448099255714 -0.00018453035749363013 0.0025318341628020359 0.018301419197050275 0.0081552881414849558
leaf_weight=55.194178062458377 51.838777519529685 21.328722855738306 30.603223841484578 141.62084792722089 26.992684773635119 73.319252980232704
leaf_count=14740 1022 1908 1233 5168 539 1559
internal_value=0 -0.00382496 -0.0113287 0.00018455 0.00621406 0.00323129
internal_weight=400.898 248.747 85.7974 162.95 152.151 125.158
internal_count=26169 23049 15973 7076 3120 2581
is_linear=0
shrinkage=0.025


Tree=148
num_leaves=7
num_cat=0
split_feature=29 1 84 39 61 16
split_gain=15.5832 14.7679 14.1027 13.841 6.35538 4.69258
threshold=0.9893010000000001 0.72597524523735057 0.97241248097412492 1.0000000180025095e-35 0.50538450000000013 0.6141080000000001
decision_type=2 2 2 2 2 2
left_child=1 2 3 -1 -3 -4
right_child=-2 4 5 -5 -6 -7
leaf_value=-0.018130558329835122 0.016253015608214606 -0.014202234970566208 -0.013244014346342502 -0.0030193264696688521 0.01652223725732686 0.0092838474326768661
leaf_weight=44.026685792370699 31.287479362596059 2.5437608773354432 3.8931565245729862 226.11779523157747 32.810940003953874 58.500151143598487
leaf_count=6574 232 84 121 18091 528 539
internal_value=0 -0.00148261 -0.0031666 -0.00565783 0.0132885 0.00728727
internal_weight=399.18 367.892 332.538 270.144 35.3547 62.3933
internal_count=26169 25937 25325 24665 612 660
is_linear=0
shrinkage=0.025


Tree=149
num_leaves=7
num_cat=0
split_feature=62 19 19 0 61 44
split_gain=15.5916 11.8236 10.9282 10.428 13.8115 10.186
threshold=0.58333333333333337 0.72524200000000005 0.64414750000000021 0.43566650000000001 0.71629350000000003 0.16062100000000004
decision_type=2 2 2 2 2 2
left_child=1 -1 -2 5 -5 -4
right_child=2 -3 3 4 -6 -7
leaf_value=-0.00077712790872908272 -0.023792738253372681 0.010763929259830385 -0.0070389613837306747 -0.010892897081794823 0.0084976231660515069 0.018254614074029524
leaf_weight=119.28330210080458 15.902377063992388 98.689797437051311 14.472178777956286 100.47253497146085 27.016968704760075 21.732009065028251
leaf_count=6485 7094 1786 1806 7513 853 632
internal_value=0 0.00447133 -0.00541367 -0.0032445 -0.00663204 0.00811616
internal_weight=397.569 217.973 179.596 163.694 127.49 36.2042
internal_count=26169 8271 17898 10804 8366 2438
is_linear=0
shrinkage=0.025


Tree=150
num_leaves=7
num_cat=0
split_feature=2 60 44 22 19 43
split_gain=14.9575 12.1302 12.6084 9.81313 8.47567 8.25278
threshold=0.68425273895263683 0.68000000000000005 0.049005000000000007 0.40872900000000006 0.77163700000000002 1.0000000180025095e-35
decision_type=2 2 2 2 2 2
left_child=1 2 3 -1 -2 -4
right_child=4 -3 5 -5 -6 -7
leaf_value=-0.016682612529761231 0.00425252360237428 -0.011810250233079066 0.0053046430493373636 0.006464740809516094 0.022711476353056887 -0.014711757594772588
leaf_weight=38.280755243287786 99.97606075159274 71.820529740063648 143.4924040349033 13.715266047860494 16.901583031285554 11.527008161101547
leaf_count=9683 1866 7942 4693 566 343 1076
internal_value=0 -0.00314631 0 -0.0103999 0.00741488 0.00355084
internal_weight=395.714 278.836 207.015 51.996 116.878 155.019
internal_count=26169 23960 16018 10249 2209 5769
is_linear=0
shrinkage=0.025


Tree=151
num_leaves=7
num_cat=0
split_feature=1 29 62 47 32 19
split_gain=14.6848 12.2981 12.216 12.0071 9.95137 2.69454
threshold=0.45557285845279699 0.91839300000000013 0.41666666666666669 0.8716965000000001 0.15156000000000003 0.68064150000000012
decision_type=2 2 2 2 2 2
left_child=-1 2 4 -4 -2 -3
right_child=1 5 3 -5 -6 -7
leaf_value=-0.016724886142170416 -0.0030902635324219943 -0.00083955940368521842 -0.0063503000938439054 0.0046735494968852195 0.016643137913475502 0.017440814576109815
leaf_weight=27.815784906417321 23.291411425481783 4.6242646356113246 175.34066469929166 91.555142907382105 40.436337067978457 30.562470125732943
leaf_count=11440 768 90 11992 1020 703 156
internal_value=0 0.00137663 -0.000138468 -0.00252795 0.00945439 0.0149099
internal_weight=393.626 365.81 330.624 266.896 63.7277 35.1867
internal_count=26169 14729 14483 13012 1471 246
is_linear=0
shrinkage=0.025


Tree=152
num_leaves=7
num_cat=0
split_feature=2 60 20 43 61 49
split_gain=14.2914 10.6307 11.013 9.13816 12.2363 8.73687
threshold=0.57711473107337963 0.68000000000000005 0.69418650000000015 1.0000000180025095e-35 0.71629350000000003 1.0000000180025095e-35
decision_type=2 2 2 2 2 2
left_child=5 3 -3 -2 -5 -1
right_child=1 2 -4 4 -6 -7
leaf_value=-0.00022021437212943132 0.0077812867433484523 -0.022182570285412411 0.00029043057125362524 -0.017338422788061112 0.015389566390987215 -0.014229163426821852
leaf_weight=55.802450359213253 185.20673783239909 15.69634281445178 51.13554035834386 19.578821504779629 8.0484024838078749 55.863940505560095
leaf_count=7243 3575 1294 2126 855 69 11007
internal_value=0 0.00301971 -0.00547099 0.00575907 -0.00702775 -0.00746331
internal_weight=391.332 279.666 66.8319 212.834 27.6272 111.666
internal_count=26169 7919 3420 4499 924 18250
is_linear=0
shrinkage=0.025


Tree=153
num_leaves=7
num_cat=0
split_feature=2 9 0 61 62 19
split_gain=14.5729 10.0144 6.97969 11.1667 6.27002 6.46349
threshold=0.64465811848640453 0.29000000000000009 0.51600000000000013 0.48363350000000005 0.58333333333333337 0.77163700000000002
decision_type=2 2 2 2 2 2
left_child=1 -1 -3 -4 5 -2
right_child=4 2 3 -5 -6 -7
leaf_value=-0.018895225705500399 0.0055673237314032573 0.0031299500762039302 -0.017285133356856212 -0.00022606636246899782 -0.0017719722560893434 0.022140067694894933
leaf_weight=24.298658455576515 113.57882241730113 78.211219142802292 36.217969685494609 66.004430569213582 55.919620738277445 15.769862752873449
leaf_count=11434 2049 3693 4369 2537 1675 412
internal_value=0 -0.00457084 -0.00236211 -0.0066221 0.00504466 0.00803568
internal_weight=390.001 204.732 180.434 102.222 185.268 129.349
internal_count=26169 22033 10599 6906 4136 2461
is_linear=0
shrinkage=0.025


Tree=154
num_leaves=7
num_cat=0
split_feature=62 61 44 9 48 46
split_gain=14.2215 10.3859 12.8455 8.4543 7.37089 7.11526
threshold=0.75000000000000011 0.53044100000000005 0.050181500000000011 0.78000000000000014 0.66350000000000009 0.7758750000000002
decision_type=2 2 2 2 2 2
left_child=1 2 -1 -3 -2 -5
right_child=4 3 -4 5 -6 -7
leaf_value=-0.012996371788942626 -0.016272069942086999 -0.0040360681944286705 0.0019464463173968468 0.015060613003646911 0.001526760022849707 -0.00033941764028654352
leaf_weight=43.472060078547656 42.746606917244208 26.952599965501577 160.76683526368288 71.777228054590523 19.580968679809303 23.469101820373908
leaf_count=8054 9446 786 5019 737 1015 1112
internal_value=0 0.00210919 -0.00131049 0.00780659 -0.0107021 0.0112648
internal_weight=388.765 326.438 204.239 122.199 62.3276 95.2463
internal_count=26169 15708 13073 2635 10461 1849
is_linear=0
shrinkage=0.025


Tree=155
num_leaves=7
num_cat=0
split_feature=1 29 62 61 32 37
split_gain=13.6052 11.5544 10.0092 11.4025 8.58755 2.22907
threshold=0.45557285845279699 0.9893010000000001 0.41666666666666669 0.71629350000000003 0.15156000000000003 1.0000000180025095e-35
decision_type=2 2 2 2 2 2
left_child=5 2 4 -4 -2 -1
right_child=1 -3 3 -5 -6 -7
leaf_value=-0.018748665741516259 -0.0030556451413294794 0.015574450115771493 -0.0046630205828529156 0.0084535702598245374 0.015381225901944766 0.0010958613236865364
leaf_weight=23.833213318088387 22.846815275261179 29.880230013804976 218.76370220402896 48.230804210877977 40.094952773186378 2.8358417221315895
leaf_count=10682 774 185 11239 1820 711 758
internal_value=0 0.00132237 -4.94503e-05 -0.00220469 0.00869417 -0.0164255
internal_weight=386.486 359.817 329.936 266.995 62.9418 26.6691
internal_count=26169 14729 14544 13059 1485 11440
is_linear=0
shrinkage=0.025


Tree=156
num_leaves=7
num_cat=0
split_feature=2 49 47 29 62 47
split_gain=13.8017 8.91476 8.60231 8.04733 9.01011 10.2814
threshold=0.57711473107337963 1.0000000180025095e-35 0.98135300000000014 0.9893010000000001 0.41666666666666669 0.8716965000000001
decision_type=2 2 2 2 2 2
left_child=1 -1 -3 4 -2 -6
right_child=3 2 -4 -5 5 -7
leaf_value=-2.1157966182817337e-05 0.01012055951477852 -0.018351647268219928 0.0070727768736738826 0.015581608770056397 -0.0055548222924788953 0.0061361232373310483
leaf_weight=54.546048252377659 55.802946857176721 46.703182129993365 8.0730280634015781 26.110577458050102 120.13292064779671 73.44087097881129
leaf_count=7243 1055 10919 88 131 6006 727
internal_value=0 -0.007417 -0.0143066 0.00298354 0.00148818 -0.00105303
internal_weight=384.81 109.322 54.7762 275.487 249.377 193.574
internal_count=26169 18250 11007 7919 7788 6733
is_linear=0
shrinkage=0.025


Tree=157
num_leaves=7
num_cat=0
split_feature=60 39 22 31 47 43
split_gain=14.0772 12.7838 12.9941 13.8212 12.4521 9.7794
threshold=0.68000000000000005 1.0000000180025095e-35 0.46480350000000009 0.43579550000000006 0.26702450000000005 1.0000000180025095e-35
decision_type=2 2 2 2 2 2
left_child=1 5 3 -3 -4 -1
right_child=-2 2 4 -5 -6 -7
leaf_value=-0.0012354912824939029 -0.0080986173472218526 -0.0022709045175271741 -0.018915801594755324 0.015766226329618868 0.016623624153266344 -0.0260083840915185
leaf_weight=35.23768971203026 97.148134955976275 134.62454389857885 4.4603863891970823 30.345391082504648 68.653268573514652 12.023328457857131
leaf_count=2887 8991 9854 230 1075 795 2337
internal_value=0 0.00280364 0.00519098 0.00118052 0.0137861 -0.00870366
internal_weight=382.493 285.345 238.084 164.97 73.1137 47.261
internal_count=26169 17178 11954 10929 1025 5224
is_linear=0
shrinkage=0.025


Tree=158
num_leaves=7
num_cat=0
split_feature=19 29 62 21 86 6
split_gain=13.5171 12.3115 9.48669 6.65601 6.53325 6.36094
threshold=0.68236450000000015 0.60023650000000017 0.58333333333333337 0.33000000000000007 0.012579113924050636 0.52485150000000014
decision_type=2 2 2 2 2 2
left_child=4 2 3 -2 -1 -4
right_child=1 -3 5 -5 -6 -7
leaf_value=0.007165039448995424 -0.0083081925735566716 0.014144219581688912 0.01415587091853767 0.0068224522108888868 -0.011441344187078014 -0.0068022465477694961
leaf_weight=11.613170196498684 18.656429509981535 45.419254517735681 7.3241722633683812 120.46336156981124 73.100016906413657 104.06710446166107
leaf_count=1193 545 402 454 2761 14825 5989
internal_value=0 0.00253022 0.000270992 0.00462075 -0.00865803 -0.0050669
internal_weight=380.644 295.93 250.511 139.12 84.7132 111.391
internal_count=26169 10151 9749 3306 16018 6443
is_linear=0
shrinkage=0.025


Tree=159
num_leaves=7
num_cat=0
split_feature=60 39 31 61 20 43
split_gain=13.2298 11.8825 10.3471 15.8082 9.6408 9.18863
threshold=0.68000000000000005 1.0000000180025095e-35 0.31505900000000003 0.71629350000000003 0.68995650000000019 1.0000000180025095e-35
decision_type=2 2 2 2 2 2
left_child=1 5 3 -3 -2 -1
right_child=4 2 -4 -5 -6 -7
leaf_value=-0.0012350228378234462 -0.018604761830662606 -0.0023547329225769805 0.012469766467197529 0.017572830393720162 -0.0019315170253949251 -0.025565266867879605
leaf_weight=35.007042396340694 31.940176611631614 131.75115347051542 76.249574777917587 27.969099011970684 64.120620987916482 11.553806524127138
leaf_count=2887 5884 9406 2168 380 3107 2337
internal_value=0 0.00273016 0.0050375 0.00129794 -0.00789543 -0.00844587
internal_weight=378.591 282.531 235.97 159.72 96.0608 46.5608
internal_count=26169 17178 11954 9786 8991 5224
is_linear=0
shrinkage=0.025


Tree=160
num_leaves=7
num_cat=0
split_feature=2 29 9 19 40 47
split_gain=13.3933 10.3655 8.86335 8.10332 7.76685 5.17341
threshold=0.68425273895263683 1.0000000180025095e-35 0.75000000000000011 0.76890650000000005 1.0000000180025095e-35 0.89648150000000015
decision_type=2 2 2 2 2 2
left_child=1 4 -3 -2 -1 -6
right_child=3 2 -4 -5 5 -7
leaf_value=-0.012286633487367643 0.0038249022262551295 -0.0093273996370220498 0.0062344283807409589 0.021551635965541868 -0.0049097589008788144 0.010530006258283126
leaf_weight=84.427895804619766 93.691163710842375 27.665348670969252 90.223698154251906 18.010524245910347 47.033662856287265 16.097086879075505
leaf_count=11420 1821 5568 2088 388 4727 157
internal_value=0 -0.00305547 0.00239195 0.00716896 -0.00743324 -0.000588457
internal_weight=377.149 265.448 117.889 111.702 147.559 63.1307
internal_count=26169 23960 7656 2209 16304 4884
is_linear=0
shrinkage=0.025


Tree=161
num_leaves=7
num_cat=0
split_feature=2 60 31 22 19 84
split_gain=12.7735 10.3193 8.60685 8.3786 7.72973 5.7439
threshold=0.68425273895263683 0.68000000000000005 0.34591200000000005 0.46480350000000009 0.77163700000000002 0.86512474012474028
decision_type=2 2 2 2 2 2
left_child=1 2 3 -1 -2 -3
right_child=4 5 -4 -5 -6 -7
leaf_value=-0.0063143995738355486 0.0039225847198908507 -0.017550052637952958 0.0090200871617289215 0.0071595006895520258 0.022010547856970888 -0.0024879506309761854
leaf_weight=114.17760362292029 95.306179621024057 37.182793616269919 46.842804871441331 35.526271448354237 15.917813916224985 30.430933203700988
leaf_count=13001 1866 6958 1941 1076 343 984
internal_value=0 -0.00299178 -9.66353e-06 -0.00299434 0.00701514 -0.0112263
internal_weight=375.384 264.16 196.547 149.704 111.224 67.6137
internal_count=26169 23960 16018 14077 2209 7942
is_linear=0
shrinkage=0.025


Tree=162
num_leaves=7
num_cat=0
split_feature=2 60 49 16 19 47
split_gain=12.1416 8.46742 8.25492 7.91416 7.61711 7.5615
threshold=0.57711473107337963 0.68000000000000005 1.0000000180025095e-35 0.60695300000000019 0.68340750000000006 0.98135300000000014
decision_type=2 2 2 2 2 2
left_child=2 3 4 -2 -1 -4
right_child=1 -3 5 -5 -6 -7
leaf_value=-0.0093473897486789567 -0.0088442777933752086 -0.0049446932493590881 -0.017741133247967635 0.0069714601924234371 0.0087361194263245647 0.0062527832378651248
leaf_weight=25.764741301874892 19.501183482730994 63.240051878179656 44.791309392086987 184.49560857050528 27.519722761469893 8.0095042754546721
leaf_count=6232 1055 3420 10919 3444 1011 88
internal_value=0 0.0028416 -0.00705882 0.0053284 0 -0.0138251
internal_weight=373.322 267.237 106.085 203.997 53.2845 52.8008
internal_count=26169 7919 18250 4499 7243 11007
is_linear=0
shrinkage=0.025


Tree=163
num_leaves=7
num_cat=0
split_feature=1 29 62 3 19 19
split_gain=12.2679 10.0989 9.36934 7.40865 6.92745 4.60081
threshold=0.45557285845279699 0.60023650000000017 0.58333333333333337 0.92068380117416393 0.71974850000000001 0.68064150000000012
decision_type=2 2 2 2 2 2
left_child=-1 2 4 -4 -2 -3
right_child=1 5 3 -5 -6 -7
leaf_value=-0.015982149646565316 -0.001892289938024951 -0.0060047165768086653 -0.023849316712131644 -0.0034265217350824143 0.0080938797459180617 0.014178574975322001
leaf_weight=25.30220687523979 79.672294951407821 6.2193163496849584 10.225765209586823 117.94914140092806 88.187588558124844 44.094800991413649
leaf_count=11440 3348 242 1076 7781 1904 378
internal_value=0 0.00127373 -0.000490569 -0.00554791 0.00334451 0.0113519
internal_weight=371.651 346.349 296.035 128.175 167.86 50.3141
internal_count=26169 14729 14109 8857 5252 620
is_linear=0
shrinkage=0.025


Tree=164
num_leaves=7
num_cat=0
split_feature=1 29 2 0 20 9
split_gain=11.8638 9.7797 8.71288 8.73754 5.4593 2.17752
threshold=0.45557285845279699 0.9893010000000001 0.75098425149917614 0.48566650000000006 0.70431550000000009 0.75000000000000011
decision_type=2 2 2 2 2 2
left_child=5 2 3 -2 -4 -1
right_child=1 -3 4 -5 -6 -7
leaf_value=-0.020967984497398104 0.0051500952474946345 0.014752443184378895 -0.010790999572345476 -0.0043118048212051471 0.015707759555398857 -0.0034073131774774684
leaf_weight=15.921273473570183 84.146663606046786 28.079393828171305 3.5502684725797762 200.98244823772256 28.030930460081436 9.0222316316285269
leaf_count=10397 4134 185 90 9832 488 1043
internal_value=0 0.00125045 -2.53875e-05 -0.00146852 0.0118991 -0.015824
internal_weight=369.733 344.79 316.71 285.129 31.5812 24.9435
internal_count=26169 14729 14544 13966 578 11440
is_linear=0
shrinkage=0.025


Tree=165
num_leaves=7
num_cat=0
split_feature=60 39 22 34 44 43
split_gain=11.7501 11.1586 10.4418 9.33399 8.9658 8.64741
threshold=0.68000000000000005 1.0000000180025095e-35 0.49268850000000003 0.29069600000000007 0.049005000000000007 1.0000000180025095e-35
decision_type=2 2 2 2 2 2
left_child=1 5 4 -2 -3 -1
right_child=3 2 -4 -5 -6 -7
leaf_value=-0.0013076303514364691 -0.018711576654274968 -0.0078738711272136868 0.014166635534006197 -0.001836574073592211 0.0049754211931670317 -0.025297577957908126
leaf_weight=34.256464389822213 29.139795511640841 42.486312364962942 54.667191193439066 63.87477689878142 133.42547946584091 11.085898788624034
leaf_count=2887 5671 7128 702 3320 4124 2337
internal_value=0 0.00259564 0.00485645 -0.0075662 0.00175616 -0.00837133
internal_weight=368.936 275.921 230.579 93.0146 175.912 45.3424
internal_count=26169 17178 11954 8991 11252 5224
is_linear=0
shrinkage=0.025


Tree=166
num_leaves=7
num_cat=0
split_feature=2 60 31 22 19 85
split_gain=11.7008 9.98545 7.90872 7.66603 7.08513 5.40603
threshold=0.68425273895263683 0.68000000000000005 0.34591200000000005 0.46480350000000009 0.77163700000000002 0.98757716049382727
decision_type=2 2 2 2 2 2
left_child=1 2 3 -1 -2 -3
right_child=4 5 -4 -5 -6 -7
leaf_value=-0.0060845088724551886 0.003788396834749921 -0.014542700699916679 0.0087538438497002501 0.0068781646111272972 0.021324837017651425 0.0026253785449231255
leaf_weight=111.45371681599136 93.425657020241488 52.845057820213697 46.190124777662277 35.217865150625585 15.477924299892036 12.55794472376874
leaf_count=13001 1866 7682 1941 1076 343 260
internal_value=0 -0.00289737 0 -0.00285023 0.00678193 -0.0111421
internal_weight=367.168 258.265 192.862 146.672 108.904 65.403
internal_count=26169 23960 16018 14077 2209 7942
is_linear=0
shrinkage=0.025


Tree=167
num_leaves=7
num_cat=0
split_feature=1 62 9 3 39 21
split_gain=11.7483 7.933 7.3829 7.64388 7.90028 6.0935
threshold=0.61158692836761486 0.58333333333333337 0.29000000000000009 0.9199621081352235 1.0000000180025095e-35 0.33000000000000007
decision_type=2 2 2 2 2 2
left_child=2 5 -1 -4 -5 -2
right_child=1 -3 3 4 -6 -7
leaf_value=-0.018059566480280329 -0.005618409428513463 -0.0029679653957887849 -0.016589210005068206 -0.014344293958160045 0.0024460084189461221 0.009395341114936796
leaf_weight=20.927364580616995 17.136998415924609 65.95019836112624 18.632593368864036 18.412026111738669 104.72293766191433 120.01791384496028
leaf_count=11353 399 2180 1482 2291 6099 2365
internal_value=0 0.00398877 -0.00496451 -0.00269134 -0.00023043 0.00738978
internal_weight=365.8 203.105 162.695 141.768 123.135 137.155
internal_count=26169 4944 21225 9872 8390 2764
is_linear=0
shrinkage=0.025


Tree=168
num_leaves=7
num_cat=0
split_feature=29 62 3 9 19 32
split_gain=12.3506 12.0012 8.4891 8.07955 8.0558 6.0575
threshold=0.60023650000000017 0.58333333333333337 0.92068380117416393 0.73000000000000009 0.71974850000000001 0.40703000000000006
decision_type=2 2 2 2 2 2
left_child=1 4 -3 -4 5 -1
right_child=-2 2 3 -5 -6 -7
leaf_value=-0.0081689262154349181 0.01123228869425469 -0.02529990743397284 -0.014432303956274893 -0.00079606009769892243 0.0077707674577967888 0.0050032242238432509
leaf_weight=51.277671421496052 50.001407613846823 12.417156747091211 36.990452715337597 92.941118711445597 87.626591039239429 33.738603185076499
leaf_count=5101 996 2381 10030 4834 1912 915
internal_value=0 -0.00185741 -0.00718555 -0.00494342 0.00252569 -0.002848
internal_weight=364.993 314.992 142.349 129.932 172.643 85.0163
internal_count=26169 25173 17245 14864 7928 6016
is_linear=0
shrinkage=0.025


Tree=169
num_leaves=7
num_cat=0
split_feature=60 39 22 20 43 44
split_gain=11.0243 10.6234 9.97945 9.06411 8.4815 8.22835
threshold=0.68000000000000005 1.0000000180025095e-35 0.49268850000000003 0.68995650000000019 1.0000000180025095e-35 0.049005000000000007
decision_type=2 2 2 2 2 2
left_child=1 4 5 -2 -1 -3
right_child=3 2 -4 -5 -6 -7
leaf_value=-0.0012362555914375919 -0.018098645113322629 -0.007586364090644622 0.013957723048494228 -0.0015045604725965837 -0.025234915620158657 0.0048053074965429092
leaf_weight=33.754007782703411 30.041747543440579 41.839891270214139 53.4595557191642 60.991366229849518 10.783243482135729 131.94915508753184
leaf_count=2887 5884 7128 702 3107 2337 4124
internal_value=0 0.00252743 0.00474762 -0.00741169 -0.00826517 0.00170709
internal_weight=362.819 271.786 227.249 91.0331 44.5373 173.789
internal_count=26169 17178 11954 8991 5224 11252
is_linear=0
shrinkage=0.025


Tree=170
num_leaves=7
num_cat=0
split_feature=1 62 9 39 3 31
split_gain=11.3906 7.51826 6.94647 6.7214 6.96807 5.80336
threshold=0.61158692836761486 0.58333333333333337 0.29000000000000009 1.0000000180025095e-35 0.92664709687232982 0.66932700000000012
decision_type=2 2 2 2 2 2
left_child=2 5 -1 -4 -5 -2
right_child=1 -3 3 4 -6 -7
leaf_value=-0.017873129335071524 0.0054024276542209365 -0.0028560231279817268 -0.014733631393143333 -0.013236845024299646 0.0024373743621268623 0.023470558190416192
leaf_weight=20.124874560828175 124.99842938472284 65.245077929328545 21.719342542503 18.903327073210676 100.14120967413328 10.613625885918735
leaf_count=11353 2511 2180 2776 1239 5857 253
internal_value=0 0.00394923 -0.00491529 -0.00272208 -0.000200646 0.00727913
internal_weight=361.746 200.857 160.889 140.764 119.045 135.612
internal_count=26169 4944 21225 9872 7096 2764
is_linear=0
shrinkage=0.025


Tree=171
num_leaves=7
num_cat=0
split_feature=19 39 85 60 9 0
split_gain=11.0292 9.16438 14.7394 9.29377 7.42425 6.55157
threshold=0.68236450000000015 1.0000000180025095e-35 0.97545919903643485 0.68000000000000005 0.9900000000000001 0.80776700000000012
decision_type=2 2 2 2 2 2
left_child=-1 2 -2 4 -3 -5
right_child=1 3 -4 5 -6 -7
leaf_value=-0.0080846884347548238 -0.016930957904824094 0.0040505478474251316 0.011757800399616387 -0.012969324821014004 0.015993039269535259 0.002869891231048893
leaf_weight=79.300132281805418 31.189701777024311 129.35060940436961 14.286397353411301 25.405578327452531 43.933843360282481 36.120768968423363
leaf_count=16018 2325 3559 135 1626 543 1963
internal_value=0 0.00233861 -0.0075929 0.00435866 0.00731257 -0.00378483
internal_weight=359.587 280.287 45.4761 234.811 173.284 61.5263
internal_count=26169 10151 2460 7691 4102 3589
is_linear=0
shrinkage=0.025


Tree=172
num_leaves=7
num_cat=0
split_feature=29 62 47 49 3 32
split_gain=10.9328 10.4821 11.3979 10.2478 10.0428 8.87591
threshold=0.91839300000000013 0.41666666666666669 0.77426000000000006 1.0000000180025095e-35 0.92938905954360973 0.15156000000000003
decision_type=2 2 2 2 2 2
left_child=1 5 3 -3 -4 -1
right_child=-2 2 4 -5 -6 -7
leaf_value=-0.0041466382782102398 0.013631940115419917 0.00058003289151347791 -0.017326670879386216 -0.012430494886695271 0.0054239197919211495 0.014931684399642434
leaf_weight=22.186476517854317 30.883964682790975 57.115227430585946 11.242104469565673 101.70083056298245 96.779369764495641 37.605220353318145
leaf_count=1481 321 6901 272 14794 1642 758
internal_value=0 -0.0013827 -0.00353297 -0.00776078 0.00263866 0.00782966
internal_weight=357.513 326.629 266.838 158.816 108.021 59.7917
internal_count=26169 25848 23609 21695 1914 2239
is_linear=0
shrinkage=0.025


Tree=173
num_leaves=7
num_cat=0
split_feature=19 29 62 17 44 18
split_gain=10.5948 9.74728 7.33878 6.26945 7.08215 6.36818
threshold=0.68236450000000015 0.60023650000000017 0.75000000000000011 0.6410300000000001 0.49641000000000007 0.64187500000000008
decision_type=2 2 2 2 2 2
left_child=3 2 -2 4 -1 -5
right_child=1 -3 -4 5 -6 -7
leaf_value=-0.02027879873226577 0.002237426383875201 0.013065566166573282 -0.0094565731195541472 0.0096106031468154857 0.0037932440911797698 -0.0092152209871722655
leaf_weight=29.841737184171507 197.03842373342195 41.833311379625229 37.772671222708595 17.637092057357222 8.3314799200379621 22.715378759043233
leaf_count=11692 5960 402 3789 2181 475 1670
internal_value=0 0.0023101 0.000239606 -0.0079586 -0.0148996 -0.000702076
internal_weight=355.17 276.644 234.811 78.5257 38.1732 40.3525
internal_count=26169 10151 9749 16018 12167 3851
is_linear=0
shrinkage=0.025


Tree=174
num_leaves=7
num_cat=0
split_feature=2 9 0 61 44 19
split_gain=10.3708 9.94883 7.11105 8.78687 7.32096 6.86919
threshold=0.68425273895263683 0.29000000000000009 0.48566650000000006 0.48363350000000005 0.16662500000000002 0.77163700000000002
decision_type=2 2 2 2 2 2
left_child=1 -1 4 -4 -3 -2
right_child=5 2 3 -5 -6 -7
leaf_value=-0.018088125729992854 0.0034940928616258439 -0.0052685666009517828 -0.013167367797205305 -8.0207997942237919e-05 0.0098935750311974699 0.021020738574860628
leaf_weight=21.573195779863454 89.680607910093386 27.881764480174752 45.926946954034065 99.050249222753337 54.215669610595796 14.951790619641541
leaf_count=11607 1866 2336 4850 3770 1397 343
internal_value=0 -0.00277799 -0.00110421 -0.00443832 0.00463728 0.00651238
internal_weight=353.28 248.648 227.075 144.977 82.0974 104.632
internal_count=26169 23960 12353 8620 3733 2209
is_linear=0
shrinkage=0.025


Tree=175
num_leaves=7
num_cat=0
split_feature=2 9 31 6 48 6
split_gain=10.2477 8.0618 5.46979 6.21732 7.22958 5.74959
threshold=0.64465811848640453 0.41000000000000009 0.66932700000000012 0.70777750000000006 0.54183350000000019 0.61198200000000014
decision_type=2 2 2 2 2 2
left_child=1 -1 3 5 -5 -2
right_child=2 -3 -4 4 -6 -7
leaf_value=-0.017598048942059207 0.0087686778387769757 -0.0019569001781079699 0.020645930152298462 -0.017000835082970771 0.0099608854242634326 -0.0058395977879172507
leaf_weight=21.640005131725047 20.523668853362324 161.76098619767072 9.8265973516972718 4.2856024495558804 74.93088403850561 58.684179854288232
leaf_count=12079 460 9954 240 127 1936 1373
internal_value=0 -0.00406135 0.0044217 0.00305588 0.00791969 -0.00179486
internal_weight=351.652 183.401 168.251 158.424 79.2165 79.2078
internal_count=26169 22033 4136 3896 2063 1833
is_linear=0
shrinkage=0.025


Tree=176
num_leaves=7
num_cat=0
split_feature=21 0 16 44 62 16
split_gain=10.1686 11.7406 8.43125 8.42153 8.35385 6.81791
threshold=0.70400000000000007 0.48220000000000002 0.60377350000000007 0.076556500000000013 0.58333333333333337 0.69586500000000007
decision_type=2 2 2 2 2 2
left_child=1 3 -2 -1 -4 -6
right_child=2 -3 4 -5 5 -7
leaf_value=-0.010611134459959369 -0.01584572739524219 -0.013613184775052698 0.0093008592294315656 0.0056201473244022436 0.0055856918041315229 -0.0083298858028160727
leaf_weight=26.103099924290291 10.508486075385006 56.836985283309332 110.72130889256368 63.320934365823632 43.115083002572646 39.711268448547344
leaf_count=8544 863 7923 2116 2968 1662 2093
internal_value=0 -0.00498352 0.00358911 0.000627279 0.00487755 -0.00103219
internal_weight=350.317 146.261 204.056 89.424 193.548 82.8264
internal_count=26169 19435 6734 11512 5871 3755
is_linear=0
shrinkage=0.025


Tree=177
num_leaves=7
num_cat=0
split_feature=1 29 47 19 17 31
split_gain=10.2648 7.18756 5.73351 6.49752 6.1125 5.62469
threshold=0.61364492774009716 0.91839300000000013 0.79605500000000007 0.7009645000000001 0.68751100000000009 0.66932700000000012
decision_type=2 2 2 2 2 2
left_child=1 2 3 -1 -4 -2
right_child=5 -3 4 -5 -6 -7
leaf_value=-0.01393734046127562 0.0025637384435534217 0.013003220044388766 0.0071027146738654665 -0.0012341589525314875 -0.015450009869473294 0.01905769099065633
leaf_weight=65.577610232536244 179.85964568647614 10.625331631326842 30.450802921783179 43.308198423379508 7.1476688563707276 11.847378271282649
leaf_count=17122 4577 216 707 3009 274 264
internal_value=0 -0.00469709 -0.00623638 -0.00910444 0.00190116 0.00386032
internal_weight=348.817 157.11 146.484 108.886 37.5985 191.707
internal_count=26169 21328 21112 20131 981 4841
is_linear=0
shrinkage=0.025


Tree=178
num_leaves=7
num_cat=0
split_feature=9 61 44 0 1 61
split_gain=9.64503 8.40581 8.50211 7.89669 9.62547 8.85734
threshold=0.75000000000000011 0.71629350000000003 0.054404500000000001 0.46670000000000006 0.45899933576583868 0.70270150000000009
decision_type=2 2 2 2 2 2
left_child=3 2 -2 4 -1 -5
right_child=1 -3 -4 5 -6 -7
leaf_value=-0.019578890453166867 -0.010017080393946344 0.013500379556385471 0.0030341529629556154 -0.020253323077402432 0.0058601605171561657 0.00046576777425953795
leaf_weight=9.1808301663731964 35.353618458611891 35.756394656840712 172.81088661309332 33.24767238493223 42.695626939839713 18.733928052999545
leaf_count=7258 2008 1333 4829 7367 2677 697
internal_value=0 0.00271573 0.000683491 -0.00629208 0.000504004 -0.0129469
internal_weight=347.779 243.921 208.165 103.858 51.8765 51.9816
internal_count=26169 8170 6837 17999 9935 8064
is_linear=0
shrinkage=0.025


Tree=179
num_leaves=7
num_cat=0
split_feature=2 9 19 29 39 40
split_gain=9.45516 8.80715 6.76504 6.50473 6.68303 6.36554
threshold=0.68425273895263683 0.29000000000000009 0.77163700000000002 1.0000000180025095e-35 1.0000000180025095e-35 1.0000000180025095e-35
decision_type=2 2 2 2 2 2
left_child=1 -1 -2 5 -5 -3
right_child=2 3 -4 4 -6 -7
leaf_value=-0.017531106345230196 0.0032488117561043982 -0.0099629704469220634 0.020745712022540545 -0.010896690467549321 0.0062210005259853282 0.0012089131448779966
leaf_weight=20.24010449200432 87.771910633018706 67.804906213510549 14.738240499515085 14.32843471723754 86.417112661423744 55.138322799510206
leaf_count=11607 1866 5895 343 1338 2535 2585
internal_value=0 -0.00267682 0.00628174 -0.00111516 0.0034968 -0.00495855
internal_weight=346.439 243.929 102.51 223.689 100.746 122.943
internal_count=26169 23960 2209 12353 3873 8480
is_linear=0
shrinkage=0.025


Tree=180
num_leaves=7
num_cat=0
split_feature=1 29 17 15 0 48
split_gain=9.35368 6.65196 5.65865 6.34692 4.93097 8.66344
threshold=0.61364492774009716 0.91839300000000013 0.62125900000000012 0.67352650000000003 0.48566650000000006 0.54183350000000019
decision_type=2 2 2 2 2 2
left_child=1 2 3 -1 -2 -6
right_child=4 -3 -4 -5 5 -7
leaf_value=-0.021352720074390309 0.01277851742747552 0.012614960161746798 -0.0028620515034122789 0 -0.013140313426630175 0.0040154011699195758
leaf_weight=23.672321862803074 29.106578674633056 10.423507297258764 106.74403128594713 13.340806920969042 18.464848321920726 142.50999784315354
leaf_count=10481 544 216 9689 942 744 3553
internal_value=0 -0.00453581 -0.00603357 -0.0141989 0.00369025 0.00182315
internal_weight=344.262 154.181 143.757 37.0131 190.081 160.975
internal_count=26169 21328 21112 11423 4841 4297
is_linear=0
shrinkage=0.025


Tree=181
num_leaves=7
num_cat=0
split_feature=29 62 47 15 32 0
split_gain=9.36288 9.32625 11.7234 7.1864 6.30974 6.04377
threshold=0.31620650000000006 0.41666666666666669 0.77426000000000006 0.64275650000000006 0.10618000000000001 0.39753350000000004
decision_type=2 2 2 2 2 2
left_child=1 4 3 -3 -1 -6
right_child=-2 2 -4 -5 5 -7
leaf_value=-0.0052995648952833532 0.0066895111204248172 -0.015663816354059747 0.0022006237635482664 -0.003104692474203231 -0.0033883883607241372 0.019127159920683007
leaf_weight=14.987195303026963 92.522060125207645 61.512982675525564 83.339183126838179 57.781751871189044 8.605666062787348 23.868147207773291
leaf_count=1197 3419 13561 1634 5617 261 480
internal_value=0 -0.00251648 -0.00487947 -0.0098411 0.00713642 0.0130946
internal_weight=342.617 250.095 202.634 119.295 47.461 32.4738
internal_count=26169 22750 20812 19178 1938 741
is_linear=0
shrinkage=0.025


Tree=182
num_leaves=7
num_cat=0
split_feature=62 21 0 16 61 31
split_gain=8.98848 8.30885 8.41629 7.66633 6.07906 6.0519
threshold=0.75000000000000011 0.70400000000000007 0.48220000000000002 0.59306800000000004 0.56964300000000001 0.25100750000000005
decision_type=2 2 2 2 2 2
left_child=1 2 5 -3 -5 -1
right_child=-2 3 -4 4 -6 -7
leaf_value=-0.0046510459977401426 -0.0090843975175774992 -0.02109537457135249 -0.011910554682943155 0.0010372529038561527 0.010740575926677955 0.0091311525410923376
leaf_weight=39.996418609312968 54.373782589518669 4.0976066428120239 41.937380769024458 77.96069711878954 87.791407903074287 34.546792978253507
leaf_count=5654 10461 245 4515 1706 2061 1527
internal_value=0 0.00178882 -0.00326647 0.00530352 0.0063119 0.00171173
internal_weight=340.704 286.33 116.481 169.85 165.752 74.5432
internal_count=26169 15708 11696 4012 3767 7181
is_linear=0
shrinkage=0.025


Tree=183
num_leaves=7
num_cat=0
split_feature=39 85 29 62 19 60
split_gain=8.97234 12.86 10.2612 10.5971 6.39869 5.52813
threshold=1.0000000180025095e-35 0.97545919903643485 1.0000000180025095e-35 0.41666666666666669 0.6478155000000001 0.68000000000000005
decision_type=2 2 2 2 2 2
left_child=1 -1 3 -2 -4 -5
right_child=2 -3 4 5 -6 -7
leaf_value=-0.016111477567444934 0.0094479976757389349 0.010171233143667809 -0.013403832810357872 -0.0022145217496213447 0.0084974405811998038 -0.013818345103339527
leaf_weight=40.114723865892302 34.155671168733534 13.630004073012968 6.4506010632103417 90.509803467732127 119.46961918332818 35.531586506378517
leaf_count=6619 1287 177 1972 7725 3357 5032
internal_value=0 -0.00913462 0.00178012 -0.00236749 0.00706826 -0.00575889
internal_weight=339.862 53.7447 286.117 160.197 125.92 126.041
internal_count=26169 6796 19373 14044 5329 12757
is_linear=0
shrinkage=0.025


Tree=184
num_leaves=7
num_cat=0
split_feature=1 29 1 0 61 37
split_gain=8.97348 7.32472 7.06479 6.81249 4.57781 2.12092
threshold=0.45557285845279699 0.9893010000000001 0.73073196411132824 0.48566650000000006 0.50538450000000013 1.0000000180025095e-35
decision_type=2 2 2 2 2 2
left_child=5 2 3 -2 -4 -1
right_child=1 -3 4 -5 -6 -7
leaf_value=-0.017520650043621907 0.0047384843359009315 0.013454452461813655 -0.012104396013818054 -0.0039180743267150956 0.015189060425293012 0.0023389067202382202
leaf_weight=18.737393816856642 78.044174523995025 24.928976884664735 2.2222142400569309 187.52552540254692 24.014868134865537 2.4602077729759904
leaf_count=10682 4135 185 70 9899 440 758
internal_value=0 0.00110182 -2.90528e-05 -0.00132103 0.011721 -0.0148429
internal_weight=337.933 316.736 291.807 265.57 26.2371 21.1976
internal_count=26169 14729 14544 14034 510 11440
is_linear=0
shrinkage=0.025


Tree=185
num_leaves=7
num_cat=0
split_feature=1 18 39 6 62 31
split_gain=8.78589 5.85348 6.32707 5.98865 5.76238 5.76464
threshold=0.61364492774009716 0.63484550000000006 1.0000000180025095e-35 0.52485150000000014 0.58333333333333337 0.66932700000000012
decision_type=2 2 2 2 2 2
left_child=1 -1 -3 -4 5 -2
right_child=4 2 3 -5 -6 -7
leaf_value=-0.015415635779624556 0.0046181606273418456 -0.014310716730186438 0.011397799007132153 -0.0026409496149601211 -0.0025439100424224804 0.022411499341665517
leaf_weight=23.149250924372609 114.38215343747288 19.648158934011008 21.601808048631938 86.470028759780689 60.549322223305353 10.974091440672053
leaf_count=12011 2469 2618 1207 5492 2127 245
internal_value=0 -0.00444263 -0.00212881 0.00028029 0.00361647 0.00665204
internal_weight=336.775 150.869 127.72 108.072 185.906 125.356
internal_count=26169 21328 9317 6699 4841 2714
is_linear=0
shrinkage=0.025


Tree=186
num_leaves=7
num_cat=0
split_feature=1 9 62 31 21 39
split_gain=8.56829 5.7914 5.6797 5.58327 6.14832 5.48288
threshold=0.61364492774009716 0.29000000000000009 0.58333333333333337 0.66932700000000012 0.33000000000000007 1.0000000180025095e-35
decision_type=2 2 2 2 2 2
left_child=1 -1 3 4 -2 -3
right_child=2 5 -4 -5 -6 -7
leaf_value=-0.017254508697922277 -0.0099109242869020297 -0.013732463046960297 -0.0025537324400812062 0.022087905953246834 0.0067702089634378675 -9.9396315932187009e-05
leaf_weight=16.934282222187903 13.308706609532235 19.856920543097658 60.339759790003882 10.996370539767666 100.76667306694435 113.13890424009151
leaf_count=11366 318 2788 2127 245 2151 7174
internal_value=0 -0.00440424 0.00357263 0.00658896 0.00457822 -0.00241527
internal_weight=335.342 149.93 185.412 125.072 114.075 132.996
internal_count=26169 21328 4841 2714 2469 9962
is_linear=0
shrinkage=0.025


Tree=187
num_leaves=7
num_cat=0
split_feature=1 31 19 6 9 0
split_gain=8.37485 5.69556 5.5709 8.25248 5.12004 5.9588
threshold=0.61364492774009716 0.66932700000000012 0.6857795000000001 0.52181500000000003 0.78000000000000014 0.46670000000000006
decision_type=2 2 2 2 2 2
left_child=2 4 -1 -4 5 -2
right_child=1 -3 3 -5 -6 -7
leaf_value=-0.010400553402605602 0.0074623045013847492 0.018697052736668357 0.017187550269375251 -0.0034876386264764588 0.0046321615670119765 -0.011379371736237473
leaf_weight=56.226134407417703 13.191084710066205 11.99643390777055 11.559500246075912 81.680698274132737 131.14026204968104 28.538420628770837
leaf_count=15768 304 264 510 5050 2957 1316
internal_value=0 0.00353707 -0.00436102 -0.000451153 0.0021836 -0.00514037
internal_weight=334.333 184.866 149.466 93.2402 172.87 41.7295
internal_count=26169 4841 21328 5560 4577 1620
is_linear=0
shrinkage=0.025


Tree=188
num_leaves=7
num_cat=0
split_feature=2 9 19 29 6 39
split_gain=8.15525 7.87286 6.32518 6.1492 5.4314 5.40035
threshold=0.68425273895263683 0.29000000000000009 0.77163700000000002 1.0000000180025095e-35 0.56474050000000009 1.0000000180025095e-35
decision_type=2 2 2 2 2 2
left_child=1 -1 -2 4 -3 -5
right_child=2 3 -4 5 -6 -7
leaf_value=-0.017116625733306544 0.0029413248044116653 0.0028638274253864303 0.020126790450450203 -0.0097982094369620607 -0.0084127421164844948 0.0059476956383330464
leaf_weight=18.693139578894261 84.869745948177297 36.18622482916544 14.193339097313581 13.485638479840416 81.542824909563933 83.904789777305268
leaf_count=11607 1866 2421 343 1338 6059 2535
internal_value=0 -0.00254627 0.00592456 -0.00105786 -0.00488642 0.00348911
internal_weight=332.876 233.813 99.0631 215.119 117.729 97.3904
internal_count=26169 23960 2209 12353 8480 3873
is_linear=0
shrinkage=0.025


Tree=189
num_leaves=7
num_cat=0
split_feature=1 29 1 0 61 37
split_gain=8.21249 7.11521 6.76343 6.64853 4.24337 1.96419
threshold=0.45557285845279699 0.9893010000000001 0.73073196411132824 0.48566650000000006 0.50538450000000013 1.0000000180025095e-35
decision_type=2 2 2 2 2 2
left_child=5 2 3 -2 -4 -1
right_child=1 -3 4 -5 -6 -7
leaf_value=-0.017159554943850113 0.0046911056511996091 0.013380023447772666 -0.011726299935495328 -0.0039479623300174667 0.014624678206076325 0.0021469023822008426
leaf_weight=17.84641898439077 76.33416573188515 24.270285240170779 2.1706748020951663 184.07204727058343 24.387853470863774 2.3916745905225971
leaf_count=10682 4135 185 70 9899 440 758
internal_value=0 0.00105147 -6.75507e-05 -0.00136174 0.0113463 -0.014508
internal_weight=331.473 311.235 286.965 260.406 26.5585 20.2381
internal_count=26169 14729 14544 14034 510 11440
is_linear=0
shrinkage=0.025


Tree=190
num_leaves=7
num_cat=0
split_feature=21 0 16 44 62 16
split_gain=8.12333 10.5155 7.2042 7.06482 6.75001 6.6756
threshold=0.70400000000000007 0.48220000000000002 0.60377350000000007 0.076556500000000013 0.58333333333333337 0.70802300000000018
decision_type=2 2 2 2 2 2
left_child=1 3 -2 -1 -4 -6
right_child=2 -3 4 -5 5 -7
leaf_value=-0.0099551452473697014 -0.015061801877210484 -0.012999465914625349 0.0086125904022329638 0.0054932410884648807 0.0034421079849178528 -0.012215651846432297
leaf_weight=23.620755105815988 9.9410236619296466 53.513417165693681 104.64539589946799 60.25072940514292 57.327599324213224 21.168207112845266
leaf_count=8544 863 7923 2116 2968 2282 1473
internal_value=0 -0.00460004 0.00329005 0.000878982 0.00452276 -0.000919054
internal_weight=330.467 137.385 193.082 83.8715 183.141 78.4958
internal_count=26169 19435 6734 11512 5871 3755
is_linear=0
shrinkage=0.025


Tree=191
num_leaves=7
num_cat=0
split_feature=1 31 9 39 47 61
split_gain=8.27162 5.64576 5.14346 4.77917 4.64552 4.71165
threshold=0.61364492774009716 0.66279750000000004 0.29000000000000009 1.0000000180025095e-35 0.94988050000000013 0.72035700000000003
decision_type=2 2 2 2 2 2
left_child=2 4 -1 -4 5 -2
right_child=1 -3 3 -5 -6 -7
leaf_value=-0.016849892489246242 -0.0029760143450468408 0.018398189975426658 -0.013236389113615896 -0.00032210808180432372 0.008690085364213708 0.0084966008694929707
leaf_weight=15.965628544163335 97.499832132976735 12.390242453955578 19.245280297873251 111.30023442339007 46.270775035023689 26.24139027716592
leaf_count=11366 2913 266 2788 7174 324 1338
internal_value=0 0.00353229 -0.00438309 -0.00250467 0.00214724 -0.000353663
internal_weight=328.913 182.402 146.511 130.546 170.012 123.741
internal_count=26169 4841 21328 9962 4575 4251
is_linear=0
shrinkage=0.025


Tree=192
num_leaves=7
num_cat=0
split_feature=1 31 19 6 17 9
split_gain=7.94874 5.58931 5.03414 7.25601 4.7592 4.57261
threshold=0.61364492774009716 0.66932700000000012 0.6857795000000001 0.52181500000000003 0.64358250000000006 0.78000000000000014
decision_type=2 2 2 2 2 2
left_child=2 5 4 -4 -1 -2
right_child=1 -3 3 -5 -6 -7
leaf_value=-0.01713903767365017 -0.0049098904667686412 0.018352016231759635 0.016289532138687966 -0.0033977325470921273 -0.0020894771085711076 0.0044281040350736059
leaf_weight=27.158824804111646 40.669053663354134 12.21758045570459 11.10164174462261 80.012865910422988 27.682354006508831 128.65982778638136
leaf_count=12245 1620 264 510 5050 3523 2957
internal_value=0 0.00347158 -0.00430385 -0.000534557 -0.0101173 0.0020956
internal_weight=327.502 181.546 145.956 91.1145 54.8412 169.329
internal_count=26169 4841 21328 5560 15768 4577
is_linear=0
shrinkage=0.025


Tree=193
num_leaves=7
num_cat=0
split_feature=61 44 2 49 47 86
split_gain=7.91457 12.3242 8.32912 8.72871 8.10383 5.34796
threshold=0.71538450000000009 0.15067550000000005 0.75098425149917614 1.0000000180025095e-35 0.94988050000000013 0.013072453861927548
decision_type=2 2 2 2 2 2
left_child=1 4 3 -3 5 -1
right_child=-2 2 -4 -5 -6 -7
leaf_value=0.0015610739364467639 0.0089669463387838811 0.0082621220429020172 0.019025699594922323 -0.0037178738037812551 0.0056816540061350842 -0.014491369259206003
leaf_weight=14.08066617071381 49.393079699308146 56.472408068657387 14.427941421046851 103.9731272280078 18.350665097794263 69.913576283930524
leaf_count=1807 1923 1903 154 4754 199 15429
internal_value=0 -0.00166354 0.00233095 0.000507124 -0.00846509 -0.0117319
internal_weight=326.611 277.218 174.873 160.446 102.345 83.9942
internal_count=26169 24246 6811 6657 17435 17236
is_linear=0
shrinkage=0.025


Tree=194
num_leaves=7
num_cat=0
split_feature=60 39 22 43 31 84
split_gain=7.93649 8.12287 8.25644 6.8749 6.68461 6.61835
threshold=0.68000000000000005 1.0000000180025095e-35 0.49268850000000003 1.0000000180025095e-35 0.43579550000000006 0.87821357943309175
decision_type=2 2 2 2 2 2
left_child=1 3 4 -1 -3 -2
right_child=5 2 -4 -5 -6 -7
leaf_value=-0.00095599100769721407 -0.012721550731329851 -0.0011418325263538368 0.01314192014041333 -0.023845472943863022 0.011466633682926618 0.0012725328414691542
leaf_weight=29.801023320225795 45.59697620854422 126.5799104778016 47.682250378362369 9.4338641695703682 30.305012102428009 35.062684399443242
leaf_count=2887 7959 10065 702 2337 1187 1032
internal_value=0 0.00225462 0.00428975 -0.00776804 0.00138047 -0.00667774
internal_weight=324.462 243.802 204.567 39.2349 156.885 80.6597
internal_count=26169 17178 11954 5224 11252 8991
is_linear=0
shrinkage=0.025


Tree=195
num_leaves=7
num_cat=0
split_feature=29 85 39 31 19 3
split_gain=7.96109 7.1009 10.5009 6.47851 3.98775 3.46132
threshold=0.60023650000000017 0.97510330578512405 1.0000000180025095e-35 0.28143400000000002 0.6772625000000001 0.92406690120697033
decision_type=2 2 2 2 2 2
left_child=1 2 -1 -4 -2 -3
right_child=4 5 3 -5 -6 -7
leaf_value=-0.016440093285127251 -0.0071163137945823175 -0.012791400333339017 -0.0043934826584381059 0.005363526479830313 0.012529194217988558 0.0077593984697770712
leaf_weight=31.54830366252645 5.3967095506814067 3.084313576531712 131.12843259827059 59.476246962558434 38.08504284558876 54.504306670958613
leaf_count=6343 564 95 15055 2976 432 704
internal_value=0 -0.00157153 -0.00362533 -0.00127357 0.00964627 0.00602673
internal_weight=323.223 279.742 222.153 190.605 43.4818 57.5886
internal_count=26169 25173 24374 18031 996 799
is_linear=0
shrinkage=0.025


Tree=196
num_leaves=7
num_cat=0
split_feature=60 39 22 43 31 0
split_gain=7.79374 7.65985 8.10067 6.4385 6.43724 6.30208
threshold=0.68000000000000005 1.0000000180025095e-35 0.49268850000000003 1.0000000180025095e-35 0.43579550000000006 0.80776700000000012
decision_type=2 2 2 2 2 2
left_child=1 3 4 -1 -3 -2
right_child=5 2 -4 -5 -6 -7
leaf_value=-0.00099571006271978436 -0.013317506194483207 -0.0011371698573114937 0.013059828773052333 -0.023556868715666021 0.011254670756102718 0.00027755064794731738
leaf_weight=29.23664771228141 40.209911156931412 126.21594003662176 46.934820248628967 8.9571561062039091 30.200307124614483 39.889158471463816
leaf_count=2887 6053 10065 702 2337 1187 2938
internal_value=0 0.00224661 0.00421309 -0.00762389 0.00133976 -0.00663778
internal_weight=321.644 241.545 203.351 38.1938 156.416 80.0991
internal_count=26169 17178 11954 5224 11252 8991
is_linear=0
shrinkage=0.025


Tree=197
num_leaves=7
num_cat=0
split_feature=60 39 22 43 31 84
split_gain=7.71572 7.62673 7.53157 6.498 6.44408 6.16177
threshold=0.68000000000000005 1.0000000180025095e-35 0.49268850000000003 1.0000000180025095e-35 0.43579550000000006 0.87821357943309175
decision_type=2 2 2 2 2 2
left_child=1 3 4 -1 -3 -2
right_child=5 2 -4 -5 -6 -7
leaf_value=-0.00098068606346358783 -0.012499218407649414 -0.0010601205530097848 0.012759028265004836 -0.023704435308464323 0.011314470286414567 0.0010555410042044052
leaf_weight=29.182235273177866 44.95110475761976 126.03918005114429 46.685354229062796 8.8764785872754128 30.360979918921657 34.921722430906811
leaf_count=2887 7959 10065 702 2337 1187 1032
internal_value=0 0.00223626 0.00419823 -0.00763075 0.00142723 -0.00661446
internal_weight=321.017 241.144 203.086 38.0587 156.4 79.8728
internal_count=26169 17178 11954 5224 11252 8991
is_linear=0
shrinkage=0.025


Tree=198
num_leaves=7
num_cat=0
split_feature=61 44 39 62 47 19
split_gain=7.53447 11.39 6.09273 6.82183 4.16829 4.13031
threshold=0.71538450000000009 0.054404500000000001 1.0000000180025095e-35 0.41666666666666669 0.98135300000000014 0.75497250000000016
decision_type=2 2 2 2 2 2
left_child=1 5 4 -4 -3 -1
right_child=-2 2 3 -5 -6 -7
leaf_value=-0.013413860567564795 0.0088345603760437274 -0.014136260842152627 0.01166533677193779 0.00015892952344540706 0.0063564376675428859 0.0041664648576007065
leaf_weight=53.070217132049947 48.385337335988879 21.754243752207916 39.693111914384644 143.1930142917663 6.0322833640384479 7.7938979289028785
leaf_count=14558 1923 2521 924 6000 55 188
internal_value=0 -0.00164047 0.00110461 0.00282708 -0.00924105 -0.010949
internal_weight=319.922 271.537 210.673 182.886 27.7865 60.8641
internal_count=26169 24246 9500 6924 2576 14746
is_linear=0
shrinkage=0.025


Tree=199
num_leaves=7
num_cat=0
split_feature=60 48 62 0 9 21
split_gain=7.49293 7.29043 7.18108 6.32777 6.31197 7.34208
threshold=0.68000000000000005 0.60470000000000013 0.58333333333333337 0.43566650000000001 0.78000000000000014 0.77400000000000013
decision_type=2 2 2 2 2 2
left_child=1 2 -1 -4 -3 -6
right_child=-2 4 3 -5 5 -7
leaf_value=0.0035988014379105685 -0.0065515905577686164 -0.0071994504764275897 0.0024869748015356047 -0.012402977030893304 -0.0049507519371410486 0.017118524778047661
leaf_weight=107.34290222201525 79.072487700368583 9.7459612371749227 27.124967356190609 42.107128600709984 9.9650480940472317 42.90910658572102
leaf_count=5194 8991 423 5609 5081 303 568
internal_value=0 0.00221117 -0.000372927 -0.00656379 0.00936671 0.0127654
internal_weight=318.268 239.195 176.575 69.2321 62.6201 52.8742
internal_count=26169 17178 15884 10690 1294 871
is_linear=0
shrinkage=0.025


Tree=200
num_leaves=7
num_cat=0
split_feature=1 60 48 31 9 84
split_gain=7.26591 5.85159 5.84807 7.88546 7.59953 4.84287
threshold=0.45557285845279699 0.68000000000000005 0.72016650000000004 0.31505900000000003 0.78000000000000014 0.98772959951821748
decision_type=2 2 2 2 2 2
left_child=-1 2 3 -2 -4 -3
right_child=1 5 4 -5 -6 -7
leaf_value=-0.014119259575636168 -0.0023372868073915447 -0.0080797129611500686 -0.012509894350295706 0.0080828918151655271 0.017453868330263779 0.0073213377386628364
leaf_weight=18.777593646378591 127.27664327925595 59.752005875681789 4.1954953132662949 66.905769474600675 27.404531492153183 13.383497769391395
leaf_count=11440 6619 5529 108 1948 387 138
internal_value=0 0.000996703 0.00300993 0.00126561 0.0125935 -0.00499686
internal_weight=317.696 298.918 225.782 194.182 31.6 73.1355
internal_count=26169 14729 9062 8567 495 5667
is_linear=0
shrinkage=0.025


Tree=201
num_leaves=7
num_cat=0
split_feature=29 1 17 22 83 0
split_gain=7.36717 7.70146 6.7824 10.0413 6.05504 4.17748
threshold=0.91839300000000013 0.73073196411132824 0.62125900000000012 0.46925750000000005 1.0000000180025095e-35 0.77950000000000008
decision_type=2 2 2 2 2 2
left_child=1 2 3 -1 -4 -3
right_child=-2 5 4 -5 -6 -7
leaf_value=-0.01497373131219264 0.012134592697313828 -0.0015091329089421391 0.0010588548562482636 0.0053116230817688015 -0.016320139461831581 0.018485812405989073
leaf_weight=48.932188450226022 25.99784620831997 8.4860307751223463 187.14438662570865 19.402968536975095 10.911860994543529 15.561887498828581
leaf_count=12097 321 184 10738 1074 1439 316
internal_value=0 -0.00118048 -0.00246612 -0.00910623 -4.65085e-05 0.0116227
internal_weight=316.437 290.439 266.391 68.3352 198.056 24.0479
internal_count=26169 25848 25348 13171 12177 500
is_linear=0
shrinkage=0.025


Tree=202
num_leaves=7
num_cat=0
split_feature=61 32 19 39 0 21
split_gain=7.09706 8.62891 6.19386 6.97228 5.83744 4.11454
threshold=0.72035700000000003 0.40703000000000006 0.65036650000000018 1.0000000180025095e-35 0.85073300000000007 0.77400000000000013
decision_type=2 2 2 2 2 2
left_child=1 2 -1 -4 -3 -2
right_child=5 4 3 -5 -6 -7
leaf_value=-0.016843163802556231 -0.010594333366884522 0.0068204271330115128 -0.014454211654036845 -0.00046645455304479929 -0.01559917905773304 0.011685949479834607
leaf_weight=20.372431006655461 3.5339192296378306 80.395330622748588 24.309084551325213 141.74286337046215 5.3934614847530602 39.255812875926495
leaf_count=10565 230 2175 2868 8241 566 1524
internal_value=0 -0.00151169 -0.00453902 -0.00275011 0.00491002 0.00916943
internal_weight=315.003 272.213 186.424 166.052 85.7888 42.7897
internal_count=26169 24415 21674 11109 2741 1754
is_linear=0
shrinkage=0.025


Tree=203
num_leaves=7
num_cat=0
split_feature=60 9 20 85 16 0
split_gain=6.93646 7.2848 5.74961 5.53795 5.95014 4.35453
threshold=0.68000000000000005 0.95350000000000013 0.67242050000000009 0.2440442427680091 0.60854950000000008 0.80776700000000012
decision_type=2 2 2 2 2 2
left_child=1 3 -2 -1 -5 -4
right_child=2 -3 5 4 -6 -7
leaf_value=0.0079891506811805256 -0.017844003187802333 0.0097191938700917704 -0.0096767155960645612 -0.01444928094348903 -0.00036674382751798192 0.0033433358839498727
leaf_weight=36.489614493126282 18.044053734172849 57.066892185597681 25.265868706977926 19.9827782619559 122.72688931627454 34.69955144400592
leaf_count=4147 5336 1078 1488 5269 6684 2167
internal_value=0 0.00213975 -0.00634584 -0.000326321 -0.00261371 -0.00217019
internal_weight=314.276 236.266 78.0095 179.199 142.71 59.9654
internal_count=26169 17178 8991 16100 11953 3655
is_linear=0
shrinkage=0.025


Tree=204
num_leaves=7
num_cat=0
split_feature=29 85 86 44 61 20
split_gain=7.44113 6.57754 6.9676 7.81737 5.41859 5.49731
threshold=0.60023650000000017 0.96318879855465234 0.012579113924050636 0.077879000000000018 0.49446450000000003 0.69152000000000002
decision_type=2 2 2 2 2 2
left_child=1 2 -1 -4 5 -3
right_child=-2 4 3 -5 -6 -7
leaf_value=0.0048171360384796922 0.00948261765638558 0.0085566451687847014 -0.014800216793433452 -0.00254743769362293 0.0096023181802645883 -0.014920629217219261
leaf_weight=43.133930820626119 42.000126695604195 8.2899969762911514 44.920415496351779 116.16083961415097 47.249218968659989 12.008302773625472
leaf_count=3608 996 322 13797 6740 457 249
internal_value=0 -0.00153859 -0.00379405 -0.00619181 0.00504745 -0.00506164
internal_weight=313.763 271.763 204.215 161.081 67.5475 20.2983
internal_count=26169 25173 24145 20537 1028 571
is_linear=0
shrinkage=0.025


Tree=205
num_leaves=7
num_cat=0
split_feature=61 44 43 2 24 19
split_gain=6.96748 10.2026 6.10855 5.65232 4.55481 4.00178
threshold=0.71538450000000009 0.054404500000000001 1.0000000180025095e-35 0.75098425149917614 0.25000000000000006 0.75497250000000016
decision_type=2 2 2 2 2 2
left_child=1 5 3 -3 -4 -1
right_child=-2 2 4 -5 -6 -7
leaf_value=-0.013157812364845679 0.0086073897982631136 0.0010940506181172048 0.0033735003435360813 0.016485727985893147 -0.018701597961073485 0.0043612945759988683
leaf_weight=50.414471233643781 47.078167442523409 171.94395990317389 7.2375235882755105 14.101547245634718 13.433722549936645 7.5537741687148801
leaf_count=14558 1923 7455 571 139 1335 188
internal_value=0 -0.00159717 0.000994914 0.00251021 -0.0110649 -0.0106443
internal_weight=311.763 264.685 206.717 186.046 20.6712 57.9682
internal_count=26169 24246 9500 7594 1906 14746
is_linear=0
shrinkage=0.025


Tree=206
num_leaves=7
num_cat=0
split_feature=29 83 2 17 26 22
split_gain=6.94128 6.19795 5.48156 5.91373 3.51242 1.77299
threshold=0.9893010000000001 0.62500000000000011 0.68425273895263683 0.62125900000000012 0.65520000000000012 0.42998650000000005
decision_type=2 2 2 2 2 2
left_child=1 2 3 -1 -4 -2
right_child=5 -3 4 -5 -6 -7
leaf_value=-0.0099989370457540545 7.197682595660292e-05 -0.02186721950578897 0.0065294328388208582 -0.0001102893255893064 -0.0088077577167872661 0.016728355117306415
leaf_weight=49.177761896495213 6.5144940289537798 6.2155799678057511 76.93107385453186 147.87506507675425 7.9298477636766611 15.74553700321121
leaf_count=11246 119 2163 1712 10411 405 113
internal_value=0 -0.00108254 -0.000405329 -0.00271636 0.00478505 0.0127066
internal_weight=310.389 288.129 281.914 197.053 84.8609 22.26
internal_count=26169 25937 23774 21657 2117 232
is_linear=0
shrinkage=0.025


Tree=207
num_leaves=7
num_cat=0
split_feature=60 48 62 0 9 21
split_gain=6.59812 7.1373 6.59254 6.14608 6.00094 6.71671
threshold=0.68000000000000005 0.60470000000000013 0.58333333333333337 0.43566650000000001 0.78000000000000014 0.77400000000000013
decision_type=2 2 2 2 2 2
left_child=1 2 -1 -4 -3 -6
right_child=-2 4 3 -5 5 -7
leaf_value=0.0033416270004510851 -0.0062625881452238021 -0.006927921316032034 0.0025698801902490128 -0.012340355119932641 -0.004409679847137144 0.016853470414802296
leaf_weight=104.6381157207652 76.286572227245415 9.6837009903829294 26.070872805175895 40.975329135744687 9.850788147421552 41.76923847978469
leaf_count=5194 8991 423 5609 5081 303 568
internal_value=0 0.00209526 -0.000502695 -0.00653274 0.00924271 0.0126178
internal_weight=309.275 232.988 171.684 67.0462 61.3037 51.62
internal_count=26169 17178 15884 10690 1294 871
is_linear=0
shrinkage=0.025


Tree=208
num_leaves=7
num_cat=0
split_feature=29 60 84 24 43 61
split_gain=7.11388 6.76705 5.74071 5.34033 8.62429 6.37182
threshold=0.31620650000000006 0.68000000000000005 0.87821357943309175 0.25000000000000006 1.0000000180025095e-35 0.72843550000000012
decision_type=2 2 2 2 2 2
left_child=1 3 -3 5 -5 -1
right_child=-2 2 -4 4 -6 -7
leaf_value=-0.009723366310913778 0.0061718433813241795 -0.016604378073372356 -0.00036274228926140583 0.0055146167036069513 -0.01677970299608212 0.011421446363507849
leaf_weight=46.743488575759329 82.504721655801404 30.20573870743101 25.416483487135338 105.13882104861841 9.4838031264844158 8.3225686687510443
leaf_count=7489 3419 6989 849 5768 1482 173
internal_value=0 -0.00230294 -0.00966816 0.000165801 0.0032765 -0.00601836
internal_weight=307.816 225.311 55.6222 169.689 114.623 55.0661
internal_count=26169 22750 7838 14912 7250 7662
is_linear=0
shrinkage=0.025


Tree=209
num_leaves=7
num_cat=0
split_feature=61 32 19 39 0 21
split_gain=6.52487 7.9995 5.67767 5.61243 5.41925 4.013
threshold=0.72035700000000003 0.40703000000000006 0.65036650000000018 1.0000000180025095e-35 0.85073300000000007 0.33000000000000007
decision_type=2 2 2 2 2 2
left_child=1 2 -1 -4 5 -3
right_child=-2 4 3 -5 -6 -7
leaf_value=-0.016475073840730377 0.0089038707793432405 -0.0028548255615955301 -0.013507073046633681 -0.00064214559330452346 -0.015271560378859326 0.009694441510918448
leaf_weight=19.47208060390949 41.652294133324176 18.766994255343889 22.985149146399635 138.42043260099672 5.1807022747889269 60.200508265188546
leaf_count=10565 1754 809 2868 8241 566 1366
internal_value=0 -0.00146949 -0.00444009 -0.00270565 0.00475874 0.00660856
internal_weight=306.678 265.026 180.878 161.406 84.1482 78.9675
internal_count=26169 24415 21674 11109 2741 2175
is_linear=0
shrinkage=0.025


Tree=210
num_leaves=7
num_cat=0
split_feature=29 1 47 60 16 0
split_gain=6.43563 6.48977 5.91893 8.20738 5.10846 3.90746
threshold=0.91839300000000013 0.73073196411132824 0.92324450000000013 0.82000000000000017 0.68085450000000003 0.77950000000000008
decision_type=2 2 2 2 2 2
left_child=1 2 3 -1 -4 -3
right_child=-2 5 4 -5 -6 -7
leaf_value=-0.0019694130850140055 0.011472290319711809 -0.0019806622938967197 -0.0050914456345707996 -0.015316677597509088 0.0094319132114099851 0.017690161352374757
leaf_weight=163.88185419354704 25.326609436655417 8.0528665846213716 20.726015242602443 33.349259790802535 39.846916038426571 14.799135519424452
leaf_count=18824 321 184 328 5797 399 316
internal_value=0 -0.00112742 -0.00232174 -0.00443354 0.00431894 0.0109014
internal_weight=305.983 280.656 257.804 197.231 60.5729 22.852
internal_count=26169 25848 25348 24621 727 500
is_linear=0
shrinkage=0.025


Tree=211
num_leaves=7
num_cat=0
split_feature=29 1 17 18 22 16
split_gain=6.46429 8.22279 6.95617 6.80465 6.08908 5.93224
threshold=1.0000000180025095e-35 0.72597524523735057 0.62261450000000018 0.69371000000000016 0.25748350000000003 0.69551200000000013
decision_type=2 2 2 2 2 2
left_child=1 2 -1 4 -2 -4
right_child=3 -3 5 -5 -6 -7
leaf_value=-0.013705625439616146 0.0094568272996703295 0.011465368028483088 0.002568870506369436 0.0082633032264055797 -0.0085019252948474993 -0.0091995557344221306
leaf_weight=41.278299404701102 14.291469684558249 18.273256917484105 69.555563927995536 85.341867220151471 36.157208981439908 39.677334688407427
leaf_count=9340 2573 431 5653 1762 4063 2347
internal_value=0 -0.00324605 -0.00524746 0.0040205 -0.00304288 -0.00173773
internal_weight=304.575 168.784 150.511 135.791 50.4487 109.233
internal_count=26169 17771 17340 8398 6636 8000
is_linear=0
shrinkage=0.025


Tree=212
num_leaves=7
num_cat=0
split_feature=83 60 9 85 84 1
split_gain=6.22587 6.32246 5.31274 6.42144 4.876 4.13972
threshold=0.62500000000000011 0.68000000000000005 0.95350000000000013 0.2440442427680091 0.98772959951821748 0.73073196411132824
decision_type=2 2 2 2 2 2
left_child=1 2 3 -1 5 -3
right_child=-2 4 -4 -5 -6 -7
leaf_value=0.0094633422705362284 -0.020346087964551451 -0.011126702571302148 0.0093546389080985688 -0.0020633423652367754 0.0070980760419081497 0.0065442060769108929
leaf_weight=36.246306892775465 6.6216558205669562 52.639989241140938 54.299677638453431 133.36930409949673 12.706257778452708 7.3966928783338508
leaf_count=3642 2175 7889 1046 11000 152 265
internal_value=0 0.000620374 0.00272802 0.000450713 -0.00562611 -0.0086351
internal_weight=303.28 296.658 223.915 169.616 72.7429 60.0367
internal_count=26169 23994 15688 14642 8306 8154
is_linear=0
shrinkage=0.025


Tree=213
num_leaves=7
num_cat=0
split_feature=83 60 39 22 43 34
split_gain=6.28885 6.21183 5.13276 6.23301 5.10545 4.85451
threshold=0.62500000000000011 0.68000000000000005 1.0000000180025095e-35 0.49268850000000003 1.0000000180025095e-35 0.29069600000000007
decision_type=2 2 2 2 2 2
left_child=1 2 4 -4 -1 -3
right_child=-2 5 3 -5 -6 -7
leaf_value=0 -0.020459578260766404 -0.015219339530590259 0.0017400334160302556 0.012482251635035135 -0.021025743905623156 -0.0011213243115146213
leaf_weight=26.619251090523903 6.6115171040619307 20.379853847465711 146.32364324127593 42.94276447565062 7.517242985095435 52.009430531728867
leaf_count=2653 2175 5190 10219 688 2128 3116
internal_value=0 0.000624951 0.00271469 0.00435392 -0.00581194 -0.00558276
internal_weight=302.404 295.792 223.403 189.266 34.1365 72.3893
internal_count=26169 23994 15688 10907 4781 8306
is_linear=0
shrinkage=0.025


Tree=214
num_leaves=7
num_cat=0
split_feature=29 83 2 17 19 19
split_gain=6.31863 5.66864 5.19863 5.46978 4.86749 1.57418
threshold=0.9893010000000001 0.62500000000000011 0.68425273895263683 0.62125900000000012 0.77163700000000002 0.6772625000000001
decision_type=2 2 2 2 2 2
left_child=1 2 3 -1 -4 -2
right_child=5 -3 4 -5 -6 -7
leaf_value=-0.0098067556446723436 -0.0016402361679359618 -0.021392594159762135 0.0018770492365449737 -0.0001404500067121321 0.018362845834487992 0.014730687793638618
leaf_weight=47.396494628443179 2.7556758282189575 5.8243782747322248 70.433733230107464 144.68341432934722 11.421195371309294 18.742201601678971
leaf_count=11246 100 2163 1783 10411 334 132
internal_value=0 -0.00104706 -0.000393263 -0.00266597 0.00475708 0.0123153
internal_weight=301.257 279.759 273.935 192.08 81.8549 21.4979
internal_count=26169 25937 23774 21657 2117 232
is_linear=0
shrinkage=0.025


Tree=215
num_leaves=7
num_cat=0
split_feature=29 60 84 19 24 1
split_gain=6.12542 5.99152 4.95967 4.75347 5.31836 4.42812
threshold=0.31620650000000006 0.68000000000000005 0.87821357943309175 0.76890650000000005 0.25000000000000006 0.67782998085021984
decision_type=2 2 2 2 2 2
left_child=1 3 -3 4 -1 -5
right_child=-2 2 -4 5 -6 -7
leaf_value=-0.0079264088001327025 0.0057758702797690922 -0.015929940914307741 -0.00047160383172103446 -0.00028277282119433859 0.0019146345606668625 0.02273286804506984
leaf_weight=48.335535748832626 80.933299442513089 28.55101629238743 24.622337720502401 8.7284756795852463 101.36612081598651 8.1249098172411305
leaf_count=7579 3419 6989 849 217 7023 93
internal_value=0 -0.00216849 -0.00927161 0.000151028 -0.00128335 0.0118641
internal_weight=300.662 219.728 53.1734 166.555 149.702 16.8534
internal_count=26169 22750 7838 14912 14602 310
is_linear=0
shrinkage=0.025


Tree=216
num_leaves=7
num_cat=0
split_feature=61 44 62 2 0 0
split_gain=5.9448 8.26617 6.43548 5.84909 7.47104 5.52735
threshold=0.72035700000000003 0.15067550000000005 0.58333333333333337 0.75098425149917614 0.48566650000000006 0.80880000000000007
decision_type=2 2 2 2 2 2
left_child=1 2 5 4 -3 -1
right_child=-2 3 -4 -5 -6 -7
leaf_value=-0.0045558905362022041 0.0086357602169692075 0.0074490287239650597 -0.013559104916883787 0.01664115375992951 -0.0038142933985758766 0.01593636432336968
leaf_weight=40.051580575067419 40.312626265455037 56.457419049096643 46.869193106642342 12.875249001663176 95.097106520726811 7.6666544196341411
leaf_count=4685 1754 2402 12747 155 4329 97
internal_value=0 -0.00141375 -0.0072228 0.00193359 0.000377538 -0.00045981
internal_weight=299.33 259.017 94.5874 164.43 151.555 47.7182
internal_count=26169 24415 17529 6886 6731 4782
is_linear=0
shrinkage=0.025


Tree=217
num_leaves=7
num_cat=0
split_feature=19 17 18 39 85 46
split_gain=5.97235 6.41831 7.05322 5.17725 7.55184 5.5988
threshold=0.68318650000000003 0.64358250000000006 0.64187500000000008 1.0000000180025095e-35 0.97545919903643485 0.58423250000000004
decision_type=2 2 2 2 2 2
left_child=1 -1 -3 4 -2 -5
right_child=3 2 -4 5 -6 -7
leaf_value=-0.014865518729227284 -0.014024833851399458 0.012020463928330517 -0.0086523011360057581 0.0057894866397494374 0.0087895049533192032 -0.0040349380845294816
leaf_weight=28.735103957260435 24.343450917040172 15.975661559770741 20.77380547145367 152.53699531636084 11.1537705672672 44.280783113397774
leaf_count=12428 2295 2022 1670 4740 135 2879
internal_value=0 -0.00652519 0.000304821 0.0018892 -0.00651929 0.00351237
internal_weight=297.8 65.4846 36.7495 232.315 35.4972 196.818
internal_count=26169 16120 3692 10049 2430 7619
is_linear=0
shrinkage=0.025


Tree=218
num_leaves=7
num_cat=0
split_feature=83 60 1 31 0 44
split_gain=5.94515 5.63242 5.02006 4.71449 4.57702 7.62807
threshold=0.62500000000000011 0.68000000000000005 0.58794724941253673 0.66932700000000012 0.80776700000000012 0.16367100000000004
decision_type=2 2 2 2 2 2
left_child=1 2 -1 -4 5 -3
right_child=-2 4 3 -5 -6 -7
leaf_value=-0.0025401030690244512 -0.020127208361160387 -0.023609602323105605 0.0036822149396915417 0.019130300117845098 0.00067707926388679862 -0.00034351034564046113
leaf_weight=74.124151208332478 6.401375438021204 14.932136427543808 133.28956836875295 11.898767830687573 36.226623387385189 19.540534928659326
leaf_count=12306 2175 4241 3062 320 2893 1172
internal_value=0 0.000612488 0.00261854 0.00530989 -0.00536776 -0.0115731
internal_weight=296.413 290.012 219.312 145.188 70.6993 34.4727
internal_count=26169 23994 15688 3382 8306 5413
is_linear=0
shrinkage=0.025


Tree=219
num_leaves=7
num_cat=0
split_feature=62 61 16 21 0 85
split_gain=5.85439 5.44876 5.82578 6.63847 4.93775 6.57538
threshold=0.75000000000000011 0.56964300000000001 0.62610650000000012 0.77400000000000013 0.48566650000000006 0.83960041466402802
decision_type=2 2 2 2 2 2
left_child=1 4 -3 -4 -1 -6
right_child=-2 2 3 -5 5 -7
leaf_value=0.0035878362404835051 -0.0077960474906522805 -0.006830527860242676 -0.010869286321803959 0.012237188415244656 -0.012468920942640249 0.00078342474956611882
leaf_weight=74.380811688695758 47.645441528906304 13.920038588170426 6.4657282488187766 62.942076960520353 38.372554919691538 51.453711761792874
leaf_count=7741 10461 466 269 1739 4276 1217
internal_value=0 0.00156353 0.00668453 0.00965995 -0.00104394 -0.00496736
internal_weight=295.18 247.535 83.3278 69.4078 164.207 89.8263
internal_count=26169 15708 2474 2008 13234 5493
is_linear=0
shrinkage=0.025


Tree=220
num_leaves=7
num_cat=0
split_feature=29 62 47 0 3 32
split_gain=5.78652 5.35737 7.29947 6.34283 5.56587 5.02521
threshold=0.91839300000000013 0.41666666666666669 0.77426000000000006 0.48566650000000006 0.92985242605209362 0.15442000000000003
decision_type=2 2 2 2 2 2
left_child=1 5 3 -3 -4 -1
right_child=-2 2 4 -5 -6 -7
leaf_value=-0.0037643701731212794 0.011121789979946055 0 -0.01389442354763722 -0.011061801645805827 0.0048158430101305737 0.011938230163193137
leaf_weight=17.854693835384751 24.131448560321587 54.450030578576843 8.6699076957884227 76.24857571830762 81.233643250146997 31.13616068270494
leaf_count=1485 321 10781 278 10914 1636 754
internal_value=0 -0.00108856 -0.00278403 -0.00652538 0.00258971 0.00614058
internal_weight=293.724 269.593 220.602 130.699 89.9036 48.9909
internal_count=26169 25848 23609 21695 1914 2239
is_linear=0
shrinkage=0.025


Tree=221
num_leaves=7
num_cat=0
split_feature=21 0 1 22 44 47
split_gain=5.66164 7.5658 5.93709 4.98973 6.01421 4.94915
threshold=0.70400000000000007 0.48566650000000006 0.50750878453254711 0.38669450000000005 0.40177200000000007 0.98135300000000014
decision_type=2 2 2 2 2 2
left_child=1 2 -1 4 5 -2
right_child=3 -3 -4 -5 -6 -7
leaf_value=-0.010121020562668396 -0.015705528397130568 -0.011787884136802516 0.0049213858071189762 0.0056754074767925433 0.0065031189723646649 0.0059995028331794971
leaf_weight=20.040963483885207 22.820155193410759 45.966208004225336 56.996668874046009 120.50834687447059 19.391573965665884 6.6800731251714742
leaf_count=9784 1888 7178 2473 4306 469 71
internal_value=0 -0.00403689 0.000703045 0.00294732 -0.00355557 -0.0104324
internal_weight=292.404 123.004 77.0376 169.4 48.8918 29.5002
internal_count=26169 19435 12257 6734 2428 1959
is_linear=0
shrinkage=0.025


Tree=222
num_leaves=7
num_cat=0
split_feature=29 1 20 0 60 9
split_gain=5.49354 6.68134 5.86768 6.39235 5.40182 4.39744
threshold=1.0000000180025095e-35 0.73073196411132824 0.71012100000000011 0.46670000000000006 0.68000000000000005 0.83150000000000002
decision_type=2 2 2 2 2 2
left_child=1 4 3 -2 -1 -5
right_child=2 -3 -4 5 -6 -7
leaf_value=-0.001868227617355674 0.0067489947907258228 0.011481547558053765 0.0083074937381820303 -0.018713836133165414 -0.01301658318239945 -5.827569137322391e-05
leaf_weight=110.82507113995598 24.666627254087871 15.010564581491051 74.133494432098814 14.011374266785426 35.177583791859433 17.002284371847054
leaf_count=11281 3192 372 1760 2794 6118 652
internal_value=0 -0.0030646 0.00378722 -0.00217909 -0.00478712 -0.00951486
internal_weight=290.827 161.013 129.814 55.6803 146.003 31.0137
internal_count=26169 17771 8398 6638 17399 3446
is_linear=0
shrinkage=0.025


Tree=223
num_leaves=7
num_cat=0
split_feature=62 29 24 19 9 48
split_gain=5.6353 5.57568 5.96956 7.57668 4.0568 3.84869
threshold=0.75000000000000011 0.31620650000000006 1.0000000180025095e-35 0.74756050000000018 0.78000000000000014 0.66350000000000009
decision_type=2 2 2 2 2 2
left_child=1 2 3 -1 -3 -2
right_child=5 4 -4 -5 -6 -7
leaf_value=-0.012654271302272436 -0.012755880016287725 -0.003336841914211556 0.0022536409439701793 0.007786899608520294 0.010515324768702433 0.0013807304106002898
leaf_weight=41.427497449545626 30.085512274725261 14.762261903551915 119.74035199528589 12.810479996725915 54.475504116591765 16.733218293116806
leaf_count=5919 9446 1488 7113 489 699 1015
internal_value=0 0.00154793 -0.000814057 -0.00754167 0.00742656 -0.0077121
internal_weight=290.035 243.216 173.978 54.238 69.2378 46.8187
internal_count=26169 15708 13521 6408 2187 10461
is_linear=0
shrinkage=0.025


Tree=224
num_leaves=7
num_cat=0
split_feature=19 17 18 29 31 9
split_gain=5.41683 6.04805 6.52029 6.01363 4.43325 4.41494
threshold=0.68318650000000003 0.64358250000000006 0.64187500000000008 0.60023650000000017 0.10347000000000002 0.83150000000000002
decision_type=2 2 2 2 2 2
left_child=1 5 -3 -2 -4 -1
right_child=3 2 4 -5 -6 -7
leaf_value=-0.019832191682886191 4.4891397364189907e-05 0.011725509965295564 0.0079207555630252651 0.011353977885377758 -0.015018074882329882 0.001550902491046598
leaf_weight=20.746816951508666 193.35223503273301 15.583507791450755 5.1815943950859973 32.501462148793507 14.717008091913156 6.7019853209421845
leaf_count=12007 9651 2022 641 398 1029 421
internal_value=0 -0.00634177 0.000376916 0.00181713 -0.00843679 -0.0146254
internal_weight=288.785 62.9309 35.4821 225.854 19.8986 27.4488
internal_count=26169 16120 3692 10049 1670 12428
is_linear=0
shrinkage=0.025


Tree=225
num_leaves=7
num_cat=0
split_feature=62 61 16 21 44 85
split_gain=5.32812 5.29087 5.3726 5.0086 4.42194 4.26811
threshold=0.75000000000000011 0.56964300000000001 0.62610650000000012 0.77400000000000013 0.049005000000000007 0.12530193236714979
decision_type=2 2 2 2 2 2
left_child=1 4 -3 -4 5 -1
right_child=-2 2 3 -5 -6 -7
leaf_value=0.0067634716663782903 -0.007546035538118636 -0.0065120234903734966 -0.0085662904675943667 0.011767496960727755 0.00086165939196550354 -0.014074501033270116
leaf_weight=5.7541107069846502 46.244283463354805 13.523377381439785 6.2679242771700947 61.294886620424222 131.19628627390557 23.483437566126668
leaf_count=1178 10461 466 269 1739 5193 6863
internal_value=0 0.00150736 0.00662493 0.00951785 -0.00108742 -0.00948805
internal_weight=287.764 241.52 81.0862 67.5628 160.434 29.2375
internal_count=26169 15708 2474 2008 13234 8041
is_linear=0
shrinkage=0.025


Tree=226
num_leaves=7
num_cat=0
split_feature=1 29 85 84 60 19
split_gain=5.21507 4.38642 3.75411 6.28482 3.86963 2.99119
threshold=0.45557285845279699 0.60023650000000017 0.29280610987928068 0.937104430379747 0.68000000000000005 0.6772625000000001
decision_type=2 2 2 2 2 2
left_child=-1 2 4 -4 -2 -3
right_child=1 5 3 -5 -6 -7
leaf_value=-0.012844621607285681 0.0090240076628957892 -0.0067545032137364749 -0.0059093107234911065 0.0034248534433793027 -0.0060219063547218565 0.011162668348524083
leaf_weight=16.002583996756584 39.867747680902539 4.581497942301211 108.96183496307094 72.365207634931721 11.608834285172632 33.256337389873806
leaf_count=11440 2000 225 9453 1082 1574 395
internal_value=0 0.000870094 -0.000408602 -0.00214065 0.00534704 0.00849213
internal_weight=286.644 270.641 232.804 181.327 51.4766 37.8378
internal_count=26169 14729 14109 10535 3574 620
is_linear=0
shrinkage=0.025


Tree=227
num_leaves=7
num_cat=0
split_feature=1 85 44 48 60 43
split_gain=5.10855 4.64387 5.07996 7.97735 3.73211 3.49626
threshold=0.47006149590015417 0.24748768967942922 0.047175500000000009 0.66160000000000008 0.68000000000000005 1.0000000180025095e-35
decision_type=2 2 2 2 2 2
left_child=-1 4 3 -3 -2 -4
right_child=1 2 5 -5 -6 -7
leaf_value=-0.011337492544210336 0.01094529965595527 -0.014870507578693662 0.0025412498647313197 0.0096523008735692577 -0.0033364820141989341 -0.0075885203181997127
leaf_weight=20.382890734852481 41.003362825649674 29.100636792192745 151.10405440630166 8.8406749816786014 13.057417500102018 22.005186757945921
leaf_count=12367 1615 4062 4828 260 1387 1650
internal_value=0 0.000969445 -0.00068984 -0.00869665 0.00734608 0.00111405
internal_weight=285.494 265.111 211.051 37.9413 54.0608 173.109
internal_count=26169 13802 10800 4322 3002 6478
is_linear=0
shrinkage=0.025


Tree=228
num_leaves=7
num_cat=0
split_feature=39 85 22 31 19 6
split_gain=5.05139 6.19489 5.88071 4.78343 6.40432 5.3626
threshold=1.0000000180025095e-35 0.97545919903643485 0.49268850000000003 0.31505900000000003 0.64481050000000006 0.52181500000000003
decision_type=2 2 2 2 2 2
left_child=1 -1 3 4 -2 -5
right_child=2 -3 -4 5 -6 -7
leaf_value=-0.013243385404308259 -0.020425167497570531 0.0068956780648524217 0.0082864915172126095 0.019406741963647819 -0.0014234415718050273 0.00076077124632768431
leaf_weight=31.179096593850772 9.9125470921771903 10.880204177796257 56.661229790304787 10.727651504537787 124.73242527927505 40.484426261442422
leaf_count=6619 6516 177 2131 898 8115 1713
internal_value=0 -0.00774271 0.0014081 -0.000724578 -0.00323298 0.00555102
internal_weight=284.578 42.0593 242.518 185.857 134.645 51.2121
internal_count=26169 6796 19373 17242 14631 2611
is_linear=0
shrinkage=0.025


Tree=229
num_leaves=7
num_cat=0
split_feature=62 61 0 47 15 8
split_gain=5.0228 5.28589 5.78049 7.55795 5.69388 5.16698
threshold=0.91666666666666685 0.53044100000000005 0.48220000000000002 0.77426000000000006 0.65596050000000006 1.0000000180025095e-35
decision_type=2 2 2 2 2 2
left_child=1 2 4 -4 -1 -3
right_child=-2 5 3 -5 -6 -7
leaf_value=-0.0037979528283842365 -0.011241270597058135 -0.013013923321524047 -0.012769780131122477 0.0013540289727881133 0.0093427670517279762 0.0072225644883624667
leaf_weight=35.807427619007285 20.372817305700664 6.0577657923276993 46.059941789928416 43.417482254386414 41.2887925155228 90.47903918204247
leaf_count=7612 5453 422 7107 864 1728 2983
internal_value=0 0.000968032 -0.00168895 -0.00597077 0.00320202 0.0055679
internal_weight=283.483 263.11 166.574 89.4774 77.0962 96.5368
internal_count=26169 20716 17311 7971 9340 3405
is_linear=0
shrinkage=0.025


Tree=230
num_leaves=7
num_cat=0
split_feature=60 8 17 47 1 49
split_gain=5.30409 4.91304 4.98016 5.609 4.7775 6.42733
threshold=0.82000000000000017 1.0000000180025095e-35 0.63418550000000007 0.25317200000000001 0.58794724941253673 1.0000000180025095e-35
decision_type=2 2 2 2 2 2
left_child=4 -2 -3 -4 5 -1
right_child=1 2 3 -5 -6 -7
leaf_value=0.0031112085391579395 -0.02014948758079169 0.0066116482201249204 0.0099100888835765098 -0.01675043484033073 0.0041555643205285443 -0.010736359344204227
leaf_weight=42.439582842500386 11.244066231298346 18.07952187851879 4.3869027048331217 16.192767932054267 154.52534330535855 36.187395031178312
leaf_count=6502 3196 1091 529 1468 4114 9269
internal_value=0 -0.00719389 -0.00221816 -0.0102303 0.00159974 -0.00328861
internal_weight=283.056 49.9033 38.6592 20.5797 233.152 78.627
internal_count=26169 6284 3088 1997 19885 15771
is_linear=0
shrinkage=0.025


Tree=231
num_leaves=7
num_cat=0
split_feature=60 9 85 1 8 17
split_gain=5.0341 4.93557 4.76627 4.72419 4.3883 4.58699
threshold=0.82000000000000017 0.95350000000000013 0.2440442427680091 0.68595391511917125 1.0000000180025095e-35 0.63418550000000007
decision_type=2 2 2 2 2 2
left_child=1 2 -1 -4 -2 -6
right_child=4 -3 3 -5 5 -7
leaf_value=0.0071987418860192526 -0.019516752925400855 0.0080563557797082921 -0.0046844959092097261 0.0068425382676424095 0.0061662973828640437 -0.010057174802239069
leaf_weight=37.28016997276427 10.892152077045465 53.274365402496187 117.81655414347006 24.433782660053112 17.938807614676989 20.348240247980357
leaf_count=4701 3196 1165 13600 419 1091 1997
internal_value=0 0.00155172 -0.000414545 -0.00256011 -0.00706529 -0.00232934
internal_weight=281.984 232.805 179.531 142.25 49.1792 38.287
internal_count=26169 19885 18720 14019 6284 3088
is_linear=0
shrinkage=0.025


Tree=232
num_leaves=7
num_cat=0
split_feature=62 21 0 61 49 8
split_gain=5.00178 4.98782 5.88385 4.37024 5.29555 4.90989
threshold=0.91666666666666685 0.70400000000000007 0.48566650000000006 0.56964300000000001 1.0000000180025095e-35 1.0000000180025095e-35
decision_type=2 2 2 2 2 2
left_child=1 2 -1 4 -3 -5
right_child=-2 3 -4 5 -6 -7
leaf_value=0.0012052841952526223 -0.011292533059375965 0.014842545063717794 -0.010625278447018266 -0.011238095141252676 -0.0033760335436345025 0.0095489946207649445
leaf_weight=69.569772531724993 20.079006794944689 9.2284978078823752 38.317472897968401 5.350888385961297 62.878821114602033 75.563305157411378
leaf_count=9768 5453 213 5621 331 2362 2421
internal_value=0 0.000967979 -0.00306269 0.0038696 -0.000507864 0.00777382
internal_weight=280.988 260.909 107.887 153.022 72.1073 80.9142
internal_count=26169 20716 15389 5327 2575 2752
is_linear=0
shrinkage=0.025


Tree=233
num_leaves=7
num_cat=0
split_feature=60 31 58 39 9 8
split_gain=4.88875 4.64058 8.42212 4.72179 4.4096 4.10459
threshold=0.82000000000000017 0.31505900000000003 0.33916700000000005 1.0000000180025095e-35 0.73000000000000009 1.0000000180025095e-35
decision_type=2 2 2 2 2 2
left_child=1 2 -1 -3 -4 -2
right_child=5 3 4 -5 -6 -7
leaf_value=-0.0096797311270826903 -0.019196431558776809 -0.010172487170113508 -0.0060854574161120605 0.0093519347736438704 0.00518263663826855 -0.0024054802099769765
leaf_weight=44.738602348354107 10.625658541994197 6.3473926574188217 24.945407860559499 59.354177703047753 96.251455825215089 38.139891961431204
leaf_count=9059 3196 750 4944 2361 2771 3088
internal_value=0 0.00153104 -0.000667804 0.00703365 0.00271652 -0.0069925
internal_weight=280.403 231.637 165.935 65.7016 121.197 48.7656
internal_count=26169 19885 16774 3111 7715 6284
is_linear=0
shrinkage=0.025


Tree=234
num_leaves=7
num_cat=0
split_feature=60 48 44 34 85 43
split_gain=4.95191 4.61477 6.08869 5.40319 4.86914 4.29161
threshold=0.82000000000000017 0.65910000000000013 0.054404500000000001 0.34741000000000005 0.12530193236714979 1.0000000180025095e-35
decision_type=2 2 2 2 2 2
left_child=1 2 4 -3 -1 -4
right_child=-2 3 5 -5 -6 -7
leaf_value=0.0069622883168579362 -0.0070464236945607514 0.019951813803905594 0.0041636852157978582 0.00094939876119234674 -0.011220890849635672 -0.0085658709636967853
leaf_weight=9.2905745462776377 48.628032940976482 14.566895024734547 127.2309693360221 23.599203155841678 39.872937494399594 16.244198410682657
leaf_count=1733 6284 263 5098 583 10535 1673
internal_value=0 0.0015442 -2.57468e-05 0.00919793 -0.00744477 0.00254049
internal_weight=279.433 230.805 192.639 38.1661 49.1635 143.475
internal_count=26169 19885 19039 846 12268 6771
is_linear=0
shrinkage=0.025


Tree=235
num_leaves=7
num_cat=0
split_feature=60 48 44 85 34 20
split_gain=5.15163 4.64911 5.74081 6.25917 5.33048 4.22725
threshold=0.82000000000000017 0.65910000000000013 0.047175500000000009 0.27285012285012289 0.34741000000000005 0.69749450000000013
decision_type=2 2 2 2 2 2
left_child=1 2 3 -1 -3 -2
right_child=5 4 -4 -5 -6 -7
leaf_value=0.0053783486080373052 -0.015862727334093815 0.019875130265485139 0.0022666779223679788 -0.014053022566440591 0.0010196673177992768 -0.00083999186020504229
leaf_weight=12.970531479513737 18.39323790448816 14.692634168255607 149.70070345923523 29.251385063666021 23.576724598475266 30.374872906817473
leaf_count=3568 4315 263 7116 8355 583 1969
internal_value=0 0.00158058 -2.60795e-06 -0.00792111 0.00924826 -0.00717382
internal_weight=278.96 230.192 191.923 42.2219 38.2694 48.7681
internal_count=26169 19885 19039 11923 846 6284
is_linear=0
shrinkage=0.025


Tree=236
num_leaves=7
num_cat=0
split_feature=62 85 1 29 19 17
split_gain=4.96348 4.66861 4.56482 4.20747 3.97999 3.25112
threshold=0.91666666666666685 0.13263674165689307 0.68300354480743419 1.0000000180025095e-35 0.76890650000000005 0.71556600000000004
decision_type=2 2 2 2 2 2
left_child=1 -1 3 -3 -4 -2
right_child=5 2 4 -5 -6 -7
leaf_value=0.0090231263054192275 -0.015280433064151078 -0.005951001228282498 0.0021675627728045175 0.0017904825061520466 0.019618925494118304 0.0074512312862788843
leaf_weight=35.961454772150319 17.190262183017698 92.710119362989644 43.79669285651471 77.311936440298268 8.3009038092568499 2.7372373552716445
leaf_count=2931 5196 10955 1097 5498 235 257
internal_value=0 0.000971298 -0.000379266 -0.00240516 0.00587944 -0.0112853
internal_weight=278.009 258.081 222.12 170.022 52.0976 19.9275
internal_count=26169 20716 17785 16453 1332 5453
is_linear=0
shrinkage=0.025


Tree=237
num_leaves=7
num_cat=0
split_feature=83 60 1 49 31 8
split_gain=4.82921 4.86104 3.95593 6.04392 4.38875 3.72918
threshold=0.62500000000000011 0.82000000000000017 0.58794724941253673 1.0000000180025095e-35 0.66932700000000012 1.0000000180025095e-35
decision_type=2 2 2 2 2 2
left_child=1 2 3 -1 -4 -3
right_child=-2 5 4 -5 -6 -7
leaf_value=0.0039077900335902551 -0.019010255575670862 -0.01853204876121101 0.0030046000738546443 -0.0098293125938766403 0.018099463098550813 -0.0021299356894155484
leaf_weight=40.398979439234608 5.6119112408250649 9.8309276591207873 138.17507680314884 34.514689455905682 11.330003097187726 37.558613466959287
leaf_count=5333 2175 2845 3667 8799 320 3030
internal_value=0 0.000562176 0.00213975 -0.00242126 0.00448497 -0.00646608
internal_weight=277.42 271.808 224.419 74.9137 149.505 47.3895
internal_count=26169 23994 18119 14132 3987 5875
is_linear=0
shrinkage=0.025


Tree=238
num_leaves=7
num_cat=0
split_feature=29 9 86 22 19 20
split_gain=4.75561 4.8014 5.28741 3.97188 3.912 3.38417
threshold=0.91839300000000013 0.73000000000000009 0.017700501253132835 0.25230600000000009 0.64481050000000006 0.67972750000000015
decision_type=2 2 2 2 2 2
left_child=1 2 -1 -4 -3 -6
right_child=-2 4 3 -5 5 -7
leaf_value=0.0027645037897947432 0.010409788102014447 -0.014179954265748066 0 -0.01747949172410241 0.0087349215427851342 3.7905714030828303e-05
leaf_weight=19.495786462693104 22.492792805638601 7.7174221626009958 11.536553062514029 26.138277806157021 32.091433153931575 156.96800619292117
leaf_count=6089 321 1018 4377 6330 1865 6169
internal_value=0 -0.00101451 -0.00724369 -0.0124902 0.000819541 0.00165457
internal_weight=276.44 253.947 57.1706 37.6748 196.777 189.059
internal_count=26169 25848 16796 10707 9052 8034
is_linear=0
shrinkage=0.025


Tree=239
num_leaves=7
num_cat=0
split_feature=85 1 44 22 46 19
split_gain=4.64211 5.28318 4.54029 5.23563 4.51635 3.98724
threshold=0.13263674165689307 0.68300354480743419 0.047175500000000009 0.40872900000000006 0.58423250000000004 0.76890650000000005
decision_type=2 2 2 2 2 2
left_child=-1 2 3 -2 -4 -3
right_child=1 5 4 -5 -6 -7
leaf_value=0.0077851129932082763 -0.01707166270758307 0.001791499188925469 0.00071857954986969676 0.0020642891073929929 -0.010262244662095382 0.019191293840059531
leaf_weight=38.408668315449177 24.57218765835205 43.80950555439631 123.7167172028403 11.469541559505158 26.01096614049311 8.3136462096590531
leaf_count=3552 11706 1132 6664 725 2142 248
internal_value=0 -0.00132483 -0.00332752 -0.0110161 -0.00126876 0.00547829
internal_weight=276.301 237.893 185.769 36.0417 149.728 52.1232
internal_count=26169 22617 21237 12431 8806 1380
is_linear=0
shrinkage=0.025


end of trees

feature_importances:
Column_62=106
Column_2=104
Column_9=104
Column_1=90
Column_29=90
Column_60=82
Column_19=76
Column_0=75
Column_39=67
Column_44=66
Column_61=59
Column_47=57
Column_43=41
Column_84=36
Column_31=34
Column_16=30
Column_22=30
Column_6=27
Column_85=27
Column_21=26
Column_20=24
Column_49=20
Column_48=18
Column_32=17
Column_15=16
Column_18=15
Column_17=13
Column_34=13
Column_24=11
Column_86=8
Column_3=7
Column_33=7
Column_83=7
Column_8=6
Column_30=6
Column_46=6
Column_37=4
Column_55=3
Column_87=3
Column_26=2
Column_28=2
Column_40=2
Column_14=1
Column_58=1
Column_59=1

parameters:
[boosting: gbdt]
[objective: lambdarank]
[metric: ndcg]
[tree_learner: serial]
[device_type: cpu]
[data_sample_strategy: bagging]
[data: ]
[valid: ]
[num_iterations: 240]
[learning_rate: 0.025]
[num_leaves: 7]
[num_threads: 6]
[seed: 20260902]
[deterministic: 0]
[force_col_wise: 0]
[force_row_wise: 0]
[histogram_pool_size: -1]
[max_depth: 4]
[min_data_in_leaf: 28]
[min_sum_hessian_in_leaf: 0.001]
[bagging_fraction: 1]
[pos_bagging_fraction: 1]
[neg_bagging_fraction: 1]
[bagging_freq: 0]
[bagging_seed: 23741]
[bagging_by_query: 0]
[feature_fraction: 0.9]
[feature_fraction_bynode: 1]
[feature_fraction_seed: 21436]
[extra_trees: 0]
[extra_seed: 2579]
[early_stopping_round: 0]
[early_stopping_min_delta: 0]
[first_metric_only: 0]
[max_delta_step: 0]
[lambda_l1: 0.35]
[lambda_l2: 2.5]
[linear_lambda: 0]
[min_gain_to_split: 0]
[drop_rate: 0.1]
[max_drop: 50]
[skip_drop: 0.5]
[xgboost_dart_mode: 0]
[uniform_drop: 0]
[drop_seed: 28913]
[top_rate: 0.2]
[other_rate: 0.1]
[min_data_per_group: 100]
[max_cat_threshold: 32]
[cat_l2: 10]
[cat_smooth: 10]
[max_cat_to_onehot: 4]
[top_k: 20]
[monotone_constraints: ]
[monotone_constraints_method: basic]
[monotone_penalty: 0]
[feature_contri: ]
[forcedsplits_filename: ]
[refit_decay_rate: 0.9]
[cegb_tradeoff: 1]
[cegb_penalty_split: 0]
[cegb_penalty_feature_lazy: ]
[cegb_penalty_feature_coupled: ]
[path_smooth: 0]
[interaction_constraints: ]
[verbosity: -1]
[saved_feature_importance_type: 0]
[use_quantized_grad: 0]
[num_grad_quant_bins: 4]
[quant_train_renew_leaf: 0]
[stochastic_rounding: 1]
[linear_tree: 0]
[max_bin: 255]
[max_bin_by_feature: ]
[min_data_in_bin: 3]
[bin_construct_sample_cnt: 200000]
[data_random_seed: 5027]
[is_enable_sparse: 1]
[enable_bundle: 1]
[use_missing: 1]
[zero_as_missing: 0]
[feature_pre_filter: 1]
[pre_partition: 0]
[two_round: 0]
[header: 0]
[label_column: ]
[weight_column: ]
[group_column: ]
[ignore_column: ]
[categorical_feature: ]
[forcedbins_filename: ]
[precise_float_parser: 0]
[parser_config_file: ]
[objective_seed: 17236]
[num_class: 1]
[is_unbalance: 0]
[scale_pos_weight: 1]
[sigmoid: 1]
[boost_from_average: 1]
[reg_sqrt: 0]
[alpha: 0.9]
[fair_c: 1]
[poisson_max_delta_step: 0.7]
[tweedie_variance_power: 1.5]
[lambdarank_truncation_level: 5]
[lambdarank_norm: 1]
[label_gain: ]
[lambdarank_position_bias_regularization: 0]
[eval_at: 1,2,3,4,5]
[multi_error_top_k: 1]
[auc_mu_weights: ]
[num_machines: 1]
[local_listen_port: 12400]
[time_out: 120]
[machine_list_filename: ]
[machines: ]
[gpu_platform_id: -1]
[gpu_device_id: -1]
[gpu_device_id_list: ]
[gpu_use_dp: 0]
[num_gpu: 1]

end of parameters

pandas_categorical:null
