tree
version=v4
num_class=1
num_tree_per_iteration=1
label_index=0
max_feature_idx=90
objective=lambdarank
feature_names=Column_0 Column_1 Column_2 Column_3 Column_4 Column_5 Column_6 Column_7 Column_8 Column_9 Column_10 Column_11 Column_12 Column_13 Column_14 Column_15 Column_16 Column_17 Column_18 Column_19 Column_20 Column_21 Column_22 Column_23 Column_24 Column_25 Column_26 Column_27 Column_28 Column_29 Column_30 Column_31 Column_32 Column_33 Column_34 Column_35 Column_36 Column_37 Column_38 Column_39 Column_40 Column_41 Column_42 Column_43 Column_44 Column_45 Column_46 Column_47 Column_48 Column_49 Column_50 Column_51 Column_52 Column_53 Column_54 Column_55 Column_56 Column_57 Column_58 Column_59 Column_60 Column_61 Column_62 Column_63 Column_64 Column_65 Column_66 Column_67 Column_68 Column_69 Column_70 Column_71 Column_72 Column_73 Column_74 Column_75 Column_76 Column_77 Column_78 Column_79 Column_80 Column_81 Column_82 Column_83 Column_84 Column_85 Column_86 Column_87 Column_88 Column_89 Column_90
feature_infos=[0:1] [-0.035627521574497223:0.83773982524871826] [-0.035817231982946396:0.86836433410644531] [0.63048857450485229:0.99203497171401978] [0:1] [0:1] [0.29658499999999999:0.83450299999999999] [0:1] [0:1] [0.080000000000000002:1] [0:1] none [0:1] none [0:1] [0:0.85160000000000002] [0.52320800000000001:0.79572299999999996] [0:0.79816399999999998] [0.53391100000000002:0.79447900000000005] [0.52735900000000002:0.82273300000000005] [0.476688:0.82699] [0:1] [0.088976:0.645644] [0:1] [0:1] [0:1] [0:1] [0:1] [0:1] [0:1] [0:1] [0:0.80000000000000004] [0:1] [0:1] [0:1] [0:1] [0:1] [0:1] none [0:1] [0:1] [0:1] [0:1] [0:1] [0:1] [0:1] [0:1] [0:1] [0:1] [0:1] [0:1] [0:1] [0:1] [0.55000000000000004:0.90000000000000002] [0:1] [0:1] none [0:1] [0:1] [0:1] [0.059999999999999998:1] [0:1] [0.16666666666666666:1] [0:1] [0:1] [0:1] [0:1] [0:1] [0:1] [0:1] [0:1] [0:1] [0:1] [0:1] [0:1] [0:1] [0:1] [0:1] [0:1] [0:1] [0:1] [0:1] [0:1] [0:1] [0:1] [0:1] [0.0025380710659898475:1] [-1:0] [0:1] [0:1] [0:1]
tree_sizes=895 896 888 890 888 893 895 894 891 890 892 897 896 894 894 892 876 874 893 878 895 890 852 898 871 892 895 902 893 895 891 895 896 897 890 897 893 900 900 903 891 896 898 897 901 895 898 894 902 898 902 897 901 904 897 899 897 895 906 890 903 901 896 898 873 896 876 896 893 897 903 900 898 898 904 888 907 896 899 895 898 901 897 909 899 887 892 900 894 888 901 911 853 904 902 905 906 909 896 910 896 897 896 876 907 880 905 906 909 907 908 895 889 896 881 899 896 880 907 907 896 897 898 896 903 901 903 900 900 905 904 882 903 899 907 902 901 892 896 906 895 901 900 899 899 893 900 902 893 895 909 903 902 908 899 913 871 904 899 898 881 896 897 902 890 912 903 894 902 903 906 897 904 908 900 895 878 895 909 897 895 901 905 907 901 898 903 907 899 901 878 909 895 902 900 879 897 901 905 907 900 908 904 897 905 905 899 895 891 901 900 898 902 906 902 906 906 907 903 908 908 902 908 885 905 882 908 905 906 908 901 903 908 898 908 901 904 903 902 903

Tree=0
num_leaves=7
num_cat=0
split_feature=9 1 39 60 2 2
split_gain=392.476 89.3584 39.8753 28.7909 24.8439 23.851
threshold=0.58350000000000002 0.57697290182113659 1.0000000180025095e-35 0.68000000000000005 0.55406236648559581 0.66890439391136181
decision_type=2 2 2 2 2 2
left_child=4 2 -2 -3 -1 -5
right_child=1 3 -4 5 -6 -7
leaf_value=-0.046223018051951455 -0.032372018482487691 0.034824905663325516 0.006391949150077559 -0.011612723598843983 -0.012541944261065988 0.025218152049989964
leaf_weight=83.167330061405664 19.385101456631673 116.05887782212812 65.650439277378609 17.359231232781895 19.936859435591032 22.268795218580635
leaf_count=11861 1808 3113 4504 1400 2231 1252
internal_value=0 0.0174735 -0.00301707 0.0285915 -0.0402442 0.00914483
internal_weight=343.827 240.722 85.0355 155.687 103.104 39.628
internal_count=26169 12077 6312 5765 14092 2652
is_linear=0
shrinkage=0.025


Tree=1
num_leaves=7
num_cat=0
split_feature=1 62 84 29 46 19
split_gain=749.444 361.723 187.428 153.499 114.724 98.9898
threshold=0.50930187106132518 0.58333333333333337 0.93836657169990512 0.60023650000000017 0.040641500000000004 0.68892700000000018
decision_type=2 2 2 2 2 2
left_child=5 4 3 -3 -2 -1
right_child=1 2 -4 -5 -6 -7
leaf_value=-0.041558870048119465 -0.0055156053443562074 -0.022140015926565768 0.022830020874371627 0.028898825077071168 0.029518189350077759 -0.0060928698650654601
leaf_weight=236.97934184571204 65.793024306418374 279.70745090130367 103.07094482026878 40.023352679767413 449.80553286981012 63.857220365956891
leaf_count=13046 1542 5791 587 276 3134 1793
internal_value=0 0.0110166 -0.00609336 -0.0155493 0.0250258 -0.0341718
internal_weight=1239.24 938.4 422.802 319.731 515.599 300.837
internal_count=26169 11330 6654 6067 4676 14839
is_linear=0
shrinkage=0.025


Tree=2
num_leaves=7
num_cat=0
split_feature=9 62 47 39 84 22
split_gain=908.898 311.848 173.929 160.375 65.7233 40.3427
threshold=0.58350000000000002 0.75000000000000011 0.92324450000000013 1.0000000180025095e-35 0.91476388168137013 0.49172300000000008
decision_type=2 2 2 2 2 2
left_child=-1 2 3 -2 5 -3
right_child=1 4 -4 -5 -6 -7
leaf_value=-0.039864001028425008 -0.023965666428410751 -0.040376084927775141 0.035574002892713973 0.015505562172451946 0.0032728332820999651 -0.005248823475168099
leaf_weight=273.80288323655259 72.157972041226458 77.309037582424935 244.18195654056035 465.47527666139649 49.6188372685574 29.38659937272314
leaf_count=14092 1377 3226 519 5574 507 874
internal_value=0 0.0117098 0.0181591 0.0101054 -0.02027 -0.031123
internal_weight=1211.93 938.13 781.815 537.633 156.314 106.696
internal_count=26169 12077 7470 6951 4607 4100
is_linear=0
shrinkage=0.025


Tree=3
num_leaves=7
num_cat=0
split_feature=9 62 85 29 84 30
split_gain=905.599 280.717 119.102 108.06 59.1035 30.0409
threshold=0.58350000000000002 0.75000000000000011 0.96318879855465234 0.89118900000000012 0.91476388168137013 0.66500000000000015
decision_type=2 2 2 2 2 2
left_child=5 2 3 -2 -3 -1
right_child=1 4 -4 -5 -6 -7
leaf_value=-0.041708550930744021 0.0061705976842472889 -0.033428895295074389 0.031959291490933857 0.037805974518540189 0.00096163904258299716 -0.0026727928679960633
leaf_weight=258.59758597105974 458.15316823177272 85.718874768586829 246.84911428927444 77.23348236316815 47.38774163776543 13.809217903763054
leaf_count=13559 6789 4100 535 146 507 533
internal_value=0 0.0119218 0.0176409 0.010905 -0.0213289 -0.0398038
internal_weight=1187.75 915.342 782.236 535.387 133.107 272.407
internal_count=26169 12077 7470 6935 4607 14092
is_linear=0
shrinkage=0.025


Tree=4
num_leaves=7
num_cat=0
split_feature=9 62 61 0 9 84
split_gain=826.944 230.973 121.862 121.485 79.9535 61.5964
threshold=0.58350000000000002 0.75000000000000011 0.49446450000000003 0.51233350000000011 0.75000000000000011 0.91476388168137013
decision_type=2 2 2 2 2 2
left_child=-1 2 3 -2 -4 -3
right_child=1 5 4 -5 -6 -7
leaf_value=-0.038944819626571092 0.016728252136071851 -0.033877164910045915 0.0012546845263805536 -0.015014472050654832 0.029326092450623144 0.00219423864040797
leaf_weight=260.82386503455928 190.78020929452032 75.109218466386665 76.984647064469755 120.93235390656628 382.41312497295439 46.645236215437762
leaf_count=14092 2009 4100 736 2258 2467 507
internal_value=0 0.0114535 0.0165153 0.00436398 0.0246732 -0.0202214
internal_weight=1153.69 892.865 771.11 311.713 459.398 121.754
internal_count=26169 12077 7470 4267 3203 4607
is_linear=0
shrinkage=0.025


Tree=5
num_leaves=7
num_cat=0
split_feature=9 62 1 19 44 84
split_gain=778.303 201.232 112.529 101.913 85.7809 58.8914
threshold=0.65000000000000013 0.75000000000000011 0.60968363285064708 0.72668250000000012 0.10339400000000001 0.91476388168137013
decision_type=2 2 2 2 2 2
left_child=3 2 4 -1 -2 -3
right_child=1 5 -4 -5 -6 -7
leaf_value=-0.038316950240996669 -0.015429245454626421 -0.035687701426302315 0.025051423947280743 0.0084353622420540505 0.014325159080020253 0.0019778913111918517
leaf_weight=279.32442917942535 87.719344409415498 58.097226317913737 449.88654500769917 31.264110142830759 181.39997484441847 44.195417359587736
leaf_count=14762 1714 3447 3158 619 2034 435
internal_value=0 0.012752 0.0174293 -0.0335531 0.00454176 -0.0196719
internal_weight=1131.89 821.299 719.006 310.589 269.119 102.293
internal_count=26169 10788 6906 15381 3748 3882
is_linear=0
shrinkage=0.025


Tree=6
num_leaves=7
num_cat=0
split_feature=1 62 60 84 19 16
split_gain=730.193 152.58 97.2471 95.9518 81.7651 78.4643
threshold=0.51781070232391369 0.75000000000000011 0.68000000000000005 0.87821357943309175 0.68892700000000018 0.59306800000000004
decision_type=2 2 2 2 2 2
left_child=4 2 5 -4 -1 -2
right_child=1 -3 3 -5 -6 -7
leaf_value=-0.038605884730069123 -0.023414500576062341 -0.018108954274348877 -0.020043280269763458 0.017709666328642893 -0.0079683371860947271 0.023635347996625075
leaf_weight=246.78291975829052 21.016962960828096 86.444759056263138 77.732017904345412 85.961844723438844 72.579141017282382 524.30042270035483
leaf_count=13364 555 3383 2588 377 1990 3912
internal_value=0 0.0128213 0.016655 -0.000196957 -0.0317863 0.0217075
internal_weight=1114.82 795.456 709.011 163.694 319.362 545.317
internal_count=26169 10815 7432 2965 15354 4467
is_linear=0
shrinkage=0.025


Tree=7
num_leaves=7
num_cat=0
split_feature=1 47 29 62 18 20
split_gain=691.124 138.289 154.961 115.046 68.8997 27.3815
threshold=0.51781070232391369 0.92324450000000013 0.75473800000000013 0.41666666666666669 0.6805095000000001 0.69525550000000014
decision_type=2 2 2 2 2 2
left_child=4 2 3 -2 -1 -3
right_child=1 5 -4 -5 -6 -7
leaf_value=-0.037063790203690099 0.023118705844681439 0.0022567178062781641 0.032990316226196893 -0.0082460972627122261 -0.0046925720286711981 0.029547964649176434
leaf_weight=254.92977651991532 90.147434247191995 26.640573433600366 96.818942254642025 343.27642697264673 50.594084353011567 239.43927877245005
leaf_count=14074 1182 148 287 8660 1280 538
internal_value=0 0.0122671 0.00481873 -0.00160732 -0.0318132 0.0268945
internal_weight=1101.85 796.323 530.243 433.424 305.524 266.08
internal_count=26169 10815 10129 9842 15354 686
is_linear=0
shrinkage=0.025


Tree=8
num_leaves=7
num_cat=0
split_feature=9 62 19 47 39 86
split_gain=672.66 163.648 87.6263 83.7433 96.576 41.9776
threshold=0.65000000000000013 0.75000000000000011 0.72668250000000012 0.9099980000000002 1.0000000180025095e-35 0.11805555555555557
decision_type=2 2 2 2 2 2
left_child=2 3 -1 4 -2 -3
right_child=1 5 -4 -5 -6 -7
leaf_value=-0.036405488713050896 -0.023009928561992622 -0.03359475481285356 0.0067006263407739007 0.027357098139992393 0.013599568117214087 0.00038250948232466844
leaf_weight=267.13875709084095 48.49639831087552 50.961097167019034 31.919108855072409 262.47016665805131 385.88496637286153 38.556727955467068
leaf_count=14762 1314 3293 619 544 5048 589
internal_value=0 0.0121401 -0.0317583 0.0162397 0.009384 -0.0192523
internal_weight=1085.43 786.369 299.058 696.852 434.381 89.5178
internal_count=26169 10788 15381 6906 6362 3882
is_linear=0
shrinkage=0.025


Tree=9
num_leaves=7
num_cat=0
split_feature=9 1 19 44 0 62
split_gain=629.306 151.32 77.4671 72.2129 56.7729 54.7898
threshold=0.65000000000000013 0.60968363285064708 0.72668250000000012 0.10339400000000001 0.85073300000000007 0.58333333333333337
decision_type=2 2 2 2 2 2
left_child=2 3 -1 -2 -5 -3
right_child=1 5 -4 4 -6 -7
leaf_value=-0.03581944721823821 -0.019393834883865341 0.025911861572847111 0.0046467507392333931 0.010050667308038816 -0.038258501007585821 0.0068982570579242302
leaf_weight=257.74915560818044 98.177180152066285 337.19195875723381 32.327364278957248 193.87945696210954 13.974719269288469 136.43597340380074
leaf_count=14762 3078 2267 619 2989 681 1773
internal_value=0 0.0117002 -0.0312786 -0.00197409 0.006345 0.0205181
internal_weight=1069.74 779.659 290.077 306.031 207.854 473.628
internal_count=26169 10788 15381 6748 3670 4040
is_linear=0
shrinkage=0.025


Tree=10
num_leaves=7
num_cat=0
split_feature=9 62 1 60 84 59
split_gain=590.901 169.93 82.8112 53.1955 39.0247 36.6877
threshold=0.58350000000000002 0.75000000000000011 0.51935818791389476 0.68000000000000005 0.91476388168137013 1.0000000180025095e-35
decision_type=2 2 2 2 2 2
left_child=-1 2 5 -4 -3 -2
right_child=1 4 3 -5 -6 -7
leaf_value=-0.034206490946259369 -0.02994962749834287 -0.030958518722759371 0.021122681825341539 0.0035107585575034255 0.00064118169521951011 0.0046187583746253452
leaf_weight=240.92824334846227 30.938817519694567 65.039799181133276 503.0422213015845 139.03744663705584 37.270436868770048 42.896903245098656
leaf_count=14092 1109 4100 3188 2330 507 843
internal_value=0 0.0101457 0.0144655 0.0173509 -0.0196229 -0.010258
internal_weight=1059.15 818.226 715.915 642.08 102.31 73.8357
internal_count=26169 12077 7470 5518 4607 1952
is_linear=0
shrinkage=0.025


Tree=11
num_leaves=7
num_cat=0
split_feature=9 62 1 29 47 22
split_gain=555.123 118.583 86.0668 68.4703 69.9253 40.9122
threshold=0.71000000000000008 0.75000000000000011 0.55557465553283703 1.0000000180025095e-35 0.92324450000000013 0.25748350000000003
decision_type=2 2 2 2 2 2
left_child=2 3 -1 4 -2 -4
right_child=1 -3 5 -5 -6 -7
leaf_value=-0.034448214630475149 -0.0015406997785778762 -0.016456214615955863 0.01773399922363662 0.024660732872278303 0.022102358885979983 -0.016201203618976066
leaf_weight=234.15349291215534 191.31166586722247 75.426827435847372 27.727347069449024 308.25529026822187 128.64676345512271 81.205596835003234
leaf_count=13872 3887 3383 402 1925 280 2420
internal_value=0 0.0127062 -0.0259627 0.0162728 0.00803607 -0.00728088
internal_weight=1046.73 703.641 343.086 628.214 319.958 108.933
internal_count=26169 9475 16694 6092 4167 2822
is_linear=0
shrinkage=0.025


Tree=12
num_leaves=7
num_cat=0
split_feature=1 9 29 47 18 0
split_gain=532.615 117.72 65.2077 68.4955 59.1836 45.3896
threshold=0.51935818791389476 0.73000000000000009 1.0000000180025095e-35 0.94988050000000013 0.6796390000000001 0.43580000000000002
decision_type=2 2 2 2 2 2
left_child=4 5 3 -3 -1 -2
right_child=1 2 -4 -5 -6 -7
leaf_value=-0.034377222925448016 0.010102632022071997 -0.0022396990531425693 0.02382453630100996 0.022537848177391257 -0.004199588054626959 -0.018325531440376696
leaf_weight=232.42505192477256 51.080481805722229 180.07076687575318 312.51343004195951 110.34072593250312 50.842132853111252 99.641658845997881
leaf_count=14115 1137 4224 2015 253 1342 3083
internal_value=0 0.0109884 0.0159216 0.00725657 -0.0290755 -0.00862634
internal_weight=1036.91 753.647 602.925 290.411 283.267 150.722
internal_count=26169 10712 6492 4477 15457 4220
is_linear=0
shrinkage=0.025


Tree=13
num_leaves=7
num_cat=0
split_feature=1 62 29 47 18 46
split_gain=506.561 120.178 68.8239 74.487 56.0819 51.4259
threshold=0.51935818791389476 0.58333333333333337 0.75473800000000013 0.89648150000000015 0.6796390000000001 0.040641500000000004
decision_type=2 2 2 2 2 2
left_child=4 5 3 -3 -1 -2
right_child=1 2 -4 -5 -6 -7
leaf_value=-0.033892444606617535 -0.0056460674189460673 -0.017248446415166777 0.026711375448386167 0.011307192756116479 -0.0044158740080227406 0.021339366705404574
leaf_weight=227.77833652636036 47.753430045442656 158.56626060965937 41.664092716295272 85.949201379437 50.754229370737448 416.00777985434979
leaf_count=14115 1438 5541 163 498 1342 3072
internal_value=0 0.0106967 -0.00201208 -0.00716263 -0.0286394 0.0185265
internal_weight=1028.47 749.941 286.18 244.515 278.533 463.761
internal_count=26169 10712 6202 6039 15457 4510
is_linear=0
shrinkage=0.025


Tree=14
num_leaves=7
num_cat=0
split_feature=1 62 44 19 18 60
split_gain=474.68 109.17 65.2905 83.8037 51.3954 44.3155
threshold=0.51935818791389476 0.75000000000000011 0.047175500000000009 0.71974850000000001 0.6796390000000001 0.68000000000000005
decision_type=2 2 2 2 2 2
left_child=4 2 3 -2 -1 -4
right_child=1 -3 5 -5 -6 -7
leaf_value=-0.033214682344092104 -0.023671881240798227 -0.017455824413412233 0.02158966536925945 0.014624537827276475 -0.0047424054417182131 0.0041052944444641666
leaf_weight=222.09165585786104 58.936349597293884 76.675686449394561 405.36686845903751 82.719092787709087 50.127930592629127 119.89447286189534
leaf_count=14115 1883 3339 2770 627 1342 2093
internal_value=0 0.0103447 0.0136072 -0.00138236 -0.0280944 0.0176537
internal_weight=1015.81 743.592 666.917 141.655 272.22 525.261
internal_count=26169 10712 7373 2510 15457 4863
is_linear=0
shrinkage=0.025


Tree=15
num_leaves=7
num_cat=0
split_feature=9 62 2 60 87 61
split_gain=476.361 142.421 69.7299 49.3219 31.6589 23.4632
threshold=0.58350000000000002 0.75000000000000011 0.66890439391136181 0.68000000000000005 -0.085236118318629969 0.50715900000000003
decision_type=2 2 2 2 2 2
left_child=-1 2 3 -2 -3 -4
right_child=1 4 5 -5 -6 -7
leaf_value=-0.031750396730544583 0.010666359191907209 -0.029253105502487654 0.0060995163111217622 -0.011312893574433203 0.00055576828825939421 0.025547431768117496
leaf_weight=226.05735670344438 311.72996090597007 61.87818088644417 49.62417398346588 77.530905139632523 33.03382391994819 245.95193551434204
leaf_count=14092 3531 4100 492 1885 507 1562
internal_value=0 0.00927682 0.013269 0.00622206 -0.0190404 0.0223902
internal_weight=1005.81 779.749 684.837 389.261 94.912 295.576
internal_count=26169 12077 7470 5416 4607 2054
is_linear=0
shrinkage=0.025


Tree=16
num_leaves=7
num_cat=0
split_feature=9 62 2 39 16 84
split_gain=451.186 133.643 67.1638 37.099 31.5842 28.1583
threshold=0.58350000000000002 0.75000000000000011 0.64281457662582409 1.0000000180025095e-35 0.59306800000000004 0.91476388168137013
decision_type=2 2 2 2 2 2
left_child=-1 2 3 -2 -4 -3
right_child=1 5 4 -5 -6 -7
leaf_value=-0.031263646855404739 -0.017377005118581906 -0.028541656283893851 -0.026229771603382315 0.0074942506822890352 0.020864683247148619 0
leaf_weight=221.48598344589118 41.114728720800485 60.359133284364361 6.9152259705588213 261.72716175799724 372.84141768538393 32.116376049933024
leaf_count=14092 1125 4100 121 3563 2661 507
internal_value=0 0.00900573 0.0128419 0.00397437 0.0198183 -0.0188111
internal_weight=996.56 775.074 682.599 302.842 379.757 92.4755
internal_count=26169 12077 7470 4688 2782 4607
is_linear=0
shrinkage=0.025


Tree=17
num_leaves=7
num_cat=0
split_feature=9 62 85 39 84 61
split_gain=430.828 124.569 62.1077 83.0627 27.2446 18.7381
threshold=0.58350000000000002 0.75000000000000011 0.96318879855465234 1.0000000180025095e-35 0.91476388168137013 0.49446450000000003
decision_type=2 2 2 2 2 2
left_child=-1 2 3 -2 -3 -4
right_child=1 4 5 -5 -6 -7
leaf_value=-0.030939388084555298 -0.020591034549571615 -0.028055334332522247 0.0057789953756754537 0.011161938798959048 0 0.026545687308427535
leaf_weight=216.68621375068324 56.464426810329314 58.854609951900784 34.993534060427919 403.81836221157573 32.638485168921761 184.26846263743937
leaf_count=14092 1382 4100 226 5553 507 309
internal_value=0 0.00876685 0.0124691 0.0071576 -0.018238 0.0233734
internal_weight=987.724 771.038 679.545 460.283 91.4931 219.262
internal_count=26169 12077 7470 6935 4607 535
is_linear=0
shrinkage=0.025


Tree=18
num_leaves=7
num_cat=0
split_feature=9 1 43 2 62 29
split_gain=413.747 121.733 51.586 50.5144 39.4315 26.5973
threshold=0.58350000000000002 0.60620689392089855 1.0000000180025095e-35 0.46598570048809057 0.58333333333333337 0.31620650000000006
decision_type=2 2 2 2 2 2
left_child=-1 2 3 -2 -3 -6
right_child=1 4 -4 -5 5 -7
leaf_value=-0.030539295388951473 -0.02240188176977102 0.0211533463863251 -0.027941856456379744 0.0058370647262649591 -0.0036414448592281706 0.018752178322990934
leaf_weight=213.98999167425791 46.07992061029654 332.0791919757612 44.229025545762852 211.12512705294648 84.054200380458497 51.091020816238597
leaf_count=14092 2010 2406 1741 3877 1688 355
internal_value=0 0.0085734 -0.00377396 0.00057724 0.0165357 0.00494762
internal_weight=982.648 768.658 301.434 257.205 467.224 135.145
internal_count=26169 12077 7628 5887 4449 2043
is_linear=0
shrinkage=0.025


Tree=19
num_leaves=7
num_cat=0
split_feature=9 62 29 62 16 87
split_gain=396.998 118.306 62.3421 63.0091 49.2667 25.5811
threshold=0.58350000000000002 0.75000000000000011 1.0000000180025095e-35 0.41666666666666669 0.60695300000000019 -0.085236118318629969
decision_type=2 2 2 2 2 2
left_child=-1 2 3 -2 -4 -3
right_child=1 5 4 -5 -6 -7
leaf_value=-0.030153489699916311 0.022786167545194379 -0.02758352754786178 -0.027998370079573478 -0.0018045955751039831 0.021561367024649156 0
leaf_weight=210.84619727451354 84.644627940608189 58.216515585721936 10.816036025062202 254.48184232413769 321.20951606356539 32.50468093767995
leaf_count=14092 759 4100 275 4356 2080 507
internal_value=0 0.00841622 0.0120537 0.00442938 0.0197236 -0.0180013
internal_weight=972.719 761.873 671.152 339.126 332.026 90.7212
internal_count=26169 12077 7470 5115 2355 4607
is_linear=0
shrinkage=0.025


Tree=20
num_leaves=7
num_cat=0
split_feature=1 9 60 84 18 39
split_gain=389.62 96.2014 57.645 40.238 40.1492 40.0708
threshold=0.51935818791389476 0.71000000000000008 0.68000000000000005 0.87821357943309175 0.6796390000000001 1.0000000180025095e-35
decision_type=2 2 2 2 2 2
left_child=4 -2 5 -4 -1 -3
right_child=1 2 3 -5 -6 -7
leaf_value=-0.031069763753224053 -0.0097858878019229378 -0.00047684390434380591 -0.016403231935729391 0.011625485926768171 -0.0053532004205026074 0.020902299516604841
leaf_weight=207.06855874182656 129.21032761817332 62.527230417006649 56.505377164226957 67.369945570942946 48.813844260468613 393.99733351240866
leaf_count=14115 4040 953 2551 377 1342 2791
internal_value=0 0.00954163 0.0138829 -0.00116207 -0.026297 0.0179684
internal_weight=965.493 709.61 580.4 123.875 255.882 456.525
internal_count=26169 10712 6672 2928 15457 3744
is_linear=0
shrinkage=0.025


Tree=21
num_leaves=7
num_cat=0
split_feature=2 9 15 61 0 33
split_gain=372.915 101.748 50.7 50.5714 49.627 36.0503
threshold=0.53135663270950328 0.73000000000000009 0.67617700000000014 0.50715900000000003 0.48566650000000006 0.50000000000000011
decision_type=2 2 2 2 2 2
left_child=2 5 -1 4 -3 -2
right_child=1 3 -4 -5 -6 -7
leaf_value=-0.030609565400376862 -0.014161231464544047 0.018541629542884863 -0.0025722472887565462 0.020710835968870259 -0.0047813221789339095 0.02040920854077129
leaf_weight=211.34207932790741 123.3611592844245 97.292390041518956 51.129703390062787 326.10533676680643 130.30505437671673 19.727230290183797
leaf_count=13967 4011 826 1597 3176 2231 361
internal_value=0 0.00957014 -0.0252567 0.014421 0.00524378 -0.00906637
internal_weight=959.263 696.791 262.472 553.703 227.597 143.088
internal_count=26169 10605 15564 6233 3057 4372
is_linear=0
shrinkage=0.025


Tree=22
num_leaves=7
num_cat=0
split_feature=9 62 47 39 84 20
split_gain=360.988 109.782 66.9656 71.5626 24.7115 17.9608
threshold=0.58350000000000002 0.75000000000000011 0.92324450000000013 1.0000000180025095e-35 0.91476388168137013 0.69337500000000019
decision_type=2 2 2 2 2 2
left_child=-1 2 3 -2 -3 -4
right_child=1 4 5 -5 -6 -7
leaf_value=-0.02922421969785622 -0.022463919240207516 -0.027015280834181449 0 0.009367157978149564 0 0.024742286967904224
leaf_weight=204.58350671129301 47.300287324818783 57.326243052608334 20.215094706043601 384.72239985666238 32.770957112370525 206.34536087792367
leaf_count=14092 1377 4100 98 5574 507 421
internal_value=0 0.00805646 0.0116128 0.00575278 -0.0174568 0.0225643
internal_weight=953.264 748.68 658.583 432.023 90.0972 226.56
internal_count=26169 12077 7470 6951 4607 519
is_linear=0
shrinkage=0.025


Tree=23
num_leaves=7
num_cat=0
split_feature=2 9 29 47 15 62
split_gain=346.645 92.265 51.4317 55.6747 47.9384 30.5637
threshold=0.53135663270950328 0.71000000000000008 1.0000000180025095e-35 0.88491400000000009 0.67617700000000014 0.41666666666666669
decision_type=2 2 2 2 2 2
left_child=4 5 3 -3 -1 -2
right_child=1 2 -4 -5 -6 -7
leaf_value=-0.030154742820697911 0.015141880815551283 -0.005496234918840763 0.020721268000541897 0.017057271590316597 -0.0025512198659870099 -0.015548947307959192
leaf_weight=203.97111988899997 22.619876933284104 137.93547139654402 294.55347049894044 130.72544381697662 50.050888411235064 104.73431159142638
leaf_count=13967 478 3978 1951 470 1597 3728
internal_value=0 0.00918943 0.0135332 0.0055017 -0.0248279 -0.00984388
internal_weight=944.591 690.569 563.214 268.661 254.022 127.354
internal_count=26169 10605 6399 4448 15564 4206
is_linear=0
shrinkage=0.025


Tree=24
num_leaves=7
num_cat=0
split_feature=9 62 2 60 84 16
split_gain=335.184 104.897 58.6076 37.2673 23.746 21.0694
threshold=0.58350000000000002 0.75000000000000011 0.64281457662582409 0.68000000000000005 0.91476388168137013 0.60854950000000008
decision_type=2 2 2 2 2 2
left_child=-1 2 3 -2 -3 -4
right_child=1 4 5 -5 -6 -7
leaf_value=-0.028619117189443568 0.0075456590321475447 -0.026612636935777707 -0.0064285358220416465 -0.01405807834385342 0 0.01948132166339616
leaf_weight=198.57213864219375 227.13917681877501 56.84215569938533 19.140329859685153 61.159341998281889 33.079566088388674 339.2841237843968
leaf_count=14092 3102 4100 249 1586 507 2533
internal_value=0 0.00778536 0.0113187 0.00285112 -0.0171511 0.0180385
internal_weight=935.217 736.645 646.723 288.299 89.9217 358.424
internal_count=26169 12077 7470 4688 4607 2782
is_linear=0
shrinkage=0.025


Tree=25
num_leaves=7
num_cat=0
split_feature=9 62 29 84 21 24
split_gain=320.821 103.384 54.8457 62.3702 42.2244 29.4346
threshold=0.58350000000000002 0.58333333333333337 0.75473800000000013 0.937104430379747 0.70400000000000007 0.25000000000000006
decision_type=2 2 2 2 2 2
left_child=-1 4 3 -3 5 -2
right_child=1 2 -4 -5 -6 -7
leaf_value=-0.0282954030128247 -0.013155679752426314 -0.016085742411046197 0.023303223735125927 0.0092442595672785691 0.020898994876431265 0.011451519450673141
leaf_weight=194.95921586279292 41.156598668079823 177.77297282114159 38.915683509549126 89.178203597199172 289.47220568615012 96.880125545780174
leaf_count=14092 869 7126 182 680 2130 1090
internal_value=0 0.00759257 -0.00346895 -0.00758422 0.0155012 0.00394894
internal_weight=928.335 733.376 305.867 266.951 427.509 138.037
internal_count=26169 12077 7988 7806 4089 1959
is_linear=0
shrinkage=0.025


Tree=26
num_leaves=7
num_cat=0
split_feature=9 62 2 60 84 60
split_gain=309.296 99.2224 54.8102 34.113 20.7797 19.6072
threshold=0.58350000000000002 0.75000000000000011 0.64281457662582409 0.68000000000000005 0.91476388168137013 0.68000000000000005
decision_type=2 2 2 2 2 2
left_child=-1 2 3 -2 -3 -4
right_child=1 4 5 -5 -6 -7
leaf_value=-0.028026280430961139 0.0071559537371906831 -0.025979598396148398 0.020538998106700804 -0.013728645009897296 -0.00080219813316708462 0.0059701370537662869
leaf_weight=191.85689543857006 223.32860934967175 55.563815256871749 277.4228341425769 59.778085913916584 33.043739511747845 78.315321330795996
leaf_count=14092 3102 4100 1490 1586 507 1292
internal_value=0 0.00746227 0.010917 0.00263396 -0.0169661 0.0174202
internal_weight=919.309 727.452 638.845 283.107 88.6076 355.738
internal_count=26169 12077 7470 4688 4607 2782
is_linear=0
shrinkage=0.025


Tree=27
num_leaves=7
num_cat=0
split_feature=1 62 43 21 0 29
split_gain=296.047 72.3718 44.413 39.5882 50.7183 39.2825
threshold=0.51935818791389476 0.58333333333333337 1.0000000180025095e-35 0.70400000000000007 0.48220000000000002 1.0000000180025095e-35
decision_type=2 2 2 2 2 2
left_child=-1 3 5 4 -2 -3
right_child=1 2 -4 -5 -6 -7
leaf_value=-0.024162612662964458 0.014765449157668803 -0.0080918181202901725 -0.025958840427250697 0.019906014978711681 -0.016168782948007884 0.012928193839619424
leaf_weight=233.10574127052678 88.090682431240566 109.37295558024198 38.670736175554339 286.70323945675045 49.641711875679903 107.66019186167978
leaf_count=15457 1200 3310 1539 2150 1160 1353
internal_value=0 0.00833947 -0.00212943 0.0146426 0.00346421 0.00232387
internal_weight=913.245 680.14 255.704 424.436 137.732 217.033
internal_count=26169 10712 6202 4510 2360 4663
is_linear=0
shrinkage=0.025


Tree=28
num_leaves=7
num_cat=0
split_feature=9 1 2 6 60 47
split_gain=288.375 72.6694 49.0849 37.9397 32.9709 32.9237
threshold=0.71000000000000008 0.60968363285064708 0.56705352663993847 0.53202000000000005 0.68000000000000005 0.77426000000000006
decision_type=2 2 2 2 2 2
left_child=2 3 -1 -2 -3 -5
right_child=1 4 -4 5 -6 -7
leaf_value=-0.028785198832329745 0.015827056372372552 0.019717318058978979 -0.0065523255443088908 -0.015324357904335676 0.0015093361052274049 0.0062814135262303176
leaf_weight=179.6976130255498 57.421438233926892 308.62368791433983 98.615863698418252 112.22268476983299 79.547251683543436 69.091939174220897
leaf_count=13615 815 1843 3079 4237 1825 755
internal_value=0 0.00939915 -0.021067 -0.00141966 0.0160419 -0.00707018
internal_weight=905.22 626.907 278.313 238.736 388.171 181.315
internal_count=26169 9475 16694 5807 3668 4992
is_linear=0
shrinkage=0.025


Tree=29
num_leaves=7
num_cat=0
split_feature=9 62 19 60 24 84
split_gain=276.675 88.0623 53.1828 35.071 25.2904 18.0307
threshold=0.58350000000000002 0.75000000000000011 0.68236450000000015 0.68000000000000005 0.25000000000000006 0.91476388168137013
decision_type=2 2 2 2 2 2
left_child=-1 2 4 -4 -2 -3
right_child=1 5 3 -5 -6 -7
leaf_value=-0.027103902063292419 -0.019636538658660121 -0.02484315728642451 0.017054758959961357 0.0011616704780505517 0.0044030525847346255 -0.0010234189372325625
leaf_weight=184.18240315330331 43.658749351860024 53.754986399668269 406.78898937534541 112.14262888929807 64.407367333304137 32.263317442440894
leaf_count=14092 1280 4100 2868 2276 1046 507
internal_value=0 0.00707157 0.0103423 0.013659 -0.00545422 -0.016289
internal_weight=897.198 713.016 626.998 518.932 108.066 86.0183
internal_count=26169 12077 7470 5144 2326 4607
is_linear=0
shrinkage=0.025


Tree=30
num_leaves=7
num_cat=0
split_feature=9 1 44 0 60 20
split_gain=266.92 89.0199 42.1738 36.719 30.8732 30.6315
threshold=0.58350000000000002 0.60968363285064708 0.10183150000000002 0.51600000000000013 0.68000000000000005 0.69622600000000012
decision_type=2 2 2 2 2 2
left_child=-1 2 -2 -4 -3 -6
right_child=1 4 3 -5 5 -7
leaf_value=-0.026882793142818578 -0.016795053259645257 0.017722702472426351 0.014363604154464645 -0.0074893815392279009 -0.02689331601192986 0.0082706815166602079
leaf_weight=181.04321168552269 99.050754118274199 331.11567714612465 91.132829308276996 95.959258854360087 16.780965362675488 75.716821304347832
leaf_count=14092 3769 2176 1359 2653 451 1669
internal_value=0 0.0069275 -0.00380416 0.00315813 0.0141769 0.00125926
internal_weight=890.8 709.756 286.143 187.092 423.613 92.4978
internal_count=26169 12077 7781 4012 4296 2120
is_linear=0
shrinkage=0.025


Tree=31
num_leaves=7
num_cat=0
split_feature=2 9 15 29 2 0
split_gain=260.958 70.4634 41.0557 37.6854 38.2669 37.2965
threshold=0.53135663270950328 0.75000000000000011 0.67617700000000014 1.0000000180025095e-35 0.67512935400009166 0.43580000000000002
decision_type=2 2 2 2 2 2
left_child=2 5 -1 4 -3 -2
right_child=1 3 -4 -5 -6 -7
leaf_value=-0.028125917795894018 0.009771699480653007 -0.003974410868928171 -0.0016393422282611524 0.019174696351007502 0.016705962040948357 -0.014338750698389033
leaf_weight=182.32607945866766 59.81872250320157 125.05578082351713 46.890661548415665 265.28497968433658 96.899891391047277 109.72357773710974
leaf_count=13967 1324 2761 1597 1766 1248 3506
internal_value=0 0.00802102 -0.0228215 0.0128401 0.00510061 -0.00576275
internal_weight=886 656.783 229.217 487.241 221.956 169.542
internal_count=26169 10605 15564 5775 4009 4830
is_linear=0
shrinkage=0.025


Tree=32
num_leaves=7
num_cat=0
split_feature=2 9 15 61 0 33
split_gain=252.955 66.1224 37.5061 36.4344 43.145 27.0941
threshold=0.53135663270950328 0.73000000000000009 0.67617700000000014 0.50715900000000003 0.48566650000000006 0.50000000000000011
decision_type=2 2 2 2 2 2
left_child=2 5 -1 4 -3 -2
right_child=1 3 -4 -5 -6 -7
leaf_value=-0.027822317803276014 -0.012552385626190888 0.016733393638239002 -0.0023581381498803543 0.017410574875766759 -0.0056799167242224599 0.018158937842326004
leaf_weight=178.85214837943204 112.16304216574645 90.927771030925214 46.724429517518729 306.17218615568709 123.33335538464598 18.809558364795521
leaf_count=13967 4011 826 1597 3176 2231 361
internal_value=0 0.00790705 -0.0226699 0.0118998 0.00387473 -0.00781873
internal_weight=876.982 651.406 225.577 520.433 214.261 130.973
internal_count=26169 10605 15564 6233 3057 4372
is_linear=0
shrinkage=0.025


Tree=33
num_leaves=7
num_cat=0
split_feature=9 62 43 21 2 0
split_gain=243.835 82.8292 44.4165 35.8336 34.5302 28.4837
threshold=0.58350000000000002 0.58333333333333337 1.0000000180025095e-35 0.70400000000000007 0.46598570048809057 0.51966650000000014
decision_type=2 2 2 2 2 2
left_child=-1 3 4 5 -3 -2
right_child=1 2 -4 -5 -6 -7
leaf_value=-0.026279442483068363 0.010737270838455364 -0.023875470282767909 -0.025807781538836047 0.018893313026351461 0.0042053054872899752 -0.014009961147463177
leaf_weight=173.7480781529448 88.083919584867544 28.746611550159287 44.501485616725404 278.09555082488805 217.15420176001498 40.200586722232401
leaf_count=14092 1060 1707 1974 2130 4307 899
internal_value=0 0.00662351 -0.00353469 0.0138813 0.000680092 0.00279575
internal_weight=870.53 696.782 290.402 406.38 245.901 128.285
internal_count=26169 12077 7988 4089 6014 1959
is_linear=0
shrinkage=0.025


Tree=34
num_leaves=7
num_cat=0
split_feature=9 62 47 29 84 15
split_gain=236.081 79.6592 48.8306 59.1692 16.0564 14.422
threshold=0.58350000000000002 0.75000000000000011 0.92324450000000013 0.75473800000000013 0.91476388168137013 0.50111600000000012
decision_type=2 2 2 2 2 2
left_child=-1 2 3 -2 -3 -4
right_child=1 4 5 -5 -6 -7
leaf_value=-0.026064074612289378 -9.1232292744186405e-05 -0.023995522661872035 -0.0010119903424854197 0.024012164149050722 -0.001371225493303064 0.021615662280416809
leaf_weight=171.31993268465158 327.58420640276745 52.823940182046499 18.360043114982545 76.286944576073438 32.179590695770457 186.76857135491446
leaf_count=14092 6745 4100 72 206 507 447
internal_value=0 0.00650457 0.00968608 0.00455982 -0.0158146 0.0195604
internal_weight=865.323 694.003 609 403.871 85.0035 205.129
internal_count=26169 12077 7470 6951 4607 519
is_linear=0
shrinkage=0.025


Tree=35
num_leaves=7
num_cat=0
split_feature=1 62 29 84 18 21
split_gain=225.151 62.1161 38.6267 36.2486 31.7715 29.3149
threshold=0.51781070232391369 0.58333333333333337 0.75473800000000013 0.94893524554541508 0.68368300000000015 0.70400000000000007
decision_type=2 2 2 2 2 2
left_child=4 5 3 -3 -1 -2
right_child=1 2 -4 -5 -6 -7
leaf_value=-0.02702806453721493 0.0032967064309045186 -0.013439305457158808 0.020627426093478906 0.0085352851544116277 -0.0012291244286894236 0.017935357625079248
leaf_weight=170.31607408846321 128.33114063588437 147.8148348450195 35.733973865397274 65.676606463151984 37.224359094776446 272.33144178264774
leaf_count=14205 2383 5646 164 467 1149 2155
internal_value=0 0.00724793 -0.00251088 -0.00661818 -0.0225121 0.0133179
internal_weight=857.428 649.888 249.225 213.491 207.54 400.663
internal_count=26169 10815 6277 6113 15354 4538
is_linear=0
shrinkage=0.025


Tree=36
num_leaves=7
num_cat=0
split_feature=9 62 29 47 6 30
split_gain=221.356 53.9969 43.6493 43.4591 37.0296 34.0121
threshold=0.71000000000000008 0.75000000000000011 1.0000000180025095e-35 0.96388050000000014 0.72744600000000015 0.91500000000000015
decision_type=2 2 2 2 2 2
left_child=4 2 3 -2 5 -1
right_child=1 -3 -4 -5 -6 -7
leaf_value=-0.02530321671838049 -0.0033059532861395022 -0.012823587526634992 0.01776473612457511 0.019063456773418322 0.012542837783726592 0.0066047498187183822
leaf_weight=211.56913733427064 179.35417659001541 64.832457159849582 277.387282075244 74.753762657754123 18.879209242906654 21.653757808904629
leaf_count=15779 3986 3383 1925 181 260 655
internal_value=0 0.00830197 0.0109433 0.00336222 -0.0195264 -0.0222649
internal_weight=848.43 596.328 531.495 254.108 252.102 233.223
internal_count=26169 9475 6092 4167 16694 16434
is_linear=0
shrinkage=0.025


Tree=37
num_leaves=7
num_cat=0
split_feature=9 62 43 2 19 39
split_gain=215.697 72.4913 37.8054 30.145 28.9736 23.17
threshold=0.58350000000000002 0.58333333333333337 1.0000000180025095e-35 0.46598570048809057 0.68318650000000003 1.0000000180025095e-35
decision_type=2 2 2 2 2 2
left_child=-1 4 3 -3 -2 -6
right_child=1 2 -4 -5 5 -7
leaf_value=-0.025467515155780503 -0.0021621651715421613 -0.022936352465097152 -0.024557997585031639 0.0038132901080506843 -4.9283342934158014e-06 0.018738253549168936
leaf_weight=164.3416310250177 63.390208618482575 27.510596031410387 42.043061150470749 211.45673100161366 47.034449634607881 284.84504550346173
leaf_count=14092 1215 1707 1974 4307 454 2420
internal_value=0 0.00625982 -0.00340849 0.000491973 0.0131336 0.0160756
internal_weight=840.622 676.28 281.01 238.967 395.27 331.879
internal_count=26169 12077 7988 6014 4089 2874
is_linear=0
shrinkage=0.025


Tree=38
num_leaves=7
num_cat=0
split_feature=1 62 29 47 18 46
split_gain=205.309 55.1613 34.7618 42.4384 28.8779 27.4234
threshold=0.51781070232391369 0.58333333333333337 0.75473800000000013 0.98135300000000014 0.68368300000000015 0.040641500000000004
decision_type=2 2 2 2 2 2
left_child=4 5 3 -3 -1 -2
right_child=1 2 -4 -5 -6 -7
leaf_value=-0.026437708081330474 -0.0064011764974759196 -0.011543854270256103 0.019855433235523474 0.017560580647405847 -0.0016083037926464018 0.014939463149637925
leaf_weight=162.59320876258425 40.085944204241969 171.67366123929969 34.708278582664207 35.657305850356352 36.922561870887876 353.01639101444744
leaf_count=14205 1446 5929 164 184 1149 3092
internal_value=0 0.0069582 -0.00238933 -0.00634711 -0.0219628 0.0127145
internal_weight=834.657 635.142 242.039 207.331 199.516 393.102
internal_count=26169 10815 6277 6113 15354 4538
is_linear=0
shrinkage=0.025


Tree=39
num_leaves=7
num_cat=0
split_feature=9 1 39 44 60 20
split_gain=203.346 68.7263 34.4908 33.6563 30.3436 25.1716
threshold=0.58350000000000002 0.60968363285064708 1.0000000180025095e-35 0.10339400000000001 0.68000000000000005 0.69622600000000012
decision_type=2 2 2 2 2 2
left_child=-1 2 -2 -4 -3 -6
right_child=1 4 3 -5 5 -7
leaf_value=-0.025142082657428757 -0.022803627605370427 0.016328803571020244 -0.013157283406920576 0.0072153605683163771 -0.026370481117138345 0.0061728626068444092
leaf_weight=159.46143884136109 45.774020138836931 308.9313215323491 73.143728902330622 150.91365817544283 15.942975136451421 73.801877777383197
leaf_count=14092 2142 2176 2765 2874 451 1669
internal_value=0 0.00606856 -0.00363217 0.000454273 0.0126377 -7.15392e-05
internal_weight=827.969 668.508 269.831 224.057 398.676 89.7449
internal_count=26169 12077 7781 5639 4296 2120
is_linear=0
shrinkage=0.025


Tree=40
num_leaves=7
num_cat=0
split_feature=2 47 29 62 15 16
split_gain=195.929 51.564 59.1736 54.5843 31.8532 14.713
threshold=0.53135663270950328 0.94988050000000013 0.75473800000000013 0.41666666666666669 0.67881200000000008 0.60854950000000008
decision_type=2 2 2 2 2 2
left_child=4 2 3 -2 -1 -3
right_child=1 5 -4 -5 -6 -7
leaf_value=-0.02610183107235748 0.016592577165776595 -0.0097308702038633593 0.021773741477414534 -0.0067176267557235193 -0.0012688164154310722 0.020355797914639519
leaf_weight=161.65849261777475 77.239475794951431 8.9984901016578061 79.022914418485016 291.8551475716813 41.449182232609019 161.60394719010219
leaf_count=14069 1194 65 285 8635 1495 426
internal_value=0 0.00700131 0.0024872 -0.0017372 -0.0211536 0.0186007
internal_weight=821.828 618.72 448.118 369.095 203.108 170.602
internal_count=26169 10605 10114 9829 15564 491
is_linear=0
shrinkage=0.025


Tree=41
num_leaves=7
num_cat=0
split_feature=9 62 29 47 84 60
split_gain=190.201 63.0454 37.5203 44.1675 14.3496 13.8131
threshold=0.57000000000000017 0.75000000000000011 0.31620650000000006 0.8716965000000001 0.91476388168137013 0.82000000000000017
decision_type=2 2 2 2 2 2
left_child=-1 2 3 -2 -3 -4
right_child=1 4 5 -5 -6 -7
leaf_value=-0.024877345370595699 -0.0025761359778217422 -0.022592771983101619 0.020551254153434884 0.014247391246801354 -0.00072757623256931858 -0.00026788995584634917
leaf_weight=153.06786441721488 234.53387672145618 49.477448133548023 160.76035043690354 162.9279253478162 30.945857618236914 21.670874660136178
leaf_count=14009 5859 4145 729 622 507 298
internal_value=0 0.0058389 0.00873339 0.00434425 -0.0145604 0.0180607
internal_weight=813.384 660.316 579.893 397.462 80.4233 182.431
internal_count=26169 12160 7508 6481 4652 1027
is_linear=0
shrinkage=0.025


Tree=42
num_leaves=7
num_cat=0
split_feature=9 1 2 0 61 60
split_gain=183.984 50.174 35.5927 31.1218 31.2808 24.4628
threshold=0.71000000000000008 0.60968363285064708 0.56705352663993847 0.51600000000000013 0.48477250000000005 0.68000000000000005
decision_type=2 2 2 2 2 2
left_child=2 3 -1 -2 -5 -3
right_child=1 5 -4 4 -6 -7
leaf_value=-0.026238407228852789 0.0087442524046991831 0.016719002945206934 -0.0058896319497771764 -0.024039031824989149 0.0010432203434294896 0.00042399472409604253
leaf_weight=143.55982999116532 94.882929720100947 281.53531256085262 89.815802810684545 53.213671214209171 68.401172717451118 73.780440414266195
leaf_count=13615 1766 1843 3079 2626 1415 1825
internal_value=0 0.00763491 -0.0185896 -0.00180959 -0.0101244 0.0133864
internal_weight=805.189 571.814 233.376 216.498 121.615 355.316
internal_count=26169 9475 16694 5807 4041 3668
is_linear=0
shrinkage=0.025


Tree=43
num_leaves=7
num_cat=0
split_feature=9 62 43 61 21 0
split_gain=177.585 59.1405 35.1779 28.2881 27.8901 23.6914
threshold=0.57000000000000017 0.58333333333333337 1.0000000180025095e-35 0.71629350000000003 0.70400000000000007 0.51966650000000014
decision_type=2 2 2 2 2 2
left_child=-1 4 3 -3 5 -2
right_child=1 2 -4 -5 -6 -7
leaf_value=-0.024510062377215713 0.0092811424391998302 -0.0033572762850787767 -0.024318577422536999 0.019818394013201717 0.01652800459528719 -0.013957638863784511
leaf_weight=147.74516358747496 84.328363529872149 193.15634361369302 39.559444773767609 37.052106594899669 260.03652015142143 37.475512662669644
leaf_count=14009 1073 5446 2006 606 2130 899
internal_value=0 0.00562983 -0.00329029 0.00050809 0.011935 0.00192394
internal_weight=799.353 651.608 269.768 230.208 381.84 121.804
internal_count=26169 12160 8058 6052 4102 1972
is_linear=0
shrinkage=0.025


Tree=44
num_leaves=7
num_cat=0
split_feature=2 9 39 43 60 31
split_gain=172.599 51.0067 33.5877 41.6308 38.7382 22.8808
threshold=0.51854240894317638 0.73000000000000009 1.0000000180025095e-35 1.0000000180025095e-35 0.68000000000000005 0.52852950000000021
decision_type=2 2 2 2 2 2
left_child=-1 5 3 -3 -4 -2
right_child=1 2 4 -5 -6 -7
leaf_value=-0.02169808901355354 -0.011268274001813107 0.0050925653828695645 0.016646076230502984 -0.036521749316164524 -0.0014782101830121766 0.024491844976839202
leaf_weight=175.54973566043191 114.47504507130361 57.853429038019385 324.98081681865733 17.481853052100632 93.499493902083486 9.8817168644745816
leaf_count=14842 4541 850 2686 524 2526 200
internal_value=0 0.00622444 0.00982882 -0.00531466 0.0125911 -0.00793104
internal_weight=793.722 618.172 493.816 75.3353 418.48 124.357
internal_count=26169 11327 6586 1374 5212 4741
is_linear=0
shrinkage=0.025


Tree=45
num_leaves=7
num_cat=0
split_feature=2 47 29 62 18 28
split_gain=169.993 45.6032 52.5752 49.3471 23.9438 15.0816
threshold=0.53135663270950328 0.94988050000000013 0.91839300000000013 0.41666666666666669 0.68368300000000015 0.65961650000000016
decision_type=2 2 2 2 2 2
left_child=4 2 3 -2 -1 -6
right_child=1 -3 -4 -5 5 -7
leaf_value=-0.025016921139209877 0.015922493539165462 0.017622650193900774 0.023182001897022506 -0.0060667926064953727 -0.012048689587232431 0.019829267607480126
leaf_weight=149.53383372304961 78.66661926987581 165.09303273889236 61.429142801091075 294.50441101990873 29.734375894098775 10.465719391126184
leaf_count=14231 1208 491 196 8710 1236 97
internal_value=0 0.00653395 0.00222493 -0.00133292 -0.0204683 -0.00286958
internal_weight=789.427 599.693 434.6 373.171 189.734 40.2001
internal_count=26169 10605 10114 9918 15564 1333
is_linear=0
shrinkage=0.025


Tree=46
num_leaves=7
num_cat=0
split_feature=9 1 39 44 60 16
split_gain=164.474 56.4065 31.5261 29.6766 24.045 21.2318
threshold=0.57000000000000017 0.60968363285064708 1.0000000180025095e-35 0.10183150000000002 0.68000000000000005 0.59306800000000004
decision_type=2 2 2 2 2 2
left_child=-1 2 -2 -4 5 -3
right_child=1 4 3 -5 -6 -7
leaf_value=-0.024116757238765132 -0.022234352284907527 -0.023090174810516451 -0.012742474570960713 0.0068633895616682546 -5.438383812793876e-05 0.015940750981040901
leaf_weight=141.84513016129495 43.973617977491813 6.6798305800184599 69.064962368807755 145.44735977283563 86.00582495611161 289.4541784846806
leaf_count=14009 2163 157 2806 2893 2120 2021
internal_value=0 0.00541284 -0.00356266 0.000436637 0.0114905 0.0148451
internal_weight=782.471 640.626 258.486 214.512 382.14 296.134
internal_count=26169 12160 7862 5699 4298 2178
is_linear=0
shrinkage=0.025


Tree=47
num_leaves=7
num_cat=0
split_feature=9 62 29 47 84 16
split_gain=158.913 55.405 35.4014 44.6544 14.7196 13.8568
threshold=0.57000000000000017 0.75000000000000011 0.31620650000000006 0.8716965000000001 0.91476388168137013 0.60854950000000008
decision_type=2 2 2 2 2 2
left_child=-1 2 3 -2 -3 -4
right_child=1 4 5 -5 -6 -7
leaf_value=-0.023941331031854932 -0.0033415293337928698 -0.022115985168697463 -0.012869424367555744 0.014005878115044987 -7.2093402862179857e-05 0.018710493082107267
leaf_weight=139.32994943662197 225.20825120297377 48.532575419842033 7.1254722522571674 153.6806428078562 31.397703865950461 171.21259363763966
leaf_count=14009 5859 4145 116 622 507 911
internal_value=0 0.00530846 0.00811856 0.00371747 -0.0138278 0.0172399
internal_weight=776.487 637.157 557.227 378.889 79.9303 178.338
internal_count=26169 12160 7508 6481 4652 1027
is_linear=0
shrinkage=0.025


Tree=48
num_leaves=7
num_cat=0
split_feature=9 62 43 21 19 0
split_gain=152.983 52.1352 33.1835 24.4772 24.2328 21.0642
threshold=0.57000000000000017 0.58333333333333337 1.0000000180025095e-35 0.70400000000000007 0.64414750000000021 0.51966650000000014
decision_type=2 2 2 2 2 2
left_child=-1 3 4 5 -3 -2
right_child=1 2 -4 -5 -6 -7
leaf_value=-0.023749833406074027 0.0087228454616925123 -0.028516400283549938 -0.024358250531025218 0.015625109256848468 0.0027015438853423245 -0.013502734210720381
leaf_weight=136.54410575068323 82.689657155540772 14.253713154321302 37.192901305912528 250.84277442283928 210.85731883053086 36.186185609316453
leaf_count=14009 1073 1043 2006 2130 5009 899
internal_value=0 0.00520435 -0.00327869 0.0112279 0.000394922 0.00174645
internal_weight=768.567 632.023 262.304 369.719 225.111 118.876
internal_count=26169 12160 8058 4102 6052 1972
is_linear=0
shrinkage=0.025


Tree=49
num_leaves=7
num_cat=0
split_feature=9 62 2 60 30 84
split_gain=148.185 50.9391 32.729 29.6978 18.2795 13.3315
threshold=0.57000000000000017 0.75000000000000011 0.67512935400009166 0.68000000000000005 0.33500000000000008 0.90260840108401097
decision_type=2 2 2 2 2 2
left_child=-1 2 3 -2 -4 -3
right_child=1 5 4 -5 -6 -7
leaf_value=-0.023579649132488802 0.0066855180925597061 -0.021790940046015957 -0.0023726905799387236 -0.011372831669466767 0.018089126582942892 -0.00064014254629518336
leaf_weight=134.34427326085279 259.37486224505119 45.758024645299884 30.308279938064516 70.077898783987621 189.83426397177391 32.008458609634545
leaf_count=14009 3638 4075 276 1978 1616 577
internal_value=0 0.00512293 0.00782096 0.00276125 0.0152377 -0.0134854
internal_weight=761.706 627.362 549.595 329.453 220.143 77.7665
internal_count=26169 12160 7508 5616 1892 4652
is_linear=0
shrinkage=0.025


Tree=50
num_leaves=7
num_cat=0
split_feature=2 44 19 43 60 15
split_gain=146.736 39.4775 54.4293 40.4817 35.7568 26.1781
threshold=0.53135663270950328 0.047175500000000009 0.71974850000000001 1.0000000180025095e-35 0.68000000000000005 0.67617700000000014
decision_type=2 2 2 2 2 2
left_child=5 2 -2 4 -3 -1
right_child=1 3 -4 -5 -6 -7
leaf_value=-0.024925846810994856 -0.0235229605638832 0.016471417725428417 0.0086726003679806398 -0.0095183568331323118 -0.0014769913677625166 -0.0017278800736999389
leaf_weight=136.41315044628573 57.837302047933917 305.25626914284658 69.391018369002268 58.091803597984836 87.934015223057941 40.483030262053944
leaf_count=13967 2759 3097 888 1712 2149 1597
internal_value=0 0.00610238 -0.00606714 0.0095671 0.0124513 -0.0197638
internal_weight=755.407 578.51 127.228 451.282 393.19 176.896
internal_count=26169 10605 3647 6958 5246 15564
is_linear=0
shrinkage=0.025


Tree=51
num_leaves=7
num_cat=0
split_feature=1 2 34 0 22 20
split_gain=141.688 43.0094 30.4355 33.6446 25.3686 17.9507
threshold=0.50930187106132518 0.67512935400009166 0.11836900000000002 0.48566650000000006 0.41060950000000002 0.69749450000000013
decision_type=2 2 2 2 2 2
left_child=5 2 4 -4 -2 -1
right_child=1 -3 3 -5 -6 -7
leaf_value=-0.02464417631341587 -0.021100711492008605 0.013948085298702029 0.015839430683800428 -0.0021747985409090779 0.0095428910624385625 -0.001560375236183251
leaf_weight=130.82634063578735 60.301093815622153 231.89026056806324 96.906287311867345 182.87150084399036 20.97470075218007 26.396535395091632
leaf_count=13823 2886 2615 1293 4112 424 1016
internal_value=0 0.00560852 0.000169197 0.00411879 -0.0130393 -0.0209084
internal_weight=750.167 592.944 361.054 279.778 81.2758 157.223
internal_count=26169 11330 8715 5405 3310 14839
is_linear=0
shrinkage=0.025


Tree=52
num_leaves=7
num_cat=0
split_feature=1 44 60 39 43 20
split_gain=139.041 44.8356 37.5423 33.1003 34.3654 30.0141
threshold=0.56367313861846935 0.094885000000000011 0.68000000000000005 1.0000000180025095e-35 1.0000000180025095e-35 0.69622600000000012
decision_type=2 2 2 2 2 2
left_child=1 -1 3 4 -2 -4
right_child=2 -3 5 -5 -6 -7
leaf_value=-0.02417669509823879 0.0061517727703613578 -0.0030569257880094613 -0.025949267605494666 0.014942215342367303 -0.033971325712805367 0.0027767219768889228
leaf_weight=140.95927490464237 47.030127138277749 115.09248702293553 28.04071651439881 311.922093928908 15.728833473753182 85.913203999225516
leaf_count=13570 625 4771 1217 3296 528 2162
internal_value=0 -0.0148388 0.00781169 0.011622 -0.00468609 -0.00462209
internal_weight=744.687 256.052 488.635 374.681 62.759 113.954
internal_count=26169 18341 7828 4449 1153 3379
is_linear=0
shrinkage=0.025


Tree=53
num_leaves=7
num_cat=0
split_feature=1 44 60 39 43 20
split_gain=136.278 41.7559 37.6226 27.8834 28.862 27.3157
threshold=0.56367313861846935 0.094885000000000011 0.68000000000000005 1.0000000180025095e-35 1.0000000180025095e-35 0.69622600000000012
decision_type=2 2 2 2 2 2
left_child=1 -1 3 4 -2 -4
right_child=2 -3 5 -5 -6 -7
leaf_value=-0.023925350253675055 0.0059485246844019598 -0.0033954131541309332 -0.025351405305997346 0.014530232104319524 -0.031876618750960692 0.0022348473103144802
leaf_weight=138.6414749239193 47.279465446539689 113.98844310763525 27.472400601604022 312.96309439936886 14.346049860643687 86.144427314953646
leaf_count=13570 625 4771 1217 3296 528 2162
internal_value=0 -0.0148204 0.00770551 0.0115168 -0.00361994 -0.00476232
internal_weight=740.835 252.63 488.205 374.589 61.6255 113.617
internal_count=26169 18341 7828 4449 1153 3379
is_linear=0
shrinkage=0.025


Tree=54
num_leaves=7
num_cat=0
split_feature=2 9 61 6 15 0
split_gain=131.696 37.5329 28.6845 44.1657 23.901 22.6613
threshold=0.53135663270950328 0.73000000000000009 0.49446450000000003 0.62381950000000008 0.67617700000000014 0.46670000000000006
decision_type=2 2 2 2 2 2
left_child=4 5 3 -3 -1 -2
right_child=1 2 -4 -5 -6 -7
leaf_value=-0.024568444584994645 0.0072657121202706126 0.011291555483702852 0.01360026030686208 -0.014741018333090808 -0.0019459581605400453 -0.015299929160892218
leaf_weight=127.21496554581972 41.881251522077946 95.796179554890841 292.28859558037948 67.018357581517193 39.363775843987241 71.99043726696982
leaf_count=13967 1384 1223 3408 1602 1597 2988
internal_value=0 0.00573448 0.00894738 0.000462121 -0.0193822 -0.00694745
internal_weight=735.554 568.975 455.103 162.815 166.579 113.872
internal_count=26169 10605 6233 2825 15564 4372
is_linear=0
shrinkage=0.025


Tree=55
num_leaves=7
num_cat=0
split_feature=2 29 62 47 16 15
split_gain=127.127 38.4764 36.9521 47.2011 22.9842 22.9591
threshold=0.53135663270950328 1.0000000180025095e-35 0.41666666666666669 0.8716965000000001 0.60695300000000019 0.67617700000000014
decision_type=2 2 2 2 2 2
left_child=5 2 -2 -4 -3 -1
right_child=1 4 3 -5 -6 -7
leaf_value=-0.024391541756253701 0.014847986675036152 -0.014851343331751863 -0.014694837060064862 0.0085487100414300306 0.014202080556381176 -0.0021639296139894055
leaf_weight=124.60251569344109 70.259835394099355 15.937661059899254 136.98676934441028 87.133665305067552 256.38956970753497 39.471805544395465
leaf_count=13967 944 706 5796 590 2569 1597
internal_value=0 0.0056215 -0.000625323 -0.00562497 0.0123503 -0.0192094
internal_weight=730.782 566.708 294.38 224.12 272.327 164.074
internal_count=26169 10605 7330 6386 3275 15564
is_linear=0
shrinkage=0.025


Tree=56
num_leaves=7
num_cat=0
split_feature=9 2 39 60 61 6
split_gain=124.354 45.8941 33.9224 33.5009 18.2633 13.7099
threshold=0.57000000000000017 0.66551268100738536 1.0000000180025095e-35 0.68000000000000005 0.50715900000000003 0.59777650000000004
decision_type=2 2 2 2 2 2
left_child=-1 2 -2 -4 5 -3
right_child=1 4 3 -5 -6 -7
leaf_value=-0.022703031059710648 -0.019003338863848279 0.018713451550472462 0.0067412413198273298 -0.012835618377991496 0.016342811876321382 -0.0086466530643869704
leaf_weight=122.45066401934309 53.094922172662336 13.754209693521259 234.36435799309402 68.393973303725943 196.0374858295545 36.08454566670116
leaf_count=14009 2409 138 4362 2699 2049 503
internal_value=0 0.00469484 -0.00103166 0.00222121 0.0129449 -0.000395592
internal_weight=724.18 601.729 355.853 302.758 245.876 49.8388
internal_count=26169 12160 9470 7061 2690 641
is_linear=0
shrinkage=0.025


Tree=57
num_leaves=7
num_cat=0
split_feature=9 2 1 39 60 0
split_gain=120.21 39.4916 30.4081 25.591 30.6236 21.1524
threshold=0.73000000000000009 0.66890439391136181 0.51781070232391369 1.0000000180025095e-35 0.68000000000000005 0.46670000000000006
decision_type=2 2 2 2 2 2
left_child=2 3 -1 -2 -5 -4
right_child=1 -3 5 4 -6 -7
leaf_value=-0.025954444509388754 -0.016514890419913938 0.014789597276808586 0.0072404256247074143 0.0081971012032009179 -0.012472841720298901 -0.014830651541125523
leaf_weight=97.54480474061711 43.383446246851236 209.53302092477679 40.999793030743604 204.02530830149772 54.590277430572314 69.55033072916558
leaf_count=12674 1833 2127 1334 3172 2093 2936
internal_value=0 0.0065175 -0.0159083 0.000675111 0.0037228 -0.00658864
internal_weight=719.627 511.532 208.095 301.999 258.616 110.55
internal_count=26169 9225 16944 7098 5265 4270
is_linear=0
shrinkage=0.025


Tree=58
num_leaves=7
num_cat=0
split_feature=2 60 39 48 43 44
split_gain=116.701 35.0045 36.0638 28.6405 27.5234 22.5655
threshold=0.53135663270950328 0.68000000000000005 1.0000000180025095e-35 0.66160000000000008 1.0000000180025095e-35 0.047175500000000009
decision_type=2 2 2 2 2 2
left_child=-1 2 4 -3 -2 -4
right_child=1 3 5 -5 -6 -7
leaf_value=-0.018790249716912382 0.0023601675670130709 -0.018227852406169233 -0.00041035546316808917 0.0044922159659366119 -0.031435455850441732 0.015360254483818274
leaf_weight=157.97695154073881 51.848512480937643 59.315810399566544 69.389218821364921 76.280610771587817 18.33715211301751 280.91170498277643
leaf_count=15564 940 2159 1618 2186 841 2861
internal_value=0 0.00539831 0.00895601 -0.00553323 -0.00712663 0.0122308
internal_weight=714.06 556.083 420.487 135.596 70.1857 350.301
internal_count=26169 10605 6260 4345 1781 4479
is_linear=0
shrinkage=0.025


Tree=59
num_leaves=7
num_cat=0
split_feature=9 1 1 0 6 6
split_gain=114.843 38.1328 29.0829 20.561 22.339 19.6523
threshold=0.73000000000000009 0.61158692836761486 0.51781070232391369 0.46670000000000006 0.70334900000000011 0.54787700000000006
decision_type=2 2 2 2 2 2
left_child=2 5 -1 -4 -5 -2
right_child=1 -3 3 4 -6 -7
leaf_value=-0.02577826964170974 0.010213058004347159 0.011832673426645282 0.0069039152182674111 -0.02698880485392624 0.0010125959903322143 -0.0071042406513328951
leaf_weight=94.217081660237454 54.538827742799185 309.18390734534478 41.31596934083791 38.170310947316466 30.329059604438953 141.67401119730494
leaf_count=12674 1044 3505 1334 2267 669 4676
internal_value=0 0.00639175 -0.0157183 -0.00662776 -0.0148684 -0.0021788
internal_weight=709.429 505.397 204.032 109.815 68.4994 196.213
internal_count=26169 9225 16944 4270 2936 5720
is_linear=0
shrinkage=0.025


Tree=60
num_leaves=7
num_cat=0
split_feature=1 44 60 84 49 16
split_gain=111.072 35.6893 30.2831 24.0461 22.8519 22.1966
threshold=0.56367313861846935 0.094885000000000011 0.68000000000000005 0.93377192982456159 1.0000000180025095e-35 0.59306800000000004
decision_type=2 2 2 2 2 2
left_child=1 -1 5 -4 -3 -2
right_child=2 4 3 -5 -6 -7
leaf_value=-0.023139200154548806 -0.018267403163730232 0.0073172162257079182 -0.014152900209589529 0.0092646654785789942 -0.015130454480989207 0.011667046355437166
leaf_weight=123.58282112902816 13.798885506694203 56.848884480692504 63.974309651050135 43.982717633363791 51.533280844640103 350.40689008691697
leaf_count=13570 586 1808 3073 306 2963 3863
internal_value=0 -0.0140777 0.00695385 -0.00453939 -0.00337773 0.0103922
internal_weight=704.128 231.965 472.163 107.957 108.382 364.206
internal_count=26169 18341 7828 3379 4771 4449
is_linear=0
shrinkage=0.025


Tree=61
num_leaves=7
num_cat=0
split_feature=9 62 21 43 61 22
split_gain=107.749 41.9986 23.9306 23.2126 23.6034 20.6411
threshold=0.57000000000000017 0.58333333333333337 0.70400000000000007 1.0000000180025095e-35 0.71629350000000003 0.38669450000000005
decision_type=2 2 2 2 2 2
left_child=-1 2 -2 4 -3 -4
right_child=1 3 5 -5 -6 -7
leaf_value=-0.021983165099982396 0.0003831464854855984 -0.0040227958906370971 0.0024298791486782722 -0.022067681836489467 0.018109171498409862 0.019286321981337569
leaf_weight=113.81677713570389 110.97424132935703 177.82338461888139 65.287739252671599 33.455302228350774 33.640576916281134 163.65123654680792
leaf_count=14009 1972 5446 603 2006 606 1527
internal_value=0 0.0043536 0.0100175 -0.00349358 -0.000290602 0.0145953
internal_weight=698.649 584.832 339.913 244.919 211.464 228.939
internal_count=26169 12160 4102 8058 6052 2130
is_linear=0
shrinkage=0.025


Tree=62
num_leaves=7
num_cat=0
split_feature=9 1 1 0 6 0
split_gain=105.216 35.5896 27.5487 19.42 19.4721 19.1288
threshold=0.73000000000000009 0.60968363285064708 0.51781070232391369 0.46670000000000006 0.70334900000000011 0.51600000000000013
decision_type=2 2 2 2 2 2
left_child=2 5 -1 -4 -5 -2
right_child=1 -3 3 4 -6 -7
leaf_value=-0.025509199333892143 0.0065000125750040386 0.011343349410286408 0.0066974333597902801 -0.026342828925859998 0.00018691391107755956 -0.0093345645836458557
leaf_weight=89.136519299121574 82.224965663976036 307.68194527336163 40.792592937970767 36.361650711216498 29.921250356099335 105.98653374837886
leaf_count=12674 1748 3569 1334 2267 669 3908
internal_value=0 0.00613279 -0.0153818 -0.00648153 -0.0146681 -0.00237642
internal_weight=692.105 495.893 196.212 107.075 66.2829 188.211
internal_count=26169 9225 16944 4270 2936 5656
is_linear=0
shrinkage=0.025


Tree=63
num_leaves=7
num_cat=0
split_feature=1 85 29 44 20 28
split_gain=101.39 41.1293 50.2342 29.7169 16.2533 10.7019
threshold=0.50750878453254711 0.96318879855465234 0.89118900000000012 0.098009500000000013 0.69749450000000013 0.31620650000000006
decision_type=2 2 2 2 2 2
left_child=4 2 3 -2 -1 -6
right_child=1 -3 -4 -5 5 -7
leaf_value=-0.023602084104657389 -0.013215688498165358 0.015462474315939593 0.021327893360983483 0.0020892462000669521 -0.015923293455590064 0.014543248297235674
leaf_weight=107.51878333176865 119.5784710746957 155.93978833383881 58.452923914417624 222.66512305552897 11.865979266614888 11.921346079907378
leaf_count=13743 4775 779 217 5662 814 179
internal_value=0 0.0046781 0.000389566 -0.00328991 -0.0195484 -0.000390701
internal_weight=687.942 556.636 400.697 342.244 131.306 23.7873
internal_count=26169 11433 10654 10437 14736 993
is_linear=0
shrinkage=0.025


Tree=64
num_leaves=7
num_cat=0
split_feature=19 62 29 85 44 2
split_gain=99.1726 40.2498 25.7511 31.394 24.8986 20.5557
threshold=0.68236450000000015 0.75000000000000011 0.91839300000000013 0.96318879855465234 0.33894050000000003 0.68425273895263683
decision_type=2 2 2 2 2 2
left_child=4 2 3 -2 5 -1
right_child=1 -3 -4 -5 -6 -7
leaf_value=-0.023147679605468319 0.0012611632963375936 -0.011966107353197912 0.025174572114262519 0.016626045899333419 0 0.012344191849782948
leaf_weight=130.4793075179623 253.73746494806255 65.407499393942999 50.440089238109067 122.48135284928139 50.215867820603307 9.1874710600823146
leaf_count=14311 5682 3898 117 454 1611 96
internal_value=0 0.0059244 0.00874116 0.00636317 -0.0152301 -0.0205754
internal_weight=681.949 492.066 426.659 376.219 189.883 139.667
internal_count=26169 10151 6253 6136 16018 14407
is_linear=0
shrinkage=0.025


Tree=65
num_leaves=7
num_cat=0
split_feature=2 29 85 62 15 19
split_gain=95.397 34.88 36.8803 29.9124 16.4665 15.3838
threshold=0.51854240894317638 0.31620650000000006 0.96318879855465234 0.41666666666666669 0.67881200000000008 0.68236450000000015
decision_type=2 2 2 2 2 2
left_child=4 2 3 -2 -1 -3
right_child=1 5 -4 -5 -6 -7
leaf_value=-0.023616264326939525 0.011401346390028674 -0.0059304667058082995 0.011886721164096677 -0.0090564023005920008 -0.0018059661358374446 0.016938286516947815
leaf_weight=101.77019341863343 53.997782350226771 19.133461159304716 118.43889506388223 209.42697616451187 28.973453912825789 144.7366993757314
leaf_count=13521 1109 428 632 8053 1321 1105
internal_value=0 0.00461129 0.000422573 -0.00476223 -0.0189732 0.0141665
internal_weight=676.477 545.734 381.864 263.425 130.744 163.87
internal_count=26169 11327 9794 9162 14842 1533
is_linear=0
shrinkage=0.025


Tree=66
num_leaves=7
num_cat=0
split_feature=1 29 62 47 18 32
split_gain=91.6419 33.066 31.0041 38.1931 21.7864 19.1427
threshold=0.50750878453254711 1.0000000180025095e-35 0.41666666666666669 0.8716965000000001 0.69107250000000009 0.10193000000000001
decision_type=2 2 2 2 2 2
left_child=-1 2 5 -4 -3 -2
right_child=1 4 3 -5 -6 -7
leaf_value=-0.019121331709945334 -0.0059984288566991735 0 -0.014051783564844739 0.0069688910924825325 0.015679007972077389 0.021592445342598202
leaf_weight=124.71848430021055 21.006833094230387 78.365000726626022 136.20596978337562 85.884732721548062 178.61497420002706 47.276071765925735
leaf_count=14736 389 1921 6265 634 1643 581
internal_value=0 0.00442406 -0.00133365 -0.00589683 0.0109139 0.0130686
internal_weight=672.072 547.354 290.374 222.091 256.98 68.2829
internal_count=26169 11433 7869 6899 3564 970
is_linear=0
shrinkage=0.025


Tree=67
num_leaves=7
num_cat=0
split_feature=9 62 19 29 16 84
split_gain=91.8766 37.6475 26.1951 21.8618 12.5683 11.0594
threshold=0.57000000000000017 0.75000000000000011 0.68236450000000015 0.91839300000000013 0.67431750000000013 0.96318879855465223
decision_type=2 2 2 2 2 2
left_child=-1 2 4 -4 -2 -3
right_child=1 5 3 -5 -6 -7
leaf_value=-0.021293104478524911 0.00052727809536475565 -0.017735726256862445 0.0068977498655315985 0.024518779139272886 -0.019587878831041468 0.0037733156824903608
leaf_weight=104.03324306516151 58.811991158727324 55.324554025573889 354.17206405036268 49.257860663346946 25.821090968209319 18.272500550025143
leaf_count=14009 1641 4430 5056 104 707 222
internal_value=0 0.00402089 0.00655492 0.00920855 -0.00589525 -0.012332
internal_weight=665.693 561.66 488.063 403.43 84.6331 73.5971
internal_count=26169 12160 7508 5160 2348 4652
is_linear=0
shrinkage=0.025


Tree=68
num_leaves=7
num_cat=0
split_feature=9 61 6 44 1 2
split_gain=89.3222 34.2814 40.72 30.9349 24.3934 17.8549
threshold=0.73000000000000009 0.49446450000000003 0.62381950000000008 0.16062100000000004 0.51781070232391369 0.70846572518348705
decision_type=2 2 2 2 2 2
left_child=4 2 3 -2 -1 -3
right_child=1 5 -4 -5 -6 -7
leaf_value=-0.024970732031705748 -0.010829601470283994 0.0064287108514649409 -0.015824194519893565 0.015150715736601884 -0.0063341062186471862 0.019908168430760934
leaf_weight=79.835147310019238 39.94266331079416 175.31759675312787 79.114697127282852 85.544923789115273 102.64198751389631 98.199459855444729
leaf_count=12674 1554 2817 2611 1334 4270 909
internal_value=0 0.00568163 -0.00201437 0.00676282 -0.0147624 0.0114364
internal_weight=660.596 478.119 204.602 125.488 182.477 273.517
internal_count=26169 9225 5499 2888 16944 3726
is_linear=0
shrinkage=0.025


Tree=69
num_leaves=7
num_cat=0
split_feature=9 62 21 29 47 0
split_gain=86.4757 35.3058 23.3303 19.003 22.1621 17.6327
threshold=0.57000000000000017 0.58333333333333337 0.70400000000000007 0.60023650000000017 0.98135300000000014 0.51966650000000014
decision_type=2 2 2 2 2 2
left_child=-1 2 5 4 -3 -2
right_child=1 3 -4 -5 -6 -7
leaf_value=-0.021031514006502258 0.0066264516595248672 -0.0099596179263685015 0.013952159075203802 0.013195487498458437 0.01243718337534715 -0.014547397822363611
leaf_weight=100.62731718231225 72.350810711388476 170.24221979491995 214.61832426802721 33.801166379067581 30.340079981659073 34.076591681456193
leaf_count=14009 1073 7524 2130 341 193 899
internal_value=0 0.00388745 0.00925115 -0.00344261 -0.00641739 -0.000251075
internal_weight=656.057 555.429 321.046 234.383 200.582 106.427
internal_count=26169 12160 4102 8058 7717 1972
is_linear=0
shrinkage=0.025


Tree=70
num_leaves=7
num_cat=0
split_feature=9 2 39 29 16 30
split_gain=83.8227 35.2244 28.0692 22.2791 13.6153 11.4869
threshold=0.57000000000000017 0.67512935400009166 1.0000000180025095e-35 1.0000000180025095e-35 0.60377350000000007 0.33500000000000008
decision_type=2 2 2 2 2 2
left_child=-1 2 -2 -4 -3 -6
right_child=1 4 3 -5 5 -7
leaf_value=-0.020887598998953674 -0.017294129590688555 -0.015889189341285869 -0.0038576091713710655 0.009802649364796856 -0.0018782916947577778 0.015872853460011504
leaf_weight=98.976402096654056 52.902459958611871 8.041727743810041 169.01324919320177 129.16142120643053 24.746423039119691 167.20245944161434
leaf_count=14009 2452 169 5363 2083 299 1794
internal_value=0 0.00382898 -0.000930879 0.00206286 0.0121363 0.0135446
internal_weight=650.044 551.068 351.077 298.175 199.991 191.949
internal_count=26169 12160 9898 7446 2262 2093
is_linear=0
shrinkage=0.025


Tree=71
num_leaves=7
num_cat=0
split_feature=2 62 43 21 0 9
split_gain=81.7285 29.0372 19.5632 18.8777 22.9715 19.7427
threshold=0.51854240894317638 0.58333333333333337 1.0000000180025095e-35 0.70400000000000007 0.48220000000000002 0.78000000000000014
decision_type=2 2 2 2 2 2
left_child=-1 3 -3 4 -2 -5
right_child=1 2 -4 5 -6 -7
leaf_value=-0.018271128976127385 0.0087916882326031266 0.0001205151443277242 -0.021693331635533566 -0.0058888816822027139 -0.014856461641135793 0.016262406648296587
leaf_weight=121.40052265886334 70.221903084602673 179.65775672890595 27.330314522667322 27.15131232875865 37.152612546924502 183.3323159776628
leaf_count=14842 1313 4894 1697 407 1250 1766
internal_value=0 0.00429282 -0.00294249 0.00901793 0.000377711 0.0133283
internal_weight=646.247 524.846 206.988 317.858 107.375 210.484
internal_count=26169 11327 6591 4736 2563 2173
is_linear=0
shrinkage=0.025


Tree=72
num_leaves=7
num_cat=0
split_feature=9 29 85 1 2 16
split_gain=79.9677 29.1885 25.5359 23.0521 20.0316 17.4793
threshold=0.73000000000000009 1.0000000180025095e-35 0.96407056798623081 0.51781070232391369 0.71150264143943798 0.60695300000000019
decision_type=2 2 2 2 2 2
left_child=3 2 4 -1 -2 -3
right_child=1 5 -4 -5 -6 -7
leaf_value=-0.024655488542661228 -0.010544018260005915 -0.022147906706133851 0.011046617148938374 -0.0061066787742302684 0.011582226048654467 0.013018837578574178
leaf_weight=74.497508691201801 131.66740252527234 6.8131956930737934 75.010447445558384 100.46598114565131 29.062992382328957 222.94828673894517
leaf_count=12674 5207 292 438 4270 635 2653
internal_value=0 0.00541865 -0.000736085 -0.0142899 -0.00637347 0.0117112
internal_weight=640.466 465.502 235.741 174.963 160.73 229.761
internal_count=26169 9225 6280 16944 5842 2945
is_linear=0
shrinkage=0.025


Tree=73
num_leaves=7
num_cat=0
split_feature=9 2 39 60 16 21
split_gain=78.061 34.1725 28.088 27.1328 13.1953 11.8485
threshold=0.57000000000000017 0.66551268100738536 1.0000000180025095e-35 0.68000000000000005 0.60854950000000008 0.77400000000000013
decision_type=2 2 2 2 2 2
left_child=-1 2 -2 -4 -3 -6
right_child=1 4 3 -5 5 -7
leaf_value=-0.020588575570544491 -0.018699178015058503 -0.0097919620350062301 0.0059209972703681288 -0.012581457762914257 -0.003425739527999279 0.015058502467592608
leaf_weight=95.067645115137566 47.636949946885579 15.062218465609474 211.64511563477572 61.833343705045991 22.780673594330437 181.62035041290801
leaf_count=14009 2409 272 4362 2699 501 1917
internal_value=0 0.00369887 -0.00148007 0.00162982 0.0112474 0.0129396
internal_weight=635.646 540.579 321.115 273.478 219.463 204.401
internal_count=26169 12160 9470 7061 2690 2418
is_linear=0
shrinkage=0.025


Tree=74
num_leaves=7
num_cat=0
split_feature=9 61 49 31 24 2
split_gain=75.9022 28.6631 44.6447 22.2213 19.8162 17.9615
threshold=0.73000000000000009 0.49446450000000003 1.0000000180025095e-35 0.52852950000000021 1.0000000180025095e-35 0.56705352663993847
decision_type=2 2 2 2 2 2
left_child=3 2 4 5 -2 -1
right_child=1 -3 -4 -5 -6 -7
leaf_value=-0.02426493685830039 -0.0054696569697179342 0.010652292034850637 -0.014712763826333637 0.018811634003939939 0.016563591564135269 -0.0071511690130291738
leaf_weight=84.436590922821779 37.107911688857712 263.33600200200453 89.714159973504138 9.7627171944186539 69.845856986823492 77.084743274579523
leaf_count=13323 1191 3726 3427 556 881 3065
internal_value=0 0.00529283 -0.00188313 -0.0140862 0.00888883 -0.0163844
internal_weight=631.288 460.004 196.668 171.284 106.954 161.521
internal_count=26169 9225 5499 16944 2072 16388
is_linear=0
shrinkage=0.025


Tree=75
num_leaves=7
num_cat=0
split_feature=9 29 85 39 2 0
split_gain=74.1693 32.4749 36.3693 21.7686 10.4579 16.8056
threshold=0.57000000000000017 0.31620650000000006 0.96318879855465234 1.0000000180025095e-35 0.58813524246215831 0.51350000000000018
decision_type=2 2 2 2 2 2
left_child=-1 2 3 -2 5 -3
right_child=1 4 -4 -5 -6 -7
leaf_value=-0.020340781161716906 -0.021449669856741706 0.014106678278703225 0.011335595876276309 -0.0022182357718824649 0.016046903728570386 -0.020809392044671124
leaf_weight=92.643141326028854 42.250315896686516 18.601060709799643 112.03310814101133 219.71962928376161 128.60596699645976 12.058857170515692
leaf_count=14009 2141 302 727 7637 817 536
internal_value=0 0.00361216 -0.000410392 -0.00552639 0.0129728 0
internal_weight=625.912 533.269 374.003 261.97 159.266 30.6599
internal_count=26169 12160 10505 9778 1655 838
is_linear=0
shrinkage=0.025


Tree=76
num_leaves=7
num_cat=0
split_feature=2 60 39 84 43 44
split_gain=71.9943 28.8524 29.767 23.1696 22.5982 17.3246
threshold=0.51854240894317638 0.68000000000000005 1.0000000180025095e-35 0.93836657169990512 1.0000000180025095e-35 0.047175500000000009
decision_type=2 2 2 2 2 2
left_child=-1 2 4 -3 -2 -4
right_child=1 3 5 -5 -6 -7
leaf_value=-0.017713765540583522 0.0014536641230659154 -0.014228212076572492 -0.00096826554055646412 0.0073916409534137695 -0.030330964640702052 0.013520878282524188
leaf_weight=114.17966804123716 46.276985348085873 79.755288108863169 62.781162869767286 47.125727863633074 17.125457826856291 253.89455871854443
leaf_count=14842 1005 4212 1787 393 903 3027
internal_value=0 0.00405692 0.00750269 -0.00614294 -0.00782374 0.0106359
internal_weight=621.139 506.959 380.078 126.881 63.4024 316.676
internal_count=26169 11327 6722 4605 1908 4814
is_linear=0
shrinkage=0.025


Tree=77
num_leaves=7
num_cat=0
split_feature=9 2 1 39 60 0
split_gain=70.4439 27.197 21.1942 19.3248 24.1955 16.6032
threshold=0.73000000000000009 0.66890439391136181 0.51781070232391369 1.0000000180025095e-35 0.68000000000000005 0.46670000000000006
decision_type=2 2 2 2 2 2
left_child=2 3 -1 -2 -5 -4
right_child=1 -3 5 4 -6 -7
leaf_value=-0.024303604663415926 -0.015782905507963588 0.012527289063725853 0.0066704496641559032 0.0070898980619596213 -0.012261277556121816 -0.01393922207258453
leaf_weight=68.27891923453717 38.43641659898276 181.77802202140447 37.50981268970645 181.3757809108356 49.118594290572219 59.993424016633071
leaf_count=12674 1833 2127 1334 3172 2093 2936
internal_value=0 0.00512878 -0.0138126 2.63604e-05 0.00284127 -0.00595457
internal_weight=616.491 450.709 165.782 268.931 230.494 97.5032
internal_count=26169 9225 16944 7098 5265 4270
is_linear=0
shrinkage=0.025


Tree=78
num_leaves=7
num_cat=0
split_feature=19 62 44 0 47 2
split_gain=70.0877 33.1463 20.3803 18.6709 27.9661 18.6211
threshold=0.68236450000000015 0.58333333333333337 0.39047500000000007 0.45106650000000009 0.78513100000000013 0.68425273895263683
decision_type=2 2 2 2 2 2
left_child=2 -2 5 -3 -5 -1
right_child=1 3 -4 4 -6 -7
leaf_value=-0.022062696067800536 0.010949405558489013 0.012220209290394659 0.0005531280406303068 -0.017231412475504027 0.0037814044013925866 0.011548248006836924
leaf_weight=110.10725939196709 256.58485806721728 38.799450789752882 43.511070774722612 75.807409301225562 77.500690382352332 9.4532445459626597
leaf_count=14477 3447 1145 1433 4503 1056 108
internal_value=0 0.00510521 -0.013912 -0.00269591 -0.00666257 -0.0191514
internal_weight=611.764 448.692 163.072 192.108 153.308 119.561
internal_count=26169 10151 16018 6704 5559 14585
is_linear=0
shrinkage=0.025


Tree=79
num_leaves=7
num_cat=0
split_feature=9 62 47 39 61 44
split_gain=65.9996 30.6622 21.4691 25.0594 8.79528 8.49263
threshold=0.57000000000000017 0.75000000000000011 0.98135300000000014 1.0000000180025095e-35 0.50715900000000003 0.40703000000000006
decision_type=2 2 2 2 2 2
left_child=5 2 3 -2 -4 -1
right_child=1 -3 4 -5 -6 -7
leaf_value=-0.021938380160318151 -0.012831321867428047 -0.011766153414800265 -0.0010001692988884452 0.0057871661057573506 0.020844558232295946 0.0056651909749570175
leaf_weight=81.099598930595675 49.916125462157652 69.267930853500729 12.621092207729815 320.30600576847792 67.456660970114172 6.0727714637760064
leaf_count=13390 1449 4652 80 5799 180 619
internal_value=0 0.00340324 0.0058081 0.00318418 0.0173696 -0.0198135
internal_weight=606.74 519.568 450.3 370.222 80.0778 87.1724
internal_count=26169 12160 7508 7248 260 14009
is_linear=0
shrinkage=0.025


Tree=80
num_leaves=7
num_cat=0
split_feature=19 29 47 39 1 55
split_gain=64.595 32.219 33.5958 28.7093 19.7645 19.3277
threshold=0.68236450000000015 0.60023650000000017 0.92324450000000013 1.0000000180025095e-35 0.60792189836502086 1.0000000180025095e-35
decision_type=2 2 2 2 2 2
left_child=4 2 3 -2 -1 -6
right_child=1 -3 -4 -5 5 -7
leaf_value=-0.018093482457802394 -0.022492998756328132 0.019780999626328736 0.012225337696213021 0.00024013484637572951 0.014955143913194802 -0.023058876304439247
leaf_weight=124.85436374315759 39.06019994764938 73.139848793274723 125.59459020459326 206.29866010020487 24.112335733603686 9.6434826329641492
leaf_count=15261 2217 402 649 6883 440 317
internal_value=0 0.00489552 0.00182439 -0.00353396 -0.0135703 0.00301265
internal_weight=602.703 444.093 370.953 245.359 158.61 33.7558
internal_count=26169 10151 9749 9100 16018 757
is_linear=0
shrinkage=0.025


Tree=81
num_leaves=7
num_cat=0
split_feature=2 60 39 44 84 47
split_gain=63.4627 33.1711 27.6204 23.7069 21.824 16.9249
threshold=0.46598570048809057 0.68000000000000005 1.0000000180025095e-35 0.047175500000000009 0.93377192982456159 0.93479450000000008
decision_type=2 2 2 2 2 2
left_child=-1 2 5 -4 -3 -2
right_child=1 4 3 -5 -6 -7
leaf_value=-0.021632050679813299 -0.016287729852188595 -0.015176675456072054 -0.0033720167193427939 0.013053124266875986 0.0054286533822239047 0.010352742773564891
leaf_weight=71.790811413433403 44.605602991563501 84.294646137568634 67.296555479522794 260.43515811144607 48.570041374652646 19.358799285255373
leaf_count=11852 2352 5091 2671 3592 509 102
internal_value=0 0.0030491 0.00671512 0.00965389 -0.0076184 -0.00800722
internal_weight=596.352 524.561 391.696 327.732 132.865 63.9644
internal_count=26169 14317 8717 6263 5600 2454
is_linear=0
shrinkage=0.025


Tree=82
num_leaves=7
num_cat=0
split_feature=2 29 85 62 15 26
split_gain=61.8564 27.8747 29.1804 28.1535 15.1162 9.48748
threshold=0.51854240894317638 0.91839300000000013 0.96318879855465234 0.41666666666666669 0.67881200000000008 0.58520000000000005
decision_type=2 2 2 2 2 2
left_child=4 2 3 -2 -1 -4
right_child=1 -3 5 -5 -6 -7
leaf_value=-0.022316842644227858 0.0119687006977824 0.020274334875050332 0.013685319845837863 -0.006527691789780134 -1.6187469530186882e-05 -0.0076120051486872039
leaf_weight=80.04018161251588 62.547950254171155 54.234299635281786 116.49148594669532 241.31512530552573 25.704117308079731 12.533295976929365
leaf_count=13521 1246 215 640 9117 1321 109
internal_value=0 0.00378096 0.00158994 -0.00262519 -0.0171025 0.0114446
internal_weight=592.866 487.122 432.888 303.863 105.744 129.025
internal_count=26169 11327 11112 10363 14842 749
is_linear=0
shrinkage=0.025


Tree=83
num_leaves=7
num_cat=0
split_feature=2 60 39 44 34 43
split_gain=60.0602 30.2074 25.4606 22.072 20.2844 19.9053
threshold=0.46598570048809057 0.68000000000000005 1.0000000180025095e-35 0.075027500000000011 0.30349850000000006 1.0000000180025095e-35
decision_type=2 2 2 2 2 2
left_child=-1 2 5 -4 -3 -2
right_child=1 4 3 -5 -6 -7
leaf_value=-0.021380408709519752 0.00097846409863100187 -0.020805462574992235 -0.0014054342977588654 0.013179259197520346 -0.00013341435278713617 -0.02894801804747156
leaf_weight=69.625278644241916 45.726483473059488 43.268517988268286 86.689342400874011 238.51102653209819 86.885288836536347 17.042144346632995
leaf_count=11852 1311 2890 2955 3308 2710 1143
internal_value=0 0.00296197 0.00646333 0.00928362 -0.00733421 -0.00781031
internal_weight=587.748 518.123 387.969 325.2 130.154 62.7686
internal_count=26169 14317 8717 6263 5600 2454
is_linear=0
shrinkage=0.025


Tree=84
num_leaves=7
num_cat=0
split_feature=9 2 31 0 61 2
split_gain=59.1147 25.3325 19.7609 17.7258 21.0229 14.8099
threshold=0.73000000000000009 0.64281457662582409 0.52852950000000021 0.51600000000000013 0.48477250000000005 0.56705352663993847
decision_type=2 2 2 2 2 2
left_child=2 3 5 -2 -5 -1
right_child=1 -3 -4 4 -6 -7
leaf_value=-0.023463178119342759 0.0070954108911884112 0.010485023752520577 0.018710652032148323 -0.020326762776087162 0.00061533686219018477 -0.0070385420011240228
leaf_weight=71.887083116038411 83.588795760646462 226.05946354626212 9.0621053763898072 46.802565291771316 74.039855121867731 73.076770386775024
leaf_count=13323 1858 2963 556 2694 1710 3065
internal_value=0 0.00475986 -0.013167 -0.00157892 -0.00767225 -0.0155025
internal_weight=584.517 430.491 154.026 204.431 120.842 144.964
internal_count=26169 9225 16944 6262 4404 16388
is_linear=0
shrinkage=0.025


Tree=85
num_leaves=7
num_cat=0
split_feature=9 29 85 24 1 0
split_gain=57.0296 28.2522 26.5419 18.6641 8.89366 12.8752
threshold=0.57000000000000017 0.31620650000000006 0.96318879855465234 1.0000000180025095e-35 0.58539897203445446 0.51350000000000018
decision_type=2 2 2 2 2 2
left_child=-1 2 3 -2 5 -3
right_child=1 4 -4 -5 -6 -7
leaf_value=-0.019202515238768973 -0.014798054550227202 0.013264262175540859 0.009694527933275042 -0.00025331902720811624 0.015241850318410658 -0.01764667298904303
leaf_weight=80.459030113401241 81.12898155968287 16.993516155169349 104.87153062867583 165.86364868488454 118.49162190733477 12.32725611652131
leaf_count=14009 4010 306 727 5768 795 554
internal_value=0 0.00317223 -0.000675237 -0.00516627 0.0122482 0
internal_weight=580.136 499.677 351.864 246.993 147.812 29.3208
internal_count=26169 12160 10505 9778 1655 860
is_linear=0
shrinkage=0.025


Tree=86
num_leaves=7
num_cat=0
split_feature=9 61 0 31 0 24
split_gain=55.7805 24.9619 30.329 19.0509 18.5037 16.4945
threshold=0.73000000000000009 0.50715900000000003 0.51600000000000013 0.52852950000000021 0.85456650000000012 1.0000000180025095e-35
decision_type=2 2 2 2 2 2
left_child=3 2 5 -1 -3 -2
right_child=1 4 -4 -5 -6 -7
leaf_value=-0.015313789741639544 -0.0050361389165135464 0.012555721987898472 -0.010158922942405094 0.01843753000924149 -0.015236882084708529 0.015932752664044991
leaf_weight=141.26095009715937 33.987496626621578 201.0790745287668 113.61677998775849 8.9662508769397373 13.80107407143805 63.686833493411541
leaf_count=16388 1126 2659 3782 556 797 861
internal_value=0 0.00462211 -0.00144458 -0.0129732 0.0105757 0.00860532
internal_weight=576.398 426.171 211.291 150.227 214.88 97.6743
internal_count=26169 9225 5769 16944 3456 1987
is_linear=0
shrinkage=0.025


Tree=87
num_leaves=7
num_cat=0
split_feature=2 60 44 61 43 20
split_gain=54.1042 29.0503 20.959 31.5261 30.6305 19.66
threshold=0.46598570048809057 0.68000000000000005 0.047175500000000009 0.71629350000000003 1.0000000180025095e-35 0.68995650000000019
decision_type=2 2 2 2 2 2
left_child=-1 2 3 -2 -4 -3
right_child=1 5 4 -5 -6 -7
leaf_value=-0.020977015323602782 -0.013113457868501996 -0.021805330504674005 0.012106643284255651 0.020229418027811797 -0.014345508238214032 -0.00071848779778360434
leaf_weight=65.323671701415151 64.951847048418131 38.232116501618293 265.20174620757462 21.492353191366419 28.075336017791415 89.373208507255185
leaf_count=11852 3572 2706 3955 243 947 2894
internal_value=0 0.00279063 0.0062645 -0.00438956 0.00944495 -0.00740121
internal_weight=572.65 507.327 379.721 86.4442 293.277 127.605
internal_count=26169 14317 8717 3815 4902 5600
is_linear=0
shrinkage=0.025


Tree=88
num_leaves=7
num_cat=0
split_feature=1 44 22 60 39 34
split_gain=53.9848 34.2715 17.7645 16.2518 15.3841 13.6925
threshold=0.61158692836761486 0.10004450000000001 0.41060950000000002 0.68000000000000005 1.0000000180025095e-35 0.29069600000000007
decision_type=2 2 2 2 2 2
left_child=1 2 -1 -2 -3 -5
right_child=3 4 -4 5 -6 -7
leaf_value=-0.022170021333953831 0.010566719352779615 -0.017568831266167689 0.0024131444945599458 -0.021781543476336832 0.0035004603357248194 0.0030010587046703941
leaf_weight=99.327573252245202 226.72238553862553 23.520575041344273 21.091738702321891 15.792393060284665 126.72563676302525 55.12935049769294
leaf_count=14359 2613 1754 1010 847 4102 1484
internal_value=0 -0.00804143 -0.0178315 0.00731862 0 -0.00295195
internal_weight=568.31 270.666 120.419 297.644 150.246 70.9217
internal_count=26169 21225 15369 4944 5856 2331
is_linear=0
shrinkage=0.025


Tree=89
num_leaves=7
num_cat=0
split_feature=19 29 47 6 44 16
split_gain=52.3005 30.4588 29.4961 26.515 18.7912 10.4596
threshold=0.68236450000000015 0.60023650000000017 0.92324450000000013 0.54787700000000006 0.43680000000000002 0.67436300000000016
decision_type=2 2 2 2 2 2
left_child=4 2 3 -2 -1 -6
right_child=1 -3 -4 -5 5 -7
leaf_value=-0.018049456724542758 0.016948122085979771 0.019299721615118261 0.01158011285739702 -0.0070482840238761391 0.0082361113940647695 -0.02309584533488895
leaf_weight=107.35446924150892 30.89800984406611 69.496586317778565 116.05005148414057 202.85734295471048 31.854451680119382 5.719543492748925
leaf_count=14780 938 402 649 8162 1008 230
internal_value=0 0.00448007 0.00139493 -0.0036936 -0.0128178 0.0021051
internal_weight=564.23 419.302 349.805 233.755 144.928 37.574
internal_count=26169 10151 9749 9100 16018 1238
is_linear=0
shrinkage=0.025


Tree=90
num_leaves=7
num_cat=0
split_feature=9 29 62 47 39 33
split_gain=50.4256 24.9928 18.5913 21.7214 15.1881 14.8334
threshold=0.73000000000000009 1.0000000180025095e-35 0.41666666666666669 0.8716965000000001 1.0000000180025095e-35 0.50000000000000011
decision_type=2 2 2 2 2 2
left_child=5 2 -2 -4 -3 -1
right_child=1 4 3 -5 -6 -7
leaf_value=-0.015508860737023676 0.012205647377858665 -0.0053338015787655008 -0.012511962273433886 0.0056451552088755165 0.013482006899721555 0.0081843524795202627
leaf_weight=127.60728215557901 45.379800024209544 29.525863349495921 102.2795426085504 65.162847087020054 173.02162581542507 16.820777144304884
leaf_count=15724 658 866 5116 506 2079 1220
internal_value=0 0.00442946 -0.00151924 -0.00541525 0.0106649 -0.0125976
internal_weight=559.798 415.37 212.822 167.442 202.547 144.428
internal_count=26169 9225 6280 5622 2945 16944
is_linear=0
shrinkage=0.025


Tree=91
num_leaves=7
num_cat=0
split_feature=2 60 39 44 43 20
split_gain=49.7493 26.2808 21.6711 19.1856 17.5551 17.2533
threshold=0.46598570048809057 0.68000000000000005 1.0000000180025095e-35 0.047175500000000009 1.0000000180025095e-35 0.68995650000000019
decision_type=2 2 2 2 2 2
left_child=-1 2 4 -4 -2 -3
right_child=1 5 3 -5 -6 -7
leaf_value=-0.020679999876720687 0.00086281660773853276 -0.020930459783903899 -0.0034112321703953959 0.011809858062717534 -0.028070712365990437 -0.00083988260254067449
leaf_weight=61.867611850255344 43.966639145684894 36.719349547784077 63.029732147726463 247.31561582960421 15.771637085592372 87.623198413406499
leaf_count=11852 1311 2706 2671 3592 1143 2894
internal_value=0 0.00267871 0.00602601 0.008688 -0.00745611 -0.00713737
internal_weight=556.294 494.426 370.084 310.345 59.7383 124.343
internal_count=26169 14317 8717 6263 2454 5600
is_linear=0
shrinkage=0.025


Tree=92
num_leaves=7
num_cat=0
split_feature=2 29 62 47 32 19
split_gain=48.0967 27.3699 28.2642 33.2094 16.0568 5.16383
threshold=0.46598570048809057 0.91839300000000013 0.41666666666666669 0.8716965000000001 0.15156000000000003 0.68236450000000015
decision_type=2 2 2 2 2 2
left_child=-1 2 4 -4 -2 -3
right_child=1 5 3 -5 -6 -7
leaf_value=-0.020555966165100831 0 0 -0.008190566147382226 0.0076590246674798678 0.021697532968994057 0.022438327822430177
leaf_weight=60.58850324825471 33.912507325178012 6.5636422038078299 229.79119101674587 125.46420685597695 51.668757541337982 44.376186721026897
leaf_count=11852 790 83 11590 1002 700 152
internal_value=0 0.00262372 0.000551846 -0.00255416 0.013251 0.0195255
internal_weight=552.365 491.776 440.837 355.255 85.5813 50.9398
internal_count=26169 14317 14082 12592 1490 235
is_linear=0
shrinkage=0.025


Tree=93
num_leaves=7
num_cat=0
split_feature=2 2 49 47 33 19
split_gain=46.8657 25.2441 24.5103 26.7179 14.2564 10.1508
threshold=0.46598570048809057 0.68277427554130565 1.0000000180025095e-35 0.80572300000000008 1.0000000180025095e-35 0.76890650000000005
decision_type=2 2 2 2 2 2
left_child=-1 2 4 -4 -2 -3
right_child=1 5 3 -5 -6 -7
leaf_value=-0.020466281355900822 -0.0053674201115698926 0.007419231105742833 -0.013424224584342091 0.0037291256558648722 0.014298376723719029 0.024045129671661218
leaf_weight=59.586631009777193 30.573612668173155 130.76801973109832 127.75502902237349 97.908229664782993 74.293014651455451 27.727682497352362
leaf_count=11852 1269 1885 8439 1110 1187 427
internal_value=0 0.00258518 -0.00133589 -0.00598426 0.00849189 0.0107104
internal_weight=548.612 489.026 330.53 225.663 104.867 158.496
internal_count=26169 14317 12005 9549 2456 2312
is_linear=0
shrinkage=0.025


Tree=94
num_leaves=7
num_cat=0
split_feature=9 29 31 62 55 39
split_gain=45.5127 23.4111 16.8043 15.6835 20.1508 12.8849
threshold=0.73000000000000009 1.0000000180025095e-35 0.52852950000000021 0.41666666666666669 1.0000000180025095e-35 1.0000000180025095e-35
decision_type=2 2 2 2 2 2
left_child=2 3 -1 -2 -5 -3
right_child=1 5 -4 4 -6 -7
leaf_value=-0.014547689104291946 0.01110814699546831 -0.0046151319710881289 0.017850312361606748 0.0024809632937985091 -0.014933540842941989 0.012968114604510536
leaf_weight=130.37502406768181 44.601563768694177 28.600556522491388 8.4953161556622927 91.518943144474179 71.639319026333396 168.86121769982856
leaf_count=16388 658 866 556 1941 3681 2079
internal_value=0 0.0042382 -0.0122232 -0.00158468 -0.00522253 0.0103517
internal_weight=544.092 405.222 138.87 207.76 163.158 197.462
internal_count=26169 9225 16944 6280 5622 2945
is_linear=0
shrinkage=0.025


Tree=95
num_leaves=7
num_cat=0
split_feature=1 44 62 86 39 6
split_gain=45.7074 28.9004 18.6055 14.2206 13.3034 10.0074
threshold=0.61158692836761486 0.10004450000000001 0.58333333333333337 0.012579113924050636 1.0000000180025095e-35 0.53097800000000006
decision_type=2 2 2 2 2 2
left_child=1 3 -2 -1 -3 -6
right_child=2 4 -4 -5 5 -7
leaf_value=0.0069286693119936255 0.011126783178363134 -0.016933364399111257 -0.0024768891933598844 -0.020118050883951862 0.013308943895459455 -0.0016852234815954784
leaf_weight=12.031635020655811 195.9047606458189 22.197284656198462 89.427878278394928 99.588444151348085 38.411774730237084 83.132811865536496
leaf_count=984 2764 1754 2180 14385 1338 2764
internal_value=0 -0.00764425 0.00684829 -0.0170381 -0.000123262 0.00315558
internal_weight=540.695 255.362 285.333 111.62 143.742 121.545
internal_count=26169 21225 4944 15369 5856 4102
is_linear=0
shrinkage=0.025


Tree=96
num_leaves=7
num_cat=0
split_feature=2 44 29 62 49 47
split_gain=43.6781 25.1581 21.6397 21.4403 15.8506 14.9732
threshold=0.57366925477981578 0.094885000000000011 1.0000000180025095e-35 0.41666666666666669 1.0000000180025095e-35 0.8716965000000001
decision_type=2 2 2 2 2 2
left_child=1 -1 3 -2 -3 -5
right_child=2 4 -4 5 -6 -7
leaf_value=-0.021515948176904748 0.012843948251873903 0.0075768191391286923 0.010761441303375294 -0.012899394142661539 -0.012642384792199302 0.0032821466966614457
leaf_weight=71.687217413767939 47.690084287663922 49.450831810456293 184.28663785918616 82.138236432947451 42.716261285400833 59.205721753416583
leaf_count=13241 803 1856 2527 4299 2947 496
internal_value=0 -0.0106654 0.00472094 -0.00118577 -0.00178805 -0.00612125
internal_weight=537.175 163.854 373.321 189.034 92.1671 141.344
internal_count=26169 18044 8125 5598 4803 4795
is_linear=0
shrinkage=0.025


Tree=97
num_leaves=7
num_cat=0
split_feature=2 60 39 43 34 22
split_gain=42.4963 24.6941 19.9379 16.3091 15.5613 14.4444
threshold=0.46598570048809057 0.68000000000000005 1.0000000180025095e-35 1.0000000180025095e-35 0.29069600000000007 0.49268850000000003
decision_type=2 2 2 2 2 2
left_child=-1 2 3 -2 -3 -4
right_child=1 4 5 -5 -6 -7
leaf_value=-0.020089174815868638 0.00069186256613725829 -0.019961425853825234 0.0051008868936005067 -0.027764505886233894 -0.0008505369382555395 0.017967123424491829
leaf_weight=56.145269434338843 42.745094219862949 37.795364695019089 227.21245967235882 14.953172477413316 82.311267901168321 72.353998175123706
leaf_count=11852 1311 2827 5624 1143 2773 639
internal_value=0 0.00245511 0.00575966 -0.00738435 -0.00722015 0.00836041
internal_weight=533.517 477.371 357.265 57.6983 120.107 299.566
internal_count=26169 14317 8717 2454 5600 6263
is_linear=0
shrinkage=0.025


Tree=98
num_leaves=7
num_cat=0
split_feature=19 29 47 1 44 2
split_gain=41.6349 24.1101 24.0741 24.0863 16.6526 15.0621
threshold=0.68236450000000015 0.60023650000000017 0.92324450000000013 0.71458289027214061 0.43680000000000002 0.66551268100738536
decision_type=2 2 2 2 2 2
left_child=4 2 3 -2 5 -1
right_child=1 -3 -4 -5 -6 -7
leaf_value=-0.020905499214756436 -0.0068296498773135171 0.017702484251829045 0.010751817461952742 0.015844687949622946 0.0021553948752831274 0.0076975902442539615
leaf_weight=85.057293213394587 191.79031579887669 64.869134914973984 109.35267021507025 31.893947828910314 36.240583333630639 11.456396295223383
leaf_count=14575 8409 402 649 691 1238 205
internal_value=0 0.00405088 0.00125365 -0.00341856 -0.0119922 -0.0173132
internal_weight=530.66 397.906 333.037 223.684 132.754 96.5137
internal_count=26169 10151 9749 9100 16018 14780
is_linear=0
shrinkage=0.025


Tree=99
num_leaves=7
num_cat=0
split_feature=2 60 39 43 44 34
split_gain=40.2302 23.6411 18.445 16.3448 15.9816 14.743
threshold=0.46598570048809057 0.68000000000000005 1.0000000180025095e-35 1.0000000180025095e-35 0.047175500000000009 0.29069600000000007
decision_type=2 2 2 2 2 2
left_child=-1 2 3 -2 -4 -3
right_child=1 5 4 -5 -6 -7
leaf_value=-0.019886792590096018 0.00098750760190384024 -0.019678524117264017 -0.0031681305030810598 -0.027701992483857442 0.01104390396534417 -0.00092954674858083855
leaf_weight=54.287603526274324 42.426152576954337 37.088504967017798 60.020380591071444 14.648981548176378 236.68538003455615 81.578473485060385
leaf_count=11852 1311 2827 2671 1143 3592 2773
internal_value=0 0.00237778 0.00562484 -0.00708259 0.00813727 -0.00714673
internal_weight=526.735 472.448 353.781 57.0751 296.706 118.667
internal_count=26169 14317 8717 2454 6263 5600
is_linear=0
shrinkage=0.025


Tree=100
num_leaves=7
num_cat=0
split_feature=9 61 0 31 62 0
split_gain=39.7004 20.0604 33.3425 15.8185 13.765 15.1036
threshold=0.73000000000000009 0.49446450000000003 0.51600000000000013 0.52852950000000021 0.58333333333333337 0.85073300000000007
decision_type=2 2 2 2 2 2
left_child=3 2 -2 -1 -3 -6
right_child=1 4 -4 -5 5 -7
leaf_value=-0.014125526987128927 0.0078723145937039159 0.01314515730589238 -0.013955875229306407 0.017577687826001821 0.0044886815653550644 -0.026818080212160464
leaf_weight=123.12236322616809 90.101091925287619 150.43113523081411 80.17401192872785 8.3325262180660484 62.732138517079875 8.7978082438930851
leaf_count=16388 1981 1879 3518 556 1258 589
internal_value=0 0.00399082 -0.00240806 -0.0117601 0.00891079 -1.93061e-05
internal_weight=523.691 392.236 170.275 131.455 221.961 71.5299
internal_count=26169 9225 5499 16944 3726 1847
is_linear=0
shrinkage=0.025


Tree=101
num_leaves=7
num_cat=0
split_feature=1 44 62 22 6 1
split_gain=39.0187 24.8848 15.45 15.1274 11.8642 11.8785
threshold=0.61158692836761486 0.10004450000000001 0.58333333333333337 0.41060950000000002 0.53097800000000006 0.48245425522327429
decision_type=2 2 2 2 2 2
left_child=1 3 -2 -1 5 -3
right_child=2 4 -4 -5 -6 -7
leaf_value=-0.020936798476587779 0.01038342382865127 -0.011002826079980873 -0.0022176453277201647 0.0024073197981098493 -0.0049912958058816216 0.017848731736816396
leaf_weight=83.697156416994403 189.37756752653513 9.7867191206751141 86.400521101371851 20.304179838392884 99.27366400360188 31.481149507977534
leaf_count=14359 2764 1241 2180 1010 4047 568
internal_value=0 -0.00723132 0.00641964 -0.0163476 -0.000256224 0.010569
internal_weight=520.321 244.543 275.778 104.001 140.542 41.2679
internal_count=26169 21225 4944 15369 5856 1809
is_linear=0
shrinkage=0.025


Tree=102
num_leaves=7
num_cat=0
split_feature=2 29 62 47 32 22
split_gain=37.9639 22.5459 20.9408 23.6882 13.0472 4.26454
threshold=0.46598570048809057 0.9893010000000001 0.41666666666666669 0.88491400000000009 0.15156000000000003 0.42998650000000005
decision_type=2 2 2 2 2 2
left_child=-1 2 4 -4 -2 -3
right_child=1 5 3 -5 -6 -7
leaf_value=-0.019709850582910578 -0.00050196259555679973 0.0039550874457094515 -0.0069113088244014661 0.0068590035474599938 0.019397864144835492 0.024072474392125457
leaf_weight=52.182843213471642 32.380223506508628 11.053594757337121 225.9134066458646 115.80534070712747 49.794331866665743 30.139937902567908
leaf_count=11852 796 71 11714 924 708 104
internal_value=0 0.00230501 0.000518209 -0.00220333 0.0116699 0.0194097
internal_weight=517.27 465.087 423.893 341.719 82.1746 41.1935
internal_count=26169 14317 14142 12638 1504 175
is_linear=0
shrinkage=0.025


Tree=103
num_leaves=7
num_cat=0
split_feature=2 29 62 47 32 19
split_gain=36.8998 22.1322 21.4558 23.6818 14.9631 4.12076
threshold=0.46598570048809057 0.91839300000000013 0.41666666666666669 0.88491400000000009 0.15156000000000003 0.68236450000000015
decision_type=2 2 2 2 2 2
left_child=-1 2 4 -4 -2 -3
right_child=1 5 3 -5 -6 -7
leaf_value=-0.019580128722744037 -0.0015492457781672219 0 -0.0071994246932136326 0.0066715721446970067 0.020030143703751568 0.02079507355296779
leaf_weight=51.406642609239498 31.101388513314305 6.211235196562483 220.53292467503343 114.59537368043675 49.256507158279419 40.856447257800028
leaf_count=11852 790 83 11674 918 700 152
internal_value=0 0.00226963 0.000362177 -0.00241611 0.0117778 0.0180635
internal_weight=513.961 462.554 415.486 335.128 80.3579 47.0677
internal_count=26169 14317 14082 12592 1490 235
is_linear=0
shrinkage=0.025


Tree=104
num_leaves=7
num_cat=0
split_feature=1 44 60 22 49 19
split_gain=36.2767 22.9523 14.5195 14.4852 12.2327 12.5386
threshold=0.61158692836761486 0.10004450000000001 0.68000000000000005 0.41060950000000002 1.0000000180025095e-35 0.68236450000000015
decision_type=2 2 2 2 2 2
left_child=1 3 -2 -1 5 -3
right_child=2 4 -4 -5 -6 -7
leaf_value=-0.020664823482999462 0.0094567566375688122 -0.0058804110393806692 -0.003806780623343076 0.0022592455939148283 -0.0073227018766892048 0.015797609520480965
leaf_weight=80.297494474420091 206.22447205829667 25.118237507471349 65.89177785308857 20.330011165206088 72.468354435375659 39.66083832224831
leaf_count=14359 2613 1379 2331 1010 3791 686
internal_value=0 -0.00709206 0.00620777 -0.0160061 -0.000324421 0.00735569
internal_weight=509.991 237.875 272.116 100.628 137.247 64.7791
internal_count=26169 21225 4944 15369 5856 2065
is_linear=0
shrinkage=0.025


Tree=105
num_leaves=7
num_cat=0
split_feature=9 29 2 1 0 6
split_gain=35.6897 20.1443 15.5183 13.3564 15.7836 13.5469
threshold=0.73000000000000009 1.0000000180025095e-35 0.70184689760208141 0.49261230230331426 0.46670000000000006 0.70334900000000011
decision_type=2 2 2 2 2 2
left_child=3 2 -2 -1 -5 -6
right_child=1 -3 -4 4 5 -7
leaf_value=-0.023522192847863443 -0.0057039826782545149 0.0096512977356843204 0.010506619241194136 0.0071270859381059141 -0.024632913377206217 0
leaf_weight=37.553508048396907 149.37655305814405 186.09013590181712 46.104099083226174 34.276334091482568 29.425219429831486 24.507269172812812
leaf_count=11737 5458 2945 822 1719 2800 688
internal_value=0 0.00381311 -0.00175212 -0.011418 -0.00566215 -0.0139009
internal_weight=507.333 381.571 195.481 125.762 88.2088 53.9325
internal_count=26169 9225 6280 16944 5207 3488
is_linear=0
shrinkage=0.025


Tree=106
num_leaves=7
num_cat=0
split_feature=19 62 60 39 1 55
split_gain=34.4166 20.9097 14.3825 16.6497 13.8456 13.8671
threshold=0.68236450000000015 0.75000000000000011 0.68000000000000005 1.0000000180025095e-35 0.60792189836502086 1.0000000180025095e-35
decision_type=2 2 2 2 2 2
left_child=4 2 3 -2 -1 -6
right_child=1 -3 -4 -5 5 -7
leaf_value=-0.016018077390981812 -0.0055253033727839769 -0.010241623129909633 -0.0030058044116617368 0.011858602622702406 0.013767944776591988 -0.020568596459117103
leaf_weight=93.240406093354977 38.845115766278468 54.609978554290137 79.063436872907914 209.10897734365426 21.240514188830275 8.0943455450178607
leaf_count=15261 910 3898 2650 2693 440 317
internal_value=0 0.00370874 0.00612495 0.00907229 -0.0113902 0.00314741
internal_weight=504.203 381.628 327.018 247.954 122.575 29.3349
internal_count=26169 10151 6253 3603 16018 757
is_linear=0
shrinkage=0.025


Tree=107
num_leaves=7
num_cat=0
split_feature=9 29 2 31 39 24
split_gain=33.6656 17.6372 14.7107 14.6259 12.439 12.1623
threshold=0.73000000000000009 1.0000000180025095e-35 0.68750262260437023 0.52852950000000021 1.0000000180025095e-35 1.0000000180025095e-35
decision_type=2 2 2 2 2 2
left_child=3 2 5 -1 -3 -2
right_child=1 4 -4 -5 -6 -7
leaf_value=-0.01359353175397527 -0.01655184436583854 -0.0057537924365808372 0.0087832217944110794 0.01746633434694032 0.011870962484845775 -0.0006857902238054241
leaf_weight=115.30683455834514 43.512676511192694 27.383875913044903 57.265566827147268 7.9457896913518189 157.65898165799445 92.170368543214863
leaf_count=16388 2097 866 1055 556 2079 3128
internal_value=0 0.00370629 -0.00154304 -0.0112142 0.00917415 -0.00604465
internal_weight=501.244 377.991 192.949 123.253 185.043 135.683
internal_count=26169 9225 6280 16944 2945 5225
is_linear=0
shrinkage=0.025


Tree=108
num_leaves=7
num_cat=0
split_feature=2 60 39 43 34 16
split_gain=33.2406 20.8173 17.8492 15.6816 14.4691 12.9117
threshold=0.46598570048809057 0.68000000000000005 1.0000000180025095e-35 1.0000000180025095e-35 0.29069600000000007 0.59306800000000004
decision_type=2 2 2 2 2 2
left_child=-1 2 3 -2 -3 -4
right_child=1 4 5 -5 -6 -7
leaf_value=-0.019208209921147797 0.0006633048762312388 -0.019818435567363797 -0.016200144196346352 -0.027910382320622984 -0.00078040817268645835 0.0089695795532001698
leaf_weight=48.151335171285609 40.75368997224723 34.732728079165099 10.887984609478734 14.130956919369053 79.466772233135998 271.02527999716403
leaf_count=11852 1311 2827 1001 1143 2773 5262
internal_value=0 0.00214537 0.00528233 -0.00743641 -0.00694615 0.00783286
internal_weight=499.149 450.997 336.798 54.8846 114.2 281.913
internal_count=26169 14317 8717 2454 5600 6263
is_linear=0
shrinkage=0.025


Tree=109
num_leaves=7
num_cat=0
split_feature=1 44 62 22 39 19
split_gain=32.1967 21.6618 14.9724 13.3476 11.1364 8.66749
threshold=0.61158692836761486 0.10004450000000001 0.58333333333333337 0.41060950000000002 1.0000000180025095e-35 0.68236450000000015
decision_type=2 2 2 2 2 2
left_child=1 3 -2 -1 -3 -6
right_child=2 4 -4 -5 5 -7
leaf_value=-0.020398405449992687 0.0098828740547509848 -0.016270883754927044 -0.002693529142941175 0.0018869221521063137 -0.0065227158493625544 0.0077029722610262004
leaf_weight=75.836668929463485 182.30788989597932 20.219353692642471 84.297859669663012 19.9848728585348 37.801792947444483 75.93288423481863
leaf_count=14359 2764 1754 2180 1010 2156 1946
internal_value=0 -0.00681902 0.00588576 -0.0157317 -0.000207944 0.00286093
internal_weight=496.381 229.776 266.606 95.8215 133.954 113.735
internal_count=26169 21225 4944 15369 5856 4102
is_linear=0
shrinkage=0.025


Tree=110
num_leaves=7
num_cat=0
split_feature=2 60 39 43 44 84
split_gain=31.4113 20.1319 16.2864 14.3463 13.5935 12.1274
threshold=0.46598570048809057 0.68000000000000005 1.0000000180025095e-35 1.0000000180025095e-35 0.047175500000000009 0.93377192982456159
decision_type=2 2 2 2 2 2
left_child=-1 2 3 -2 -4 -3
right_child=1 5 4 -5 -6 -7
leaf_value=-0.018965013511810506 0.00058979193066413624 -0.012899594003243762 -0.0030496454294881613 -0.027208540132452077 0.01039850937886389 0.0037289051418887744
leaf_weight=46.690646628645482 40.308597719325917 72.513839800580172 56.988715505867731 13.418721703361369 222.30112312058918 40.676002012798563
leaf_count=11852 1311 5091 2671 1143 3592 509
internal_value=0 0.00207909 0.00518468 -0.00709845 0.00762067 -0.00689688
internal_weight=492.898 446.207 333.017 53.7273 279.29 113.19
internal_count=26169 14317 8717 2454 6263 5600
is_linear=0
shrinkage=0.025


Tree=111
num_leaves=7
num_cat=0
split_feature=2 49 29 62 19 15
split_gain=30.506 19.0338 15.6438 19.7406 14.8145 13.3616
threshold=0.57366925477981578 1.0000000180025095e-35 1.0000000180025095e-35 0.41666666666666669 0.68340750000000006 0.48619900000000005
decision_type=2 2 2 2 2 2
left_child=1 4 3 -2 -1 -5
right_child=2 -3 -4 5 -6 -7
leaf_value=-0.010847808326183175 0.012640103060002954 -0.01809280383382246 0.0093790442256240867 -0.022256303225492758 0.011453524729182646 -0.0020859144314663907
leaf_weight=35.992330200511788 44.932952197501436 74.808041679665621 170.19070265750634 23.493256785150152 33.552404346119147 107.10078413030715
leaf_count=6199 803 10853 2527 999 992 3796
internal_value=0 -0.00955617 0.00403009 -0.00116597 0 -0.00613011
internal_weight=490.07 144.353 345.718 175.527 69.5447 130.594
internal_count=26169 18044 8125 5598 7191 4795
is_linear=0
shrinkage=0.025


Tree=112
num_leaves=7
num_cat=0
split_feature=9 61 32 62 33 60
split_gain=29.8347 19.8222 21.0499 14.8614 8.52918 8.19096
threshold=0.57000000000000017 0.71629350000000003 0.40703000000000006 0.41666666666666669 0.70000000000000007 0.82000000000000017
decision_type=2 2 2 2 2 2
left_child=4 2 3 -2 -1 -4
right_child=1 -3 5 -5 -6 -7
leaf_value=-0.018742043227441406 0.0080304550697832145 0.014693227829551573 0.011902484394733015 -0.0071631144524050413 0.016145617807549566 -0.0038292298071063782
leaf_weight=55.457253363936616 47.555269148026127 65.494432433741167 93.426434741078992 199.33575225307868 2.5965066828503032 24.088506577551016
leaf_count=13532 630 1678 1464 7578 477 810
internal_value=0 0.00230157 0 -0.00415033 -0.016435 0.00859226
internal_weight=487.954 429.9 364.406 246.891 58.0538 117.515
internal_count=26169 12160 10482 8208 14009 2274
is_linear=0
shrinkage=0.025


Tree=113
num_leaves=7
num_cat=0
split_feature=19 29 47 6 44 2
split_gain=29.8157 18.6321 17.8401 22.5022 12.7091 10.7631
threshold=0.68236450000000015 0.60023650000000017 0.92324450000000013 0.54787700000000006 0.40141200000000005 0.66551268100738536
decision_type=2 2 2 2 2 2
left_child=4 2 3 -2 5 -1
right_child=1 -3 -4 -5 -6 -7
leaf_value=-0.019654112599670148 0.016768701854580358 0.016065908259510691 0.0095785541946754281 -0.0064145133029629431 0.0013438567455066907 0.006073551467773091
leaf_weight=70.671788300162007 27.899797088641208 58.988866483065067 99.228936450381298 182.57106721345917 35.250151954394823 10.051284779561682
leaf_count=14462 938 402 649 8162 1357 199
internal_value=0 0.0034852 0.000951443 -0.00313952 -0.0109195 -0.0162593
internal_weight=484.662 368.689 309.7 210.471 115.973 80.7231
internal_count=26169 10151 9749 9100 16018 14661
is_linear=0
shrinkage=0.025


Tree=114
num_leaves=7
num_cat=0
split_feature=2 44 0 20 47 19
split_gain=29.139 24.6167 16.0164 15.8187 15.7781 11.407
threshold=0.68425273895263683 0.098009500000000013 0.48566650000000006 0.71618150000000014 0.94988050000000013 0.68236450000000015
decision_type=2 2 2 2 2 2
left_child=1 3 5 -1 -4 -3
right_child=-2 2 4 -5 -6 -7
leaf_value=-0.01875360680426506 0.0096618653775878693 -0.0019978381151826911 -0.0092395995702081353 0 0.0096688298911947208 0.016509150196586549
leaf_weight=83.297947014139936 136.70693062990904 31.420597034346429 98.679604433680652 43.040917374761193 35.261604234576225 52.577263856655918
leaf_count=14849 2209 1985 4700 1320 251 855
internal_value=0 -0.00387856 0.00119313 -0.0125487 -0.00411165 0.00962753
internal_weight=480.985 344.278 217.939 126.339 133.941 83.9979
internal_count=26169 23960 7791 16169 4951 2840
is_linear=0
shrinkage=0.025


Tree=115
num_leaves=7
num_cat=0
split_feature=62 61 44 0 9 21
split_gain=28.1145 20.5406 25.4983 19.6342 11.8002 9.74772
threshold=0.75000000000000011 0.50715900000000003 0.050181500000000011 0.48220000000000002 0.78000000000000014 0.77400000000000013
decision_type=2 2 2 2 2 2
left_child=1 2 -1 -4 -3 -6
right_child=-2 4 3 -5 5 -7
leaf_value=-0.017195388049269324 -0.013443285894626154 -0.0035553776135226808 0.01053412776207489 -0.0068267603489909207 -0.0086939689561067526 0.013598065799943233
leaf_weight=53.076355214972864 78.431805722510035 37.275678501842776 84.70812674757326 73.543948398684734 11.24978531245142 139.52949677675497
leaf_count=7931 10461 991 2312 2261 220 1993
internal_value=0 0.00270723 -0.00260082 0.00243093 0.00867397 0.0117631
internal_weight=477.815 399.383 211.328 158.252 188.055 150.779
internal_count=26169 15708 12504 4573 3204 2213
is_linear=0
shrinkage=0.025


Tree=116
num_leaves=7
num_cat=0
split_feature=62 19 31 48 2 6
split_gain=27.5166 20.2083 19.3501 10.3533 9.15514 8.96208
threshold=0.75000000000000011 0.7009645000000001 0.27463300000000007 0.66350000000000009 0.67772752046585094 0.54787700000000006
decision_type=2 2 2 2 2 2
left_child=1 2 4 -2 -1 -3
right_child=3 5 -4 -5 -6 -7
leaf_value=-0.015803302221003332 -0.018673939273360935 0.022801223665601764 0.0062218411178977008 0.0013663954665530153 0.0043774388511674603 0.0054131414343551558
leaf_weight=71.025394137905096 57.017399183248926 18.533193283132277 58.0255677844616 20.567718223814154 15.429282659315502 234.13731064269086
leaf_count=8586 9446 214 2464 1015 229 4215
internal_value=0 0.00268023 -0.00469028 -0.0133752 -0.0120815 0.00693373
internal_weight=474.736 397.151 144.48 77.5851 86.4547 252.671
internal_count=26169 15708 11279 10461 8815 4429
is_linear=0
shrinkage=0.025


Tree=117
num_leaves=7
num_cat=0
split_feature=1 29 62 61 32 37
split_gain=26.7902 18.9801 20.1968 18.003 11.29 2.74356
threshold=0.45557285845279699 0.91839300000000013 0.41666666666666669 0.71629350000000003 0.15156000000000003 1.0000000180025095e-35
decision_type=2 2 2 2 2 2
left_child=5 2 4 -4 -2 -1
right_child=1 -3 3 -5 -6 -7
leaf_value=-0.020889424801099083 -0.00053534917600270445 0.017165663804147548 -0.0055322433105436958 0.009793126559590918 0.018901795057105219 0
leaf_weight=36.357152687487542 28.76399574696552 42.854103378136642 258.40298430054099 55.996836747042835 45.999877427180763 3.9800828052975694
leaf_count=10682 768 246 11197 1815 703 758
internal_value=0 0.00185958 5.29427e-05 -0.00271935 0.0115351 -0.0188625
internal_weight=472.355 432.018 389.164 314.4 74.7639 40.3372
internal_count=26169 14729 14483 13012 1471 11440
is_linear=0
shrinkage=0.025


Tree=118
num_leaves=7
num_cat=0
split_feature=2 60 39 43 84 31
split_gain=25.8701 17.7462 15.3476 13.7796 10.7886 10.7247
threshold=0.46598570048809057 0.68000000000000005 1.0000000180025095e-35 1.0000000180025095e-35 0.93377192982456159 0.31505900000000003
decision_type=2 2 2 2 2 2
left_child=-1 2 3 -2 -3 -4
right_child=1 4 5 -5 -6 -7
leaf_value=-0.018126071409966343 0.00044171570655502225 -0.012474970690862678 0.0036005692968864422 -0.027230051996866886 0.0036063477755753992 0.014312919364385199
leaf_weight=42.088513344468083 38.653444374169339 69.73947282062727 179.38536206469871 12.986273731832624 38.253438656742219 88.48786164354533
leaf_count=11852 1311 5091 4693 1143 509 1570
internal_value=0 0.00187954 0.00485207 -0.00729158 -0.00674672 0.00727122
internal_weight=469.594 427.506 319.513 51.6397 107.993 267.873
internal_count=26169 14317 8717 2454 5600 6263
is_linear=0
shrinkage=0.025


Tree=119
num_leaves=7
num_cat=0
split_feature=2 44 60 22 43 14
split_gain=25.8894 22.2548 20.2611 17.0419 13.8641 12.7571
threshold=0.68425273895263683 0.047175500000000009 0.68000000000000005 0.40872900000000006 1.0000000180025095e-35 1.0000000180025095e-35
decision_type=2 2 2 2 2 2
left_child=1 3 4 -1 -3 -4
right_child=-2 2 5 -5 -6 -7
leaf_value=-0.02034821812265647 0.0092027671355681528 0.0065579483162017159 0.0012358273689295003 0.0046280349430050651 -0.017258157712531197 -0.020697413965057102
leaf_weight=66.859190548522747 133.49725194292841 167.5308945463039 26.807997287658509 20.876517966884421 14.22425030031445 37.108627286310366
leaf_count=13422 2209 4759 888 839 1116 2936
internal_value=0 -0.00372588 0.000137395 -0.0143446 0.00443773 -0.0116662
internal_weight=466.905 333.407 245.672 87.7357 181.755 63.9166
internal_count=26169 23960 9699 14261 5875 3824
is_linear=0
shrinkage=0.025


Tree=120
num_leaves=7
num_cat=0
split_feature=62 19 32 48 2 6
split_gain=25.4127 18.5134 14.3669 9.86248 9.35868 8.89655
threshold=0.75000000000000011 0.7009645000000001 0.24264500000000003 0.66350000000000009 0.61679986119270336 0.54787700000000006
decision_type=2 2 2 2 2 2
left_child=1 2 -1 -2 -4 -3
right_child=3 5 4 -5 -6 -7
leaf_value=-0.011265361456876963 -0.018345675379621899 0.022473204082135212 -0.0037659407007604217 0.0013856480187453373 0.015477979416079399 0.0051500722086120013
leaf_weight=81.463636217918975 55.046707404653716 18.529000079783145 33.79452025530918 20.28242257724196 25.230565375648439 229.76401733176317
leaf_count=9571 9446 214 1283 1015 425 4215
internal_value=0 0.0025951 -0.00456925 -0.0130467 0.00461243 0.00668884
internal_weight=464.111 388.782 140.489 75.3291 59.0251 248.293
internal_count=26169 15708 11279 10461 1708 4429
is_linear=0
shrinkage=0.025


Tree=121
num_leaves=7
num_cat=0
split_feature=9 61 49 31 0 24
split_gain=24.8531 14.92 21.6441 13.0151 12.5801 10.7554
threshold=0.73000000000000009 0.50715900000000003 1.0000000180025095e-35 0.52852950000000021 0.85456650000000012 1.0000000180025095e-35
decision_type=2 2 2 2 2 2
left_child=3 2 5 -1 -3 -2
right_child=1 4 -4 -5 -6 -7
leaf_value=-0.01273728985499486 -0.0046679177991445298 0.010193489635989206 -0.010092903968810855 0.01713479137744315 -0.01449013244682964 0.013573418685573411
leaf_weight=102.09392562469293 28.810773098521167 164.55841695499839 92.530381252152438 7.5951675123069426 11.537606477504594 54.508604317554273
leaf_count=16388 1196 2659 3691 556 797 882
internal_value=0 0.00324595 -0.00185863 -0.0102551 0.00834706 0.00721161
internal_weight=461.635 351.946 175.85 109.689 176.096 83.3194
internal_count=26169 9225 5769 16944 3456 2078
is_linear=0
shrinkage=0.025


Tree=122
num_leaves=7
num_cat=0
split_feature=1 9 62 0 61 19
split_gain=24.7623 14.3267 12.5069 10.5749 17.1186 8.69219
threshold=0.61158692836761486 0.29000000000000009 0.58333333333333337 0.51600000000000013 0.48363350000000005 0.76890650000000005
decision_type=2 2 2 2 2 2
left_child=1 -1 5 -3 -5 -2
right_child=2 3 -4 4 -6 -7
leaf_value=-0.020709206915829011 0.006488445198131982 0.003427369786071117 -0.0027577292962703229 -0.020721883943992225 0.00011955064634101175 0.022598117013034668
leaf_weight=33.649513961099728 146.59052202408202 78.643944228155306 79.525137067656033 39.947604476532433 56.654986251698574 23.746752915438265
leaf_count=11353 2301 3587 2180 4195 2090 463
internal_value=0 -0.0063118 0.0052872 -0.0032457 -0.00871594 0.00907931
internal_weight=458.758 208.896 249.862 175.247 96.6026 170.337
internal_count=26169 21225 4944 9872 6285 2764
is_linear=0
shrinkage=0.025


Tree=123
num_leaves=7
num_cat=0
split_feature=19 29 2 6 44 2
split_gain=24.2796 17.202 15.4727 15.4899 10.3512 10.2399
threshold=0.68236450000000015 0.89118900000000012 0.71935179829597484 0.54787700000000006 0.43680000000000002 0.66551268100738536
decision_type=2 2 2 2 2 2
left_child=4 2 3 -2 5 -1
right_child=1 -3 -4 -5 -6 -7
leaf_value=-0.018969531408854014 0.014975855952936226 0.018675375172911898 0.012218388008486189 -0.0038648025869190469 0.0012318382374696636 0.0060912715040142371
leaf_weight=64.002246856580314 28.457942530119908 37.365502976579592 61.032554928795435 222.46474435848359 32.261303344908811 10.223131536040453
leaf_count=14575 969 167 998 8017 1238 205
internal_value=0 0.00319394 0.00117805 -0.00156684 -0.0103104 -0.0153178
internal_weight=455.807 349.321 311.955 250.923 106.487 74.2254
internal_count=26169 10151 9984 8986 16018 14780
is_linear=0
shrinkage=0.025


Tree=124
num_leaves=7
num_cat=0
split_feature=2 44 86 0 47 48
split_gain=23.8846 17.4856 18.4044 15.6256 15.2181 13.6578
threshold=0.67512935400009166 0.049005000000000007 0.012579113924050636 0.48566650000000006 0.94988050000000013 0.66160000000000008
decision_type=2 2 2 2 2 2
left_child=1 2 -1 -3 -5 -4
right_child=-2 3 5 4 -6 -7
leaf_value=0.012482774153655674 0.0081858609772594501 0.0078304441500661303 -0.022369870066002683 -0.010531780944008634 0.0078930866516678244 0.0099149126912026417
leaf_weight=12.108967196880256 147.36878505587811 87.092842185396876 62.595438954231213 100.35359340107243 35.894905275607016 7.5239386924295095
leaf_count=931 2615 3467 13181 5508 283 184
internal_value=0 -0.00398223 -0.0136546 -0.000270657 -0.0055599 -0.0185631
internal_weight=452.938 305.57 82.2283 223.341 136.248 70.1194
internal_count=26169 23554 14296 9258 5791 13365
is_linear=0
shrinkage=0.025


Tree=125
num_leaves=7
num_cat=0
split_feature=2 49 60 20 16 19
split_gain=23.4149 17.1657 12.0565 16.0274 11.6134 10.8491
threshold=0.57366925477981578 1.0000000180025095e-35 0.68000000000000005 0.70180650000000011 0.60695300000000019 0.68340750000000006
decision_type=2 2 2 2 2 2
left_child=1 5 4 -4 -2 -1
right_child=2 -3 3 -5 -6 -7
leaf_value=-0.0095361189690837851 -0.010119621120822882 -0.017544368529647091 -0.020676647045589858 0.0027551971717733039 0.0081548954746707304 0.01041917873113909
leaf_weight=31.33922105955935 21.553698123781942 66.1047709355189 24.07899153525068 55.178680521610659 219.79362396505894 31.701688424916938
leaf_count=6199 1092 10853 1516 1968 3549 992
internal_value=0 -0.00888725 0.00362102 -0.0046711 0.00639998 0.000380048
internal_weight=449.751 129.146 320.605 79.2577 241.347 63.0409
internal_count=26169 18044 8125 3484 4641 7191
is_linear=0
shrinkage=0.025


Tree=126
num_leaves=7
num_cat=0
split_feature=9 29 2 0 1 61
split_gain=22.3406 15.0266 14.2723 11.1971 18.312 15.1357
threshold=0.75000000000000011 1.0000000180025095e-35 0.68750262260437023 0.46670000000000006 0.45899933576583868 0.70270150000000009
decision_type=2 2 2 2 2 2
left_child=3 2 -2 4 -1 -5
right_child=1 -3 -4 5 -6 -7
leaf_value=-0.022096528649300042 -0.0071852792562612277 0.0090536295651535183 0.0086686852000997777 -0.022601295098764684 0.0069713982559141191 0.0014530153440542339
leaf_weight=15.894508656270771 102.72805904125562 157.82554406899726 50.834768897620961 48.540813845807861 48.703244924894534 22.659864096553065
leaf_count=7258 4553 2596 1021 7367 2677 697
internal_value=0 0.0036885 -0.00182619 -0.00837159 -0.000607272 -0.0150376
internal_weight=447.187 311.388 153.563 135.798 64.5978 71.2007
internal_count=26169 8170 5574 17999 9935 8064
is_linear=0
shrinkage=0.025


Tree=127
num_leaves=7
num_cat=0
split_feature=2 9 0 61 16 30
split_gain=21.6365 13.4097 12.8949 18.1684 10.1347 9.71775
threshold=0.64281457662582409 0.29000000000000009 0.51600000000000013 0.48363350000000005 0.60854950000000008 0.33500000000000008
decision_type=2 2 2 2 2 2
left_child=1 -1 -3 -4 -2 -6
right_child=4 2 3 -5 5 -7
leaf_value=-0.019842575032056831 -0.010428073031838847 0.0044049844522840494 -0.020488109167827367 -0.00014747553672160175 -0.0053466225653388509 0.0098996208453605676
leaf_weight=31.357177443493129 19.242956687929109 87.307638981597847 43.12796782895748 71.173859554051887 28.576992899979814 163.2692043450661
leaf_count=11418 702 3685 4340 2489 745 2790
internal_value=0 -0.00522647 -0.0026951 -0.0081715 0.0057618 0.00754399
internal_weight=444.056 232.967 201.609 114.302 211.089 191.846
internal_count=26169 21932 10514 6829 4237 3535
is_linear=0
shrinkage=0.025


Tree=128
num_leaves=7
num_cat=0
split_feature=1 9 62 29 16 6
split_gain=21.4251 12.2428 10.209 9.55068 8.10501 7.82252
threshold=0.61364492774009716 0.29000000000000009 0.58333333333333337 0.91839300000000013 0.60854950000000008 0.53097800000000006
decision_type=2 2 2 2 2 2
left_child=1 -1 4 5 -2 -3
right_child=2 3 -4 -5 -6 -7
leaf_value=-0.019940896853059702 -0.0096724948137725461 0.0045938195742121274 -0.0023702103443616475 0.015742541334568934 0.010170726461660441 -0.0079893782120465124
leaf_weight=30.51016427738432 11.642225696588865 38.244851522264071 75.796628084077383 12.718672373448497 150.83572501398157 122.28047122963471
leaf_count=11366 319 2209 2127 112 2395 7641
internal_value=0 -0.00591341 0.00506559 -0.00314471 0.00857081 -0.00491331
internal_weight=442.029 203.754 238.275 173.244 162.478 160.525
internal_count=26169 21328 4841 9962 2714 9850
is_linear=0
shrinkage=0.025


Tree=129
num_leaves=7
num_cat=0
split_feature=2 49 29 62 15 47
split_gain=20.8656 14.9376 11.7058 15.8301 10.6812 10.6349
threshold=0.57366925477981578 1.0000000180025095e-35 1.0000000180025095e-35 0.41666666666666669 0.48619900000000005 0.98135300000000014
decision_type=2 2 2 2 2 2
left_child=1 -1 3 -2 -5 -3
right_child=2 5 -4 4 -6 -7
leaf_value=0.00014203326793877998 0.011562725595053374 -0.020570300714999115 0.0082593077739843528 -0.021035552209454134 -0.00213563964654609 0.008372048021830782
leaf_weight=61.41801278429557 41.233351788017899 55.661314924574981 155.41440991067793 21.307338507496752 97.196336747409077 7.3354292646981767
leaf_count=7191 803 10769 2527 999 3796 84
internal_value=0 -0.00856854 0.00342348 -0.00128232 -0.00597061 -0.0168757
internal_weight=439.566 124.415 315.151 159.737 118.504 62.9967
internal_count=26169 18044 8125 5598 4795 10853
is_linear=0
shrinkage=0.025


Tree=130
num_leaves=7
num_cat=0
split_feature=1 60 43 61 44 34
split_gain=20.16 14.5727 14.5837 20.4646 12.0655 10.8781
threshold=0.45557285845279699 0.68000000000000005 1.0000000180025095e-35 0.71629350000000003 0.047175500000000009 0.29069600000000007
decision_type=2 2 2 2 2 2
left_child=-1 2 4 -4 -2 -3
right_child=1 5 3 -5 -6 -7
leaf_value=-0.017724413134819584 -0.0041139362614794513 -0.018648279229304444 -0.020036522494994994 0.018283763381787537 0.0091219417641278597 -0.00090584342728489283
leaf_weight=34.268871087220759 51.271955805874313 29.344985856092535 28.450327544196625 9.6950561453122628 212.07082840462681 71.587824414229544
leaf_count=11440 3078 2793 1803 85 4096 2874
internal_value=0 0.00160947 0.00437574 -0.0095562 0.00649759 -0.00647489
internal_weight=436.69 402.421 301.488 38.1454 263.343 100.933
internal_count=26169 14729 9062 1888 7174 5667
is_linear=0
shrinkage=0.025


Tree=131
num_leaves=7
num_cat=0
split_feature=1 29 83 62 30 37
split_gain=19.9977 15.1655 15.9163 14.0548 3.01625 2.56002
threshold=0.45557285845279699 0.91839300000000013 0.62500000000000011 0.41666666666666669 1.0000000180025095e-35 1.0000000180025095e-35
decision_type=2 2 2 2 2 2
left_child=5 2 3 -2 -3 -1
right_child=1 4 -4 -5 -6 -7
leaf_value=-0.019935658559555459 0.010927456963223656 0 -0.025204956037201548 -0.0014504993933087676 0.018706942275406858 0.00012513091683219349
leaf_weight=30.376049205598974 69.230845079961 6.1766789869288905 12.565521826349139 280.64308951247949 32.922322248341516 3.5089752278072401
leaf_count=10682 1408 73 1389 11686 173 758
internal_value=0 0.00159862 -1.8055e-05 0.00103409 0.0158956 -0.0177519
internal_weight=435.423 401.538 362.439 349.874 39.099 33.885
internal_count=26169 14729 14483 13094 246 11440
is_linear=0
shrinkage=0.025


Tree=132
num_leaves=7
num_cat=0
split_feature=2 44 20 0 47 19
split_gain=19.7366 15.185 12.3164 12.0236 12.1639 9.99374
threshold=0.68277427554130565 0.098009500000000013 0.71618150000000014 0.48566650000000006 0.79605500000000007 0.77163700000000002
decision_type=2 2 2 2 2 2
left_child=1 2 -1 -3 -5 -2
right_child=5 3 -4 4 -6 -7
leaf_value=-0.017155806544994399 0.0047436917209670157 0.0081656186580308689 0.00016964371867065199 -0.012138125060364127 0.0034951468058334809 0.023467607028106477
leaf_weight=68.299850585437525 110.02839375505573 77.590672246307804 38.578631292482896 59.210179680987494 59.743791035143659 19.876150670461357
leaf_count=14832 1930 2828 1304 4035 858 382
internal_value=0 -0.00348998 -0.0109611 0.000615416 -0.00430406 0.00806366
internal_weight=433.328 303.423 106.878 196.545 118.954 129.905
internal_count=26169 23857 16136 7721 4893 2312
is_linear=0
shrinkage=0.025


Tree=133
num_leaves=7
num_cat=0
split_feature=2 29 34 0 19 19
split_gain=19.3546 14.7147 11.4612 12.7795 11.7981 10.6204
threshold=0.68425273895263683 0.91839300000000013 0.11836900000000002 0.48566650000000006 0.71974850000000001 0.77163700000000002
decision_type=2 2 2 2 2 2
left_child=1 2 4 -4 -1 -2
right_child=5 -3 3 -5 -6 -7
leaf_value=-0.020220101015931899 0.0047312691577421533 0.014031722009199145 0.0055396360376922509 -0.0069540966351370574 0.0012607801957672739 0.024523006528472637
leaf_weight=48.785603950866061 107.72882922377903 24.955355910489743 81.210555747064063 128.05431553440576 21.729436996160075 18.60651616519317
leaf_count=13437 1866 267 3491 6017 748 343
internal_value=0 -0.00341064 -0.00510792 -0.00205611 -0.0136643 0.00813339
internal_weight=431.071 304.735 279.78 209.265 70.515 126.335
internal_count=26169 23960 23693 9508 14185 2209
is_linear=0
shrinkage=0.025


Tree=134
num_leaves=7
num_cat=0
split_feature=1 60 39 22 43 34
split_gain=18.8511 14.1926 13.5171 12.4289 12.3873 9.73801
threshold=0.45557285845279699 0.68000000000000005 1.0000000180025095e-35 0.46480350000000009 1.0000000180025095e-35 0.29069600000000007
decision_type=2 2 2 2 2 2
left_child=-1 2 4 -4 -2 -3
right_child=1 5 3 -5 -6 -7
leaf_value=-0.017594511195676173 9.7382890302535359e-05 -0.018209713300979997 0.0026518222764409061 0.014624814663919947 -0.026966788816969397 -0.0012004149681191095
leaf_weight=32.487149991091428 36.557439001480816 28.50475646234554 167.81282609992195 80.405628107197117 12.006644053064518 70.645697171770735
leaf_count=11440 1358 2793 5577 958 1169 2874
internal_value=0 0.00154501 0.00429519 0.0066723 -0.00741508 -0.00650408
internal_weight=428.42 395.933 296.783 248.218 48.5641 99.1505
internal_count=26169 14729 9062 6535 2527 5667
is_linear=0
shrinkage=0.025


Tree=135
num_leaves=7
num_cat=0
split_feature=62 61 44 21 16 60
split_gain=18.4057 15.3382 19.6514 10.7361 10.0967 9.35307
threshold=0.75000000000000011 0.56964300000000001 0.049005000000000007 0.77400000000000013 0.62610650000000012 0.68000000000000005
decision_type=2 2 2 2 2 2
left_child=1 2 -1 -3 -5 -4
right_child=-2 3 5 4 -6 -7
leaf_value=-0.014845176621046542 -0.011746264729150345 -0.013867056432259479 0.0053419677686842963 -0.0041379191560384793 0.014747591798191859 -0.0079484898491282013
leaf_weight=50.92639204403531 67.377225561187515 9.0950602844823134 143.98462247342104 19.601835211389698 95.663669677916914 39.995900382418768
leaf_count=8041 10461 312 3473 423 1739 1720
internal_value=0 0.00226885 -0.00146746 0.00928526 0.011442 0.00233798
internal_weight=426.645 359.267 234.907 124.361 115.266 183.981
internal_count=26169 15708 13234 2474 2162 5193
is_linear=0
shrinkage=0.025


Tree=136
num_leaves=7
num_cat=0
split_feature=2 49 61 32 62 47
split_gain=18.436 13.2831 10.3794 16.8273 14.5281 9.27475
threshold=0.57366925477981578 1.0000000180025095e-35 0.71629350000000003 0.14686500000000002 0.41666666666666669 0.98135300000000014
decision_type=2 2 2 2 2 2
left_child=1 -1 3 -2 -5 -3
right_child=2 5 -4 4 -6 -7
leaf_value=0.00013811577400305112 -0.0065372791588415137 -0.01987930972500232 0.012432332085596702 0.018282375509727413 0.0010111293817708568 0.0074081193376370584
leaf_weight=58.524211169889895 105.07757580958423 52.74532476215245 59.211704346584156 42.674882351304404 98.014744283849723 7.2281267542857668
leaf_count=7191 3729 10769 1762 596 2038 84
internal_value=0 -0.00826663 0.00325305 0.000903353 0.00653879 -0.0162857
internal_weight=423.477 118.498 304.979 245.767 140.69 59.9735
internal_count=26169 18044 8125 6363 2634 10853
is_linear=0
shrinkage=0.025


Tree=137
num_leaves=7
num_cat=0
split_feature=19 29 2 47 44 6
split_gain=18.324 13.7308 13.077 12.9798 8.56686 7.99843
threshold=0.68236450000000015 0.60023650000000017 0.71935179829597484 0.92324450000000013 0.43680000000000002 0.70777750000000006
decision_type=2 2 2 2 2 2
left_child=4 2 3 -2 -1 -4
right_child=1 -3 5 -5 -6 -7
leaf_value=-0.014463301460421666 -0.0061911662224131301 0.01433867823925045 -0.0010084655615908949 0.0067391759334657665 0.0011453612841591022 0.018261102401098898
leaf_weight=65.048627535976266 153.22581721432653 51.679733595461585 19.61426248535281 67.650821790390182 30.588268012732442 34.032814012374729
leaf_count=14780 8223 402 339 553 1238 634
internal_value=0 0.0028303 0.000522382 -0.00216055 -0.0094799 0.0113288
internal_weight=421.84 326.203 274.524 220.877 95.6369 53.6471
internal_count=26169 10151 9749 8776 16018 973
is_linear=0
shrinkage=0.025


Tree=138
num_leaves=7
num_cat=0
split_feature=9 61 44 2 0 1
split_gain=17.7933 12.7821 13.9171 12.2603 10.0549 15.3787
threshold=0.75000000000000011 0.71629350000000003 0.054404500000000001 0.75098425149917614 0.46670000000000006 0.45899933576583868
decision_type=2 2 2 2 2 2
left_child=4 2 -2 -4 5 -1
right_child=1 -3 3 -5 -6 -7
leaf_value=-0.021459129853479118 -0.011301663188107668 0.015608702972734027 0.0017094394479267667 0.021467880256151279 -0.014399740920695795 0.0065996941433105394
leaf_weight=13.714050824699369 43.506667950685369 42.81831291760318 187.0095226835183 19.726504527032375 65.197322311825701 46.819575861693011
leaf_count=7258 2008 1333 4684 145 8064 2677
internal_value=0 0.00337416 0.00111243 0.00387056 -0.00777713 -0.00021727
internal_weight=418.792 293.061 250.243 206.736 125.731 60.5336
internal_count=26169 8170 6837 4829 17999 9935
is_linear=0
shrinkage=0.025


Tree=139
num_leaves=7
num_cat=0
split_feature=2 60 39 43 22 87
split_gain=17.3654 13.3132 12.841 11.8585 10.9487 10.204
threshold=0.46598570048809057 0.68000000000000005 1.0000000180025095e-35 1.0000000180025095e-35 0.46480350000000009 -0.061633428300094988
decision_type=2 2 2 2 2 2
left_child=-1 2 3 -2 -4 -3
right_child=1 5 4 -5 -6 -7
leaf_value=-0.016639915652488853 0.00012682495196209749 -0.012182353938682798 0.0027499807361494035 -0.026745703971433599 0.014171433753045094 0.0043499581672973575
leaf_weight=33.36680610703479 35.466054665434058 62.72851346009702 161.91983330399671 11.576771584310334 78.269510040874593 33.733563535322901
leaf_count=11852 1311 5114 5340 1143 923 486
internal_value=0 0.00154539 0.00425856 -0.00732554 0.00661554 -0.00634862
internal_weight=417.061 383.694 287.232 47.0428 240.189 96.4621
internal_count=26169 14317 8717 2454 6263 5600
is_linear=0
shrinkage=0.025


Tree=140
num_leaves=7
num_cat=0
split_feature=19 44 62 3 2 0
split_gain=17.2916 16.0323 12.7582 8.16507 6.22648 5.8024
threshold=0.7009645000000001 0.24873000000000003 0.58333333333333337 0.92068380117416393 0.67772752046585094 0.84440000000000015
decision_type=2 2 2 2 2 2
left_child=1 4 -2 -4 -1 -5
right_child=2 -3 3 5 -6 -7
leaf_value=-0.016972810535261992 0.0086192284558052387 0.0018276622537406872 -0.02247494363324077 0.0021278904287949292 0.0022046825685008028 -0.014353956458617659
leaf_weight=68.56603950137287 149.2248904844746 70.945417442781036 8.8645674886356556 93.304809020075481 10.880913627683183 13.000202908879144
leaf_count=15575 2529 3037 472 3309 229 1018
internal_value=0 -0.00670378 0.00384031 -0.00232894 -0.0142524 -9.0778e-05
internal_weight=414.787 150.392 264.394 115.17 79.447 106.305
internal_count=26169 18841 7328 4799 15804 4327
is_linear=0
shrinkage=0.025


Tree=141
num_leaves=7
num_cat=0
split_feature=1 9 39 60 20 19
split_gain=16.8146 10.2969 8.37294 7.60692 9.27839 8.8151
threshold=0.61364492774009716 0.29000000000000009 1.0000000180025095e-35 0.68000000000000005 0.69622600000000012 0.76890650000000005
decision_type=2 2 2 2 2 2
left_child=1 -1 -3 5 -5 -2
right_child=3 2 -4 4 -6 -7
leaf_value=-0.019221134801658338 0.004356929321299041 -0.015242989184851048 -0.00023971984069624865 -0.022034662412816562 0.0018506704025912256 0.019287287486213587
leaf_weight=26.659380216085992 140.55128493037773 25.895250499212125 135.81661775786779 10.373648994398534 44.619463513256051 29.044694040901959
leaf_count=11366 2328 2788 7174 593 1700 220
internal_value=0 -0.00546946 -0.002891 0.00459715 -0.00326498 0.00720776
internal_weight=412.96 188.371 161.712 224.589 54.9931 169.596
internal_count=26169 21328 9962 4841 2293 2548
is_linear=0
shrinkage=0.025


Tree=142
num_leaves=7
num_cat=0
split_feature=2 49 29 62 47 32
split_gain=16.5876 12.6475 9.96671 10.4203 12.9315 9.2127
threshold=0.57366925477981578 1.0000000180025095e-35 0.43853150000000002 0.41666666666666669 0.8716965000000001 0.10193000000000001
decision_type=2 2 2 2 2 2
left_child=1 -1 3 5 -5 -2
right_child=2 -3 -4 4 -6 -7
leaf_value=0.00027996489135561638 -0.0038567267425554811 -0.016049970715492343 0.011442507359183873 -0.0077964674781515518 0.0057341116648579656 0.017183303368962809
leaf_weight=56.702758981158695 17.796271668805275 57.157398565013864 66.648876573948655 106.38695101586927 71.331310178502463 35.024334184941836
leaf_count=7191 420 10853 670 5770 677 588
internal_value=0 -0.00801112 0.00311049 0.000567237 -0.0023129 0.0100824
internal_weight=411.048 113.86 297.188 230.539 177.718 52.8206
internal_count=26169 18044 8125 7455 6447 1008
is_linear=0
shrinkage=0.025


Tree=143
num_leaves=7
num_cat=0
split_feature=62 21 0 31 16 61
split_gain=16.4598 13.3847 13.4831 10.4951 10.3944 9.41273
threshold=0.75000000000000011 0.70400000000000007 0.48220000000000002 0.27463300000000007 0.59306800000000004 0.72035700000000003
decision_type=2 2 2 2 2 2
left_child=1 2 3 -1 -3 -6
right_child=-2 4 -4 -5 5 -7
leaf_value=-0.0055200104386271282 -0.011295712249627336 -0.02261646195051438 -0.013507708345756887 0.011300684591488948 0.004194909007251957 0.017268442009595888
leaf_weight=47.425091229855752 64.976879551230013 5.0109797168988726 51.806466827463737 40.454695872471348 155.01927888586943 44.045460129040293
leaf_count=5742 10461 245 4515 1439 2611 1156
internal_value=0 0.00220122 -0.00368338 0.00222484 0.00626731 0.0073093
internal_weight=408.739 343.762 139.686 87.8798 204.076 199.065
internal_count=26169 15708 11696 7181 4012 3767
is_linear=0
shrinkage=0.025


Tree=144
num_leaves=7
num_cat=0
split_feature=62 1 29 61 44 6
split_gain=16.0684 12.0755 10.9083 10.2941 15.9548 5.92496
threshold=0.58333333333333337 0.60792189836502086 0.7941180000000001 0.71629350000000003 0.15442000000000003 0.70910850000000014
decision_type=2 2 2 2 2 2
left_child=1 -1 3 4 -2 -3
right_child=2 5 -4 -5 -6 -7
leaf_value=-0.0042789104378225555 -0.019372737082957212 0.0037603814875634628 0.012554904485005425 0.0066862892960957909 -0.0024138025260146451 0.01382325030949152
leaf_weight=66.105809265649441 61.552336447866765 90.213385106937494 16.423402120286482 24.901572092669085 80.385211957898719 66.68138007982634
leaf_count=5417 12519 1563 289 851 4239 1291
internal_value=0 0.00448509 -0.00544454 -0.00742724 -0.0100368 0.0082418
internal_weight=406.263 223.001 183.263 166.839 141.938 156.895
internal_count=26169 8271 17898 17609 16758 2854
is_linear=0
shrinkage=0.025


Tree=145
num_leaves=7
num_cat=0
split_feature=2 60 43 61 9 84
split_gain=15.6094 12.4775 12.2372 14.845 11.23 9.02173
threshold=0.46598570048809057 0.68000000000000005 1.0000000180025095e-35 0.71629350000000003 0.95350000000000013 0.93836657169990512
decision_type=2 2 2 2 2 2
left_child=-1 2 4 -4 -2 -3
right_child=1 5 3 -5 -6 -7
leaf_value=-0.016214427895296115 0.002716117863716244 -0.011860231343959006 -0.019053145348678243 0.015558429185425313 0.014762905665480545 0.0038831619326647041
leaf_weight=31.523848965427533 180.26896817685338 60.768322349969822 24.725447387820168 8.4135909806936962 65.80117468626122 32.906815529073356
leaf_count=11852 6069 5114 1771 83 794 486
internal_value=0 0.00146963 0.00413392 -0.00954521 0.00608881 -0.00628163
internal_weight=404.408 372.884 279.209 33.139 246.07 93.6751
internal_count=26169 14317 8717 1854 6863 5600
is_linear=0
shrinkage=0.025


Tree=146
num_leaves=7
num_cat=0
split_feature=62 61 44 2 48 0
split_gain=15.6331 12.7406 17.0306 11.0333 8.32619 8.25736
threshold=0.75000000000000011 0.53044100000000005 0.050181500000000011 0.70846572518348705 0.66350000000000009 0.48220000000000002
decision_type=2 2 2 2 2 2
left_child=1 2 -1 -3 -2 -4
right_child=4 3 5 -5 -6 -7
leaf_value=-0.01453759804220902 -0.016860831611392776 0.0016760769784592172 0.008251417520147894 0.016601356074602811 0.002035510242175677 -0.0027748638099874615
leaf_weight=46.538788273846876 44.281070220220499 72.397968135250267 74.583009275025688 54.490132028004155 19.321769237001718 90.905273383479653
leaf_count=8054 9446 1827 2316 808 1015 2703
internal_value=0 0.00215456 -0.00156646 0.00835006 -0.0111281 0.00219127
internal_weight=402.518 338.915 212.027 126.888 63.6028 165.488
internal_count=26169 15708 13073 2635 10461 5019
is_linear=0
shrinkage=0.025


Tree=147
num_leaves=7
num_cat=0
split_feature=62 21 9 19 0 61
split_gain=15.1233 12.6054 11.7429 11.3522 11.0085 13.1171
threshold=0.58333333333333337 0.70400000000000007 0.78000000000000014 0.64414750000000021 0.43966650000000002 0.71629350000000003
decision_type=2 2 2 2 2 2
left_child=1 -1 -3 -2 -5 -6
right_child=3 2 -4 4 5 -7
leaf_value=-0.0028867851707295089 -0.023945260945803678 -0.0075759875917120528 0.012294208491918264 0.0086340587349823233 -0.010758631685452763 0.0080636217444826821
leaf_weight=87.267828267064033 16.117187614170689 19.832780042430386 112.8939378199866 35.761302361654089 100.36043846169923 27.323670168174431
leaf_count=5981 7094 470 1820 2533 7418 853
internal_value=0 0.00437244 0.00917522 -0.00534346 -0.00312332 -0.00658606
internal_weight=399.557 219.995 132.727 179.563 163.445 127.684
internal_count=26169 8271 2290 17898 10804 8271
is_linear=0
shrinkage=0.025


Tree=148
num_leaves=7
num_cat=0
split_feature=2 9 48 46 39 62
split_gain=14.8268 10.146 7.24607 6.94518 6.53771 5.54559
threshold=0.64465811848640453 0.29000000000000009 0.37386650000000005 0.58423250000000004 1.0000000180025095e-35 0.41666666666666669
decision_type=2 2 2 2 2 2
left_child=1 -1 -2 4 -3 -4
right_child=2 3 5 -5 -6 -7
leaf_value=-0.018732024256278002 -0.017102930768888597 -0.012514703380455829 0.013191820432931947 -0.012098819425099999 0.0021405596061591287 0.0032517334479904695
leaf_weight=25.171224027373682 6.2759363581426433 19.707523550954647 48.412217162782326 34.161073068011319 130.18771062925953 133.73743421624386
leaf_count=11434 227 2327 684 2285 5987 3225
internal_value=0 -0.00455556 0.00505191 -0.00234487 0 0.00608386
internal_weight=397.653 209.228 188.426 184.056 149.895 182.15
internal_count=26169 22033 4136 10599 8314 3909
is_linear=0
shrinkage=0.025


Tree=149
num_leaves=7
num_cat=0
split_feature=19 29 1 84 44 19
split_gain=15.2435 13.3583 11.7257 10.8562 7.12845 6.77899
threshold=0.68236450000000015 0.89118900000000012 0.72051924467086803 0.98772959951821748 0.40141200000000005 0.6698900000000001
decision_type=2 2 2 2 2 2
left_child=4 2 3 -2 -1 -6
right_child=1 -3 -4 -5 5 -7
leaf_value=-0.013999398500000058 -0.003519323865517919 0.017358671007665357 0.013271320292362164 0.011313217292074429 0.0071052856129408364 -0.017451990558607668
leaf_weight=57.747353783823201 204.39880286973494 31.853178580873646 37.774345175130293 33.627156888600439 24.147044045537772 7.0145512378949197
leaf_count=14661 9068 167 688 228 1088 269
internal_value=0 0.0026443 0.000772778 -0.00129167 -0.0089722 0.000431857
internal_weight=396.562 307.653 275.8 238.026 88.9089 31.1616
internal_count=26169 10151 9984 9296 16018 1357
is_linear=0
shrinkage=0.025


Tree=150
num_leaves=7
num_cat=0
split_feature=2 49 29 62 47 19
split_gain=14.5955 11.5867 8.84299 12.0126 7.83562 7.77165
threshold=0.57366925477981578 1.0000000180025095e-35 1.0000000180025095e-35 0.41666666666666669 0.41847450000000003 0.68340750000000006
decision_type=2 2 2 2 2 2
left_child=1 5 3 -2 -5 -1
right_child=2 -3 -4 4 -6 -7
leaf_value=-0.00887183051035134 0.010277809334068994 -0.015563552703516354 0.0074193131763665007 -0.019015584966327215 -0.0020940305487217588 0.0091996748101656842
leaf_weight=26.075210853381577 38.228385015099775 54.520146974969975 139.70953857866698 19.475514536927221 88.501620494702365 28.418726490628615
leaf_count=6199 803 10853 2527 2222 2573 992
internal_value=0 -0.00768072 0.00296971 -0.00127661 -0.00558656 0.000389126
internal_weight=394.929 109.014 285.915 146.206 107.977 54.4939
internal_count=26169 18044 8125 5598 4795 7191
is_linear=0
shrinkage=0.025


Tree=151
num_leaves=7
num_cat=0
split_feature=2 60 44 22 43 19
split_gain=14.3457 11.7084 11.8343 9.14975 9.10103 8.0391
threshold=0.68277427554130565 0.68000000000000005 0.049005000000000007 0.40872900000000006 1.0000000180025095e-35 0.76890650000000005
decision_type=2 2 2 2 2 2
left_child=1 2 3 -1 -4 -2
right_child=5 -3 4 -5 -6 -7
leaf_value=-0.016364128767773829 0.0038593483984643295 -0.011757801945933658 0.0053114110347142213 0.0061864788716299874 -0.015637208964318843 0.02073177951752618
leaf_weight=37.406760195299285 99.224843845295254 70.291185366962964 140.7891065335134 13.453977791214127 11.666443314607021 20.137687595561147
leaf_count=9670 1885 7900 4649 563 1075 427
internal_value=0 -0.00315334 -2.93792e-05 -0.0102246 0.00342546 0.00714462
internal_weight=392.97 273.607 203.316 50.8607 152.456 119.363
internal_count=26169 23857 15957 10233 5724 2312
is_linear=0
shrinkage=0.025


Tree=152
num_leaves=7
num_cat=0
split_feature=29 83 2 49 19 22
split_gain=14.3593 14.0865 12.2215 8.70587 6.66736 2.73479
threshold=0.9893010000000001 0.62500000000000011 0.68425273895263683 1.0000000180025095e-35 0.77163700000000002 0.46480350000000009
decision_type=2 2 2 2 2 2
left_child=1 2 3 -1 -4 -2
right_child=5 -3 4 -5 -6 -7
leaf_value=0.0031702173648681408 0.0032702222553468796 -0.023143503763744761 0.0038210066798635353 -0.0067149470224612678 0.021426049007299847 0.020787625931614644
leaf_weight=81.090529657303705 10.533563818957193 15.284024078082437 88.582357075938489 161.51036322387154 14.297745481599121 20.162381990696304
leaf_count=5948 129 3432 1729 14495 333 103
internal_value=0 -0.00143826 -0.000293508 -0.00337645 0.00680096 0.015739
internal_weight=391.461 360.765 345.481 242.601 102.88 30.6959
internal_count=26169 25937 22505 20443 2062 232
is_linear=0
shrinkage=0.025


Tree=153
num_leaves=7
num_cat=0
split_feature=60 39 31 61 43 20
split_gain=14.2233 13.7274 12.0452 16.421 10.3864 9.87125
threshold=0.68000000000000005 1.0000000180025095e-35 0.31505900000000003 0.71629350000000003 1.0000000180025095e-35 0.68995650000000019
decision_type=2 2 2 2 2 2
left_child=1 4 3 -3 -1 -2
right_child=5 2 -4 -5 -6 -7
leaf_value=-0.0013202146566289237 -0.018725394902233728 -0.0024207314580395075 0.013161484220970852 0.017657402160193788 -0.026415465942403429 -0.0020999299314896093
leaf_weight=36.104268638286158 33.066933687470737 134.44239259580718 78.468894939316669 28.703437996096909 12.58333119182498 65.829750098258955
leaf_count=2887 5884 9406 2168 380 2337 3107
internal_value=0 0.00279452 0.0052645 0.00127212 -0.00895039 -0.00806972
internal_weight=389.199 290.302 241.615 163.146 48.6876 98.8967
internal_count=26169 17178 11954 9786 5224 8991
is_linear=0
shrinkage=0.025


Tree=154
num_leaves=7
num_cat=0
split_feature=19 29 62 26 0 44
split_gain=13.9689 12.7149 9.63022 7.61861 7.0689 6.8208
threshold=0.68236450000000015 0.89118900000000012 0.58333333333333337 0.58520000000000005 0.45106650000000009 0.43680000000000002
decision_type=2 2 2 2 2 2
left_child=5 2 3 -2 -4 -1
right_child=1 -3 4 -5 -6 -7
leaf_value=-0.013554201768858944 0.0068994516304456887 0.016980348127040367 0.0074475250031477459 -0.010718186324504138 -0.007342907156737884 0.0008828178920679031
leaf_weight=57.350740207435592 133.96274537569843 31.449087532004341 22.50973893806804 14.680405038729075 99.013608870925964 28.968219773822057
leaf_count=14780 2861 167 1129 512 5482 1238
internal_value=0 0.00254738 0.000694918 0.00495309 -0.00443783 -0.00872222
internal_weight=387.935 301.616 270.166 148.643 121.523 86.319
internal_count=26169 10151 9984 3373 6611 16018
is_linear=0
shrinkage=0.025


Tree=155
num_leaves=7
num_cat=0
split_feature=60 39 22 44 43 34
split_gain=13.6635 12.8719 13.3224 10.1208 9.84683 9.76558
threshold=0.68000000000000005 1.0000000180025095e-35 0.49268850000000003 0.049005000000000007 1.0000000180025095e-35 0.29069600000000007
decision_type=2 2 2 2 2 2
left_child=1 4 3 -3 -1 -2
right_child=5 2 -4 -5 -6 -7
leaf_value=-0.001299786805367264 -0.018938366039194354 -0.0082817418751787303 0.015468722692237979 0.0050945724331629607 -0.026009535668519185 -0.0021573920826725751
leaf_weight=35.949516524360661 31.313785805297812 44.453404637872154 56.792615174199454 138.51346956509224 12.152331828379827 66.576019798711059
leaf_count=2887 5671 7128 702 4124 2337 3320
internal_value=0 0.00274882 0.00514625 0.00172967 -0.00869191 -0.00795053
internal_weight=385.751 287.861 239.759 182.967 48.1018 97.8898
internal_count=26169 17178 11954 11252 5224 8991
is_linear=0
shrinkage=0.025


Tree=156
num_leaves=7
num_cat=0
split_feature=2 9 0 61 19 46
split_gain=13.8869 9.48254 7.14251 11.77 5.5153 6.11425
threshold=0.64465811848640453 0.29000000000000009 0.51600000000000013 0.48363350000000005 0.76890650000000005 0.7758750000000002
decision_type=2 2 2 2 2 2
left_child=1 -1 -3 -4 -2 -6
right_child=4 2 3 -5 5 -7
leaf_value=-0.01860886536065123 0.0028605595889867764 0.0032801971897075902 -0.017415786874070083 0 0.01925360221698191 -0.0075447087266213124
leaf_weight=23.688852114235488 153.28402920905501 76.723260403159657 36.915215983019152 64.313120207734755 24.844028630759571 4.6514741573482743
leaf_count=11434 3419 3693 4369 2537 229 488
internal_value=0 -0.00449761 -0.00233885 -0.00665843 0.00495546 0.0144947
internal_weight=384.42 201.64 177.952 101.228 182.78 29.4955
internal_count=26169 22033 10599 6906 4136 717
is_linear=0
shrinkage=0.025


Tree=157
num_leaves=7
num_cat=0
split_feature=2 49 60 20 47 43
split_gain=13.4939 10.1033 8.99041 10.53 8.46934 8.33499
threshold=0.57711473107337963 1.0000000180025095e-35 0.68000000000000005 0.70180650000000011 0.98135300000000014 1.0000000180025095e-35
decision_type=2 2 2 2 2 2
left_child=1 -1 5 -4 -3 -2
right_child=2 4 3 -5 -6 -7
leaf_value=0.00026322998387096541 0.0074922922063751334 -0.018560500848239105 -0.019107267500243053 0.0017126845170713511 0.0063874682671686599 -0.0068283813912196553
leaf_weight=54.715744975615962 180.56959928979632 47.251597330636287 19.628550294713932 45.27286258348613 8.3759258101345022 26.859926809047465
leaf_count=7243 3575 10919 1470 1950 88 924
internal_value=0 -0.00727898 0.00298869 -0.00492937 -0.0145404 0.005537
internal_weight=382.674 110.343 272.331 64.9014 55.6275 207.43
internal_count=26169 18250 7919 3420 11007 4499
is_linear=0
shrinkage=0.025


Tree=158
num_leaves=7
num_cat=0
split_feature=29 83 62 47 32 19
split_gain=13.2406 14.2988 11.2197 12.9234 9.47459 2.74811
threshold=0.91839300000000013 0.62500000000000011 0.41666666666666669 0.8716965000000001 0.15156000000000003 0.68236450000000015
decision_type=2 2 2 2 2 2
left_child=1 2 4 -4 -1 -2
right_child=5 -3 3 -5 -6 -7
leaf_value=-0.0030386162852810952 -0.0012427058800787664 -0.024363526512978323 -0.006403770036723243 0.0050860107018571308 0.016210347792661672 0.017140508720771407
leaf_weight=23.790916189365817 4.646121497215062 13.79270568938591 181.58378164610986 88.657076171366498 38.980397932551568 28.844393801526166
leaf_count=1350 162 3420 19319 1021 738 159
internal_value=0 -0.00148761 -0.000339572 -0.0025902 0.0089438 0.0144379
internal_weight=380.295 346.805 333.012 270.241 62.7713 33.4905
internal_count=26169 25848 22428 20340 2088 321
is_linear=0
shrinkage=0.025


Tree=159
num_leaves=7
num_cat=0
split_feature=1 29 1 6 61 9
split_gain=12.889 10.4586 9.61849 8.18725 5.58952 2.20645
threshold=0.45557285845279699 0.9893010000000001 0.73073196411132824 0.53097800000000006 0.53044100000000005 0.75000000000000011
decision_type=2 2 2 2 2 2
left_child=5 2 3 -2 -4 -1
right_child=1 -3 4 -5 -6 -7
leaf_value=-0.021198498045156458 0.0086944970748240365 0.015076756957671529 -0.0083656993701803403 -0.0031359125074488371 0.017489786860632416 -0.0037443441797616796
leaf_weight=16.786630022255853 39.946064018713514 28.903518342704047 4.3657238591695231 253.90846357793635 24.997798289172351 9.3398149191707471
leaf_count=10397 2715 185 120 11319 390 1043
internal_value=0 0.0013026 -8.54506e-06 -0.0014384 0.0130163 -0.0161365
internal_weight=378.248 352.122 323.218 293.855 29.3635 26.1264
internal_count=26169 14729 14544 14034 510 11440
is_linear=0
shrinkage=0.025


Tree=160
num_leaves=7
num_cat=0
split_feature=60 9 83 84 31 21
split_gain=12.619 11.4001 7.99431 7.51692 6.87781 6.82719
threshold=0.68000000000000005 0.95350000000000013 0.62500000000000011 0.98772959951821748 0.34591200000000005 0.87400000000000011
decision_type=2 2 2 2 2 2
left_child=1 2 4 5 -1 -2
right_child=3 -3 -4 -5 -6 -7
leaf_value=-0.001452353236586027 -0.015792841970380816 0.011255208315887888 -0.020539130444237885 0.0064571453599832048 0.009583074563832417 0
leaf_weight=161.37488847159329 53.755212397772993 69.61992879974423 8.9823236405281914 16.708064293605275 42.305368545581587 25.10537448618561
leaf_count=12259 7099 1078 2168 156 1673 1736
internal_value=0 0.00266346 -0.000206672 -0.00773445 0.000885725 -0.0109548
internal_weight=377.851 282.283 212.663 95.5687 203.68 78.8606
internal_count=26169 17178 16100 8991 13932 8835
is_linear=0
shrinkage=0.025


Tree=161
num_leaves=7
num_cat=0
split_feature=29 1 62 19 6 16
split_gain=12.7536 12.2176 7.22286 5.58266 9.97954 5.14683
threshold=0.9893010000000001 0.61364492774009716 0.58333333333333337 0.68340750000000006 0.52181500000000003 0.5956165000000001
decision_type=2 2 2 2 2 2
left_child=1 3 5 -1 -5 -3
right_child=-2 2 -4 4 -6 -7
leaf_value=-0.012198368006372822 0.015331411835836023 -0.014689272628668013 -0.0037703461893321883 0.016130391525224337 -0.0056869663755765368 0.0075793522099453295
leaf_weight=61.232357321692689 28.64103406182403 4.3318536881124592 62.63906525663333 12.753344709111841 87.566476854815846 118.99573863798287
leaf_count=15402 232 174 2101 552 5226 2482
internal_value=0 -0.00136403 0.00295759 -0.00636135 -0.00250353 0.00645132
internal_weight=376.16 347.519 185.967 161.552 100.32 123.328
internal_count=26169 25937 4757 21180 5778 2656
is_linear=0
shrinkage=0.025


Tree=162
num_leaves=7
num_cat=0
split_feature=60 39 9 61 34 85
split_gain=12.2153 11.502 10.711 10.3607 9.32708 8.90822
threshold=0.68000000000000005 1.0000000180025095e-35 0.9900000000000001 0.71629350000000003 0.29069600000000007 0.97564271588661844
decision_type=2 2 2 2 2 2
left_child=1 5 3 -3 -2 -1
right_child=4 2 -4 -5 -6 -7
leaf_value=-0.013905322958728298 -0.018758932657988735 -0.000649339014450111 0.014534769935796346 0.015467871472766537 -0.001985155080928877 0.010879487158594665
leaf_weight=36.882836208125809 29.479898857076478 154.71207441087608 53.027269280282781 26.99464506842196 64.904269553298946 9.346720341301987
leaf_count=5144 5671 10831 736 387 3320 80
internal_value=0 0.00261927 0.00489479 0.00187499 -0.00766345 -0.00841368
internal_weight=375.348 280.964 234.734 181.707 94.3842 46.2296
internal_count=26169 17178 11954 11218 8991 5224
is_linear=0
shrinkage=0.025


Tree=163
num_leaves=7
num_cat=0
split_feature=1 29 83 2 37 17
split_gain=12.4538 10.3964 8.94396 7.75895 2.15388 1.78799
threshold=0.45557285845279699 0.9893010000000001 0.62500000000000011 0.68425273895263683 1.0000000180025095e-35 0.68823200000000007
decision_type=2 2 2 2 2 2
left_child=4 2 3 -2 -1 -3
right_child=1 5 -4 -5 -6 -7
leaf_value=-0.01844816103908065 -0.0019214217870858086 0.019731469923560285 -0.020952053176840915 0.0064691727940190766 0.0012368041846089655 0.0043905210735465487
leaf_weight=22.618470962675932 210.67547231720164 17.876727785740517 9.8228293731444847 98.889400590502191 2.7366466702005701 10.706437996122984
leaf_count=10682 11086 132 1396 2062 758 53
internal_value=0 0.00127875 -3.69167e-05 0.000761238 -0.0160891 0.015082
internal_weight=373.326 347.971 319.388 309.565 25.3551 28.5832
internal_count=26169 14729 14544 13148 11440 185
is_linear=0
shrinkage=0.025


Tree=164
num_leaves=7
num_cat=0
split_feature=1 29 2 0 20 26
split_gain=11.9782 9.56233 8.18566 9.02636 5.37391 2.06484
threshold=0.45557285845279699 0.9893010000000001 0.75098425149917614 0.48566650000000006 0.70431550000000009 0.30100000000000005
decision_type=2 2 2 2 2 2
left_child=-1 2 3 -2 -4 -3
right_child=1 5 4 -5 -6 -7
leaf_value=-0.015870785102798834 0.00533643689912778 0.0024829241755119909 -0.011008601641748141 -0.0042741253815195626 0.015345293919034921 0.018803496926796087
leaf_weight=25.047034556122526 84.079894381709892 9.0248267147981114 3.4951404661405858 202.43912967463257 27.992238131992053 19.401298576151021
leaf_count=11440 4134 79 90 9832 488 106
internal_value=0 0.00125294 -1.01188e-05 -0.00140184 0.0115679 0.0145245
internal_weight=371.48 346.433 318.006 286.519 31.4874 28.4261
internal_count=26169 14729 14544 13966 578 185
is_linear=0
shrinkage=0.025


Tree=165
num_leaves=7
num_cat=0
split_feature=60 39 22 44 34 43
split_gain=11.9233 10.9975 10.7094 9.05678 9.0443 8.24898
threshold=0.68000000000000005 1.0000000180025095e-35 0.49268850000000003 0.049005000000000007 0.29069600000000007 1.0000000180025095e-35
decision_type=2 2 2 2 2 2
left_child=1 5 3 -3 -2 -1
right_child=4 2 -4 -5 -6 -7
leaf_value=-0.0013857035946485191 -0.018748229945921523 -0.0079039408662412089 0.014328366975765026 0.0049651240790969577 -0.0020606595473901842 -0.024877506281099974
leaf_weight=34.302485052699922 28.539362571569654 42.811849590834754 54.257593697519042 134.34176139804913 65.040278021449922 11.013407197879131
leaf_count=2887 5671 7128 702 4124 3320 2337
internal_value=0 0.00261386 0.00485029 0.0017397 -0.00759641 -0.00828024
internal_weight=370.307 276.727 231.411 177.154 93.5796 45.3159
internal_count=26169 17178 11954 11252 8991 5224
is_linear=0
shrinkage=0.025


Tree=166
num_leaves=7
num_cat=0
split_feature=19 29 62 17 44 18
split_gain=11.6258 11.3734 8.73806 6.6699 6.51735 6.48291
threshold=0.68236450000000015 0.60023650000000017 0.58333333333333337 0.6410300000000001 0.49641000000000007 0.64187500000000008
decision_type=2 2 2 2 2 2
left_child=3 2 -2 4 -1 -5
right_child=1 -3 -4 5 -6 -7
leaf_value=-0.020134802027614633 0.0044290139311971037 0.013736135954300394 -0.0049958513788977889 0.0095199897056792854 0.0029193239486020816 -0.0092516340351614865
leaf_weight=31.436458094616683 134.67169831057254 43.76870964418049 108.80182139025419 18.047856644108833 8.3388959703370329 23.413804519783298
leaf_count=11692 3306 402 6443 2181 475 1670
internal_value=0 0.00237122 0.00017375 -0.00820475 -0.0152077 -0.000804784
internal_weight=368.479 287.242 243.474 81.237 39.7754 41.4617
internal_count=26169 10151 9749 16018 12167 3851
is_linear=0
shrinkage=0.025


Tree=167
num_leaves=7
num_cat=0
split_feature=2 60 44 22 19 43
split_gain=11.3552 9.72567 8.54996 8.82003 8.04974 7.00363
threshold=0.68425273895263683 0.68000000000000005 0.047175500000000009 0.40872900000000006 0.77163700000000002 1.0000000180025095e-35
decision_type=2 2 2 2 2 2
left_child=1 2 3 -1 -2 -4
right_child=4 -3 5 -5 -6 -7
leaf_value=-0.015764733423303378 0.0034993632214239305 -0.010955039111814445 0.0046441277777330651 0.006917743481662424 0.022043523214839336 -0.014463286266100059
leaf_weight=32.817719842056249 92.421746872365475 65.770823863327678 135.9653112664746 13.05737761207274 15.714771749917416 10.527609730805123
leaf_count=9612 1866 7942 4759 531 343 1116
internal_value=0 -0.00284851 0 -0.00910391 0.00671056 0.00299262
internal_weight=366.275 258.139 192.368 45.8751 108.137 146.493
internal_count=26169 23960 16018 10143 2209 5875
is_linear=0
shrinkage=0.025


Tree=168
num_leaves=7
num_cat=0
split_feature=1 62 9 21 39 3
split_gain=11.3574 7.40432 7.24396 7.07104 6.58036 6.96525
threshold=0.61158692836761486 0.58333333333333337 0.29000000000000009 0.33000000000000007 1.0000000180025095e-35 0.9199621081352235
decision_type=2 2 2 2 2 2
left_child=2 3 -1 -2 -4 -6
right_child=1 -3 4 -5 5 -7
leaf_value=-0.017970326279169734 -0.0067568637023735119 -0.0027666000166359939 -0.014452031240067168 0.0094343600985716675 -0.01494253091350718 0.0021364703505612911
leaf_weight=20.545043667098071 17.097806446719915 66.003646926241345 22.018224393003038 118.84584349638317 14.805886554837342 105.3555848322867
leaf_count=11353 399 2180 2776 2365 997 6099
internal_value=0 0.0039393 -0.00487444 0.00724952 -0.00264378 -0.000158269
internal_weight=364.672 201.947 162.725 135.944 142.18 120.161
internal_count=26169 4944 21225 2764 9872 7096
is_linear=0
shrinkage=0.025


Tree=169
num_leaves=7
num_cat=0
split_feature=1 62 9 21 22 39
split_gain=11.424 7.04448 7.00327 6.61598 7.05535 6.23238
threshold=0.61158692836761486 0.58333333333333337 0.29000000000000009 0.33000000000000007 0.29373700000000008 1.0000000180025095e-35
decision_type=2 2 2 2 2 2
left_child=2 3 -1 4 -2 -4
right_child=1 -3 5 -5 -6 -7
leaf_value=-0.017912931378008045 0.0099494617579353115 -0.0025966866008881703 -0.014272621149631144 0.0092995136877771344 -0.018558206554399628 -0.0002962335716515795
leaf_weight=20.141885701792489 7.1280248197726932 65.763055813265964 21.789862970887043 118.53329449117882 9.8552154037170094 119.98226893840183
leaf_count=11353 161 2180 2776 2365 238 7096
internal_value=0 0.00395548 -0.00490254 0.00718793 -0.00640278 -0.0027151
internal_weight=363.194 201.28 161.914 135.517 16.9832 141.772
internal_count=26169 4944 21225 2764 399 9872
is_linear=0
shrinkage=0.025


Tree=170
num_leaves=7
num_cat=0
split_feature=1 9 62 39 3 31
split_gain=11.0033 6.86762 6.49303 6.04711 6.78552 5.80603
threshold=0.61158692836761486 0.29000000000000009 0.58333333333333337 1.0000000180025095e-35 0.92664709687232982 0.66932700000000012
decision_type=2 2 2 2 2 2
left_child=1 -1 5 -3 -5 -2
right_child=2 3 -4 4 -6 -7
leaf_value=-0.017827072768308541 0.0051411363612149435 -0.014113794215425024 -0.0024103494119210038 -0.013277895800561674 0.0022719804072035654 0.023366915724623342
leaf_weight=19.767808145275922 124.65792043769034 21.557271633617347 65.518291496366146 18.575227118955809 101.25188732272363 10.320830002427099
leaf_count=11353 2511 2776 2180 1239 5857 253
internal_value=0 -0.00482347 0.00388859 -0.00266639 -0.000289081 0.00699795
internal_weight=361.649 161.152 200.497 141.384 119.827 134.979
internal_count=26169 21225 4944 9872 7096 2764
is_linear=0
shrinkage=0.025


Tree=171
num_leaves=7
num_cat=0
split_feature=1 9 62 31 21 6
split_gain=10.6144 6.87862 6.3584 6.71709 8.51902 5.84399
threshold=0.61158692836761486 0.29000000000000009 0.58333333333333337 0.66932700000000012 0.33000000000000007 0.52384150000000007
decision_type=2 2 2 2 2 2
left_child=1 -1 3 4 -2 -3
right_child=2 5 -4 -5 -6 -7
leaf_value=-0.017893789325754781 -0.01199208548526693 0.0066130368529030287 -0.0024219476435774455 0.023929158533371978 0.007286290356300686 -0.0053141717691668634
leaf_weight=19.382644914261618 13.825834308285264 30.400831977138296 65.367411136059673 11.007165786693802 109.94928237260319 110.34205273018597
leaf_count=11353 332 2075 2180 253 2179 7797
internal_value=0 -0.00475725 0.00381768 0.00689654 0.00486879 -0.00260633
internal_weight=360.275 160.126 200.15 134.782 123.775 140.743
internal_count=26169 21225 4944 2764 2511 9872
is_linear=0
shrinkage=0.025


Tree=172
num_leaves=7
num_cat=0
split_feature=19 29 47 39 44 18
split_gain=10.9071 10.6148 7.73512 10.808 6.1137 7.12478
threshold=0.68236450000000015 0.60023650000000017 0.92324450000000013 1.0000000180025095e-35 0.43680000000000002 0.64187500000000008
decision_type=2 2 2 2 2 2
left_child=4 2 3 -2 -1 -6
right_child=1 -3 -4 -5 5 -7
leaf_value=-0.013175418270980836 -0.01770047974145815 0.013488958365742491 0.0068487775194252592 -1.9722016545857083e-05 0.013227502897989183 -0.0099087360898954049
leaf_weight=49.923580685626803 23.205666786547226 42.234008716011886 73.033047555421945 141.91908989787044 13.317274258595718 14.923401504696811
leaf_count=14780 2217 402 649 6883 602 636
internal_value=0 0.00231227 0.000174348 -0.0027836 -0.00810921 0.000905288
internal_weight=358.556 280.392 238.158 165.125 78.1643 28.2407
internal_count=26169 10151 9749 9100 16018 1238
is_linear=0
shrinkage=0.025


Tree=173
num_leaves=7
num_cat=0
split_feature=29 62 47 19 39 84
split_gain=10.4861 9.98902 13.1585 7.61544 5.72926 5.84729
threshold=0.31620650000000006 0.41666666666666669 0.77426000000000006 0.70206400000000013 1.0000000180025095e-35 0.94160272804774092
decision_type=2 2 2 2 2 2
left_child=1 -1 3 -3 5 -2
right_child=4 2 -4 -5 -6 -7
leaf_value=0.0071974488371548215 -0.018202630948851852 -0.016553827428245498 0.0023860606476917871 -0.0038803090415903013 0.0094014085807191047 0.010681941063540555
leaf_weight=49.354933143098606 8.3434854516599426 58.809850920722965 86.199858032196062 65.692493958566047 83.116669096889382 4.8363860255922182
leaf_count=1938 1082 14536 1634 4642 2273 64
internal_value=0 -0.0026124 -0.00500875 -0.0101437 0.00694259 -0.00703214
internal_weight=356.354 260.057 210.702 124.502 96.2965 13.1799
internal_count=26169 22750 20812 19178 3419 1146
is_linear=0
shrinkage=0.025


Tree=174
num_leaves=7
num_cat=0
split_feature=19 29 6 21 44 18
split_gain=10.2721 9.51009 7.3556 10.2426 5.52937 7.18001
threshold=0.68236450000000015 0.60023650000000017 0.53097800000000006 0.77400000000000013 0.43680000000000002 0.64582200000000001
decision_type=2 2 2 2 2 2
left_child=4 2 -2 -4 -1 -6
right_child=1 -3 3 -5 5 -7
leaf_value=-0.012812988909268241 0.014519882077352497 0.012895352340729424 -0.0099909146175761569 0.0021057148418306142 0.012147861076838355 -0.011189212186779252
leaf_weight=48.961190605441516 18.134815784287639 41.678490102145588 56.920540303188318 161.79312793814461 14.522256530508459 13.387043580572934
leaf_count=14780 714 402 3575 5460 660 578
internal_value=0 0.00224303 0.000216855 -0.00108023 -0.00794188 0.000666589
internal_weight=355.397 278.527 236.848 218.714 76.8705 27.9093
internal_count=26169 10151 9749 9035 16018 1238
is_linear=0
shrinkage=0.025


Tree=175
num_leaves=7
num_cat=0
split_feature=9 61 44 0 1 2
split_gain=9.94548 8.62365 8.89689 8.55504 9.81211 8.38441
threshold=0.75000000000000011 0.71629350000000003 0.054404500000000001 0.46670000000000006 0.45899933576583868 0.75098425149917614
decision_type=2 2 2 2 2 2
left_child=3 2 -2 4 -1 -4
right_child=1 -3 5 -5 -6 -7
leaf_value=-0.019495244988323571 -0.010208915558402025 0.013602316668093351 0.0011301907216640487 -0.013105849101053075 0.0062095320673608515 0.018848044408154355
leaf_weight=9.160643848426842 35.694668905067374 36.181087728589773 159.6226278983886 53.718516010998428 42.511884880655998 16.409655219176784
leaf_count=7258 2008 1333 4684 8064 2677 145
internal_value=0 0.002734 0.000698854 -0.00634544 0.000801617 0.00307165
internal_weight=353.299 247.908 211.727 105.391 51.6725 176.032
internal_count=26169 8170 6837 17999 9935 4829
is_linear=0
shrinkage=0.025


Tree=176
num_leaves=7
num_cat=0
split_feature=62 21 0 16 48 0
split_gain=9.82622 8.23899 10.4622 8.25951 7.0272 6.95901
threshold=0.75000000000000011 0.70400000000000007 0.48220000000000002 0.59306800000000004 0.66350000000000009 0.43580000000000002
decision_type=2 2 2 2 2 2
left_child=1 2 -1 -3 5 -2
right_child=4 3 -4 -5 -6 -7
leaf_value=0.0023718320474054541 0 -0.021672431554831704 -0.012660996287247482 0.0063183262798068122 0.002672562934257456 -0.022284685326389452
leaf_weight=75.968483491098596 13.061984367577677 4.317093146586557 43.001716925504297 171.25678874830191 18.73771219021728 25.102502949812333
leaf_count=7181 3944 245 4515 3767 1015 5502
internal_value=0 0.00185621 -0.00313849 0.00528634 -0.00928208 -0.0151701
internal_weight=351.446 294.544 118.97 175.574 56.9022 38.1645
internal_count=26169 15708 11696 4012 10461 9446
is_linear=0
shrinkage=0.025


Tree=177
num_leaves=7
num_cat=0
split_feature=29 83 86 1 61 19
split_gain=9.53881 11.1444 8.24678 7.52613 3.80956 2.17983
threshold=0.91839300000000013 0.62500000000000011 0.29166666666666669 0.72051924467086803 0.49446450000000003 0.6772625000000001
decision_type=2 2 2 2 2 2
left_child=1 2 3 -1 -4 -2
right_child=5 -3 4 -5 -6 -7
leaf_value=-0.0040470484609866344 -0.0021393262057954224 -0.023145057202020262 -0.0013753517055155697 0.0095025168254466667 0.011069611049865745 0.015392908259145376
leaf_weight=215.6928337684476 3.5824853950725837 11.46560976103501 19.898317120234424 26.335041703830939 46.812483244095347 26.017308791866526
leaf_count=21006 152 3420 436 641 345 169
internal_value=0 -0.00129283 -0.0002738 -0.00245486 0.00731554 0.012997
internal_weight=349.804 320.204 308.739 242.028 66.7108 29.5998
internal_count=26169 25848 22428 21647 781 321
is_linear=0
shrinkage=0.025


Tree=178
num_leaves=7
num_cat=0
split_feature=60 39 22 47 33 43
split_gain=9.98904 9.49803 10.5502 10.8192 9.46464 7.63624
threshold=0.68000000000000005 1.0000000180025095e-35 0.46480350000000009 0.26702450000000005 0.70000000000000007 1.0000000180025095e-35
decision_type=2 2 2 2 2 2
left_child=1 5 4 -4 -3 -1
right_child=-2 2 3 -5 -6 -7
leaf_value=-0.0011459799278993419 -0.0071758254993406923 -0.0017033669880346684 -0.017795423109299397 0.015633148253820849 0.015390254740547109 -0.02459102048150795
leaf_weight=31.764613267230743 87.748120448944974 130.91789947259167 4.3707064611953674 61.830770725267939 21.303440256415342 10.081235466877841
leaf_count=2887 8991 10072 230 795 857 2337
internal_value=0 0.00246454 0.00458874 0.0127315 0.000842362 -0.00805942
internal_weight=348.017 260.269 218.423 66.2015 152.221 41.8458
internal_count=26169 17178 11954 1025 10929 5224
is_linear=0
shrinkage=0.025


Tree=179
num_leaves=7
num_cat=0
split_feature=9 29 2 31 19 61
split_gain=9.5039 8.23136 9.56365 6.33798 5.76859 5.5624
threshold=0.75000000000000011 1.0000000180025095e-35 0.68750262260437023 0.43579550000000006 0.76890650000000005 0.71029400000000009
decision_type=2 2 2 2 2 2
left_child=3 2 -2 -1 -4 -3
right_child=1 5 4 -5 -6 -7
leaf_value=-0.0083847901259229678 -0.0068050050879094942 0.0044351950383674224 0.0021691593699214701 0.010426829498875367 0.024099358797312277 0.0183352886674794
leaf_weight=93.351984374701715 80.913598521321546 98.557642067447887 34.794400458456948 10.130299125765303 7.7253149417228988 21.380371016915888
leaf_count=16922 4553 2123 819 1077 202 473
internal_value=0 0.00269757 -0.00176926 -0.00625817 0.00746497 0.0073083
internal_weight=346.854 243.371 123.433 103.482 42.5197 119.938
internal_count=26169 8170 5574 17999 1021 2596
is_linear=0
shrinkage=0.025


Tree=180
num_leaves=7
num_cat=0
split_feature=19 29 6 47 44 18
split_gain=9.30778 7.96537 7.23618 9.3995 5.90911 5.64931
threshold=0.68318650000000003 0.60023650000000017 0.53097800000000006 0.92324450000000013 0.43680000000000002 0.64582200000000001
decision_type=2 2 2 2 2 2
left_child=4 2 -2 -4 -1 -6
right_child=1 -3 3 -5 5 -7
leaf_value=-0.012730084569935702 0.014572466618030654 0.012185348359000796 -0.0046871703442277661 0.0063402097177119726 0.011574214334786352 -0.0091669054364502539
leaf_weight=47.888552699627326 17.881781252770452 39.601638390129665 142.91397049089574 69.564811628486495 14.22118623548886 13.448233903327489
leaf_count=14875 694 398 8317 640 661 584
internal_value=0 0.00218053 0.000310653 -0.0010044 -0.00761116 0.00127906
internal_weight=345.52 269.962 230.361 212.479 75.558 27.6694
internal_count=26169 10049 9651 8957 16120 1245
is_linear=0
shrinkage=0.025


Tree=181
num_leaves=7
num_cat=0
split_feature=62 61 44 21 16 0
split_gain=9.6295 7.6179 9.04357 7.44998 7.72248 6.89292
threshold=0.75000000000000011 0.56964300000000001 0.049005000000000007 0.77400000000000013 0.62610650000000012 0.48566650000000006
decision_type=2 2 2 2 2 2
left_child=1 2 -1 -3 -5 -4
right_child=-2 3 5 4 -6 -7
leaf_value=-0.011695615488480367 -0.0092837724134887788 -0.013051452354831307 0.0075479058177789025 -0.0053481782109199493 0.012845659278657188 -0.0029519013569494915
leaf_weight=37.244131743631442 55.686588098447828 7.6287195484619579 67.070965786075249 15.72596394876018 75.029833925771527 85.610521797440015
leaf_count=8041 10461 312 2395 423 1739 2798
internal_value=0 0.00185754 -0.00103838 0.00742187 0.00954038 0.00165143
internal_weight=343.997 288.31 189.926 98.3845 90.7558 152.681
internal_count=26169 15708 13234 2474 2162 5193
is_linear=0
shrinkage=0.025


Tree=182
num_leaves=7
num_cat=0
split_feature=1 29 83 62 37 17
split_gain=9.20163 7.02172 7.94974 6.27934 2.02057 1.58809
threshold=0.45557285845279699 0.91839300000000013 0.62500000000000011 0.41666666666666669 1.0000000180025095e-35 0.68823200000000007
decision_type=2 2 2 2 2 2
left_child=4 2 3 -2 -1 -3
right_child=1 5 -4 -5 -6 -7
leaf_value=-0.017463731142539709 0.0080962300809925038 0.016489666878895633 -0.02146141363730697 -0.0011108201173656918 0.0019192346334655861 0.0023183504887173321
leaf_weight=19.126674448958514 55.154532978311181 18.515503452188572 7.9842281228266065 229.15644324493405 2.5019482269053688 9.7261191816069168
leaf_count=10682 1408 182 1389 11686 758 64
internal_value=0 0.00111236 -5.27506e-05 0.000699784 -0.0148924 0.0124793
internal_weight=342.165 320.537 292.295 284.311 21.6286 28.2416
internal_count=26169 14729 14483 13094 11440 246
is_linear=0
shrinkage=0.025


Tree=183
num_leaves=7
num_cat=0
split_feature=60 39 31 58 43 84
split_gain=9.05633 9.21175 9.22244 10.6246 7.37427 7.11876
threshold=0.68000000000000005 1.0000000180025095e-35 0.31505900000000003 0.33916700000000005 1.0000000180025095e-35 0.98772959951821748
decision_type=2 2 2 2 2 2
left_child=1 4 3 -3 -1 -2
right_child=5 2 -4 -5 -6 -7
leaf_value=-0.0012060462899996253 -0.010183171869239725 -0.0098006294328886554 0.011850499664888518 0.0049896435035135817 -0.024466413166746397 0.0076796194446611121
leaf_weight=31.189671021107642 71.259329670796433 39.649769572846708 68.94017732332577 105.25980852101202 9.8704907999708649 14.682644767482996
leaf_count=2887 8835 5434 2168 4352 2337 156
internal_value=0 0.00237131 0.00448898 0.000785829 -0.00808176 -0.00690167
internal_weight=340.852 254.91 213.85 144.91 41.0602 85.942
internal_count=26169 17178 11954 9786 5224 8991
is_linear=0
shrinkage=0.025


Tree=184
num_leaves=7
num_cat=0
split_feature=62 21 0 16 61 48
split_gain=8.84042 7.5816 9.17008 6.95721 6.37204 6.11271
threshold=0.75000000000000011 0.70400000000000007 0.48220000000000002 0.59306800000000004 0.72035700000000003 0.66350000000000009
decision_type=2 2 2 2 2 2
left_child=1 2 -1 -3 -5 -2
right_child=5 3 -4 4 -6 -7
leaf_value=0.0021634024102485756 -0.014611569882265042 -0.020294992010954162 -0.01211743198307688 0.0032923052635472905 0.015162344517541735 0.0022680803048519406
leaf_weight=73.738382503757748 36.468081812261516 3.9429356840555547 41.639555217392626 129.26518026688427 35.777484707068652 18.279811479049386
leaf_count=7181 9446 245 4515 2611 1156 1015
internal_value=0 0.00179007 -0.00306396 0.00515162 0.00610554 -0.00896984
internal_weight=339.111 284.364 115.378 168.986 165.043 54.7479
internal_count=26169 15708 11696 4012 3767 10461
is_linear=0
shrinkage=0.025


Tree=185
num_leaves=7
num_cat=0
split_feature=9 61 44 0 1 61
split_gain=8.84074 7.57577 8.16595 7.52234 8.8586 7.85258
threshold=0.75000000000000011 0.71629350000000003 0.054404500000000001 0.46670000000000006 0.48245425522327429 0.70270150000000009
decision_type=2 2 2 2 2 2
left_child=3 2 -2 4 -1 -5
right_child=1 -3 -4 5 -6 -7
leaf_value=-0.016361651108619289 -0.0099216491980415236 0.013119241810690303 0.0030202102786583678 -0.019638086716686709 0.0066738816119978426 0.00014897989591213017
leaf_weight=11.490087432694052 34.465045381439268 34.068801381043158 168.83125650732836 32.388637029253005 38.2204126374927 18.150989841087721
leaf_count=7817 2008 1333 4829 7367 2118 697
internal_value=0 0.00262838 0.00068977 -0.00613583 0.000653361 -0.0126946
internal_weight=337.615 237.365 203.296 100.25 49.7105 50.5396
internal_count=26169 8170 6837 17999 9935 8064
is_linear=0
shrinkage=0.025


Tree=186
num_leaves=7
num_cat=0
split_feature=1 31 18 39 6 6
split_gain=8.77502 6.72919 6.22437 5.41835 5.49147 4.51154
threshold=0.61364492774009716 0.66279750000000004 0.63484550000000006 1.0000000180025095e-35 0.52485150000000014 0.70777750000000006
decision_type=2 2 2 2 2 2
left_child=2 5 -1 -4 -5 -2
right_child=1 -3 3 4 -6 -7
leaf_value=-0.015746722662567315 -0.0017024214822290891 0.019849097301218949 -0.01335219470685442 0.011039311237211174 -0.0025681336042401182 0.0062301327619407121
leaf_weight=23.137637310033824 88.557666077555041 12.388037466851527 19.567489273977117 20.827220880535606 87.311300364097406 84.134368997823913
leaf_count=12011 2172 266 2618 1207 5492 2403
internal_value=0 0.00362639 -0.00443604 -0.00205659 0.000163768 0.00214607
internal_weight=335.924 185.08 150.844 127.706 108.139 172.692
internal_count=26169 4841 21328 9317 6699 4575
is_linear=0
shrinkage=0.025


Tree=187
num_leaves=7
num_cat=0
split_feature=60 39 22 31 84 43
split_gain=8.69373 8.61013 9.17957 7.27102 6.87133 6.85001
threshold=0.68000000000000005 1.0000000180025095e-35 0.49268850000000003 0.43579550000000006 0.93836657169990512 1.0000000180025095e-35
decision_type=2 2 2 2 2 2
left_child=1 5 3 -3 -2 -1
right_child=4 2 -4 -5 -6 -7
leaf_value=-0.001216430609323477 -0.011709248639790925 -0.0011720404299775077 0.01368019370651413 0.01183030364084512 0.0028803698943758141 -0.024012768770845145
leaf_weight=30.623290978513978 56.446891388924996 130.8058606627892 48.484448272967711 30.985469468389056 28.132220254890854 9.4247656251936842
leaf_count=2887 8340 10065 702 1187 651 2337
internal_value=0 0.00234646 0.00440549 0.00140697 -0.00681267 -0.00788259
internal_weight=334.903 250.324 210.276 161.791 84.5791 40.0481
internal_count=26169 17178 11954 11252 8991 5224
is_linear=0
shrinkage=0.025


Tree=188
num_leaves=7
num_cat=0
split_feature=9 61 44 0 61 2
split_gain=8.6095 7.36343 7.65794 7.14486 7.48304 7.21945
threshold=0.75000000000000011 0.71629350000000003 0.054404500000000001 0.46670000000000006 0.70270150000000009 0.46436947584152227
decision_type=2 2 2 2 2 2
left_child=3 2 -2 5 -5 -1
right_child=1 -3 -4 4 -6 -7
leaf_value=-0.017278633458078011 -0.0097484483840575842 0.012979485763572746 0.0029254310318760392 -0.019446082509429037 2.130189382250487e-05 0.0053160386817484827
leaf_weight=8.5981132838915055 33.524157382955309 33.802708336734213 167.62290440582728 31.617411766226724 17.929104195383843 40.451420004639658
leaf_count=7187 2008 1333 4829 7367 697 2748
internal_value=0 0.00260137 0.000676431 -0.00610997 -0.0125708 0.000539698
internal_weight=333.546 234.95 201.147 98.596 49.5465 49.0495
internal_count=26169 8170 6837 17999 8064 9935
is_linear=0
shrinkage=0.025


Tree=189
num_leaves=7
num_cat=0
split_feature=1 19 6 31 22 47
split_gain=8.46879 6.5387 6.89143 6.46715 4.41091 4.39972
threshold=0.61364492774009716 0.68340750000000006 0.52181500000000003 0.66279750000000004 0.41060950000000002 0.94988050000000013
decision_type=2 2 2 2 2 2
left_child=1 -1 -3 5 -4 -2
right_child=3 2 4 -5 -6 -7
leaf_value=-0.011200423048256483 -0.0003301760934574312 0.015422481460977942 -0.0079767573580351633 0.019500738608291959 0.0032617804502629907 0.0084137769473900462
leaf_weight=53.301891139844884 124.30645988017204 12.177788163768126 47.443227348303481 12.331593674258327 35.521433425019495 47.049185323994607
leaf_count=15496 4251 555 3541 266 1736 324
internal_value=0 -0.00440066 -0.000312359 0.00356767 -0.00310792 0.00210679
internal_weight=332.132 148.444 95.1424 183.687 82.9647 171.356
internal_count=26169 21328 5832 4841 5277 4575
is_linear=0
shrinkage=0.025


Tree=190
num_leaves=7
num_cat=0
split_feature=9 29 2 0 1 61
split_gain=8.19938 7.4497 7.99508 7.08304 7.944 7.23413
threshold=0.75000000000000011 1.0000000180025095e-35 0.68750262260437023 0.46670000000000006 0.45899933576583868 0.70270150000000009
decision_type=2 2 2 2 2 2
left_child=3 2 -2 4 -1 -5
right_child=1 -3 -4 5 -6 -7
leaf_value=-0.018700151733064545 -0.0064852652508609722 0.0070211993852773401 0.0068410879809755664 -0.019342430488566115 0.0055041339409175605 0
leaf_weight=8.0157587234007206 77.653179853805341 115.0259523686691 40.544060747954063 30.980926396467112 40.674470230718725 17.818861077830661
leaf_count=7258 4553 2596 1021 7367 2677 697
internal_value=0 0.00254462 -0.00179454 -0.00599887 0.000629843 -0.0124916
internal_weight=330.713 233.223 118.197 97.49 48.6902 48.7998
internal_count=26169 8170 5574 17999 9935 8064
is_linear=0
shrinkage=0.025


Tree=191
num_leaves=7
num_cat=0
split_feature=60 39 22 31 43 84
split_gain=8.10142 8.32071 8.51361 6.77769 6.65613 6.43848
threshold=0.68000000000000005 1.0000000180025095e-35 0.49268850000000003 0.43579550000000006 1.0000000180025095e-35 0.93836657169990512
decision_type=2 2 2 2 2 2
left_child=1 4 3 -3 -1 -2
right_child=5 2 -4 -5 -6 -7
leaf_value=-0.0012197337979922979 -0.011451870663017838 -0.0011054497092549524 0.01332354382762947 0.011540150494589016 -0.023878325337194646 0.0027710896263852913
leaf_weight=30.161692486086395 55.146730312511863 128.58960633786592 47.721702425042167 30.504189557228528 9.2384299245823041 27.796435916352493
leaf_count=2887 8340 10065 702 1187 2337 651
internal_value=0 0.00228156 0.00432405 0.00140606 -0.0078492 -0.00664136
internal_weight=329.159 246.216 206.815 159.094 39.4001 82.9432
internal_count=26169 17178 11954 11252 5224 8991
is_linear=0
shrinkage=0.025


Tree=192
num_leaves=7
num_cat=0
split_feature=2 9 19 0 61 0
split_gain=7.89946 7.81049 7.15597 6.25774 8.51643 5.36081
threshold=0.68425273895263683 0.29000000000000009 0.77163700000000002 0.48566650000000006 0.48363350000000005 0.40213350000000003
decision_type=2 2 2 2 2 2
left_child=1 -1 -2 5 -5 -3
right_child=2 3 -4 4 -6 -7
leaf_value=-0.017099017855240883 0.0026794829825644135 0.00011409644449644574 0.020950178416234356 -0.01306415538031548 2.1484261573151095e-05 0.014495587727906677
leaf_weight=18.479199374838572 82.777814627188491 55.064714925531007 14.180561467073856 43.30188202897989 92.60443071865302 21.249589875616948
leaf_count=11607 1866 2819 343 4850 3770 914
internal_value=0 -0.00251592 0.00589906 -0.00102104 -0.00424525 0.0045624
internal_weight=327.658 230.7 96.9584 212.221 135.906 76.3143
internal_count=26169 23960 2209 12353 8620 3733
is_linear=0
shrinkage=0.025


Tree=193
num_leaves=7
num_cat=0
split_feature=1 29 83 2 37 26
split_gain=7.77373 6.57409 6.58556 5.25667 1.86808 1.56501
threshold=0.45557285845279699 0.9893010000000001 0.62500000000000011 0.72535717487335216 1.0000000180025095e-35 0.30100000000000005
decision_type=2 2 2 2 2 2
left_child=4 2 3 -2 -1 -3
right_child=1 5 -4 -5 -6 -7
leaf_value=-0.016999597175120833 -0.00083911460051056528 0.0014893538231068827 -0.019783528454641063 0.0083850521580165881 0.0019493838164819954 0.017132768884095484
leaf_weight=17.170310380230152 232.2252272579899 7.4246509232616544 7.7192809026964815 43.53976602567127 2.3674740813366943 15.854097008705137
leaf_count=10682 12217 79 1396 931 758 106
internal_value=0 0.00102227 -4.57681e-05 0.000648067 -0.0143458 0.0131111
internal_weight=326.301 306.763 283.484 275.765 19.5378 23.2787
internal_count=26169 14729 14544 13148 11440 185
is_linear=0
shrinkage=0.025


Tree=194
num_leaves=7
num_cat=0
split_feature=9 61 6 86 29 32
split_gain=7.60074 7.05435 10.4233 5.84692 5.73218 5.08718
threshold=0.75000000000000011 0.49446450000000003 0.62577050000000012 0.013245614035087722 0.43853150000000002 0.33500000000000008
decision_type=2 2 2 2 2 2
left_child=3 2 4 -1 -2 -3
right_child=1 5 -4 -5 -6 -7
leaf_value=0.0080718555023924481 -2.5961359919168197e-05 0.0024340775845489862 -0.012172967268623656 -0.0083880742434763091 0.018374959030935622 0.012798525055545795
leaf_weight=13.455060039053931 43.202845010593592 91.214696955808904 39.361562161575421 82.12636692588967 11.122024610784136 44.745155823067762
leaf_count=2033 2143 2626 2375 15966 165 861
internal_value=0 0.00246532 -0.00270788 -0.0058351 0.00422997 0.00607777
internal_weight=325.228 229.646 93.6864 95.5814 54.3249 135.96
internal_count=26169 8170 4683 17999 2308 3487
is_linear=0
shrinkage=0.025


Tree=195
num_leaves=7
num_cat=0
split_feature=9 0 1 61 29 2
split_gain=7.46951 7.05104 7.45778 7.10718 7.01346 7.18454
threshold=0.75000000000000011 0.46670000000000006 0.45899933576583868 0.70270150000000009 1.0000000180025095e-35 0.75098425149917614
decision_type=2 2 2 2 2 2
left_child=1 2 -1 -3 5 -2
right_child=4 3 -4 -5 -6 -7
leaf_value=-0.018326340827299153 -0.0043688596247965289 -0.019298150447526172 0.0055575433706931496 0 0.0068188685878731769 0.012744363217654698
leaf_weight=7.5717675809282801 100.69068199709 29.978209142420383 40.113097001976712 17.538081452425104 113.23736067896971 15.397360043134539
leaf_count=7258 5235 7367 2677 697 2596 339
internal_value=0 -0.00579791 0.000866705 -0.0123701 0.00244349 -0.00180444
internal_weight=324.527 95.2012 47.6849 47.5163 229.325 116.088
internal_count=26169 17999 9935 8064 8170 5574
is_linear=0
shrinkage=0.025


Tree=196
num_leaves=7
num_cat=0
split_feature=1 31 19 6 47 86
split_gain=7.54556 6.30994 5.67545 6.33393 4.55508 4.38451
threshold=0.61364492774009716 0.66279750000000004 0.68340750000000006 0.52181500000000003 0.80572300000000008 0.29166666666666669
decision_type=2 2 2 2 2 2
left_child=2 5 4 -4 -1 -2
right_child=1 -3 3 -5 -6 -7
leaf_value=-0.01360927796380018 -0.00049041863371449977 0.01913158367269761 0.014881431134617679 -0.003098396830124645 0.0059294271467868536 0.0084030579533812787
leaf_weight=44.343497915377156 122.97250838539185 12.286839871027039 11.830096962556125 80.693858298182022 6.7191334261151487 44.773936625861097
leaf_count=15294 4233 266 555 5277 202 342
internal_value=0 0.00338901 -0.00423452 -0.000376381 -0.0107181 0.00192052
internal_weight=323.62 180.033 143.587 92.524 51.0626 167.746
internal_count=26169 4841 21328 5832 15496 4575
is_linear=0
shrinkage=0.025


Tree=197
num_leaves=7
num_cat=0
split_feature=60 39 9 85 0 44
split_gain=7.34573 7.62202 7.69311 6.51302 6.12355 9.23949
threshold=0.68000000000000005 1.0000000180025095e-35 0.9900000000000001 0.97564271588661844 0.80776700000000012 0.16367100000000004
decision_type=2 2 2 2 2 2
left_child=1 3 -3 -1 5 -2
right_child=4 2 -4 -5 -6 -7
leaf_value=-0.012819252772015453 -0.024902784336611406 0.0014114005134800553 0.012974847756610342 0.0097568068334804962 0.00032878764782606328 -0.001074308441922334
leaf_weight=30.597055743346573 18.452256939955987 157.7232240999565 45.295784853457008 8.0572310820571129 40.44452818368336 21.801856225723895
leaf_count=5144 4782 11218 736 80 2938 1271
internal_value=0 0.00218598 0.00416036 -0.00759398 -0.00641546 -0.0130193
internal_weight=322.372 241.673 203.019 38.6543 80.6986 40.2541
internal_count=26169 17178 11954 5224 8991 6053
is_linear=0
shrinkage=0.025


Tree=198
num_leaves=7
num_cat=0
split_feature=29 85 62 15 32 16
split_gain=7.27571 7.17123 7.84159 8.83354 4.54728 4.38879
threshold=0.31620650000000006 0.97510330578512405 0.41666666666666669 0.66912400000000016 0.17192500000000002 0.60408650000000008
decision_type=2 2 2 2 2 2
left_child=1 2 4 -4 -1 -2
right_child=5 -3 3 -5 -6 -7
leaf_value=-0.0046178272294796485 -0.013820354236373756 0.0058180783573890272 -0.012786606603499982 -0.00041407723554208096 0.011939962661460225 0.0075208458775304441
leaf_weight=14.972727112781284 3.9447122381370709 50.155761260313739 78.615339320032945 67.967935629319982 22.473747431839001 82.64100805331509
leaf_count=1246 1041 698 15591 4577 638 2378
internal_value=0 -0.00229213 -0.00459776 -0.00721153 0.00522573 0.0060898
internal_weight=320.771 234.186 184.03 146.583 37.4465 86.5857
internal_count=26169 22750 22052 20168 1884 3419
is_linear=0
shrinkage=0.025


Tree=199
num_leaves=7
num_cat=0
split_feature=62 21 0 61 49 44
split_gain=7.26941 7.02955 8.45471 5.74997 6.58871 5.73611
threshold=0.91666666666666685 0.70400000000000007 0.48220000000000002 0.56964300000000001 1.0000000180025095e-35 0.076556500000000013
decision_type=2 2 2 2 2 2
left_child=1 2 5 4 -3 -1
right_child=-2 3 -4 -5 -6 -7
leaf_value=-0.0089219856380511608 -0.012912143937344156 0.01580485096305927 -0.011737068033057386 0.0084985059436543785 -0.0034072874004115006 0.0057692867684303595
leaf_weight=20.51413759222487 22.635127599107363 10.607316299749071 45.166585010907511 92.348673102795146 71.525353808508953 55.928469045342354
leaf_count=6655 5453 213 6222 2752 2362 2512
internal_value=0 0.00108693 -0.00344622 0.00429992 -0.000429107 0.00155821
internal_weight=318.726 296.091 121.609 174.481 82.1327 76.4426
internal_count=26169 20716 15389 5327 2575 9167
is_linear=0
shrinkage=0.025


Tree=200
num_leaves=7
num_cat=0
split_feature=62 21 0 44 16 46
split_gain=7.1666 6.74437 8.38048 5.7521 5.65451 5.35403
threshold=0.91666666666666685 0.70400000000000007 0.48220000000000002 0.076556500000000013 0.59306800000000004 0.58423250000000004
decision_type=2 2 2 2 2 2
left_child=1 2 3 -1 -3 -6
right_child=-2 4 -4 -5 5 -7
leaf_value=-0.0090291171173356548 -0.012918197680094314 -0.018237072985048945 -0.011687811184319113 0.0057826009124474238 0.0077773649299712954 -0.0019054520535801247
leaf_weight=20.071693660302117 22.278385391822667 4.1980140439263769 44.713395656424836 55.997004761073185 123.47805307239469 46.792360134015325
leaf_count=6655 5453 383 6222 2512 2529 2415
internal_value=0 0.00107503 -0.0033854 0.00160003 0.00421658 0.0050767
internal_weight=317.529 295.251 120.782 76.0687 174.468 170.27
internal_count=26169 20716 15389 9167 5327 4944
is_linear=0
shrinkage=0.025


Tree=201
num_leaves=7
num_cat=0
split_feature=29 83 89 39 15 19
split_gain=7.14968 8.32291 5.83174 9.11475 5.32232 2.5609
threshold=0.91839300000000013 0.62500000000000011 1.0000000180025095e-35 1.0000000180025095e-35 0.48619900000000005 0.6772625000000001
decision_type=2 2 2 2 2 2
left_child=1 2 3 -1 -4 -2
right_child=5 -3 4 -5 -6 -7
leaf_value=-0.014343090114764737 -0.0043737475439877809 -0.021808029280690346 -0.0095871617660564443 -4.6566905346561535e-05 0.009420604547745081 0.014895365548493767
leaf_weight=30.432436619094005 3.2451968205932671 9.2237101697955932 8.5061204449011694 189.69868837729155 52.723552252391528 22.583655666909181
leaf_count=5635 152 3420 138 16012 643 169
internal_value=0 -0.00115923 -0.000265381 -0.00220119 0.00637022 0.0119932
internal_weight=316.413 290.585 281.361 220.131 61.2297 25.8289
internal_count=26169 25848 22428 21647 781 321
is_linear=0
shrinkage=0.025


Tree=202
num_leaves=7
num_cat=0
split_feature=1 29 83 62 19 48
split_gain=6.84797 5.76041 6.26145 5.06957 2.19275 1.31131
threshold=0.45557285845279699 0.91839300000000013 0.62500000000000011 0.41666666666666669 0.6772625000000001 0.25536650000000005
decision_type=2 2 2 2 2 2
left_child=5 2 3 -2 -3 -1
right_child=1 4 -4 -5 -6 -7
leaf_value=-0.0015138971419133953 0.0074351082420190369 -0.0036598386096963484 -0.020423119031133023 -0.0011401568640330253 0.014392465525088228 -0.018234408654263443
leaf_weight=5.8084463721261299 51.136962004864472 3.1260916137543999 6.7078233824249756 213.48968469367537 22.420897080097347 11.963668920625421
leaf_count=4537 1408 84 1389 11686 162 6903
internal_value=0 0.000952179 -0.000129706 0.000538263 0.0117422 -0.0140619
internal_weight=314.654 296.881 271.334 264.627 25.547 17.7721
internal_count=26169 14729 14483 13094 246 11440
is_linear=0
shrinkage=0.025


Tree=203
num_leaves=7
num_cat=0
split_feature=60 39 9 61 0 17
split_gain=6.74069 6.60731 7.2948 6.66953 6.05928 8.96767
threshold=0.68000000000000005 1.0000000180025095e-35 0.9900000000000001 0.71629350000000003 0.80776700000000012 0.63418550000000007
decision_type=2 2 2 2 2 2
left_child=1 -1 3 -3 -2 -6
right_child=4 2 -4 -5 5 -7
leaf_value=-0.0071993412635337709 -0.012886270412163099 -0.00090088203153295332 0.01266820316056521 0.013132156306698737 0.012465593602997496 -0.0099782515270281768
leaf_weight=36.853023805400881 39.142566573345903 131.80150409632733 44.048118928621989 22.496934087015688 18.709657709823659 20.816975126947
leaf_count=5224 6053 10831 736 387 960 1978
internal_value=0 0.00212406 0.00396798 0.00126611 -0.0062202 0.000546756
internal_weight=313.869 235.2 198.347 154.298 78.6692 39.5266
internal_count=26169 17178 11954 11218 8991 2938
is_linear=0
shrinkage=0.025


Tree=204
num_leaves=7
num_cat=0
split_feature=60 39 22 31 47 20
split_gain=6.46337 6.41438 7.28077 9.44236 8.18555 5.63416
threshold=0.68000000000000005 1.0000000180025095e-35 0.46480350000000009 0.43579550000000006 0.23041600000000004 0.67242050000000009
decision_type=2 2 2 2 2 2
left_child=1 -1 3 -3 -4 -2
right_child=5 2 4 -5 -6 -7
leaf_value=-0.0071165776413983327 -0.017604731069609667 -0.0025133099206994772 -0.018442865486862279 0.01356338021389007 0.013520438560181439 -0.0020268782287192612
leaf_weight=36.75581832415628 17.762426807035808 112.25866079351727 3.0975603641127227 25.942110597556166 56.313831948908046 60.142704518497339
leaf_count=5224 5336 9854 187 1075 838 3655
internal_value=0 0.00207894 0.00390057 0.000629684 0.0110352 -0.00612441
internal_weight=312.273 234.368 197.612 138.201 59.4114 77.9051
internal_count=26169 17178 11954 10929 1025 8991
is_linear=0
shrinkage=0.025


Tree=205
num_leaves=7
num_cat=0
split_feature=62 61 49 47 0 8
split_gain=6.59652 6.03132 7.25509 8.32274 6.33405 5.55812
threshold=0.91666666666666685 0.53044100000000005 1.0000000180025095e-35 0.80572300000000008 0.41233350000000007 1.0000000180025095e-35
decision_type=2 2 2 2 2 2
left_child=1 2 4 -4 -1 -3
right_child=-2 5 3 -5 -6 -7
leaf_value=-0.00025767765795245895 -0.012581740623877683 -0.013492611006035743 -0.01149769313049492 0.002365844379092462 0.015376184188048803 0.0072370604736143084
leaf_weight=55.449877603170535 21.560382197776562 6.2145664853160261 63.381537639201269 43.182483835640596 19.745953710640606 101.3178814969142
leaf_count=5807 5453 422 10109 733 662 2983
internal_value=0 0.00103746 -0.00170158 -0.00587415 0.00409772 0.00568018
internal_weight=310.853 289.292 181.76 106.564 75.1958 107.532
internal_count=26169 20716 17311 10842 6469 3405
is_linear=0
shrinkage=0.025


Tree=206
num_leaves=7
num_cat=0
split_feature=1 29 83 2 48 9
split_gain=6.45164 5.33856 5.50804 4.24627 1.3893 2.48842
threshold=0.45557285845279699 0.9893010000000001 0.62500000000000011 0.72535717487335216 0.25536650000000005 0.75000000000000011
decision_type=2 2 2 2 2 2
left_child=4 2 3 -2 5 -1
right_child=1 -3 -4 -5 -6 -7
leaf_value=-0.012551958418811569 -0.00077719668913978079 0.012199444363847954 -0.01895368812724843 0.0076838880076531297 -0.018148786989991009 0.011422184637497669
leaf_weight=3.4083059940512639 222.11601107012393 21.62565517105395 6.8286140100426556 41.706389341939939 11.571016587839038 2.3737181766773574
leaf_count=4326 12217 185 1396 931 6903 211
internal_value=0 0.000929056 -4.28536e-05 0.000587093 -0.0137946 -0.00117632
internal_weight=309.63 292.277 270.651 263.822 17.353 5.78202
internal_count=26169 14729 14544 13148 11440 4537
is_linear=0
shrinkage=0.025


Tree=207
num_leaves=7
num_cat=0
split_feature=60 48 31 9 21 20
split_gain=6.377 6.47977 7.15541 6.58022 6.85113 5.44285
threshold=0.68000000000000005 0.60470000000000013 0.31505900000000003 0.78000000000000014 0.77400000000000013 0.67242050000000009
decision_type=2 2 2 2 2 2
left_child=1 2 -1 -3 -5 -2
right_child=5 3 -4 4 -6 -7
leaf_value=-0.003926054406961579 -0.017513304187124268 -0.0076720141406745827 0.0069057640564315643 -0.0047782757515973506 0.016693494888893958 -0.002076661109485825
leaf_weight=116.79513830159704 17.41822704455808 10.158143781911347 53.37816937311436 9.7990684328833577 41.985916140431073 59.7065982501299
leaf_count=13277 5336 423 2607 303 568 3655
internal_value=0 0.00207473 -0.000426978 0.00883327 0.0124364 -0.00611324
internal_weight=309.241 232.116 170.173 61.9431 51.785 77.1248
internal_count=26169 17178 15884 1294 871 8991
is_linear=0
shrinkage=0.025


Tree=208
num_leaves=7
num_cat=0
split_feature=83 60 39 22 43 34
split_gain=6.16058 5.93989 5.38897 6.3962 5.53747 4.96732
threshold=0.62500000000000011 0.68000000000000005 1.0000000180025095e-35 0.49268850000000003 1.0000000180025095e-35 0.29069600000000007
decision_type=2 2 2 2 2 2
left_child=1 2 4 -4 -1 -3
right_child=-2 5 3 -5 -6 -7
leaf_value=0 -0.016798136912412096 -0.014984248269187588 0.0018221976103010619 0.012706086688770254 -0.021847665764786639 -0.00085782666415008021
leaf_weight=26.660863784241883 10.575458273830007 20.555982183896049 146.45909363963437 42.927246202772949 7.4679362937185934 53.519181692005077
leaf_count=2462 3454 4712 9830 664 2003 3044
internal_value=0 0.000731924 0.00279041 0.00446819 -0.00595053 -0.00525342
internal_weight=308.166 297.59 223.515 189.386 34.1288 74.0752
internal_count=26169 22715 14959 10494 4465 7756
is_linear=0
shrinkage=0.025


Tree=209
num_leaves=7
num_cat=0
split_feature=29 60 19 24 84 2
split_gain=6.24388 6.51155 6.24715 6.51072 4.98065 4.89485
threshold=0.31620650000000006 0.68000000000000005 0.76890650000000005 0.25000000000000006 0.87821357943309175 0.66758680343627941
decision_type=2 2 2 2 2 2
left_child=1 2 3 -1 -3 -4
right_child=-2 4 5 -5 -6 -7
leaf_value=-0.0085959726281675895 0.0057996459655707128 -0.015867781173166218 -0.0032089393655120205 0.0021775534531215347 -0.00069091095217428114 0.021750566024094857
leaf_weight=49.8004764236357 82.089156146566893 30.122154507043888 5.8430471405154121 102.31159556733473 25.631199231129358 11.446904618642291
leaf_count=7579 3419 6989 186 7023 849 124
internal_value=0 -0.00215496 0.000270445 -0.00137499 -0.00936989 0.0135337
internal_weight=307.245 225.155 169.402 152.112 55.7534 17.29
internal_count=26169 22750 14912 14602 7838 310
is_linear=0
shrinkage=0.025


Tree=210
num_leaves=7
num_cat=0
split_feature=61 44 2 0 62 0
split_gain=6.42722 9.21139 7.57734 8.84987 6.76722 6.04921
threshold=0.72035700000000003 0.15442000000000003 0.75098425149917614 0.48566650000000006 0.58333333333333337 0.80880000000000007
decision_type=2 2 2 2 2 2
left_child=1 4 3 -3 5 -1
right_child=-2 2 -4 -5 -6 -7
leaf_value=-0.0048728543357588637 0.0088963339159714213 0.0080131842629414026 0.018432247285070605 -0.0042002889187359492 -0.013895174136164288 0.016177554985715974
leaf_weight=41.458221924114696 41.131068443879485 56.564668569990317 13.546028581680728 96.855041285329207 48.24212629696558 8.0470601370034256
leaf_count=4697 1754 2382 155 4320 12764 97
internal_value=0 -0.00145261 0.00207559 0.000302888 -0.00746799 -0.00066967
internal_weight=305.844 264.713 166.966 153.42 97.7474 49.5053
internal_count=26169 24415 6857 6702 17558 4794
is_linear=0
shrinkage=0.025


Tree=211
num_leaves=7
num_cat=0
split_feature=61 44 2 0 62 0
split_gain=6.36231 8.58121 7.10913 8.5598 6.61922 6.00537
threshold=0.72035700000000003 0.15442000000000003 0.75098425149917614 0.48566650000000006 0.58333333333333337 0.80880000000000007
decision_type=2 2 2 2 2 2
left_child=1 4 3 -3 5 -1
right_child=-2 2 -4 -5 -6 -7
leaf_value=-0.0047705556121522916 0.0088633977598834776 0.0078335881479659614 0.017894793740445957 -0.0041877417385359572 -0.013671941469137095 0.016207066351533989
leaf_weight=41.227836597194255 41.004589529009536 56.478492580128659 13.363584144273771 96.708226281592943 47.773605155123732 8.0611310171952919
leaf_count=4697 1754 2382 155 4320 12764 97
internal_value=0 -0.001449 0.00195463 0.000242826 -0.00727963 -0.000554001
internal_weight=304.617 263.613 166.55 153.187 97.0626 49.289
internal_count=26169 24415 6857 6702 17558 4794
is_linear=0
shrinkage=0.025


Tree=212
num_leaves=7
num_cat=0
split_feature=62 61 49 47 8 21
split_gain=6.2013 6.17899 6.86109 7.39553 5.4514 4.93192
threshold=0.91666666666666685 0.53044100000000005 1.0000000180025095e-35 0.77426000000000006 1.0000000180025095e-35 0.51000000000000012
decision_type=2 2 2 2 2 2
left_child=1 2 5 -4 -3 -1
right_child=-2 4 3 -5 -6 -7
leaf_value=0.00049691489213247715 -0.012348615650101518 -0.013426315302536374 -0.011597669768427354 0.0014655576134157734 0.0073745809222729016 0.016365447723703699
leaf_weight=60.598448773123891 20.981340044363606 5.9958339614677234 58.480819519034412 45.91210641048383 98.025454076152528 13.318500826851958
leaf_count=6054 5453 422 9974 868 2983 415
internal_value=0 0.00101801 -0.00176873 -0.00587068 0.0058065 0.0039125
internal_weight=303.313 282.331 178.31 104.393 104.021 73.9169
internal_count=26169 20716 17311 10842 3405 6469
is_linear=0
shrinkage=0.025


Tree=213
num_leaves=7
num_cat=0
split_feature=39 85 29 2 60 19
split_gain=5.97459 8.03063 6.98175 5.94713 6.50708 4.97089
threshold=1.0000000180025095e-35 0.97545919903643485 1.0000000180025095e-35 0.75944644212722789 0.68000000000000005 0.6478155000000001
decision_type=2 2 2 2 2 2
left_child=1 -1 3 4 -2 -4
right_child=2 -3 5 -5 -6 -7
leaf_value=-0.014254063737780563 -0.00043161541097156645 0.0076983486828505658 -0.013305609749447875 0.013419199616663824 -0.013204730037550405 0.0074789061297415253
leaf_weight=33.395811284979573 102.3791117736364 12.252163473975086 5.1665998990647486 11.437895204173399 31.213612815401575 106.10731296162703
leaf_count=6619 8695 177 1972 309 5040 3357
internal_value=0 -0.0080864 0.00150439 -0.0020566 -0.00366806 0.00616578
internal_weight=301.953 45.648 256.305 145.031 133.593 111.274
internal_count=26169 6796 19373 14044 13735 5329
is_linear=0
shrinkage=0.025


Tree=214
num_leaves=7
num_cat=0
split_feature=61 44 19 2 0 62
split_gain=6.0418 8.22555 6.46191 6.10484 8.38068 5.08926
threshold=0.72035700000000003 0.15442000000000003 0.75306550000000005 0.75098425149917614 0.48566650000000006 0.58333333333333337
decision_type=2 2 2 2 2 2
left_child=1 2 5 4 -3 -1
right_child=-2 3 -4 -5 -6 -7
leaf_value=-0.0033241560938442934 0.0086969426255996459 0.0078907270577551099 0.0065632710034300729 0.016796098657434901 -0.0040787751417358043 -0.016303753921762611
leaf_weight=41.467570683440499 40.41398765577469 55.686347904345894 15.367767070885746 13.173371417447923 95.570374191876908 38.929942258560914
leaf_count=4701 1754 2382 400 155 4320 12457
internal_value=0 -0.00142074 -0.00716782 0.00193121 0.000327632 -0.0100168
internal_weight=300.609 260.195 95.7653 164.43 151.257 80.3975
internal_count=26169 24415 17558 6857 6702 17158
is_linear=0
shrinkage=0.025


Tree=215
num_leaves=7
num_cat=0
split_feature=29 83 60 19 0 16
split_gain=6.10547 7.13485 5.03122 5.54444 5.05427 3.79353
threshold=0.43853150000000002 1.0000000180025095e-35 0.68000000000000005 0.76890650000000005 0.80776700000000012 0.60854950000000008
decision_type=2 2 2 2 2 2
left_child=1 2 3 -1 -4 -2
right_child=5 -3 4 -5 -6 -7
leaf_value=-1.2763503801764673e-05 -0.012642090802656589 -0.01652585977892955 -0.014410958462196075 0.013284304043406601 4.2414524501519735e-05 0.0091014621350651703
leaf_weight=151.73425302364012 3.0251551675464716 16.330096696005057 25.825401735291962 19.787708615418524 29.85510189728484 52.710783460186576
leaf_count=12420 671 4723 4108 337 2612 1298
internal_value=0 -0.00172294 -0.00045261 0.00163978 -0.00684205 0.007279
internal_weight=299.269 243.533 227.202 171.522 55.6805 55.7359
internal_count=26169 24200 19477 12757 6720 1969
is_linear=0
shrinkage=0.025


Tree=216
num_leaves=7
num_cat=0
split_feature=62 61 49 47 0 8
split_gain=6.03393 5.55631 5.98429 8.925 5.20983 5.10115
threshold=0.91666666666666685 0.56964300000000001 1.0000000180025095e-35 0.80572300000000008 0.41233350000000007 1.0000000180025095e-35
decision_type=2 2 2 2 2 2
left_child=1 2 4 -4 -1 -3
right_child=-2 5 3 -5 -6 -7
leaf_value=-0.00011467787618385424 -0.012294733117677849 -0.012940064064646482 -0.011288613019550002 0.0027418083270220077 0.014210126208679631 0.0075061580940799502
leaf_weight=53.887522543060186 20.550338451646894 5.772907815873622 61.932574278436732 47.699107398555498 19.297910398261592 88.842762035113992
leaf_count=5808 5453 413 10210 791 663 2831
internal_value=0 0.00101238 -0.00149842 -0.00518112 0.00389156 0.00586755
internal_weight=297.983 277.433 182.817 109.632 73.1854 94.6157
internal_count=26169 20716 17472 11001 6471 3244
is_linear=0
shrinkage=0.025


Tree=217
num_leaves=7
num_cat=0
split_feature=39 85 22 44 86 85
split_gain=5.6024 7.92486 5.9809 5.70875 8.06638 4.16727
threshold=1.0000000180025095e-35 0.97545919903643485 0.49268850000000003 0.054404500000000001 0.012579113924050636 0.96407056798623081
decision_type=2 2 2 2 2 2
left_child=1 -1 3 4 -2 -5
right_child=2 -3 -4 5 -6 -7
leaf_value=-0.014071869634995291 0.010918384992628994 0.0079768406758516635 0.0083334855992301341 -0.0004295943730731461 -0.012816664313233753 0.0093999612539406325
leaf_weight=32.804522247990462 8.9452310318665678 11.884647338418288 58.109893250446476 113.24695802899441 39.121649444381546 32.226370974014571
leaf_count=6619 767 177 2131 5907 10184 384
internal_value=0 -0.00791085 0.00146884 -0.000627601 -0.00790512 0.00181081
internal_weight=296.339 44.6892 251.65 193.54 48.0669 145.473
internal_count=26169 6796 19373 17242 10951 6291
is_linear=0
shrinkage=0.025


Tree=218
num_leaves=7
num_cat=0
split_feature=29 83 60 84 48 19
split_gain=5.76726 6.56958 5.03463 5.70473 4.63041 2.08163
threshold=0.91839300000000013 0.62500000000000011 0.82000000000000017 0.88146743978590558 0.67393350000000007 0.6772625000000001
decision_type=2 2 2 2 2 2
left_child=1 2 4 -4 -1 -2
right_child=5 -3 3 -5 -6 -7
leaf_value=-0.00015212118376433284 -0.0037920928587176156 -0.020662172834133227 -0.014777412455248851 0.0018715630626251094 0.0099496960937956007 0.014064912582608991
leaf_weight=185.86057811710998 2.9790207534970277 7.8016028082784024 26.160050256086834 20.921164299610609 30.628112243808573 20.330332470330177
leaf_count=16362 152 3420 4945 503 618 169
internal_value=0 -0.00106466 -0.000262999 -0.00748141 0.00133437 0.0112974
internal_weight=294.681 271.372 263.57 47.0812 216.489 23.3094
internal_count=26169 25848 22428 5448 16980 321
is_linear=0
shrinkage=0.025


Tree=219
num_leaves=7
num_cat=0
split_feature=29 83 62 21 16 17
split_gain=5.61067 6.39818 5.13759 4.43039 3.55604 3.97265
threshold=0.43853150000000002 1.0000000180025095e-35 0.91666666666666685 0.70400000000000007 0.60854950000000008 0.73257700000000014
decision_type=2 2 2 2 2 2
left_child=1 2 3 -1 -2 -6
right_child=4 -3 -4 -5 5 -7
leaf_value=-0.0038217181363734845 -0.012344954651058631 -0.015903233050480286 -0.013606580415018346 0.0035223621436841243 0.011531892449528717 -0.0068648803759582544
leaf_weight=82.149894392508941 2.9330946516602117 15.760096967247589 14.704572062923033 126.81972589431825 44.889603145304136 6.3396952868206418
leaf_count=11064 671 4723 3840 4573 1208 90
internal_value=0 -0.00165845 -0.000451389 0.00058284 0.00708119 0.00887892
internal_weight=293.597 239.434 223.674 208.97 54.1624 51.2293
internal_count=26169 24200 19477 15637 1969 1298
is_linear=0
shrinkage=0.025


Tree=220
num_leaves=7
num_cat=0
split_feature=39 85 29 62 17 19
split_gain=5.42574 7.26421 6.18105 7.50081 4.88895 4.77539
threshold=1.0000000180025095e-35 0.97545919903643485 1.0000000180025095e-35 0.41666666666666669 0.60496400000000017 0.6478155000000001
decision_type=2 2 2 2 2 2
left_child=1 -1 3 -2 -5 -4
right_child=2 -3 5 4 -6 -7
leaf_value=-0.013818587470181993 0.0084330182351336526 0.0074198218448508508 -0.013391599482955416 -0.014248805359532397 -0.0018916044279416744 0.0072381401476704979
leaf_weight=32.155769394501476 30.810866123583764 11.74827458882646 4.9710921725491053 25.076200252309718 85.145886413796688 102.46924091306937
leaf_count=6619 1287 177 1972 5366 7391 3357
internal_value=0 -0.00785328 0.00145204 -0.0019355 -0.00503423 0.00592123
internal_weight=292.377 43.904 248.473 141.033 110.222 107.44
internal_count=26169 6796 19373 14044 12757 5329
is_linear=0
shrinkage=0.025


Tree=221
num_leaves=7
num_cat=0
split_feature=39 85 60 9 61 0
split_gain=5.41452 6.50382 5.62555 5.56453 4.98179 4.2457
threshold=1.0000000180025095e-35 0.97545919903643485 0.68000000000000005 0.9900000000000001 0.71629350000000003 0.80776700000000012
decision_type=2 2 2 2 2 2
left_child=1 -1 3 4 -2 -4
right_child=2 -3 5 -5 -6 -7
leaf_value=-0.013552194476657628 -0.00070029028787993008 0.0066318536131988936 -0.011163916192431893 0.011544340414518415 0.011869804869045463 0.0013528362119603642
leaf_weight=31.811091709201719 124.02187265645262 11.642416908100129 30.618729103165606 40.779734764480963 20.683743682689965 31.476377271363162
leaf_count=6619 10831 177 5221 736 387 2198
internal_value=0 -0.00788732 0.00144933 0.00365039 0.00120807 -0.00487684
internal_weight=291.034 43.4535 247.58 185.485 144.706 62.0951
internal_count=26169 6796 19373 11954 11218 7419
is_linear=0
shrinkage=0.025


Tree=222
num_leaves=7
num_cat=0
split_feature=60 31 61 47 39 20
split_gain=5.33577 5.09995 7.61768 5.19953 5.06274 4.41173
threshold=0.82000000000000017 0.31505900000000003 0.71629350000000003 0.74876200000000004 1.0000000180025095e-35 0.69749450000000013
decision_type=2 2 2 2 2 2
left_child=1 2 3 -1 -3 -2
right_child=5 4 -4 -5 -6 -7
leaf_value=-0.0069698996931990727 -0.015817727777482082 -0.010686768905614371 0.010450344244911522 0.0025420359671377447 0.0096468049418627789 -0.0008327625579172285
leaf_weight=85.558866322022368 19.327229918650119 6.2209588809128027 28.864147603686433 57.211079306915053 60.734473314027127 31.839805754556437
leaf_count=14910 4315 750 710 1154 2361 1969
internal_value=0 0.00158698 -0.000670217 -0.00311987 0.00731493 -0.00712922
internal_weight=289.757 238.59 171.634 142.77 66.9554 51.167
internal_count=26169 19885 16774 16064 3111 6284
is_linear=0
shrinkage=0.025


Tree=223
num_leaves=7
num_cat=0
split_feature=62 29 60 19 9 84
split_gain=5.31975 4.73355 4.82028 5.41825 4.47032 3.90814
threshold=0.91666666666666685 0.31620650000000006 0.68000000000000005 0.76890650000000005 0.78000000000000014 0.87821357943309175
decision_type=2 2 2 2 2 2
left_child=1 2 3 -1 -3 -4
right_child=-2 4 5 -5 -6 -7
leaf_value=-0.00048889358011451655 -0.011778654573529241 -0.0043374872213293647 -0.014143890130236626 0.014385376931753457 0.0095929535820468512 0
leaf_weight=135.13175036467874 19.657175000475036 16.435397952031053 24.883441051957561 14.626050738326738 56.545841356943129 21.419257115310756
leaf_count=11649 5453 1910 5414 230 876 637
internal_value=0 0.000961111 -0.00103651 0.00111868 0.00630013 -0.00788661
internal_weight=288.699 269.042 196.06 149.758 72.9812 46.3027
internal_count=26169 20716 17930 11879 2786 6051
is_linear=0
shrinkage=0.025


Tree=224
num_leaves=7
num_cat=0
split_feature=29 83 2 49 19 19
split_gain=5.22035 5.56946 4.35738 5.42272 5.11286 1.03297
threshold=0.9893010000000001 0.62500000000000011 0.68425273895263683 1.0000000180025095e-35 0.77163700000000002 0.6772625000000001
decision_type=2 2 2 2 2 2
left_child=1 2 3 -1 -4 -2
right_child=5 -3 4 -5 -6 -7
leaf_value=0.0033854509197786247 -0.00033939433606937954 -0.01914944745365417 0.0015812622173226418 -0.0054793098523947684 0.018739782261844664 0.013687645003916789
leaf_weight=63.482652914737628 2.3697529192613755 7.6284455027962386 66.852073109272169 119.15919305187526 10.989400780526919 17.052821578021394
leaf_count=5948 100 3432 1729 14495 333 132
internal_value=0 -0.000950547 -0.000207333 -0.00234673 0.00462031 0.0117335
internal_weight=287.534 268.112 260.483 182.642 77.8415 19.4226
internal_count=26169 25937 22505 20443 2062 232
is_linear=0
shrinkage=0.025


Tree=225
num_leaves=7
num_cat=0
split_feature=1 29 6 21 19 48
split_gain=5.05723 4.28986 4.15789 8.0007 3.57299 1.39972
threshold=0.45557285845279699 0.94364700000000012 0.53097800000000006 0.77400000000000013 0.68236450000000015 0.25536650000000005
decision_type=2 2 2 2 2 2
left_child=5 2 4 -4 -2 -1
right_child=1 -3 3 -5 -6 -7
leaf_value=-0.00011471117699244393 0 0.011205434094508301 -0.0083096763699794032 0.0018281082532766895 0.016035854487450072 -0.017435007727750015
leaf_weight=5.1875922574708957 17.484578848238016 20.382344301207922 68.487235185435566 150.26653798470943 14.69319488138717 10.139930898827513
leaf_count=4537 2261 209 5803 6005 451 6903
internal_value=0 0.00084002 -6.96343e-05 -0.0013643 0.00794341 -0.0129019
internal_weight=286.641 271.314 250.932 218.754 32.1778 15.3275
internal_count=26169 14729 14520 11808 2712 11440
is_linear=0
shrinkage=0.025


Tree=226
num_leaves=7
num_cat=0
split_feature=39 85 29 62 17 19
split_gain=5.12608 6.08929 5.29001 6.93229 5.02951 4.34143
threshold=1.0000000180025095e-35 0.97545919903643485 1.0000000180025095e-35 0.41666666666666669 0.60496400000000017 0.6478155000000001
decision_type=2 2 2 2 2 2
left_child=1 -1 3 -2 -5 -4
right_child=2 -3 5 4 -6 -7
leaf_value=-0.01328732018974502 0.0082720823389483087 0.0064854127344631781 -0.012979229864934128 -0.014168229159965859 -0.0015541340287520374 0.0068651020703867352
leaf_weight=31.125596645724727 30.420810805549991 11.264469537440162 4.8265055318388468 24.615290347162954 83.442880504409914 100.4536111215275
leaf_count=6619 1287 177 1972 5366 7391 3357
internal_value=0 -0.00776955 0.0014163 -0.00174082 -0.00476213 0.00559421
internal_weight=286.149 42.3901 243.759 138.479 108.058 105.28
internal_count=26169 6796 19373 14044 12757 5329
is_linear=0
shrinkage=0.025


Tree=227
num_leaves=7
num_cat=0
split_feature=39 85 22 17 1 60
split_gain=5.05955 5.5255 5.30875 4.96465 5.31506 3.70382
threshold=1.0000000180025095e-35 0.97545919903643485 0.49268850000000003 0.60436650000000014 0.73073196411132824 0.82000000000000017
decision_type=2 2 2 2 2 2
left_child=1 -1 3 4 -2 -4
right_child=2 -3 5 -5 -6 -7
leaf_value=-0.013028045651265446 -0.012122543735851981 0.0058568379963069893 0.011064130289951247 0.0015009379594226868 0.0097718611164022764 -0.0039851732737138648
leaf_weight=30.845160384833434 33.769007311224414 11.213764099615217 45.228445882850792 147.36118966077083 6.1334463628008953 10.634999203131882
leaf_count=6619 7014 177 877 10146 82 1254
internal_value=0 -0.00775048 0.00140601 -0.000594821 -0.00817306 0.00800122
internal_weight=285.186 42.0589 243.127 187.264 39.9025 55.8634
internal_count=26169 6796 19373 17242 7096 2131
is_linear=0
shrinkage=0.025


Tree=228
num_leaves=7
num_cat=0
split_feature=62 21 44 40 3 6
split_gain=5.02658 4.27501 5.81668 4.45767 7.69466 4.39
threshold=0.91666666666666685 0.70400000000000007 0.047175500000000009 1.0000000180025095e-35 0.91217249631881725 0.53097800000000006
decision_type=2 2 2 2 2 2
left_child=1 2 -1 4 -3 -4
right_child=-2 3 5 -5 -6 -7
leaf_value=-0.013696808740101258 -0.011576603697105586 -0.025768711794719512 0.0078689521505590169 0.0089257164744735301 0.0020689058111214931 -0.0036617167767637516
leaf_weight=21.467584030364378 19.186176539460575 4.1259712182509238 28.483471032259331 58.090574516827473 94.092536014963116 59.120853257074486
leaf_count=10119 5453 236 2061 1514 3577 3209
internal_value=0 0.000937179 -0.00277946 0.00358866 0.00020203 0.000104538
internal_weight=284.567 265.381 109.072 156.309 98.2185 87.6043
internal_count=26169 20716 15389 5327 3813 5270
is_linear=0
shrinkage=0.025


Tree=229
num_leaves=7
num_cat=0
split_feature=60 16 22 32 39 20
split_gain=4.8486 4.68044 4.6036 4.82026 4.14473 4.0493
threshold=0.82000000000000017 0.59306800000000004 0.49268850000000003 0.40703000000000006 1.0000000180025095e-35 0.69749450000000013
decision_type=2 2 2 2 2 2
left_child=1 -1 3 -3 -4 -2
right_child=5 2 4 -5 -6 -7
leaf_value=-0.012094332933612846 -0.015396702998856322 -0.0022686422510055527 -0.0090216152130991011 0.0066631487333454927 0.011477076919495954 -0.00080633571365449253
leaf_weight=12.156197363534373 18.553080180718098 120.82705261500269 4.7284091340625301 51.743689713373897 44.408847197715659 31.181385843512544
leaf_count=5155 4315 12014 403 1478 835 1969
internal_value=0 0.00152331 0.00243552 0.000416396 0.00899379 -0.00689308
internal_weight=283.599 233.864 221.708 172.571 49.1373 49.7345
internal_count=26169 19885 14730 13492 1238 6284
is_linear=0
shrinkage=0.025


Tree=230
num_leaves=7
num_cat=0
split_feature=60 48 31 58 47 48
split_gain=4.90513 4.80122 6.03866 7.17818 4.22445 3.83248
threshold=0.82000000000000017 0.67393350000000007 0.31505900000000003 0.33916700000000005 0.68291900000000016 0.78160000000000018
decision_type=2 2 2 2 2 2
left_child=1 2 3 -1 -4 -3
right_child=-2 5 4 -5 -6 -7
leaf_value=-0.010964908942974839 -0.0069475616142295324 0.015438883778455091 0.010359741787994465 0.00096391484743198913 -0.0033639032938159031 -0.0023187544381060494
leaf_weight=43.355056566717394 49.519855944499795 22.206057475908896 44.756558920045791 96.321219658508198 17.322221918875584 8.9791381331160647
leaf_count=9015 6284 394 2711 7164 326 275
internal_value=0 0.00153504 3.22853e-05 -0.00280491 0.00641288 0.0102736
internal_weight=282.46 232.94 201.755 139.676 62.0788 31.1852
internal_count=26169 19885 19216 16179 3037 669
is_linear=0
shrinkage=0.025


Tree=231
num_leaves=7
num_cat=0
split_feature=29 62 47 0 3 26
split_gain=4.87745 5.22751 7.10875 5.59683 4.14597 3.46153
threshold=0.31620650000000006 0.41666666666666669 0.77426000000000006 0.48566650000000006 0.94777339696884166 0.58520000000000005
decision_type=2 2 2 2 2 2
left_child=1 5 3 -3 -4 -1
right_child=-2 2 4 -5 -6 -7
leaf_value=0.0084290028473575553 0.0053569970807591655 -0.0010580241488800527 -0.007962216005792935 -0.013428877986793744 0.0054546611787982952 -0.011313075067953628
leaf_weight=36.424022118404537 74.975123851321769 41.651044919699416 16.672843542241026 54.522121020025224 53.094903065357357 3.9095518098838502
leaf_count=1656 3419 9629 525 9549 1109 282
internal_value=0 -0.00198795 -0.00398129 -0.00832249 0.00196274 0.00576251
internal_weight=281.25 206.274 165.941 96.1732 69.7677 40.3336
internal_count=26169 22750 20812 19178 1634 1938
is_linear=0
shrinkage=0.025


Tree=232
num_leaves=7
num_cat=0
split_feature=61 44 43 24 46 21
split_gain=4.68616 7.28253 4.73885 4.87297 4.67845 3.57698
threshold=0.71629350000000003 0.054404500000000001 1.0000000180025095e-35 1.0000000180025095e-35 0.58423250000000004 0.77400000000000013
decision_type=2 2 2 2 2 2
left_child=1 -1 4 -4 -3 -2
right_child=5 2 3 -5 -6 -7
leaf_value=-0.0095302613349628612 -0.010839300109257462 0.0041786043763163095 0.0056196006016270379 -0.018054926629336016 -0.006616460842014474 0.010038682308039674
leaf_weight=50.822657898652324 3.4102019644342354 142.2089770106686 6.2389572331812841 12.740639077754166 27.515287494003132 37.441893735609483
leaf_count=14746 250 6033 497 1409 1620 1614
internal_value=0 -0.00135585 0.000895784 -0.010117 0.00230709 0.00756945
internal_weight=280.379 239.527 188.704 18.9796 169.724 40.8521
internal_count=26169 24305 9559 1906 7653 1864
is_linear=0
shrinkage=0.025


Tree=233
num_leaves=7
num_cat=0
split_feature=60 48 31 58 9 21
split_gain=4.71536 4.52875 5.60218 6.42615 5.27852 4.45191
threshold=0.82000000000000017 0.72016650000000004 0.31505900000000003 0.33916700000000005 0.78000000000000014 0.77400000000000013
decision_type=2 2 2 2 2 2
left_child=1 2 3 -1 -3 -6
right_child=-2 4 -4 -5 5 -7
leaf_value=-0.010486064757855046 -0.0068095105616232977 -0.0098276043253934693 0.0062589618405165665 0.0008761795666287341 -0.0017243033873163582 0.020514635854870972
leaf_weight=42.306860035479986 49.448406506529864 4.4490489379095406 61.734518378154462 96.923778038835735 6.2608281952561837 18.294192542089149
leaf_count=9023 6284 179 3044 7199 196 244
internal_value=0 0.00152168 9.48902e-05 -0.0026387 0.0103379 0.0148856
internal_weight=279.418 229.969 200.965 139.231 29.0041 24.555
internal_count=26169 19885 19266 16222 619 440
is_linear=0
shrinkage=0.025


Tree=234
num_leaves=7
num_cat=0
split_feature=62 86 47 49 48 0
split_gain=4.63159 4.69683 5.34774 6.91707 4.6423 6.026
threshold=0.75000000000000011 0.012579113924050636 0.94988050000000013 1.0000000180025095e-35 0.66350000000000009 0.43580000000000002
decision_type=2 2 2 2 2 2
left_child=1 -1 3 -3 5 -2
right_child=4 2 -4 -5 -6 -7
leaf_value=0.0087312532898450989 0.0018865543634320804 0.0044159639097430979 0.0070572018669886258 -0.0066087439416331667 0.0030497376689332971 -0.020541382996934476
leaf_weight=42.110523472212662 9.9793653801534692 53.063663977702163 44.759273461007979 94.54870492025475 15.596589867338478 18.530910015508198
leaf_count=2736 3944 4464 421 8087 1015 5502
internal_value=0 0.00141686 -0.000230843 -0.00257975 -0.00720433 -0.0128896
internal_weight=278.589 234.482 192.372 147.612 44.1069 28.5103
internal_count=26169 15708 12972 12551 10461 9446
is_linear=0
shrinkage=0.025


Tree=235
num_leaves=7
num_cat=0
split_feature=86 9 19 0 31 21
split_gain=5.13307 5.23395 4.15876 4.33656 4.08127 3.41543
threshold=0.012579113924050636 0.73000000000000009 0.6478155000000001 0.51600000000000013 0.45217000000000002 0.33000000000000007
decision_type=2 2 2 2 2 2
left_child=5 4 -3 -4 -2 -1
right_child=1 2 3 -5 -6 -7
leaf_value=-0.0042221680561332171 -0.010552854616829385 -0.014479612074181393 0.0081674783907743406 -0.00082029214801105212 0.0093824451304371746 0.01065884789322275
leaf_weight=10.221069472037923 48.644550828634237 8.3045392012136272 42.503983085276559 125.4926986356877 4.9150658694361473 37.511630770695774
leaf_count=849 15134 985 1232 4334 751 2884
internal_value=0 -0.0015666 0.000495702 0.00148875 -0.00823052 0.00724662
internal_weight=277.594 229.861 176.301 167.997 53.5596 47.7327
internal_count=26169 22436 6551 5566 15885 3733
is_linear=0
shrinkage=0.025


Tree=236
num_leaves=7
num_cat=0
split_feature=85 1 87 60 19 62
split_gain=4.74266 5.81568 4.59028 4.95417 3.98097 3.28958
threshold=0.13263674165689307 0.68300354480743419 -0.027587519025875192 0.82000000000000017 0.76890650000000005 0.58333333333333337
decision_type=2 2 2 2 2 2
left_child=-1 2 3 -2 5 -3
right_child=1 4 -4 -5 -6 -7
leaf_value=0.0081414357488984249 -0.0031505404340941459 0.0054497106932381387 0.0043058535970969154 -0.015505419351226849 0.019581526724409815 -0.010481328088286933
leaf_weight=36.101616087878938 129.33248985469982 36.956596116651781 35.998314457068773 22.946450063409429 8.2863406727556121 7.5301474215229964
leaf_count=3552 16022 821 587 4628 248 311
internal_value=0 -0.00129038 -0.00337636 -0.00528917 0.00580953 0.00215269
internal_weight=277.152 241.05 188.277 152.279 52.7731 44.4867
internal_count=26169 22617 21237 20650 1380 1132
is_linear=0
shrinkage=0.025


Tree=237
num_leaves=7
num_cat=0
split_feature=85 1 47 49 61 19
split_gain=5.66377 5.77525 4.80096 6.88333 6.08692 3.9016
threshold=0.13263674165689307 0.67976158857345592 0.94988050000000013 1.0000000180025095e-35 0.47455900000000001 0.76890650000000005
decision_type=2 2 2 2 2 2
left_child=-1 2 3 -2 -4 -3
right_child=1 5 4 -5 -6 -7
leaf_value=0.0086630494701572212 0.0010490545744363687 0.0019024024441603065 -0.01656731662669635 -0.0097461122561935797 0.0089116101773215311 0.018798117352422952
leaf_weight=37.89051229953111 57.859657634240648 45.558658428490162 4.5804469341674112 91.406850963192483 30.071333316824166 8.7439556646859256
leaf_count=3552 6581 1185 118 14133 319 281
internal_value=0 -0.00145357 -0.00359513 -0.00555561 0.00441995 0.00548464
internal_weight=276.111 238.221 183.918 149.267 34.6518 54.3026
internal_count=26169 22617 21151 20714 437 1466
is_linear=0
shrinkage=0.025


Tree=238
num_leaves=7
num_cat=0
split_feature=85 1 47 49 61 19
split_gain=6.17228 5.6706 5.11175 6.88297 5.74905 3.54164
threshold=0.13263674165689307 0.68300354480743419 0.94988050000000013 1.0000000180025095e-35 0.47455900000000001 0.77163700000000002
decision_type=2 2 2 2 2 2
left_child=-1 2 3 -2 -4 -3
right_child=1 5 4 -5 -6 -7
leaf_value=0.0089361642081776018 0.00094166939356008558 0.0021265035801311147 -0.015960017509963398 -0.009866087779703929 0.00889336684818221 0.019067792112945549
leaf_weight=38.698313316130225 57.756264403718887 44.879784407385159 4.5003557152376734 91.152209619242058 30.397813528456027 7.5292042223736635
leaf_count=3552 6586 1140 119 14210 322 240
internal_value=0 -0.00154223 -0.00363725 -0.00567002 0.00460174 0.00547703
internal_weight=274.914 236.216 183.807 148.908 34.8982 52.409
internal_count=26169 22617 21237 20796 441 1380
is_linear=0
shrinkage=0.025


Tree=239
num_leaves=7
num_cat=0
split_feature=85 9 31 1 16 19
split_gain=5.83346 6.05644 4.33074 4.25879 4.99014 2.63206
threshold=0.13263674165689307 0.73000000000000009 0.45217000000000002 0.67171064019203197 0.69586500000000007 0.76890650000000005
decision_type=2 2 2 2 2 2
left_child=-1 2 -2 4 -3 -5
right_child=1 3 -4 5 -6 -7
leaf_value=0.0086232024087591914 -0.011611019342096841 0.0024295075029100001 0.0090701842628615574 0.0031627972170928942 -0.0071467952630894288 0.017266589147923637
leaf_weight=39.211229986176477 44.726768667056604 72.748242465208023 4.9414790247956253 45.051928897388279 58.696692118333885 9.0290807925630343
leaf_count=3552 13741 3661 797 1031 3031 356
internal_value=0 -0.00151322 -0.00904967 0.000551365 -0.00183504 0.00633101
internal_weight=274.405 235.194 49.6682 185.526 131.445 54.081
internal_count=26169 22617 14538 8079 6692 1387
is_linear=0
shrinkage=0.025


end of trees

feature_importances:
Column_62=112
Column_2=106
Column_9=103
Column_29=91
Column_1=84
Column_60=78
Column_19=76
Column_0=74
Column_39=69
Column_44=68
Column_61=63
Column_47=58
Column_43=39
Column_84=36
Column_21=32
Column_6=31
Column_16=30
Column_31=29
Column_22=28
Column_85=23
Column_49=22
Column_20=21
Column_48=17
Column_83=16
Column_15=15
Column_18=14
Column_32=13
Column_34=13
Column_24=9
Column_86=9
Column_17=8
Column_46=7
Column_30=6
Column_33=6
Column_3=5
Column_26=5
Column_37=5
Column_87=4
Column_8=3
Column_55=3
Column_58=3
Column_28=2
Column_14=1
Column_40=1
Column_59=1
Column_89=1

parameters:
[boosting: gbdt]
[objective: lambdarank]
[metric: ndcg]
[tree_learner: serial]
[device_type: cpu]
[data_sample_strategy: bagging]
[data: ]
[valid: ]
[num_iterations: 240]
[learning_rate: 0.025]
[num_leaves: 7]
[num_threads: 6]
[seed: 20260902]
[deterministic: 0]
[force_col_wise: 0]
[force_row_wise: 0]
[histogram_pool_size: -1]
[max_depth: 4]
[min_data_in_leaf: 28]
[min_sum_hessian_in_leaf: 0.001]
[bagging_fraction: 1]
[pos_bagging_fraction: 1]
[neg_bagging_fraction: 1]
[bagging_freq: 0]
[bagging_seed: 23741]
[bagging_by_query: 0]
[feature_fraction: 0.9]
[feature_fraction_bynode: 1]
[feature_fraction_seed: 21436]
[extra_trees: 0]
[extra_seed: 2579]
[early_stopping_round: 0]
[early_stopping_min_delta: 0]
[first_metric_only: 0]
[max_delta_step: 0]
[lambda_l1: 0.35]
[lambda_l2: 2.5]
[linear_lambda: 0]
[min_gain_to_split: 0]
[drop_rate: 0.1]
[max_drop: 50]
[skip_drop: 0.5]
[xgboost_dart_mode: 0]
[uniform_drop: 0]
[drop_seed: 28913]
[top_rate: 0.2]
[other_rate: 0.1]
[min_data_per_group: 100]
[max_cat_threshold: 32]
[cat_l2: 10]
[cat_smooth: 10]
[max_cat_to_onehot: 4]
[top_k: 20]
[monotone_constraints: ]
[monotone_constraints_method: basic]
[monotone_penalty: 0]
[feature_contri: ]
[forcedsplits_filename: ]
[refit_decay_rate: 0.9]
[cegb_tradeoff: 1]
[cegb_penalty_split: 0]
[cegb_penalty_feature_lazy: ]
[cegb_penalty_feature_coupled: ]
[path_smooth: 0]
[interaction_constraints: ]
[verbosity: -1]
[saved_feature_importance_type: 0]
[use_quantized_grad: 0]
[num_grad_quant_bins: 4]
[quant_train_renew_leaf: 0]
[stochastic_rounding: 1]
[linear_tree: 0]
[max_bin: 255]
[max_bin_by_feature: ]
[min_data_in_bin: 3]
[bin_construct_sample_cnt: 200000]
[data_random_seed: 5027]
[is_enable_sparse: 1]
[enable_bundle: 1]
[use_missing: 1]
[zero_as_missing: 0]
[feature_pre_filter: 1]
[pre_partition: 0]
[two_round: 0]
[header: 0]
[label_column: ]
[weight_column: ]
[group_column: ]
[ignore_column: ]
[categorical_feature: ]
[forcedbins_filename: ]
[precise_float_parser: 0]
[parser_config_file: ]
[objective_seed: 17236]
[num_class: 1]
[is_unbalance: 0]
[scale_pos_weight: 1]
[sigmoid: 1]
[boost_from_average: 1]
[reg_sqrt: 0]
[alpha: 0.9]
[fair_c: 1]
[poisson_max_delta_step: 0.7]
[tweedie_variance_power: 1.5]
[lambdarank_truncation_level: 5]
[lambdarank_norm: 1]
[label_gain: ]
[lambdarank_position_bias_regularization: 0]
[eval_at: 1,2,3,4,5]
[multi_error_top_k: 1]
[auc_mu_weights: ]
[num_machines: 1]
[local_listen_port: 12400]
[time_out: 120]
[machine_list_filename: ]
[machines: ]
[gpu_platform_id: -1]
[gpu_device_id: -1]
[gpu_device_id_list: ]
[gpu_use_dp: 0]
[num_gpu: 1]

end of parameters

pandas_categorical:null
