tree
version=v4
num_class=1
num_tree_per_iteration=1
label_index=0
max_feature_idx=89
objective=lambdarank
feature_names=Column_0 Column_1 Column_2 Column_3 Column_4 Column_5 Column_6 Column_7 Column_8 Column_9 Column_10 Column_11 Column_12 Column_13 Column_14 Column_15 Column_16 Column_17 Column_18 Column_19 Column_20 Column_21 Column_22 Column_23 Column_24 Column_25 Column_26 Column_27 Column_28 Column_29 Column_30 Column_31 Column_32 Column_33 Column_34 Column_35 Column_36 Column_37 Column_38 Column_39 Column_40 Column_41 Column_42 Column_43 Column_44 Column_45 Column_46 Column_47 Column_48 Column_49 Column_50 Column_51 Column_52 Column_53 Column_54 Column_55 Column_56 Column_57 Column_58 Column_59 Column_60 Column_61 Column_62 Column_63 Column_64 Column_65 Column_66 Column_67 Column_68 Column_69 Column_70 Column_71 Column_72 Column_73 Column_74 Column_75 Column_76 Column_77 Column_78 Column_79 Column_80 Column_81 Column_82 Column_83 Column_84 Column_85 Column_86 Column_87 Column_88 Column_89
feature_infos=[0:1] [-0.035627521574497223:0.83773982524871826] [-0.035817231982946396:0.86836433410644531] [0.63048857450485229:0.99203497171401978] [0:1] [0:1] [0.29658499999999999:0.83450299999999999] [0:1] [0:1] [0.080000000000000002:1] [0:1] none [0:1] none [0:1] [0:0.85160000000000002] [0.52320800000000001:0.79572299999999996] [0:0.79816399999999998] [0.53391100000000002:0.79447900000000005] [0.52735900000000002:0.82273300000000005] [0.476688:0.82699] [0:1] [0.088976:0.645644] [0:1] [0:1] [0:1] [0:1] [0:1] [0:1] [0:1] [0:1] [0:0.80000000000000004] [0:1] [0:1] [0:1] [0:1] [0:1] [0:1] none [0:1] [0:1] [0:1] [0:1] [0:1] [0:1] [0:1] [0:1] [0:1] [0:1] [0:1] [0:1] [0:1] [0:1] [0.55000000000000004:0.90000000000000002] [0:1] [0:1] none [0:1] [0:1] [0:1] [0.059999999999999998:1] [0:1] [0.16666666666666666:1] [0:1] [0:1] [0:1] [0:1] [0:1] [0:1] [0:1] [0:1] [0:1] [0:1] [0:1] [0:1] [0:1] [0:1] [0:1] [0:1] [0:1] [0:1] [0:1] [0:1] [0:1] [0:1] [0.0025380710659898475:1] [-1:0] [0:1] [0:1] [0:1]
tree_sizes=888 892 888 892 893 895 889 888 897 892 891 891 895 901 892 897 893 888 902 891 890 877 876 895 894 895 902 896 892 872 888 894 896 871 896 896 900 895 895 901 902 898 888 898 898 899 900 895 895 891 893 899 895 898 901 902 900 903 900 890 903 899 902 884 874 898 898 897 900 899 898 896 894 892 899 898 906 895 900 903 897 902 890 896 903 900 902 896 902 906 903 893 901 892 891 907 903 910 894 898 890 902 905 884 898 890 897 895 905 883 901 906 890 896 911 907 898 901 896 900 887 912 878 882 907 900 894 899 907 903 893 896 899 902 897 902 900 906 905 902 903 901 904 901 903 901 900 901 901 884 909 899 903 898 898 902 887 878 900 883 903 899 897 906 905 907 907 897 899 901 901 886 912 903 902 902 895 897 884 897 907 905 900 900 902 903 899 885 901 900 903 908 901 912 899 903 900 900 910 910 879 892 897 909 906 902 906 904 899 899 902 907 903 908 907 909 893 877 903 908 902 903 909 902 900 905 898 904 902 892 897 887 891 882 909 879 881 903 905 910

Tree=0
num_leaves=7
num_cat=0
split_feature=9 62 2 60 48 2
split_gain=392.476 97.6902 42.9765 32.9529 29.244 24.8439
threshold=0.58350000000000002 0.75000000000000011 0.61438253521919262 0.68000000000000005 0.66350000000000009 0.55406236648559581
decision_type=2 2 2 2 2 2
left_child=5 2 3 -2 -3 -1
right_child=1 4 -4 -5 -6 -7
leaf_value=-0.046223018051951455 0.020362539224672776 -0.021660240443464259 0.036472148024333712 -0.016937000985419951 0.01384305337459607 -0.012541944261065988
leaf_weight=83.167330061405664 55.3492251727439 40.238005243911175 108.03767734949361 17.532199272740399 19.565337968611857 19.936859435591032
leaf_count=11861 2733 3629 3428 1309 978 2231
internal_value=0 0.0174735 0.0265524 0.0110096 -0.0098151 -0.0402442
internal_weight=343.827 240.722 180.919 72.8814 59.8033 103.104
internal_count=26169 12077 7470 4042 4607 14092
is_linear=0
shrinkage=0.025


Tree=1
num_leaves=7
num_cat=0
split_feature=9 47 39 1 2 6
split_gain=821.018 244.035 191.798 158.393 107.586 72.1868
threshold=0.71000000000000008 0.94988050000000013 1.0000000180025095e-35 0.51781070232391369 0.67772752046585094 0.72744600000000015
decision_type=2 2 2 2 2 2
left_child=3 2 -2 -1 -4 -5
right_child=1 -3 4 5 -6 -7
leaf_value=-0.044205067691981251 -0.024238757176889204 0.036903123287928281 0.0048323151357103043 -0.019064909213854574 0.029785106809979384 0.022042316187331112
leaf_weight=207.75741146982182 105.15888212737627 216.29000670951791 357.76883589266799 169.15359649993479 153.70466873818077 29.267603948246688
leaf_count=12605 2044 448 5443 3833 1540 256
internal_value=0 0.0142045 0.00611176 -0.0290369 0.0124564 -0.0127591
internal_weight=1239.1 832.922 616.632 406.179 511.474 198.421
internal_count=26169 9475 9027 16694 6983 4089
is_linear=0
shrinkage=0.025


Tree=2
num_leaves=7
num_cat=0
split_feature=9 62 19 83 29 1
split_gain=910.909 281.578 140.352 104.377 113.093 79.9051
threshold=0.65000000000000013 0.58333333333333337 0.72383400000000009 0.937104430379747 0.60023650000000017 0.51781070232391369
decision_type=2 2 2 2 2 2
left_child=2 5 -1 4 -3 -2
right_child=1 3 -4 -5 -6 -7
leaf_value=-0.041666018890984313 -0.01092465714012732 -0.016716691154186773 0.0097805116825199715 0.017925003263671389 0.028092011946984338 0.028422501289571661
leaf_weight=286.11387061036658 33.086849896237254 248.63985075929668 36.182709173532203 109.51468859193847 38.503893926739693 457.19070952408947
leaf_count=14691 578 6032 690 605 284 3289
internal_value=0 0.013085 -0.0358326 -0.00255784 -0.0104874 0.0257074
internal_weight=1209.23 886.936 322.297 396.658 287.144 490.278
internal_count=26169 10788 15381 6921 6316 3867
is_linear=0
shrinkage=0.025


Tree=3
num_leaves=7
num_cat=0
split_feature=9 62 19 1 60 44
split_gain=848.797 277.374 120.391 115.099 91.5746 85.9552
threshold=0.65000000000000013 0.75000000000000011 0.72383400000000009 0.56914222240448009 0.68000000000000005 0.10339400000000001
decision_type=2 2 2 2 2 2
left_child=2 3 -1 5 -5 -2
right_child=1 -3 -4 4 -6 -7
leaf_value=-0.040913422751564843 -0.023582489733073649 -0.021924857257211054 0.005667058875950661 0.028932891918718902 0.005095279821335715 0.013673036162198577
leaf_weight=274.17346786730923 59.434565539937466 121.45148541138042 38.632195611600764 452.32029931631405 132.14156049874146 100.67366167996079
leaf_count=14691 1383 3882 690 2331 1830 1362
internal_value=0 0.0127548 -0.0351336 0.0184778 0.023603 -0.000252903
internal_weight=1178.83 866.022 312.806 744.57 584.462 160.108
internal_count=26169 10788 15381 6906 4161 2745
is_linear=0
shrinkage=0.025


Tree=4
num_leaves=7
num_cat=0
split_feature=1 47 29 62 9 15
split_gain=793.317 192.046 174.757 129.362 86.0121 44.0523
threshold=0.51781070232391369 0.92324450000000013 0.75473800000000013 0.41666666666666669 0.73000000000000009 0.67881200000000008
decision_type=2 2 2 2 2 2
left_child=4 2 3 -2 -1 -6
right_child=1 -3 -4 -5 5 -7
leaf_value=-0.04189879179251902 0.022843007115601985 0.029722278335322164 0.035477138192002204 -0.0087604715395273001 -0.025880993558813899 0.007613256864991075
leaf_weight=221.51216401718557 100.96734227053821 277.49675770185422 91.355572868138552 368.95795934437774 62.699671224574558 37.337653995957226
leaf_count=12674 1182 686 287 8660 2006 674
internal_value=0 0.0128019 0.0043263 -0.00186673 -0.0332356 -0.0134135
internal_weight=1160.33 838.778 561.281 469.925 321.549 100.037
internal_count=26169 10815 10129 9842 15354 2680
is_linear=0
shrinkage=0.025


Tree=5
num_leaves=7
num_cat=0
split_feature=9 62 84 39 83 19
split_gain=765.216 255.389 108.318 131.425 52.4527 36.4732
threshold=0.63000000000000012 0.75000000000000011 0.96318879855465234 1.0000000180025095e-35 0.91476388168137013 0.71974850000000001
decision_type=2 2 2 2 2 2
left_child=5 2 3 -2 -3 -1
right_child=1 4 -4 -5 -6 -7
leaf_value=-0.039631665752512979 -0.021245056409559343 -0.032135885981750732 0.031358862236862371 0.015483760947490417 0.0028322058075378313 -0.006739446296232317
leaf_weight=243.2938670340809 67.991569113743026 85.552862441458274 226.14572110085282 448.27165447606239 37.365510345145594 25.008642923552543
leaf_count=13632 1363 4068 532 5519 507 548
internal_value=0 0.0114485 0.0169848 0.0105507 -0.0215917 -0.0366886
internal_weight=1133.63 865.327 742.409 516.263 122.918 268.303
internal_count=26169 11989 7414 6882 4575 14180
is_linear=0
shrinkage=0.025


Tree=6
num_leaves=7
num_cat=0
split_feature=9 1 44 0 60 34
split_gain=711.005 205.395 84.0512 63.8058 59.3046 54.06
threshold=0.63000000000000012 0.60620689392089855 0.10339400000000001 0.51600000000000013 0.68000000000000005 0.29069600000000007
decision_type=2 2 2 2 2 2
left_child=-1 2 -2 -4 -3 -6
right_child=1 4 3 -5 5 -7
leaf_value=-0.036044267587348862 -0.020816147305431271 0.025614855484269644 0.01895942970223987 -0.0077310639040992423 -0.025457792527118991 0.014108719119499253
leaf_weight=259.28247080466826 118.45128457510145 394.90453206724487 104.99620525341015 114.15832190279616 25.315453653864097 93.521070810384117
leaf_count=14180 3687 2267 1320 2551 683 1481
internal_value=0 0.0110509 -0.00406217 0.0050864 0.020971 0.00525698
internal_weight=1110.63 851.347 337.606 219.155 513.741 118.837
internal_count=26169 11989 7558 3871 4431 2164
is_linear=0
shrinkage=0.025


Tree=7
num_leaves=7
num_cat=0
split_feature=9 62 47 29 19 83
split_gain=670.799 208.049 93.4624 119.069 77.9944 43.2995
threshold=0.65000000000000013 0.75000000000000011 0.8716965000000001 0.75473800000000013 0.72668250000000012 0.91476388168137013
decision_type=2 2 2 2 2 2
left_child=4 2 3 -2 -1 -3
right_child=1 5 -4 -5 -6 -7
leaf_value=-0.03732835866508738 0.001817759766256288 -0.033284410175598307 0.027425992720487791 0.033994319568079995 0.0029254045485402197 0.0011352388352200752
leaf_weight=253.86517444756464 331.90152817516355 65.59245138039114 286.48379272921011 89.604227657429874 33.237000395543873 33.407341739628464
leaf_count=14762 6033 3447 695 178 619 435
internal_value=0 0.0116819 0.0164423 0.00883864 -0.0326531 -0.0218415
internal_weight=1094.09 806.989 707.99 421.506 287.102 98.9998
internal_count=26169 10788 6906 6211 15381 3882
is_linear=0
shrinkage=0.025


Tree=8
num_leaves=7
num_cat=0
split_feature=1 62 46 29 47 18
split_gain=636.391 145.143 77.8567 77.2331 74.7549 71.8153
threshold=0.51935818791389476 0.58333333333333337 0.040641500000000004 0.31620650000000006 0.86247250000000009 0.6796390000000001
decision_type=2 2 2 2 2 2
left_child=5 2 -2 4 -3 -1
right_child=1 3 -4 -5 -6 -7
leaf_value=-0.036212101737417089 -0.0071979198428971936 -0.022197239808380273 0.024187114227221151 0.017042648612705828 0.0083531325407288689 -0.0038813754526295825
leaf_weight=248.81532332059578 54.325025657890365 124.4238869001565 421.15991944726557 92.137014330539387 80.397308498737402 53.315274504362606
leaf_count=14115 1438 4753 3072 882 567 1342
internal_value=0 0.0120345 0.0205641 -0.00165146 -0.0102071 -0.0306143
internal_weight=1074.57 772.443 475.485 296.958 204.821 302.131
internal_count=26169 10712 4510 6202 5320 15457
is_linear=0
shrinkage=0.025


Tree=9
num_leaves=7
num_cat=0
split_feature=9 62 1 19 44 29
split_gain=607.291 173.03 81.7194 65.2215 56.2987 39.5414
threshold=0.65000000000000013 0.75000000000000011 0.60968363285064708 0.72668250000000012 0.10339400000000001 1.0000000180025095e-35
decision_type=2 2 2 2 2 2
left_child=3 2 4 -1 -2 -4
right_child=1 -3 5 -5 -6 -7
leaf_value=-0.035957376722086397 -0.01497451823565253 -0.020388504074276535 0.01373806224033524 0.00079676320612713828 0.011439913396749763 0.028943626917967792
leaf_weight=245.0334390939388 68.861180887557566 92.383256603381597 213.84927892009728 33.714681927114725 168.93392300631967 237.02651810238604
leaf_count=14762 1714 3882 2139 619 2034 1019
internal_value=0 0.0113113 0.0156348 -0.0315133 0.00367814 0.0218665
internal_weight=1059.8 781.054 688.671 278.748 237.795 450.876
internal_count=26169 10788 6906 15381 3748 3158
is_linear=0
shrinkage=0.025


Tree=10
num_leaves=7
num_cat=0
split_feature=9 62 61 0 9 83
split_gain=574.286 180.009 82.6112 103.862 54.3705 28.6123
threshold=0.63000000000000012 0.75000000000000011 0.49446450000000003 0.51600000000000013 0.87000000000000011 0.91476388168137013
decision_type=2 2 2 2 2 2
left_child=-1 2 3 -2 -4 -3
right_child=1 5 4 -5 -6 -7
leaf_value=-0.033788647013892378 0.016302384218630405 -0.02902510137047818 0.0093273623422696992 -0.014488079668691945 0.028283407677102419 -0.00037732883432411036
leaf_weight=239.49868262835662 168.99901541741565 70.818141224008286 152.23831135587534 111.38653820074978 271.06998247676529 31.986224768887041
leaf_count=14180 1987 4068 1406 2235 1786 507
internal_value=0 0.0101073 0.0146353 0.00401963 0.0215814 -0.0204154
internal_weight=1046 806.498 703.694 280.386 423.308 102.804
internal_count=26169 11989 7414 4222 3192 4575
is_linear=0
shrinkage=0.025


Tree=11
num_leaves=7
num_cat=0
split_feature=9 62 1 19 60 44
split_gain=552.819 150.755 80.8 59.5337 46.8816 42.6125
threshold=0.65000000000000013 0.75000000000000011 0.56914222240448009 0.72668250000000012 0.68000000000000005 0.10339400000000001
decision_type=2 2 2 2 2 2
left_child=3 2 5 -1 -4 -2
right_child=1 -3 4 -5 -6 -7
leaf_value=-0.034725450712126744 -0.021679753204340874 -0.019749546984235245 0.022949368439451535 0.0015412579651219135 0.0045302645830448528 0.0072156999451457099
leaf_weight=239.8115329076536 44.022205008775927 86.876795293181203 428.072289906675 31.274607051629573 111.37349450518377 98.678548214258626
leaf_count=14762 1383 3882 2331 619 1830 1362
internal_value=0 0.0108274 0.0147923 -0.0305336 0.0192012 -0.00185788
internal_weight=1040.11 769.023 682.147 271.086 539.446 142.701
internal_count=26169 10788 6906 15381 4161 2745
is_linear=0
shrinkage=0.025


Tree=12
num_leaves=7
num_cat=0
split_feature=1 9 29 84 19 0
split_gain=529.688 126.591 66.7853 66.4444 55.6045 42.951
threshold=0.51781070232391369 0.71000000000000008 1.0000000180025095e-35 0.96407056798623081 0.68892700000000018 0.43580000000000002
decision_type=2 2 2 2 2 2
left_child=4 5 3 -3 -1 -2
right_child=1 2 -4 -5 -6 -7
leaf_value=-0.034743561737756556 0.0089283316138469501 -0.0014655594621878938 0.024086510776321644 0.02250003320242374 -0.0073395678560845591 -0.0204976049564396
leaf_weight=221.92611229926115 44.387603517214302 192.46040553128114 306.85142898448976 112.46205543621909 61.356735372391995 89.996418207825627
leaf_count=13364 1156 4281 2078 367 1990 2933
internal_value=0 0.0110528 0.0158759 0.0074561 -0.0289548 -0.0107286
internal_weight=1029.44 746.158 611.774 304.922 283.283 134.384
internal_count=26169 10815 6726 4648 15354 4089
is_linear=0
shrinkage=0.025


Tree=13
num_leaves=7
num_cat=0
split_feature=1 62 9 18 29 32
split_gain=501.643 126.429 77.7128 55.8711 52.8554 30.9221
threshold=0.51781070232391369 0.75000000000000011 0.71000000000000008 0.68368300000000015 1.0000000180025095e-35 0.078370000000000009
decision_type=2 2 2 2 2 2
left_child=3 2 5 -1 -4 -2
right_child=1 -3 4 -5 -6 -7
leaf_value=-0.033509906029046813 -0.018947648702022018 -0.018712844259393551 0.0093071370722900854 -0.002613373539095405 0.024925572092819776 0.0075838958455131146
leaf_weight=231.60742985713296 50.773829731100705 79.186836643784773 253.37061620806344 44.621381942881271 306.61199762963224 54.015091862995178
leaf_count=14205 1787 3383 3225 1149 1483 937
internal_value=0 0.0106862 0.0142583 -0.0286185 0.0179472 -0.00533195
internal_weight=1020.19 743.958 664.772 276.229 559.983 104.789
internal_count=26169 10815 7432 15354 4708 2724
is_linear=0
shrinkage=0.025


Tree=14
num_leaves=7
num_cat=0
split_feature=9 62 47 39 83 20
split_gain=479.293 160.423 72.3975 103.703 29.1958 25.919
threshold=0.63000000000000012 0.75000000000000011 0.92324450000000013 1.0000000180025095e-35 0.91476388168137013 0.69337500000000019
decision_type=2 2 2 2 2 2
left_child=-1 2 3 -2 -3 -4
right_child=1 4 5 -5 -6 -7
leaf_value=-0.03159385509249088 -0.025028654253281459 -0.029162987536194142 -0.00051043335150447789 0.011953852646736859 3.2685794694002069e-06 0.027142626829339302
leaf_weight=229.0878187523922 51.433950563368853 67.256156517250929 22.624082401394844 388.4664258742705 30.110612162738107 220.35450407862663
leaf_count=14180 1358 4068 98 5538 507 420
internal_value=0 0.00934755 0.0136435 0.00749301 -0.0202814 0.0245532
internal_weight=1009.33 780.246 682.879 439.9 97.3668 242.979
internal_count=26169 11989 7414 6896 4575 518
is_linear=0
shrinkage=0.025


Tree=15
num_leaves=7
num_cat=0
split_feature=1 62 9 18 29 44
split_gain=464.026 111.278 70.7231 53.7348 46.4241 28.5703
threshold=0.51935818791389476 0.75000000000000011 0.71000000000000008 0.6796390000000001 1.0000000180025095e-35 0.09763200000000001
decision_type=2 2 2 2 2 2
left_child=3 2 5 -1 -4 -2
right_child=1 -3 4 -5 -6 -7
leaf_value=-0.032789083937617959 -0.01949430709289985 -0.018171521092753547 0.0089768898519233271 -0.0037167853659410229 0.023728956825847986 0.0065994130126497469
leaf_weight=223.81571574823465 45.764238480944186 73.8586795029114 247.16738287988119 49.879651926923543 306.54485903726891 54.778034682502039
leaf_count=14115 1724 3339 3207 1342 1473 969
internal_value=0 0.0104352 0.0137348 -0.0276041 0.0172296 -0.00537766
internal_weight=1001.81 728.113 654.255 273.695 553.712 100.542
internal_count=26169 10712 7373 15457 4680 2693
is_linear=0
shrinkage=0.025


Tree=16
num_leaves=7
num_cat=0
split_feature=9 62 2 39 86 16
split_gain=444.83 139.461 73.2399 53.4405 26.9091 25.9898
threshold=0.63000000000000012 0.75000000000000011 0.66890439391136181 1.0000000180025095e-35 -0.085236118318629969 0.59306800000000004
decision_type=2 2 2 2 2 2
left_child=-1 2 3 -2 -3 -4
right_child=1 4 5 -5 -6 -7
leaf_value=-0.03103119190753692 -0.017961858951422674 -0.02801739925671334 -0.022655122149481691 0.0092946459137964021 0.00044945672664781884 0.023411000883921645
leaf_weight=221.3080298434943 49.409827416297048 64.180913470045198 5.7816963624209157 331.78974032658152 29.14936693792697 288.84575983393006
leaf_count=14180 1204 4068 89 4169 507 1952
internal_value=0 0.00900015 0.0129717 0.00564493 -0.0192554 0.0222946
internal_weight=990.465 769.157 675.827 381.2 93.3303 294.627
internal_count=26169 11989 7414 5373 4575 2041
is_linear=0
shrinkage=0.025


Tree=17
num_leaves=7
num_cat=0
split_feature=9 62 83 29 21 0
split_gain=424.437 134.911 63.7858 79.4389 51.6464 31.2282
threshold=0.63000000000000012 0.58333333333333337 0.937104430379747 0.65961650000000016 0.70400000000000007 0.51966650000000014
decision_type=2 2 2 2 2 2
left_child=-1 4 3 -3 5 -2
right_child=1 2 -4 -5 -6 -7
leaf_value=-0.030590712829928219 0.012942344158783387 -0.017908140508573821 0.012894949417465036 0.021029317179632794 0.023407999655593162 -0.011547352103818182
leaf_weight=217.77587183471769 97.861346267862245 182.73112954566022 97.971153672086075 37.389328837627545 303.74282868742011 45.56886028777808
leaf_count=14180 1040 7008 694 240 2116 891
internal_value=0 0.00877664 -0.00363462 -0.0110931 0.0175958 0.00503729
internal_weight=983.041 765.265 318.092 220.12 447.173 143.43
internal_count=26169 11989 7942 7248 4047 1931
is_linear=0
shrinkage=0.025


Tree=18
num_leaves=7
num_cat=0
split_feature=1 9 60 34 39 18
split_gain=409.061 104.554 55.2985 48.0349 44.3735 34.8548
threshold=0.50930187106132518 0.71000000000000008 0.68000000000000005 0.30349850000000006 1.0000000180025095e-35 0.6805095000000001
decision_type=2 2 2 2 2 2
left_child=5 -2 4 -4 -3 -1
right_child=1 2 3 -5 -6 -7
leaf_value=-0.031815014888172392 -0.010905863325703598 -0.0012997233640524026 -0.027782325083307975 0.0074938464764312228 0.020938195553419917 -0.0056217054935454452
leaf_weight=206.20571492554154 127.95363894134061 63.95633412047755 28.394138543051668 107.55394356651232 400.9293873491697 39.869652813882567
leaf_count=13705 4392 1011 1071 1955 2901 1134
internal_value=0 0.00941752 0.0137874 -0.000179372 0.0178695 -0.0277055
internal_weight=974.863 728.787 600.834 135.948 464.886 246.075
internal_count=26169 11330 6938 3026 3912 14839
is_linear=0
shrinkage=0.025


Tree=19
num_leaves=7
num_cat=0
split_feature=9 62 47 29 83 20
split_gain=392.343 129.032 70.9017 82.0689 26.4713 19.9083
threshold=0.63000000000000012 0.75000000000000011 0.92324450000000013 0.43853150000000002 0.91476388168137013 0.69525550000000014
decision_type=2 2 2 2 2 2
left_child=-1 2 3 -2 -3 -4
right_child=1 4 5 -5 -6 -7
leaf_value=-0.029858896724375167 -0.00064693814256742781 -0.027637555210730483 0.00098017876142263388 0.023266226881124549 0.00034917232259431533 0.025920651679160807
leaf_weight=211.88077600958059 308.05954608274624 63.02624443883542 23.145913433283567 123.58788458723575 30.176474884035997 207.14693036070094
leaf_count=14180 6352 4068 107 544 507 411
internal_value=0 0.0084488 0.0123423 0.0062742 -0.0187124 0.023489
internal_weight=967.024 755.143 661.94 431.647 93.2027 230.293
internal_count=26169 11989 7414 6896 4575 518
is_linear=0
shrinkage=0.025


Tree=20
num_leaves=7
num_cat=0
split_feature=2 9 47 29 31 6
split_gain=377.183 108.832 50.1271 72.4479 38.7217 35.1107
threshold=0.51854240894317638 0.73000000000000009 0.94988050000000013 1.0000000180025095e-35 0.32963300000000006 0.72744600000000015
decision_type=2 2 2 2 2 2
left_child=-1 4 3 -3 5 -2
right_child=1 2 -4 -5 -6 -7
leaf_value=-0.026588656843274446 -0.022653999479099324 -0.0038200829129197721 0.024599499007285565 0.018048334349859765 0.018448577546321229 0.010301387716901445
leaf_weight=245.09527805412654 95.261982841184363 162.88684158155229 188.30081425548997 219.40794223395642 22.141906817560084 23.485432817367837
leaf_count=14842 3941 4294 385 1907 482 318
internal_value=0 0.0092204 0.014076 0.00874369 -0.010286 -0.015986
internal_weight=956.58 711.485 570.596 382.295 140.889 118.747
internal_count=26169 11327 6586 6201 4741 4259
is_linear=0
shrinkage=0.025


Tree=21
num_leaves=7
num_cat=0
split_feature=9 62 1 39 60 83
split_gain=365.083 117.24 56.2333 42.7257 31.2293 23.2843
threshold=0.63000000000000012 0.75000000000000011 0.60968363285064708 1.0000000180025095e-35 0.68000000000000005 0.91476388168137013
decision_type=2 2 2 2 2 2
left_child=-1 2 3 -2 -4 -3
right_child=1 5 4 -5 -6 -7
leaf_value=-0.029271876121297474 -0.022396827448855523 -0.026602426931463582 0.021185857327219049 0.0066578014534513646 0.0044995777562239119 0
leaf_weight=205.50698260910576 34.925601421040483 60.820517667685635 319.69469431065954 200.59607056365348 93.429480314254761 30.268706144881435
leaf_count=14180 1063 4068 1707 3032 1612 507
internal_value=0 0.00820327 0.0119487 0.00212253 0.017483 -0.0179809
internal_weight=945.242 739.735 648.646 235.522 413.124 91.0892
internal_count=26169 11989 7414 4095 3319 4575
is_linear=0
shrinkage=0.025


Tree=22
num_leaves=7
num_cat=0
split_feature=9 62 19 60 24 83
split_gain=350.489 113.113 57.3167 45.5304 24.7281 23.2927
threshold=0.63000000000000012 0.75000000000000011 0.68236450000000015 0.68000000000000005 0.25000000000000006 0.91476388168137013
decision_type=2 2 2 2 2 2
left_child=-1 2 4 -4 -2 -3
right_child=1 5 3 -5 -6 -7
leaf_value=-0.028952669449251092 -0.018821833858896898 -0.026675970893830891 0.018967010489078614 0.0015457638537242266 0.0048849435798764673 0
leaf_weight=202.1690444414271 43.465841740835458 59.490672591142356 414.88992401189171 122.97667628538329 65.652348152652849 30.42055881768465
leaf_count=14180 1270 4068 2849 2270 1025 507
internal_value=0 0.00801426 0.0116817 0.0150256 -0.00469002 -0.0178835
internal_weight=939.065 736.896 646.985 537.867 109.118 89.9112
internal_count=26169 11989 7414 5119 2295 4575
is_linear=0
shrinkage=0.025


Tree=23
num_leaves=7
num_cat=0
split_feature=9 62 47 29 83 44
split_gain=335.422 105.76 59.5711 66.723 20.6549 17.9586
threshold=0.63000000000000012 0.75000000000000011 0.94988050000000013 0.43853150000000002 0.91476388168137013 0.40703000000000006
decision_type=2 2 2 2 2 2
left_child=5 2 3 -2 -3 -1
right_child=1 4 -4 -5 -6 -7
leaf_value=-0.030408150257689594 5.2136681644795462e-05 -0.026003237573934419 0.022789106441959264 0.021157909098377201 -0.00030416539124112209 0.0013619724135988432
leaf_weight=187.70752243231982 321.21249636268476 57.753598775190767 195.42567973956466 130.11910813162103 30.049686428275891 11.030544102308339
leaf_count=13518 6463 4068 394 557 507 662
internal_value=0 0.00781032 0.011322 0.00623925 -0.0175568 -0.0286063
internal_weight=933.299 734.561 646.757 451.332 87.8033 198.738
internal_count=26169 11989 7414 7020 4575 14180
is_linear=0
shrinkage=0.025


Tree=24
num_leaves=7
num_cat=0
split_feature=1 62 29 47 46 33
split_gain=322.134 80.8954 52.3865 57.6999 45.8162 34.0974
threshold=0.50930187106132518 0.58333333333333337 0.7941180000000001 0.89648150000000015 0.040641500000000004 0.3000000000000001
decision_type=2 2 2 2 2 2
left_child=-1 4 3 -3 5 -2
right_child=1 2 -4 -5 -6 -7
leaf_value=-0.025781259274539548 -0.027421077522893723 -0.015342739005530509 0.024836268105918803 0.010497033305925274 0.01794973327302371 0.014892508360298769
leaf_weight=225.86226668598829 24.028194451937452 156.34351608366705 35.976149845868349 79.312790328171104 382.26507564564236 19.149617885588668
leaf_count=14839 1047 5988 157 509 3134 495
internal_value=0 0.00841577 -0.00220769 -0.00659043 0.0151923 -0.00867521
internal_weight=922.938 697.075 271.632 235.656 425.443 43.1778
internal_count=26169 11330 6654 6497 4676 1542
is_linear=0
shrinkage=0.025


Tree=25
num_leaves=7
num_cat=0
split_feature=9 2 2 0 61 24
split_gain=312.163 75.7103 50.7199 39.015 65.0637 30.0845
threshold=0.71000000000000008 0.64281457662582409 0.56705352663993847 0.51600000000000013 0.48477250000000005 1.0000000180025095e-35
decision_type=2 2 2 2 2 2
left_child=2 3 -1 5 -5 -2
right_child=1 -3 -4 4 -6 -7
leaf_value=-0.029639295487874053 -0.0042166070221274178 0.017651729218038311 -0.0067763114526792571 -0.02619520862646051 0.0046951084106139941 0.020816891663907308
leaf_weight=183.01412598334718 47.12249867268838 339.79878951841965 94.447703444981016 66.206570018490311 109.73302487831097 74.558371620019898
leaf_count=13615 1094 3027 3079 2769 1802 783
internal_value=0 0.00963279 -0.022018 0.000377483 -0.00708412 0.0111622
internal_weight=914.881 637.419 277.462 297.62 175.94 121.681
internal_count=26169 9475 16694 6448 4571 1877
is_linear=0
shrinkage=0.025


Tree=26
num_leaves=7
num_cat=0
split_feature=2 44 19 43 60 39
split_gain=297.12 72.9819 82.156 52.4611 47.0387 35.2115
threshold=0.51854240894317638 0.047175500000000009 0.71974850000000001 1.0000000180025095e-35 0.68000000000000005 1.0000000180025095e-35
decision_type=2 2 2 2 2 2
left_child=-1 2 -2 4 -3 -5
right_child=1 3 -4 5 -6 -7
leaf_value=-0.024772662056497238 -0.026965516152616015 0.019751060671611254 0.0099719276244560114 -0.034953208946980757 0.00076973340748892789 0.0033502571013006815
leaf_weight=224.79751439986285 68.042529770347755 361.27408346679294 78.191775820683688 18.349814145942219 106.715206905792 51.034712434746325
leaf_count=14842 3081 3285 907 645 2248 1161
internal_value=0 0.00820682 -0.00732052 0.0124628 0.0154685 -0.00752127
internal_weight=908.406 683.608 146.234 537.374 467.989 69.3845
internal_count=26169 11327 3988 7339 5533 1806
is_linear=0
shrinkage=0.025


Tree=27
num_leaves=7
num_cat=0
split_feature=9 1 30 0 61 61
split_gain=297.922 77.9452 44.9037 40.068 39.5653 36.3568
threshold=0.71000000000000008 0.60620689392089855 0.75000000000000011 0.51600000000000013 0.48477250000000005 0.71158400000000011
decision_type=2 2 2 2 2 2
left_child=2 3 5 -2 -5 -1
right_child=1 -3 -4 4 -6 -7
leaf_value=-0.028188393170537243 0.0092559949270635822 0.016086580854508904 0.0062635931264117227 -0.026639819385887858 0.00096766463562324699 0.0059369685317621724
leaf_weight=222.17574583389796 104.08053439366631 399.72542828926817 30.363709200348239 56.090124505979475 71.023817432112992 20.05303149484098
leaf_count=15521 1743 3790 858 2580 1362 315
internal_value=0 0.00943451 -0.0217236 -0.00207825 -0.0114257 -0.0252958
internal_weight=903.512 630.92 272.592 231.194 127.114 242.229
internal_count=26169 9475 16694 5685 3942 15836
is_linear=0
shrinkage=0.025


Tree=28
num_leaves=7
num_cat=0
split_feature=9 1 2 0 47 31
split_gain=286.24 73.2282 51.1567 33.5582 38.5984 29.5563
threshold=0.73000000000000009 0.60620689392089855 0.54353442788124096 0.51600000000000013 0.77426000000000006 0.32963300000000006
decision_type=2 2 2 2 2 2
left_child=2 3 -1 -2 -5 -4
right_child=1 -3 5 4 -6 -7
leaf_value=-0.02977808192653339 0.008592282779575057 0.016079127693699714 -0.013565982304938211 -0.023206947703332679 0.0046581850379465604 0.018206709524004661
leaf_weight=162.67709714174271 101.90353479841724 390.61987614852842 100.07214488339378 65.99167039321037 54.774192398996092 19.799381869554054
leaf_count=12983 1725 3686 3551 3158 656 410
internal_value=0 0.00958794 -0.0207128 -0.00181252 -0.0106594 -0.00798179
internal_weight=895.838 613.289 282.549 222.669 120.766 119.872
internal_count=26169 9225 16944 5539 3814 3961
is_linear=0
shrinkage=0.025


Tree=29
num_leaves=7
num_cat=0
split_feature=9 62 29 47 86 44
split_gain=274.087 87.9448 49.0679 60.3078 19.0706 17.6611
threshold=0.63000000000000012 0.75000000000000011 0.31620650000000006 0.8716965000000001 -0.085236118318629969 0.40703000000000006
decision_type=2 2 2 2 2 2
left_child=5 2 3 -2 -3 -1
right_child=1 4 -4 -5 -6 -7
leaf_value=-0.028968626497286012 -0.003021011181112357 -0.024597656426843771 0.020277758439880868 0.016109185057988803 0 0.0024384344564276211
leaf_weight=172.28094916994451 233.69995582249248 55.883272148785181 206.67353116744198 179.93855143897235 29.81012605689466 11.013331025023943
leaf_count=13518 5786 4068 1010 618 507 662
internal_value=0 0.0070874 0.0103835 0.00532665 -0.0162907 -0.027027
internal_weight=889.3 706.005 620.312 413.639 85.6934 183.294
internal_count=26169 11989 7414 6404 4575 14180
is_linear=0
shrinkage=0.025


Tree=30
num_leaves=7
num_cat=0
split_feature=9 62 29 83 19 62
split_gain=262.815 83.438 46.5338 49.2044 31.7386 22.793
threshold=0.63000000000000012 0.58333333333333337 0.75473800000000013 0.937104430379747 0.7009645000000001 0.41666666666666669
decision_type=2 2 2 2 2 2
left_child=-1 4 3 -3 5 -2
right_child=1 2 -4 -5 -6 -7
leaf_value=-0.02674599997876256 0.01532888117044004 -0.014784391469127559 0.021832035766370394 0.0082364568994355049 0.018664606036967839 -0.0063617312953745692
leaf_weight=179.80808705568779 51.202127715805545 170.47618378238985 37.621930663939565 84.828549420228228 289.26486104493961 66.582033468177542
leaf_count=14180 653 7082 181 679 2187 1207
internal_value=0 0.00694118 -0.0031975 -0.00709576 0.0142337 0.0031173
internal_weight=879.784 699.976 292.927 255.305 407.049 117.784
internal_count=26169 11989 7942 7761 4047 1860
is_linear=0
shrinkage=0.025


Tree=31
num_leaves=7
num_cat=0
split_feature=9 1 2 39 44 60
split_gain=256.326 64.2194 40.9288 33.2285 36.198 31.5742
threshold=0.71000000000000008 0.60968363285064708 0.56705352663993847 1.0000000180025095e-35 0.10183150000000002 0.68000000000000005
decision_type=2 2 2 2 2 2
left_child=2 3 -1 -2 -5 -3
right_child=1 5 -4 4 -6 -7
leaf_value=-0.028183458822606505 -0.021976922383135866 0.0187245616135207 -0.006950254173687379 -0.014067186401480074 0.0094228460414212852 0.0011157713433175285
leaf_weight=166.27221308706794 38.739034926053137 301.06408880767412 90.437806147325318 54.89957850985229 140.37699582567438 82.303476025117561
leaf_count=13615 1671 1843 3079 1866 2270 1825
internal_value=0 0.00872951 -0.020876 -0.0015536 0.00268033 0.0149986
internal_weight=874.093 617.383 256.71 234.016 195.277 383.368
internal_count=26169 9475 16694 5807 4136 3668
is_linear=0
shrinkage=0.025


Tree=32
num_leaves=7
num_cat=0
split_feature=1 9 60 34 39 33
split_gain=246.174 65.3297 39.0796 39.4327 38.7397 28.6673
threshold=0.50930187106132518 0.73000000000000009 0.68000000000000005 0.30349850000000006 1.0000000180025095e-35 0.50000000000000011
decision_type=2 2 2 2 2 2
left_child=-1 5 4 -4 -3 -2
right_child=1 2 3 -5 -6 -7
leaf_value=-0.02379005091244047 -0.013656384697595496 -0.003375661547059287 -0.027518493084868274 0.0061633166982328945 0.017982103213060971 0.018733392775930294
leaf_weight=204.75242128613172 107.15562633832451 60.71958800702123 25.281521853350569 96.821950486919377 354.67176233977079 17.776972479594406
leaf_count=14839 4186 1004 1062 1930 2755 393
internal_value=0 0.00741516 0.0112005 -0.00115248 0.0148377 -0.0087018
internal_weight=867.18 662.427 537.495 122.103 415.391 124.933
internal_count=26169 11330 6751 2992 3759 4579
is_linear=0
shrinkage=0.025


Tree=33
num_leaves=7
num_cat=0
split_feature=9 62 61 0 2 83
split_gain=239.43 78.5396 48.0225 46.8701 29.2522 18.3763
threshold=0.63000000000000012 0.75000000000000011 0.50715900000000003 0.51600000000000013 0.70846572518348705 0.91476388168137013
decision_type=2 2 2 2 2 2
left_child=-1 2 3 -2 -4 -3
right_child=1 5 4 -5 -6 -7
leaf_value=-0.026123092537746546 0.011699250529771769 -0.024000668276836331 0.0099025073541193567 -0.0085243569959524267 0.025549080804248309 0
leaf_weight=172.46872577443719 150.07195944071282 54.184181901684497 192.07648859289475 132.26838023646269 129.24472632072866 30.46589182986645
leaf_count=14180 1995 4068 2056 2517 846 507
internal_value=0 0.00661646 0.00979552 0.00220269 0.0163717 -0.0155845
internal_weight=860.78 688.312 603.662 282.34 321.321 84.6501
internal_count=26169 11989 7414 4512 2902 4575
is_linear=0
shrinkage=0.025


Tree=34
num_leaves=7
num_cat=0
split_feature=2 47 29 44 15 49
split_gain=234.607 60.738 75.392 56.4795 31.09 14.955
threshold=0.51854240894317638 0.94988050000000013 0.91839300000000013 0.15442000000000003 0.67881200000000008 1.0000000180025095e-35
decision_type=2 2 2 2 2 2
left_child=4 2 3 -2 -1 -6
right_child=1 -3 -4 -5 5 -7
leaf_value=-0.027713938737347711 -0.012818972532646878 0.019306108298521418 0.026086089396597501 0.0061892108261783329 0.012521019086847857 -0.018250974715984844
leaf_weight=167.9688325508032 166.11474595643813 185.98226925113704 68.912987090647221 229.42887912050355 19.095205259276554 15.609425711561924
leaf_count=13521 5816 508 206 4797 408 913
internal_value=0 0.00732761 0.00243465 -0.00180197 -0.0233192 -0.00138076
internal_weight=853.112 650.439 464.457 395.544 202.673 34.7046
internal_count=26169 11327 10819 10613 14842 1321
is_linear=0
shrinkage=0.025


Tree=35
num_leaves=7
num_cat=0
split_feature=9 62 29 47 83 44
split_gain=225.632 74.0213 46.394 56.0059 16.3922 16.274
threshold=0.63000000000000012 0.75000000000000011 0.31620650000000006 0.8716965000000001 0.91476388168137013 0.40703000000000006
decision_type=2 2 2 2 2 2
left_child=5 2 3 -2 -3 -1
right_child=1 4 -4 -5 -6 -7
leaf_value=-0.02771595536653278 -0.0036922046624815706 -0.023443634346097395 0.019316463338526643 0.015179795059311661 -0.00022800710008184671 0.0030092225070110731
leaf_weight=157.37341387453489 223.80350040865596 52.653921618300956 199.56349049811251 170.98900150274858 30.253396400075871 10.510017693450207
leaf_count=13518 5786 4068 1010 618 507 662
internal_value=0 0.00644804 0.00955192 0.00450353 -0.0153292 -0.0257252
internal_weight=845.147 677.263 594.356 394.793 82.9073 167.883
internal_count=26169 11989 7414 6404 4575 14180
is_linear=0
shrinkage=0.025


Tree=36
num_leaves=7
num_cat=0
split_feature=2 9 29 2 15 22
split_gain=216.878 62.731 40.1588 38.8017 29.8763 28.8893
threshold=0.51854240894317638 0.75000000000000011 1.0000000180025095e-35 0.67512935400009166 0.67881200000000008 0.25230600000000009
decision_type=2 2 2 2 2 2
left_child=4 5 3 -3 -1 -2
right_child=1 2 -4 -5 -6 -7
leaf_value=-0.027301360327023672 0.011046083747823204 -0.0054943431913445293 0.018160165662473037 0.015464174285750087 -0.0013301731585049496 -0.012608991864222877
leaf_weight=161.44773870927747 41.392777679895516 124.96120600093855 260.68823828687891 94.678284015972167 34.488071035651956 119.07234803686151
leaf_count=13521 901 2948 1869 1248 1321 4361
internal_value=0 0.00704803 0.0115611 0.00357305 -0.0228484 -0.00637751
internal_weight=836.729 640.793 480.328 219.639 195.936 160.465
internal_count=26169 11327 6065 4196 14842 5262
is_linear=0
shrinkage=0.025


Tree=37
num_leaves=7
num_cat=0
split_feature=9 62 21 29 47 48
split_gain=211.379 69.6074 37.823 36.5602 39.8361 26.5508
threshold=0.63000000000000012 0.58333333333333337 0.70400000000000007 0.60023650000000017 0.89648150000000015 0.41683350000000002
decision_type=2 2 2 2 2 2
left_child=-1 2 5 4 -3 -2
right_child=1 3 -4 -5 -6 -7
leaf_value=-0.025354679473551623 0.0097326600984673963 -0.013964504783614218 0.018409790459610362 0.016762967733704837 0.0080035542778092369 -0.014275545218748542
leaf_weight=162.42159845420974 82.109856296563521 163.68419908633223 263.23083050479181 45.271136082708836 72.330286221345887 41.054055726854131
leaf_count=14180 1126 7077 2116 337 528 805
internal_value=0 0.00623942 0.0130981 -0.00318369 -0.00718205 0.00153561
internal_weight=830.102 667.68 386.395 281.286 236.014 123.164
internal_count=26169 11989 4047 7942 7605 1931
is_linear=0
shrinkage=0.025


Tree=38
num_leaves=7
num_cat=0
split_feature=9 1 2 6 60 34
split_gain=205.404 58.2408 35.4492 28.9856 26.2462 29.2903
threshold=0.71000000000000008 0.60968363285064708 0.56705352663993847 0.55182250000000022 0.68000000000000005 0.30349850000000006
decision_type=2 2 2 2 2 2
left_child=2 3 -1 -2 -3 -6
right_child=1 4 -4 -5 5 -7
leaf_value=-0.026856305517058168 0.011197659035501469 0.017560182180024916 -0.006389557535092974 -0.0080222971054197973 -0.028438495884533135 0.0085698955546395558
leaf_weight=149.99091553682229 68.388634447241202 285.09149416396394 85.915740520285908 155.89486573066097 14.20310672058258 64.103625079151243
leaf_count=13615 1096 1843 3079 4711 613 1212
internal_value=0 0.00791117 -0.0195843 -0.00206432 0.0140638 0.00107695
internal_weight=823.588 587.682 235.907 224.284 363.398 78.3067
internal_count=26169 9475 16694 5807 3668 1825
is_linear=0
shrinkage=0.025


Tree=39
num_leaves=7
num_cat=0
split_feature=2 9 29 47 15 39
split_gain=198.233 57.6252 32.9685 40.4284 27.0657 26.5024
threshold=0.51854240894317638 0.73000000000000009 1.0000000180025095e-35 0.96388050000000014 0.67617700000000014 1.0000000180025095e-35
decision_type=2 2 2 2 2 2
left_child=4 -2 3 -3 -1 -4
right_child=1 2 5 -5 -6 -7
leaf_value=-0.026863182414907066 -0.008614520394320313 -0.0035134206788582627 -0.0029718736773872208 0.018042157591796226 -0.0024427756327129188 0.019561491486742091
leaf_weight=152.36313621644513 120.46087189484388 161.57336145965382 36.448958026710898 78.693824396585114 36.3651965232566 231.01252021524124
leaf_count=13426 4741 4324 483 219 1416 1560
internal_value=0 0.00676055 0.0104498 0.00362365 -0.0222969 0.0164592
internal_weight=816.918 628.19 507.729 240.267 188.728 267.461
internal_count=26169 11327 6586 4543 14842 2043
is_linear=0
shrinkage=0.025


Tree=40
num_leaves=7
num_cat=0
split_feature=1 44 19 43 60 39
split_gain=193.672 52.1669 62.212 39.6861 44.9625 30.788
threshold=0.50930187106132518 0.047175500000000009 0.71974850000000001 1.0000000180025095e-35 0.68000000000000005 1.0000000180025095e-35
decision_type=2 2 2 2 2 2
left_child=-1 2 -2 4 -3 -5
right_child=1 3 -4 5 -6 -7
leaf_value=-0.022396559594146801 -0.025876965890648963 0.017485872066883169 0.0081692533537251859 -0.034350187492772848 -0.0015782809679570143 0.0027024497804119291
leaf_weight=183.73708496580366 58.772740198590327 331.27466873271624 71.644091498572379 16.650113006704487 99.058080128044821 49.832784047583118
leaf_count=14839 3019 3303 922 608 2318 1160
internal_value=0 0.00662356 -0.00730608 0.010316 0.0130935 -0.00735883
internal_weight=810.97 627.232 130.417 496.816 430.333 66.4829
internal_count=26169 11330 3941 7389 5621 1768
is_linear=0
shrinkage=0.025


Tree=41
num_leaves=7
num_cat=0
split_feature=2 62 43 21 0 15
split_gain=191.932 53.4867 32.3561 32.2016 34.553 24.9335
threshold=0.51854240894317638 0.58333333333333337 1.0000000180025095e-35 0.70400000000000007 0.48220000000000002 0.67617700000000014
decision_type=2 2 2 2 2 2
left_child=5 3 -3 4 -2 -1
right_child=1 2 -4 -5 -6 -7
leaf_value=-0.026677163207521545 0.011653157284705871 0.0016034516052234188 -0.02261564643384896 0.017604643839123427 -0.015600865343906346 -0.0029898243677329078
leaf_weight=148.62821371198515 78.425680372049101 208.47693713341141 38.644205333548598 253.74620856856927 42.798027127981186 35.910611296072602
leaf_count=13426 1313 4894 1697 2173 1250 1416
internal_value=0 0.00665277 -0.00233739 0.0125771 0.00183959 -0.022216
internal_weight=806.63 622.091 247.121 374.97 121.224 184.539
internal_count=26169 11327 6591 4736 2563 14842
is_linear=0
shrinkage=0.025


Tree=42
num_leaves=7
num_cat=0
split_feature=1 62 29 47 21 0
split_gain=184.414 50.4164 31.1884 36.57 28.5238 35.6772
threshold=0.50930187106132518 0.58333333333333337 0.60023650000000017 0.89648150000000015 0.70400000000000007 0.48220000000000002
decision_type=2 2 2 2 2 2
left_child=-1 4 3 -3 5 -2
right_child=1 2 -4 -5 -6 -7
leaf_value=-0.022217361906705629 0.011915693807933532 -0.013889230656913021 0.016458837137669387 0.0082560278105454198 0.01691297060623833 -0.015781312430273451
leaf_weight=178.53196002624463 79.608534791506827 135.60681235080119 42.718210682389326 67.803009028662927 253.94769164384343 42.416111226193607
leaf_count=14839 1281 5863 298 493 2165 1230
internal_value=0 0.0064394 -0.00231685 -0.0064544 0.0121722 0.00209432
internal_weight=800.632 622.1 246.128 203.41 375.972 122.025
internal_count=26169 11330 6654 6356 4676 2511
is_linear=0
shrinkage=0.025


Tree=43
num_leaves=7
num_cat=0
split_feature=9 62 2 29 61 83
split_gain=180.035 61.7476 39.8306 34.5149 20.7962 15.687
threshold=0.63000000000000012 0.75000000000000011 0.67512935400009166 1.0000000180025095e-35 0.50715900000000003 0.95904389152921443
decision_type=2 2 2 2 2 2
left_child=-1 2 3 -2 -4 -3
right_child=1 5 4 -5 -6 -7
leaf_value=-0.024322557133334543 -0.0043178533538170824 -0.020486650364948469 4.2018860247999342e-06 0.011615255671072879 0.020201701970833666 0.004254262320620125
leaf_weight=151.12991370589589 177.54093339666724 60.654035695595667 39.321048093959689 157.99735237937421 187.59370095026679 19.717184738139622
leaf_count=14180 3829 4319 422 1705 1458 256
internal_value=0 0.00579038 0.00873696 0.00318922 0.0167781 -0.0143662
internal_weight=793.954 642.824 562.453 335.538 226.915 80.3712
internal_count=26169 11989 7414 5534 1880 4575
is_linear=0
shrinkage=0.025


Tree=44
num_leaves=7
num_cat=0
split_feature=9 62 19 60 16 83
split_gain=172.909 58.4264 38.318 30.6919 15.9404 15.6944
threshold=0.63000000000000012 0.75000000000000011 0.68236450000000015 0.68000000000000005 0.65622700000000012 0.95904389152921443
decision_type=2 2 2 2 2 2
left_child=-1 2 4 -4 -2 -3
right_child=1 5 3 -5 -6 -7
leaf_value=-0.024109588161166328 0.0025977519461420039 -0.020343298887707813 0.015014345028649255 -9.392626017004742e-05 -0.017646751823345384 0.0044065269678584523
leaf_weight=148.05957626446616 56.923506900551729 59.376022641226882 355.73987543280236 108.25323977757944 38.507707165321335 19.828843056689948
leaf_count=14180 1332 4319 2849 2270 963 256
internal_value=0 0.00566178 0.00852481 0.0114891 -0.00572377 -0.0140949
internal_weight=786.689 638.629 559.424 463.993 95.4312 79.2049
internal_count=26169 11989 7414 5119 2295 4575
is_linear=0
shrinkage=0.025


Tree=45
num_leaves=7
num_cat=0
split_feature=9 61 0 2 24 62
split_gain=168.842 50.9972 59.2508 34.1685 27.9821 22.9167
threshold=0.73000000000000009 0.49446450000000003 0.51600000000000013 0.54353442788124096 1.0000000180025095e-35 0.58333333333333337
decision_type=2 2 2 2 2 2
left_child=3 2 4 -1 -2 -3
right_child=1 5 -4 -5 -6 -7
leaf_value=-0.026752730564233385 -0.0054106615462664711 0.018336712731239154 -0.014709485273692183 -0.0071270165939031809 0.018661290947795811 0.0032885171536127245
leaf_weight=123.4999241894111 44.667940879357047 223.49341060803272 108.26205628330354 106.02276981488103 82.367523098597303 91.701827384415083
leaf_count=12983 1121 1879 3518 3961 860 1847
internal_value=0 0.00751011 -0.00126463 -0.0178993 0.0101885 0.0140465
internal_weight=780.015 550.493 235.298 229.523 127.035 315.195
internal_count=26169 9225 5499 16944 1981 3726
is_linear=0
shrinkage=0.025


Tree=46
num_leaves=7
num_cat=0
split_feature=2 84 29 44 15 61
split_gain=161.977 47.9636 63.1905 39.7873 23.3635 13.4827
threshold=0.51854240894317638 0.96318879855465234 0.89118900000000012 0.098009500000000013 0.67617700000000014 0.49446450000000003
decision_type=2 2 2 2 2 2
left_child=4 2 3 -2 -1 -3
right_child=1 5 -4 -5 -6 -7
leaf_value=-0.025827764850393117 -0.014012389887826741 0.0028324528533659435 0.023494485956441963 0.0033511737304075719 -0.0024167113201201064 0.020367782596425986
leaf_weight=136.91481334506534 123.73576693033101 36.430441318370868 66.094406468095258 234.65545326870051 34.662851854227483 141.55553149792831
leaf_count=13426 4779 313 220 5568 1416 447
internal_value=0 0.00611489 0.00149297 -0.00267495 -0.0212511 0.0169161
internal_weight=774.049 602.472 424.486 358.391 171.578 177.986
internal_count=26169 11327 10567 10347 14842 760
is_linear=0
shrinkage=0.025


Tree=47
num_leaves=7
num_cat=0
split_feature=9 62 43 21 19 16
split_gain=159.02 54.5287 29.953 28.8678 24.0979 20.323
threshold=0.63000000000000012 0.58333333333333337 1.0000000180025095e-35 0.70400000000000007 0.64414750000000021 0.60854950000000008
decision_type=2 2 2 2 2 2
left_child=-1 3 4 -2 -3 -5
right_child=1 2 -4 5 -6 -7
leaf_value=-0.023730999159517128 0.0013210107997873354 -0.028565316092548067 -0.02194201643447434 -0.01492499823676512 0.0028276081516238429 0.01805726560616186
leaf_weight=141.16584853807581 116.5736590072047 13.965898773079969 41.838825188751798 10.174876776523886 208.45649006779422 235.44818438496441
leaf_count=14180 1931 1026 1954 126 4962 1990
internal_value=0 0.00542061 -0.00317413 0.0116942 0.000521952 0.0165191
internal_weight=767.624 626.458 264.261 362.197 222.422 245.623
internal_count=26169 11989 7942 4047 5988 2116
is_linear=0
shrinkage=0.025


Tree=48
num_leaves=7
num_cat=0
split_feature=9 1 39 44 16 47
split_gain=152.963 52.2561 36.6242 27.1966 20.1246 18.2651
threshold=0.57000000000000017 0.61364492774009716 1.0000000180025095e-35 0.40703000000000006 0.60854950000000008 0.93479450000000008
decision_type=2 2 2 2 2 2
left_child=-1 2 -2 -4 -3 -6
right_child=1 4 3 -5 5 -7
leaf_value=-0.023720094222572916 -0.022767674031280841 -0.013019815489875776 -0.0053918515935728164 0.012584012635207857 0.0079026042709834012 0.019957546788473564
leaf_weight=136.5756391515315 45.946653381979559 17.585277529899031 140.38940462269238 80.616569242440164 204.15263904910535 135.9722365392372
leaf_count=14009 2193 338 4505 1318 3476 330
internal_value=0 0.00526002 -0.0030711 0.00119349 0.0114798 0.0128578
internal_weight=761.238 624.663 266.953 221.006 357.71 340.125
internal_count=26169 12160 8016 5823 4144 3806
is_linear=0
shrinkage=0.025


Tree=49
num_leaves=7
num_cat=0
split_feature=1 29 47 62 18 15
split_gain=149.103 43.9 50.8072 57.4916 20.7678 20.0149
threshold=0.50930187106132518 0.31620650000000006 0.8716965000000001 0.41666666666666669 0.68368300000000015 0.48619900000000005
decision_type=2 2 2 2 2 2
left_child=4 2 3 -2 -1 -4
right_child=1 -3 5 -5 -6 -7
leaf_value=-0.025068764338228345 0.016603786819344941 0.015707284704775722 -0.01365141382313958 -0.012525138518613971 -0.0010378068457615346 0.014615715974448133
leaf_weight=134.26805936890014 51.81516250106506 188.40514603449265 15.176469668745993 189.38013654536917 28.080494809226366 148.93207056121901
leaf_count=13831 1078 1527 134 7856 1008 735
internal_value=0 0.00581859 0.00113226 -0.00612543 -0.0210441 0.0117835
internal_weight=756.058 593.709 405.304 241.195 162.349 164.109
internal_count=26169 11330 9803 8934 14839 869
is_linear=0
shrinkage=0.025


Tree=50
num_leaves=7
num_cat=0
split_feature=9 1 2 0 61 33
split_gain=145.76 45.1066 30.6962 23.5977 24.426 21.0804
threshold=0.73000000000000009 0.60968363285064708 0.54353442788124096 0.51600000000000013 0.48477250000000005 0.50000000000000011
decision_type=2 2 2 2 2 2
left_child=2 3 -1 -2 -5 -4
right_child=1 -3 5 4 -6 -7
leaf_value=-0.026130791299961705 0.0070406538520052632 0.012732271958480352 -0.011793503046089723 -0.022776741139293608 0.00031252203349780503 0.018011188517804002
leaf_weight=112.84503187119844 92.676965455524623 328.30040383909363 87.810473556426587 48.077829872490838 64.169104157015681 15.244405860779805
leaf_count=12983 1748 3569 3634 2554 1354 327
internal_value=0 0.00701767 -0.017214 -0.0021384 -0.00978163 -0.00697958
internal_weight=749.124 533.224 215.9 204.924 112.247 103.055
internal_count=26169 9225 16944 5656 3908 3961
is_linear=0
shrinkage=0.025


Tree=51
num_leaves=7
num_cat=0
split_feature=9 2 2 60 55 24
split_gain=140.049 41.7892 30.201 24.0773 26.7769 24.6671
threshold=0.73000000000000009 0.64281457662582409 0.55928221344947826 0.68000000000000005 1.0000000180025095e-35 0.25000000000000006
decision_type=2 2 2 2 2 2
left_child=2 3 -1 5 -5 -2
right_child=1 -3 -4 4 -6 -7
leaf_value=-0.025222866852924755 -0.0079422024659798925 0.013431227658597836 -0.0059802243295600278 0.01138694261313538 -0.023470022033166931 0.010681657182234813
leaf_weight=119.7778600261081 67.156636103638448 281.48491081397515 93.252747295424342 17.189127264311537 45.414647334779147 119.66185436060186
leaf_count=13517 1918 2963 3427 164 2108 2072
internal_value=0 0.00687199 -0.0170072 -0.000555508 -0.0136952 0.00392415
internal_weight=743.938 530.907 213.031 249.422 62.6038 186.818
internal_count=26169 9225 16944 6262 2272 3990
is_linear=0
shrinkage=0.025


Tree=52
num_leaves=7
num_cat=0
split_feature=1 29 47 62 18 26
split_gain=137.179 42.4106 55.2597 52.3098 19.5989 18.3945
threshold=0.50930187106132518 0.91839300000000013 0.8716965000000001 0.41666666666666669 0.68368300000000015 0.38380000000000009
decision_type=2 2 2 2 2 2
left_child=4 2 3 -2 -1 -4
right_child=1 -3 5 -5 -6 -7
leaf_value=-0.02479501214192803 0.015659474951078715 0.023830461466940834 0.01533560046028073 -0.0090862741988112453 -0.0011329137236640795 -0.0091096426787798043
leaf_weight=127.24857643235009 65.810697255190462 67.701013086363673 188.38494451885344 240.89631210209336 27.554765726352343 19.288425313250627
leaf_count=13831 1206 214 885 8888 1008 137
internal_value=0 0.0055765 0.0030534 -0.00366455 -0.0207238 0.0129422
internal_weight=736.885 582.081 514.38 306.707 154.803 207.673
internal_count=26169 11330 11116 10094 14839 1022
is_linear=0
shrinkage=0.025


Tree=53
num_leaves=7
num_cat=0
split_feature=9 62 29 16 62 83
split_gain=132.979 46.0442 34.1448 34.6689 32.2331 12.8499
threshold=0.57000000000000017 0.75000000000000011 1.0000000180025095e-35 0.60695300000000019 0.41666666666666669 0.95904389152921443
decision_type=2 2 2 2 2 2
left_child=-1 2 4 -4 -2 -3
right_child=1 5 3 -5 -6 -7
leaf_value=-0.02307417173332816 0.016151348334860927 -0.018550662421743264 -0.027578888007113042 0.015701730664902946 -0.0039234396686908622 0.0039563892143949292
leaf_weight=126.26276809882256 64.144045344786718 57.784560537780635 9.7468664175830764 255.69829642109107 196.89758019233705 19.664312892127782
leaf_count=14009 759 4396 277 2087 4385 256
internal_value=0 0.00489927 0.00756488 0.0138374 0.00108263 -0.0127816
internal_weight=730.198 603.936 526.487 265.445 261.042 77.4489
internal_count=26169 12160 7508 2364 5144 4652
is_linear=0
shrinkage=0.025


Tree=54
num_leaves=7
num_cat=0
split_feature=9 62 43 21 61 0
split_gain=128.413 46.8851 26.5062 25.7356 22.7767 20.2062
threshold=0.57000000000000017 0.58333333333333337 1.0000000180025095e-35 0.70400000000000007 0.71629350000000003 0.51966650000000014
decision_type=2 2 2 2 2 2
left_child=-1 3 4 5 -3 -2
right_child=1 2 -4 -5 -6 -7
leaf_value=-0.022902540077126568 0.0079470165741253231 -0.0033632803075620069 -0.021327409438239492 0.015470819172564369 0.017943076989067382 -0.014474331434283777
leaf_weight=123.96910948524601 76.440886279800907 180.56055708052008 39.921196228708141 233.56717307935469 35.325869418913499 34.294619713677093
leaf_count=14009 1073 5446 2006 2130 606 899
internal_value=0 0.00480653 -0.00325854 0.0108042 0.000248543 0.000759629
internal_weight=724.079 600.11 255.808 344.303 215.886 110.736
internal_count=26169 12160 8058 4102 6052 1972
is_linear=0
shrinkage=0.025


Tree=55
num_leaves=7
num_cat=0
split_feature=2 60 39 83 43 44
split_gain=124.259 41.2825 47.0769 37.3202 33.7067 26.3927
threshold=0.51854240894317638 0.68000000000000005 1.0000000180025095e-35 0.93377192982456159 1.0000000180025095e-35 0.047175500000000009
decision_type=2 2 2 2 2 2
left_child=-1 2 4 -3 -2 -4
right_child=1 3 5 -5 -6 -7
leaf_value=-0.019967205264781258 0.0022252017770449293 -0.015897393218410254 -0.00084533630491349975 0.0096863655457182316 -0.03394365265350207 0.016426208844751832
leaf_weight=150.94491184450453 51.216759292117786 89.32137930492172 67.102875140844844 55.678380535217002 20.557017355196876 283.06475771620171
leaf_count=14842 1005 4193 1787 412 903 3027
internal_value=0 0.00538048 0.00933003 -0.00601651 -0.00881009 0.0131091
internal_weight=717.886 566.941 421.941 145 71.7738 350.168
internal_count=26169 11327 6722 4605 1908 4814
is_linear=0
shrinkage=0.025


Tree=56
num_leaves=7
num_cat=0
split_feature=9 61 0 2 24 0
split_gain=123.349 43.2246 37.7625 26.8418 24.7071 24.3353
threshold=0.73000000000000009 0.50715900000000003 0.51600000000000013 0.55928221344947826 1.0000000180025095e-35 0.85456650000000012
decision_type=2 2 2 2 2 2
left_child=3 2 4 -1 -2 -3
right_child=1 5 -4 -5 -6 -7
leaf_value=-0.024663223098346256 -0.0058989686907474732 0.015572501051215118 -0.0098652621246092514 -0.0060344380399908679 0.017452689401627412 -0.01489275468590478
leaf_weight=110.34180094493786 41.540636774967425 244.62562503141817 134.11553926754277 90.865102366631618 77.566093385219574 15.326918738661332
leaf_count=13517 1126 2659 3782 3427 861 797
internal_value=0 0.00650642 -0.000821883 -0.0164707 0.00928258 0.0136182
internal_weight=714.382 513.175 253.222 201.207 119.107 259.953
internal_count=26169 9225 5769 16944 1987 3456
is_linear=0
shrinkage=0.025


Tree=57
num_leaves=7
num_cat=0
split_feature=1 60 39 83 43 44
split_gain=118.924 39.6454 39.3978 34.9976 30.1917 26.9274
threshold=0.50930187106132518 0.68000000000000005 1.0000000180025095e-35 0.93377192982456159 1.0000000180025095e-35 0.047175500000000009
decision_type=2 2 2 2 2 2
left_child=-1 2 4 -3 -2 -4
right_child=1 3 5 -5 -6 -7
leaf_value=-0.020061005662849348 0.0023499347072661984 -0.015572999084795406 -0.0016097775361076838 0.0093864860801105062 -0.032796615188192317 0.015806223032250752
leaf_weight=144.24367834223085 51.41823106983793 89.072992417030036 67.164755412028171 54.384046310209669 18.83508796634851 284.08711273001973
leaf_count=14839 983 4236 1794 426 845 3046
internal_value=0 0.0051877 0.00904694 -0.00605229 -0.00775586 0.0124634
internal_weight=709.206 564.962 421.505 143.457 70.2533 351.252
internal_count=26169 11330 6668 4662 1828 4840
is_linear=0
shrinkage=0.025


Tree=58
num_leaves=7
num_cat=0
split_feature=9 2 2 60 24 55
split_gain=116.212 39.2744 26.7147 20.4136 24.5473 23.0171
threshold=0.73000000000000009 0.64281457662582409 0.54353442788124096 0.68000000000000005 0.25000000000000006 1.0000000180025095e-35
decision_type=2 2 2 2 2 2
left_child=2 3 -1 4 -2 -5
right_child=1 -3 -4 5 -6 -7
leaf_value=-0.025393096771645213 -0.0091487937513480451 0.012833967792024933 -0.0066761239461376734 0.010008378143618006 0.0098403933357442269 -0.023144314757372927
leaf_weight=97.447449587503797 63.243290918879211 268.63502510171384 98.812367667473154 16.474137595156208 117.41794282419141 41.79197472697706
leaf_count=12983 1918 2963 3961 164 2072 2108
internal_value=0 0.00631903 -0.0162161 -0.00102676 0.00311102 -0.0136006
internal_weight=703.822 507.562 196.26 238.927 180.661 58.2661
internal_count=26169 9225 16944 6262 3990 2272
is_linear=0
shrinkage=0.025


Tree=59
num_leaves=7
num_cat=0
split_feature=9 62 29 83 21 0
split_gain=112.616 43.0489 26.9846 25.3038 24.0256 18.1666
threshold=0.57000000000000017 0.58333333333333337 0.60023650000000017 0.937104430379747 0.70400000000000007 0.51966650000000014
decision_type=2 2 2 2 2 2
left_child=-1 4 3 -3 5 -2
right_child=1 2 -4 -5 -6 -7
leaf_value=-0.022245607335750275 0.007434581473303347 -0.0129886622642797 0.015122952549387548 0.0051352092652220257 0.014974760279442249 -0.014088955637822118
leaf_weight=115.79761865655018 74.968234183150344 140.07103567870217 38.93862614716636 70.182368838228285 224.76838785293512 33.307321114465594
leaf_count=14009 1073 7044 341 673 2130 899
internal_value=0 0.0045005 -0.00331514 -0.00690855 0.0103556 0.000566065
internal_weight=698.034 582.236 249.192 210.253 333.044 108.276
internal_count=26169 12160 8058 7717 4102 1972
is_linear=0
shrinkage=0.025


Tree=60
num_leaves=7
num_cat=0
split_feature=1 60 44 20 16 49
split_gain=109.707 38.0056 35.1907 27.3354 26.9143 19.8769
threshold=0.56524974107742321 0.68000000000000005 0.094885000000000011 0.69418650000000015 0.59306800000000004 1.0000000180025095e-35
decision_type=2 2 2 2 2 2
left_child=2 4 -1 -3 -2 -4
right_child=1 3 5 -5 -6 -7
leaf_value=-0.022751967691232902 -0.020237811365400277 -0.026579711170511333 0.0063321390746017437 0.0015794175209557057 0.012626715903056052 -0.014443308302384964
leaf_weight=124.89447739199386 13.945984645280985 26.379762098076753 59.523490058665629 81.96856438217219 334.37643565650797 50.958940028664074
leaf_count=13623 581 1166 1819 2174 3804 3002
internal_value=0 0.00713865 -0.0137796 -0.00564244 0.0111511 -0.00328044
internal_weight=692.048 456.671 235.377 108.348 348.322 110.482
internal_count=26169 7725 18444 3340 4385 4821
is_linear=0
shrinkage=0.025


Tree=61
num_leaves=7
num_cat=0
split_feature=9 61 49 1 44 33
split_gain=106.643 37.5985 46.1538 24.6087 24.3307 18.5164
threshold=0.73000000000000009 0.49446450000000003 1.0000000180025095e-35 0.51781070232391369 0.18109000000000003 0.50000000000000011
decision_type=2 2 2 2 2 2
left_child=3 2 4 -1 -2 -5
right_child=1 -3 -4 5 -6 -7
leaf_value=-0.025454385117238645 -0.0069406657326921105 0.012001174449173186 -0.01462294426640714 -0.011617227522037836 0.01636516642212792 0.016591489437656988
leaf_weight=87.627745278121438 40.266796400072053 283.77778644533828 95.052017199981492 86.337807400268503 79.017461494542658 14.891841504984766
leaf_count=12674 1056 3726 3427 3894 1016 376
internal_value=0 0.00606783 -0.00179528 -0.0158742 0.00844499 -0.00708324
internal_weight=686.971 498.114 214.336 188.857 119.284 101.23
internal_count=26169 9225 5499 16944 2072 4270
is_linear=0
shrinkage=0.025


Tree=62
num_leaves=7
num_cat=0
split_feature=1 60 44 39 83 15
split_gain=103.88 36.1064 31.193 24.9057 22.5199 20.5627
threshold=0.56367313861846935 0.68000000000000005 0.094885000000000011 1.0000000180025095e-35 0.93377192982456159 0.48366800000000004
decision_type=2 2 2 2 2 2
left_child=2 3 -1 -2 -3 -5
right_child=1 4 -4 5 -6 -7
leaf_value=-0.022436966798397334 -0.0040748842464371172 -0.014592777382457862 -0.0037297670445776373 -0.0056474548449725595 0.0081812555440909495 0.015960782219380697
leaf_weight=119.14486400113674 56.783029643935151 65.661803685652558 107.34648861967435 28.846205837093294 42.482003698707558 261.30613656318747
leaf_count=13570 1153 3073 4771 601 306 2695
internal_value=0 0.00687923 -0.0137463 0.0108016 -0.00558468 0.0137528
internal_weight=681.571 455.079 226.491 346.935 108.144 290.152
internal_count=26169 7828 18341 4449 3379 3296
is_linear=0
shrinkage=0.025


Tree=63
num_leaves=7
num_cat=0
split_feature=1 60 19 20 39 43
split_gain=101.114 34.6376 30.5656 25.5065 23.153 25.7821
threshold=0.56367313861846935 0.68000000000000005 0.69942450000000012 0.69418650000000015 1.0000000180025095e-35 1.0000000180025095e-35
decision_type=2 2 2 2 2 2
left_child=2 4 -1 -3 5 -2
right_child=1 3 -4 -5 -6 -7
leaf_value=-0.019760036984769611 0.0058149818880517574 -0.026130454354270746 0 0.0014263270020843793 0.013501197547352663 -0.031112631556147931
leaf_weight=154.40046934170823 43.252578727522632 25.384070631494978 70.210553780460032 81.988818642421393 288.64487392362207 13.390654866816474
leaf_count=15918 625 1182 2423 2197 3296 528
internal_value=0 0.00679834 -0.0136248 -0.00545507 0.0106457 -0.00371301
internal_weight=677.272 452.661 224.611 107.373 345.288 56.6432
internal_count=26169 7828 18341 3379 4449 1153
is_linear=0
shrinkage=0.025


Tree=64
num_leaves=7
num_cat=0
split_feature=1 29 62 47 9 20
split_gain=98.6053 35.7486 35.1649 40.1048 23.0515 16.7842
threshold=0.50930187106132518 1.0000000180025095e-35 0.41666666666666669 0.8716965000000001 0.75000000000000011 0.69749450000000013
decision_type=2 2 2 2 2 2
left_child=5 2 -2 -4 -3 -1
right_child=1 4 3 -5 -6 -7
leaf_value=-0.023330334429404576 0.014555978509243686 -0.0037434036516986098 -0.014923718756275262 0.006828422683059724 0.014842013873330659 0
leaf_weight=107.67554073684732 63.022237945348024 49.733880037907511 130.78379569813842 85.355571017105831 213.34460999930161 23.58411757167778
leaf_count=13823 968 1598 6206 631 1927 1016
internal_value=0 0.00472262 -0.00148382 -0.00631371 0.0112934 -0.019233
internal_weight=673.5 542.24 279.162 216.139 263.078 131.26
internal_count=26169 11330 7805 6837 3525 14839
is_linear=0
shrinkage=0.025


Tree=65
num_leaves=7
num_cat=0
split_feature=2 29 84 44 15 19
split_gain=95.3101 35.437 44.8094 31.8648 17.0753 13.9642
threshold=0.51854240894317638 0.91839300000000013 0.96318879855465234 0.15442000000000003 0.67617700000000014 0.68236450000000015
decision_type=2 2 2 2 2 2
left_child=4 2 3 -2 -1 -3
right_child=1 5 -4 -5 -6 -7
leaf_value=-0.023663134772865951 -0.011936556246484431 -0.0058776182558517341 0.013735366454470356 0.0037144843176963767 -0.0017403826390310654 0.026365414569858459
leaf_weight=101.59717054743669 137.08196876980946 8.3847298086620849 144.85878854908515 191.53420345883933 29.879602679982781 54.912660036003217
leaf_count=13426 5679 68 749 4684 1416 147
internal_value=0 0.00468848 0.00226616 -0.00282874 -0.0188717 0.0219003
internal_weight=668.249 536.772 473.475 328.616 131.477 63.2974
internal_count=26169 11327 11112 10363 14842 215
is_linear=0
shrinkage=0.025


Tree=66
num_leaves=7
num_cat=0
split_feature=9 2 39 46 61 16
split_gain=93.453 39.6542 31.4992 26.3833 15.772 11.3299
threshold=0.57000000000000017 0.66890439391136181 1.0000000180025095e-35 0.58423250000000004 0.50715900000000003 0.60377350000000007
decision_type=2 2 2 2 2 2
left_child=-1 2 -2 -4 -3 -6
right_child=1 4 3 -5 5 -7
leaf_value=-0.021210315014957282 -0.018629510764065702 -0.00099477409611312454 0.0055941816538229812 -0.01380557930727839 -0.011080726185581232 0.017255835148663311
leaf_weight=106.18956933854497 51.771273124264553 41.830168229877017 240.61647929702303 50.844790244591422 7.2936653296928844 163.91758890409255
leaf_count=14009 2428 596 5309 1910 139 1778
internal_value=0 0.00412571 -0.00112071 0.00209154 0.0125338 0.0158562
internal_weight=662.464 556.274 343.233 291.461 213.041 171.211
internal_count=26169 12160 9647 7219 2513 1917
is_linear=0
shrinkage=0.025


Tree=67
num_leaves=7
num_cat=0
split_feature=1 60 44 16 20 49
split_gain=90.7179 30.7363 29.693 22.4816 22.3288 19.0476
threshold=0.56524974107742321 0.68000000000000005 0.094885000000000011 0.59306800000000004 0.69418650000000015 1.0000000180025095e-35
decision_type=2 2 2 2 2 2
left_child=2 3 -1 -2 -3 -4
right_child=1 4 5 -5 -6 -7
leaf_value=-0.021938034225415667 -0.01935025153000227 -0.025104079352760458 0.0062798115437364107 0.0115319928172683 0.001249539707252891 -0.014496392236790457
leaf_weight=112.19140604129643 13.021950420457868 24.060264535452006 56.774677709356183 323.6732831580739 79.473771471704822 48.830889980672509
leaf_count=13623 581 1166 1819 3804 2174 3002
internal_value=0 0.00652314 -0.0131095 0.010178 -0.00523975 -0.00335902
internal_weight=658.026 440.229 217.797 336.695 103.534 105.606
internal_count=26169 7725 18444 4385 3340 4821
is_linear=0
shrinkage=0.025


Tree=68
num_leaves=7
num_cat=0
split_feature=2 29 62 47 9 15
split_gain=89.3242 35.4925 31.1532 36.7965 21.4369 16.2946
threshold=0.51854240894317638 1.0000000180025095e-35 0.41666666666666669 0.8716965000000001 0.75000000000000011 0.67617700000000014
decision_type=2 2 2 2 2 2
left_child=5 2 -2 -4 -3 -1
right_child=1 4 3 -5 -6 -7
leaf_value=-0.023455236737989573 0.013621592320007647 -0.003556813263891752 -0.014665651350807661 0.0064706527669443088 0.014622370366287014 -0.0018179848006357044
leaf_weight=97.384143426774244 60.898197870934382 48.229279263177887 127.51124890244682 82.657376047776779 208.29394420501194 29.527168348082341
leaf_count=13426 978 1652 6214 614 1869 1416
internal_value=0 0.00454598 -0.00173483 -0.00633345 0.0111694 -0.0186211
internal_weight=654.501 527.59 271.067 210.169 256.523 126.911
internal_count=26169 11327 7806 6828 3521 14842
is_linear=0
shrinkage=0.025


Tree=69
num_leaves=7
num_cat=0
split_feature=19 29 47 6 1 55
split_gain=86.3392 40.8514 40.0903 29.0738 22.0366 22.6184
threshold=0.68236450000000015 0.89118900000000012 0.94988050000000013 0.54787700000000006 0.51935818791389476 1.0000000180025095e-35
decision_type=2 2 2 2 2 2
left_child=4 2 3 -2 -1 -6
right_child=1 -3 -4 -5 5 -7
leaf_value=-0.023215977295864585 0.017978403707984161 0.025157016367275756 0.014640182864389954 -0.0052560247720271226 0.0033989062764744615 -0.023041909320635212
leaf_weight=90.912616103421897 36.126880316820461 56.138110135216266 122.82751183590153 256.33165131298301 58.931532133225119 27.570704841025872
leaf_count=12963 961 167 499 8524 1587 1468
internal_value=0 0.00559742 0.0027977 -0.0022282 -0.0147445 -0.00534072
internal_weight=648.839 471.424 415.286 292.459 177.415 86.5022
internal_count=26169 10151 9984 9485 16018 3055
is_linear=0
shrinkage=0.025


Tree=70
num_leaves=7
num_cat=0
split_feature=2 62 29 47 21 0
split_gain=83.5884 32.6352 22.256 21.2249 17.7572 22.9602
threshold=0.51854240894317638 0.58333333333333337 0.75473800000000013 0.74876200000000004 0.70400000000000007 0.48220000000000002
decision_type=2 2 2 2 2 2
left_child=-1 4 3 -3 5 -2
right_child=1 2 -4 -5 -6 -7
leaf_value=-0.018356887693429406 0.0095066400190156192 -0.014537056033311641 0.016736225618714597 0.0022391825231326055 0.013811561717700663 -0.014483804849097479
leaf_weight=122.57303903107095 68.531951313838363 93.657362961370382 27.757908469764516 89.809047692455351 204.00652642524801 35.853599356953055
leaf_count=14842 1313 5217 162 1212 2173 1250
internal_value=0 0.00439739 -0.00312199 -0.00635813 0.00955942 0.00103867
internal_weight=642.189 519.616 211.224 183.466 308.392 104.386
internal_count=26169 11327 6591 6429 4736 2563
is_linear=0
shrinkage=0.025


Tree=71
num_leaves=7
num_cat=0
split_feature=1 60 19 16 1 15
split_gain=81.3593 31.0478 28.8347 20.2508 20.1206 15.9143
threshold=0.56914222240448009 0.68000000000000005 0.69942450000000012 0.59306800000000004 0.65675854682922374 0.48366800000000004
decision_type=2 2 2 2 2 2
left_child=2 3 -1 -2 -3 -5
right_child=1 4 -4 5 -6 -7
leaf_value=-0.018962473588105416 -0.018714100432005019 -0.017655825558419252 0.00029172633079750589 -0.0054264527132440038 0.0044592388557875831 0.013196206188595464
leaf_weight=141.40968425053143 12.23653579270467 45.164290960325161 71.957690785551677 29.827599569689482 53.159339035279118 282.46612051312695
leaf_count=16081 561 1824 2569 585 1437 3112
internal_value=0 0.00634392 -0.0125003 0.0100656 -0.00579828 0.0113608
internal_weight=636.221 422.854 213.367 324.53 98.3236 312.294
internal_count=26169 7519 18650 4258 3261 3697
is_linear=0
shrinkage=0.025


Tree=72
num_leaves=7
num_cat=0
split_feature=9 2 39 46 61 28
split_gain=81.3146 34.9423 28.6194 24.2288 15.2598 9.56598
threshold=0.57000000000000017 0.66890439391136181 1.0000000180025095e-35 0.58423250000000004 0.50715900000000003 0.43853150000000002
decision_type=2 2 2 2 2 2
left_child=-1 2 -2 -4 5 -3
right_child=1 4 3 -5 -6 -7
leaf_value=-0.020641453435205723 -0.018169410702438254 -0.011976183604359742 0.0053715363969846323 -0.013647290188519338 0.015271166079015693 0.011070092437549563
leaf_weight=97.975665307683812 49.715095109466347 22.615487901610322 231.86164496690617 48.367347298189998 164.03661144417129 17.764532846515067
leaf_count=14009 2428 416 5309 1910 1917 180
internal_value=0 0.00386313 -0.00115519 0.0019663 0.0119215 -0.001579
internal_weight=632.336 534.361 329.944 280.229 204.417 40.38
internal_count=26169 12160 9647 7219 2513 596
is_linear=0
shrinkage=0.025


Tree=73
num_leaves=7
num_cat=0
split_feature=9 62 29 84 48 16
split_gain=78.6915 35.7085 24.1348 28.0639 10.0444 9.75579
threshold=0.57000000000000017 0.75000000000000011 0.31620650000000006 0.96318879855465234 0.66350000000000009 0.60854950000000008
decision_type=2 2 2 2 2 2
left_child=-1 2 3 -2 -3 -4
right_child=1 4 5 -5 -6 -7
leaf_value=-0.020498153714674606 -0.002617369736846043 -0.018300531149740697 -0.012584355786701255 0.01358575775449207 0.0007760954606365122 0.015940117680931103
leaf_weight=96.279010227211984 214.9893601614167 49.269132368659484 5.7716779691399998 93.712806582218036 24.290931212381111 143.44418609328568
leaf_count=14009 6035 3674 116 446 978 911
internal_value=0 0.00379189 0.00641026 0.00234293 -0.0120676 0.0145899
internal_weight=627.757 531.478 457.918 308.702 73.5601 149.216
internal_count=26169 12160 7508 6481 4652 1027
is_linear=0
shrinkage=0.025


Tree=74
num_leaves=7
num_cat=0
split_feature=9 62 29 84 85 48
split_gain=76.2365 33.9708 23.8969 25.5527 9.19638 9.16151
threshold=0.57000000000000017 0.75000000000000011 0.31620650000000006 0.96318879855465234 0.012121657361151927 0.66350000000000009
decision_type=2 2 2 2 2 2
left_child=4 2 3 -2 -1 -3
right_child=1 5 -4 -5 -6 -7
leaf_value=0.013580442345137226 -0.0025010181808583702 -0.017946017755963533 0.014464441611410115 0.013016948880333268 -0.021854898312879394 0.00033015785538200528
leaf_weight=2.8970413793576872 214.08780245308299 47.999365973781096 147.90418048086576 92.860950086382218 91.748849620504188 24.414989643890294
leaf_count=302 6035 3674 1027 446 13707 978
internal_value=0 0.00373325 0.00628646 0.00223258 -0.0203586 -0.0118619
internal_weight=621.913 527.267 454.853 306.949 94.6459 72.4144
internal_count=26169 12160 7508 6481 14009 4652
is_linear=0
shrinkage=0.025


Tree=75
num_leaves=7
num_cat=0
split_feature=2 29 84 39 15 61
split_gain=74.4961 29.7536 32.1088 26.1526 15.2302 10.324
threshold=0.51854240894317638 0.9893010000000001 0.96318879855465234 1.0000000180025095e-35 0.67617700000000014 0.50715900000000003
decision_type=2 2 2 2 2 2
left_child=4 2 3 -2 -1 -4
right_child=1 -3 5 -5 -6 -7
leaf_value=-0.02286341100937191 -0.017882985277339943 0.021902676134604664 0.00081020922625015554 0.0009697290146127675 -0.0012160900886571179 0.016423433289020146
leaf_weight=87.808926208192133 52.989754836540669 50.622342881513759 38.101230805215891 263.51463675762352 27.707659079169389 96.790975657582749
leaf_count=13426 2297 163 349 8112 1416 406
internal_value=0 0.00418271 0.00206651 -0.00227461 -0.017881 0.012172
internal_weight=617.536 502.019 451.397 316.504 115.517 134.892
internal_count=26169 11327 11164 10409 14842 755
is_linear=0
shrinkage=0.025


Tree=76
num_leaves=7
num_cat=0
split_feature=1 44 39 62 22 19
split_gain=72.6991 42.8157 21.5691 21.2289 17.6583 12.8194
threshold=0.60968363285064708 0.10004450000000001 1.0000000180025095e-35 0.58333333333333337 0.41060950000000002 0.68236450000000015
decision_type=2 2 2 2 2 2
left_child=1 4 -3 -2 -1 -4
right_child=3 2 5 -5 -6 -7
leaf_value=-0.023018994015796174 0.012561072378002528 -0.019866567153720045 -0.0066414997458138407 -0.0011560311000953839 0.0014812719366781287 0.009489803178843929
leaf_weight=113.49714365701948 218.35767485853285 26.012309570207435 43.760990937807946 101.36934070540883 20.717040561634349 88.550118069455493
leaf_count=14330 2810 1741 2143 2237 998 1910
internal_value=0 -0.00896626 -5.9919e-05 0.00820969 -0.0192152 0.00406536
internal_weight=612.265 292.538 158.323 319.727 134.214 132.311
internal_count=26169 21122 5794 5047 15328 4053
is_linear=0
shrinkage=0.025


Tree=77
num_leaves=7
num_cat=0
split_feature=9 62 29 16 62 85
split_gain=70.2114 30.7552 22.634 22.9119 20.388 8.96758
threshold=0.57000000000000017 0.75000000000000011 1.0000000180025095e-35 0.60695300000000019 0.41666666666666669 0.012121657361151927
decision_type=2 2 2 2 2 2
left_child=5 2 4 -4 -2 -1
right_child=1 -3 3 -5 -6 -7
leaf_value=0.013710954831517408 0.013353464304877988 -0.011436360937591525 -0.024436742493896199 0.013315747085086555 -0.0038736865929795642 -0.021548610314659346
leaf_weight=2.8137389733165028 54.59368828125298 70.733418293661089 8.1391423171153274 213.93300534336595 170.30827812480857 87.601271902996814
leaf_count=302 759 4652 277 2087 4385 13707
internal_value=0 0.0035754 0.00602087 0.0116365 0.00037046 -0.0200178
internal_weight=608.123 517.708 446.974 222.072 224.902 90.415
internal_count=26169 12160 7508 2364 5144 14009
is_linear=0
shrinkage=0.025


Tree=78
num_leaves=7
num_cat=0
split_feature=2 2 29 44 15 61
split_gain=67.6914 26.6278 22.0437 18.1708 14.4591 11.5295
threshold=0.51854240894317638 0.67512935400009166 0.91839300000000013 0.10004450000000001 0.67881200000000008 0.50715900000000003
decision_type=2 2 2 2 2 2
left_child=4 2 3 -2 -1 -3
right_child=1 5 -4 -5 -6 -7
leaf_value=-0.022307723456045463 -0.012056804995861106 -0.00076804060407559141 0.017912041047317383 0.0015296328113838849 -0.00063851231766165863 0.01431386512569921
leaf_weight=84.825327440921683 89.968088549605454 38.197668843902647 32.955362228211015 179.89700782956788 25.957939247367904 151.68608321226202
leaf_count=13521 4235 650 155 4322 1321 1965
internal_value=0 0.00398815 -0.000600325 -0.0030368 -0.0174337 0.0112639
internal_weight=603.487 492.704 302.82 269.865 110.783 189.884
internal_count=26169 11327 8712 8557 14842 2615
is_linear=0
shrinkage=0.025


Tree=79
num_leaves=7
num_cat=0
split_feature=19 29 47 39 44 2
split_gain=65.8801 30.7963 32.9322 31.7294 21.3481 18.9669
threshold=0.68236450000000015 0.60023650000000017 0.92324450000000013 1.0000000180025095e-35 0.43680000000000002 0.66551268100738536
decision_type=2 2 2 2 2 2
left_child=4 2 3 -2 5 -1
right_child=1 -3 -4 -5 -6 -7
leaf_value=-0.022133704169587418 -0.023020110098043008 0.019372336246496456 0.012133917995516268 0.00063398965365358704 0.0024538019707153317 0.0085872525029949548
leaf_weight=107.96376665080606 40.355787946726196 74.290970322472276 126.32368697260972 200.58737626165384 37.333624949918885 12.407139577087944
leaf_count=14575 2217 402 649 6883 1238 205
internal_value=0 0.00495818 0.00190754 -0.00348763 -0.0137432 -0.0187857
internal_weight=599.262 441.558 367.267 240.943 157.705 120.371
internal_count=26169 10151 9749 9100 16018 14780
is_linear=0
shrinkage=0.025


Tree=80
num_leaves=7
num_cat=0
split_feature=9 2 29 1 0 39
split_gain=64.5075 27.0844 20.0025 18.59 18.7032 17.0148
threshold=0.73000000000000009 0.66890439391136181 1.0000000180025095e-35 0.49261230230331426 0.46670000000000006 1.0000000180025095e-35
decision_type=2 2 2 2 2 2
left_child=3 2 -2 -1 -5 -4
right_child=1 -3 5 4 -6 -7
leaf_value=-0.024842807257466619 -0.0066024622895627747 0.012532097047674072 -0.01444948060540009 0.0069494475134853767 -0.014899564495835172 0.010760182296526206
leaf_weight=56.926040637947153 139.09939091846172 173.2077157960739 17.202938305126736 36.841365804168163 62.274264889740152 108.50025058956817
leaf_count=11737 4827 2127 748 1719 3488 1523
internal_value=0 0.0049216 -9.4346e-05 -0.0136747 -0.00672099 0.0070274
internal_weight=594.052 438.01 264.803 156.042 99.1156 125.703
internal_count=26169 9225 7098 16944 5207 2271
is_linear=0
shrinkage=0.025


Tree=81
num_leaves=7
num_cat=0
split_feature=2 62 43 21 0 9
split_gain=62.5433 26.4084 15.136 14.9282 19.6092 19.0227
threshold=0.51671543717384349 0.58333333333333337 1.0000000180025095e-35 0.70400000000000007 0.48220000000000002 0.78000000000000014
decision_type=2 2 2 2 2 2
left_child=-1 3 -3 4 -2 -5
right_child=1 2 -4 5 -6 -7
leaf_value=-0.017252550090405532 0.0087115412532873648 -9.8980109475005901e-05 -0.018900213743897651 -0.0073460256956137367 -0.014161816201410502 0.015741632728127255
leaf_weight=105.06528259980405 64.056942129798699 169.11176155840803 29.517300126506598 23.693854677956551 33.601253186818212 164.44659238005988
leaf_count=14739 1327 4946 1711 414 1264 1768
internal_value=0 0.00381119 -0.00313664 0.00865559 0.000597098 0.0127299
internal_weight=589.493 484.428 198.629 285.799 97.6582 188.14
internal_count=26169 11430 6657 4773 2591 2182
is_linear=0
shrinkage=0.025


Tree=82
num_leaves=7
num_cat=0
split_feature=1 44 60 34 49 22
split_gain=60.7291 38.277 19.7388 17.4215 17.306 16.4139
threshold=0.60968363285064708 0.10004450000000001 0.68000000000000005 0.29069600000000007 1.0000000180025095e-35 0.41060950000000002
decision_type=2 2 2 2 2 2
left_child=1 5 -2 -4 -3 -1
right_child=2 4 3 -5 -6 -7
leaf_value=-0.022533937276199345 0.01115689469805288 0.0085781352950726059 -0.024771748080682349 0.0029550805847964822 -0.0080111916938458601 0.0015340369586113215
leaf_weight=104.11449255116167 233.64130861187004 73.279480695360689 15.817651400051544 59.183717628664454 79.147621037824138 20.066960262774955
leaf_count=14330 2677 2057 869 1501 3737 998
internal_value=0 -0.00846668 0.00759498 -0.00339 0 -0.0186221
internal_weight=585.251 276.609 308.643 75.0014 152.427 124.181
internal_count=26169 21122 5047 2370 5794 15328
is_linear=0
shrinkage=0.025


Tree=83
num_leaves=7
num_cat=0
split_feature=9 62 19 29 16 85
split_gain=59.8175 27.9094 19.7415 17.2115 9.24054 8.49536
threshold=0.57000000000000017 0.75000000000000011 0.68236450000000015 0.89118900000000012 0.65622700000000012 0.012121657361151927
decision_type=2 2 2 2 2 2
left_child=5 2 4 -4 -2 -1
right_child=1 -3 3 -5 -6 -7
leaf_value=0.012936175381807661 0.0013218292357137632 -0.011194568401781631 0.0058594721689547071 0.022070659399727754 -0.016078673536717603 -0.021006703813130589
leaf_weight=2.9499266005586824 43.930610823037568 68.694798090742552 309.94422035080788 46.145989010110497 29.71411486605939 79.858305465393641
leaf_count=302 1380 4652 5050 110 968 13707
internal_value=0 0.00329552 0.00568341 0.00812392 -0.00588139 -0.0193513
internal_weight=581.238 498.43 429.735 356.09 73.6447 82.8082
internal_count=26169 12160 7508 5160 2348 14009
is_linear=0
shrinkage=0.025


Tree=84
num_leaves=7
num_cat=0
split_feature=2 44 19 43 60 48
split_gain=58.2795 30.0711 32.7817 24.3981 30.5922 15.9083
threshold=0.46598570048809057 0.047175500000000009 0.71974850000000001 1.0000000180025095e-35 0.68000000000000005 0.66160000000000008
decision_type=2 2 2 2 2 2
left_child=-1 2 -2 4 -3 -4
right_child=1 3 5 -5 -6 -7
leaf_value=-0.021115738592985475 -0.021554600816336176 0.012728289889688889 -0.0052236164370790218 -0.0091234462504188561 -0.0046423041562543383 0.021353895288002789
leaf_weight=69.138716879962885 55.613086886820383 263.71706416820234 33.547297913813964 53.714337483237614 80.858584043846349 20.503410106990486
leaf_count=11852 4717 3955 784 2020 2631 210
internal_value=0 0.00296345 -0.00846699 0.00616568 0.00862279 0.00520179
internal_weight=577.092 507.954 109.664 398.29 344.576 54.0507
internal_count=26169 14317 5711 8606 6586 994
is_linear=0
shrinkage=0.025


Tree=85
num_leaves=7
num_cat=0
split_feature=9 2 31 29 61 39
split_gain=57.0483 25.8232 18.6014 17.6272 17.1798 14.9765
threshold=0.73000000000000009 0.66890439391136181 0.5186845000000001 1.0000000180025095e-35 0.56964300000000001 1.0000000180025095e-35
decision_type=2 2 2 2 2 2
left_child=2 3 -1 -2 -3 -5
right_child=1 4 -4 5 -6 -7
leaf_value=-0.015511501735201433 -0.0064844612288552476 0.0018801578045624535 0.018489658289305929 -0.013747048839319634 0.018461107200728754 0.010089198284654431
leaf_weight=139.72037184891087 135.43030781127891 65.038507650431711 8.5239802435462462 16.939923534111585 102.85850854287855 104.85237867748947
leaf_count=16371 4827 736 573 748 1391 1523
internal_value=0 0.00466179 -0.0132242 -0.000302422 0.0122113 0.00649363
internal_weight=573.364 425.12 148.244 257.223 167.897 121.792
internal_count=26169 9225 16944 7098 2127 2271
is_linear=0
shrinkage=0.025


Tree=86
num_leaves=7
num_cat=0
split_feature=2 62 49 61 1 33
split_gain=56.2054 26.633 18.4663 22.3149 15.0622 13.9802
threshold=0.46598570048809057 0.58333333333333337 1.0000000180025095e-35 0.71629350000000003 0.60968363285064708 1.0000000180025095e-35
decision_type=2 2 2 2 2 2
left_child=-1 4 5 -4 -2 -3
right_child=1 2 3 -5 -6 -7
leaf_value=-0.021048254384978232 -0.0011428488889238424 -0.0077689714953748518 -0.012165039128610392 0.0094669767229136406 0.011474062846027089 0.019416043602002733
leaf_weight=67.163893995952094 80.456502226443263 16.19184174775728 134.14734137925552 35.649423952680081 204.80045809457079 30.341834426450077
leaf_count=11852 2678 838 6531 868 2810 592
internal_value=0 0.00290883 -0.00365565 -0.00750107 0.00790605 0.00986449
internal_weight=568.751 501.587 216.33 169.797 285.257 46.5337
internal_count=26169 14317 8829 7399 5488 1430
is_linear=0
shrinkage=0.025


Tree=87
num_leaves=7
num_cat=0
split_feature=19 29 47 6 44 2
split_gain=54.6151 28.5516 27.1383 26.1443 17.2585 12.718
threshold=0.68236450000000015 0.60023650000000017 0.96388050000000014 0.54787700000000006 0.33894050000000003 0.68277427554130565
decision_type=2 2 2 2 2 2
left_child=4 2 3 -2 5 -1
right_child=1 -3 -4 -5 -6 -7
leaf_value=-0.021007496381223876 0.018012672117443167 0.018854342292256399 0.013482835367101818 -0.0054029868437138933 0.00034338791627085071 0.0088528931784047516
leaf_weight=95.433659664857259 31.577800507744541 70.058172311459202 87.035510910995072 231.83890363738465 41.462139175608172 8.0122079900465888
leaf_count=14303 942 402 407 8400 1611 104
internal_value=0 0.00456651 0.00157215 -0.00242011 -0.0131043 -0.0184578
internal_weight=565.418 420.51 350.452 263.417 144.908 103.446
internal_count=26169 10151 9749 9342 16018 14407
is_linear=0
shrinkage=0.025


Tree=88
num_leaves=7
num_cat=0
split_feature=9 62 29 24 85 48
split_gain=52.9765 25.0018 18.6032 21.4194 10.0718 8.05731
threshold=0.57000000000000017 0.75000000000000011 0.31620650000000006 1.0000000180025095e-35 0.012121657361151927 0.66350000000000009
decision_type=2 2 2 2 2 2
left_child=4 2 3 -2 -1 -3
right_child=1 5 -4 -5 -6 -7
leaf_value=0.015261894473311055 -0.0081439123088563308 -0.016860071953250521 0.013026570621957379 0.0064360086766478046 -0.020814298159674272 0.00070217750941151309
leaf_weight=3.1341017700324292 90.402983781415969 43.466385212006571 133.48385505552869 191.97730017257709 74.587424888661189 23.580648405099055
leaf_count=302 2728 3674 1027 3753 13707 978
internal_value=0 0.00311032 0.00541745 0.00170708 -0.0188202 -0.0107544
internal_weight=560.633 482.911 415.864 282.38 77.7215 67.047
internal_count=26169 12160 7508 6481 14009 4652
is_linear=0
shrinkage=0.025


Tree=89
num_leaves=7
num_cat=0
split_feature=2 60 39 43 44 83
split_gain=52.4968 27.7999 27.493 19.9796 19.8659 19.6971
threshold=0.46598570048809057 0.68000000000000005 1.0000000180025095e-35 1.0000000180025095e-35 0.047175500000000009 0.93836657169990512
decision_type=2 2 2 2 2 2
left_child=-1 2 3 -2 -4 -3
right_child=1 5 4 -5 -6 -7
leaf_value=-0.020778311289565404 0.00052198824569849847 -0.014191066219770801 -0.003246955144944406 -0.029393987854399357 0.012583450706324831 0.0060471051533813767
leaf_weight=64.440797079947515 44.807509058708092 83.013140192808351 59.90034772263607 17.356342328726896 243.41263063496444 43.858403902384453
leaf_count=11852 1311 5114 2671 1143 3592 486
internal_value=0 0.00281079 0.0063159 -0.00850882 0.00942755 -0.00714561
internal_weight=556.789 492.348 365.477 62.1639 303.313 126.872
internal_count=26169 14317 8717 2454 6263 5600
is_linear=0
shrinkage=0.025


Tree=90
num_leaves=7
num_cat=0
split_feature=2 60 39 43 83 44
split_gain=50.4397 25.9969 26.1259 18.6403 18.468 17.9406
threshold=0.46598570048809057 0.68000000000000005 1.0000000180025095e-35 1.0000000180025095e-35 0.93377192982456159 0.047175500000000009
decision_type=2 2 2 2 2 2
left_child=-1 2 3 -2 -3 -4
right_child=1 4 5 -5 -6 -7
leaf_value=-0.020597814644790349 0.00027382886105549003 -0.014006797650698684 -0.0029456656501803602 -0.028906161224770039 0.005473202507289358 0.012162889793014345
leaf_weight=63.067003982843744 44.692247733924887 80.355786717023875 59.252356564713409 16.83179244454368 45.548723847256042 242.88888146501267
leaf_count=11852 1311 5091 2671 1143 509 3592
internal_value=0 0.0027446 0.00613958 -0.00838959 -0.00692198 0.0091714
internal_weight=552.637 489.57 363.665 61.524 125.905 302.141
internal_count=26169 14317 8717 2454 5600 6263
is_linear=0
shrinkage=0.025


Tree=91
num_leaves=7
num_cat=0
split_feature=9 2 31 39 46 21
split_gain=49.4055 23.286 17.6636 16.1682 17.9021 13.2183
threshold=0.73000000000000009 0.66890439391136181 0.5186845000000001 1.0000000180025095e-35 0.58423250000000004 0.77400000000000013
decision_type=2 2 2 2 2 2
left_child=2 3 -1 -2 -5 -3
right_child=1 5 -4 4 -6 -7
leaf_value=-0.015090258369343874 -0.015500587293547922 -0.0078153555344543952 0.018454277532979204 0.0054766563357024362 -0.013464834959934474 0.014182566587043739
leaf_weight=130.81446373395011 35.35982284291822 17.182846171315759 8.2762154817974061 178.42787946469616 35.072870080068242 143.97158463590313
leaf_count=16371 1833 426 573 3748 1517 1701
internal_value=0 0.0043735 -0.0127419 -0.000405323 0.0022047 0.0117
internal_weight=549.106 410.015 139.091 248.861 213.501 161.154
internal_count=26169 9225 16944 7098 5265 2127
is_linear=0
shrinkage=0.025


Tree=92
num_leaves=7
num_cat=0
split_feature=19 29 47 39 44 16
split_gain=48.3459 25.3634 24.2738 25.4068 15.3552 11.0286
threshold=0.68236450000000015 0.91839300000000013 0.94988050000000013 1.0000000180025095e-35 0.33894050000000003 0.67436300000000016
decision_type=2 2 2 2 2 2
left_child=4 2 3 -2 -1 -6
right_child=1 -3 -4 -5 5 -7
leaf_value=-0.017987258392373012 -0.018625893905466057 0.021594914496874923 0.012345971111375769 0.0015959069762675198 0.006361462621919914 -0.024318657676583776
leaf_weight=96.804607008489256 44.528140382622951 44.686684933956712 100.52736222476233 218.34554563413258 34.062663452605193 6.6533554160414488
leaf_count=14407 2318 159 500 7174 1333 278
internal_value=0 0.00432605 0.00204558 -0.00193969 -0.0126854 2.88018e-05
internal_weight=545.608 408.088 363.401 262.874 137.521 40.716
internal_count=26169 10151 9992 9492 16018 1611
is_linear=0
shrinkage=0.025


Tree=93
num_leaves=7
num_cat=0
split_feature=2 44 48 62 29 85
split_gain=46.9065 24.6525 31.5695 18.2529 22.1084 12.2474
threshold=0.46598570048809057 0.047175500000000009 0.66160000000000008 0.41666666666666669 0.91839300000000013 0.012422839506172841
decision_type=2 2 2 2 2 2
left_child=-1 2 5 -3 -5 -2
right_child=1 3 -4 4 -6 -7
leaf_value=-0.020304032392788589 0.0087098465400514882 0.016492111557938342 0.01692969032038432 0.00017542474297425057 0.020340248812421663 -0.018920788108889787
leaf_weight=60.418921225649683 9.6622879990027268 74.692570119397715 22.09910781274084 266.77703615499195 36.606621040962636 70.798944460482744
leaf_count=11852 381 992 366 7474 140 4964
internal_value=0 0.0026442 -0.00806191 0.0056053 0.0027835 -0.0153348
internal_weight=541.055 480.637 102.56 378.076 303.384 80.4612
internal_count=26169 14317 5711 8606 7614 5345
is_linear=0
shrinkage=0.025


Tree=94
num_leaves=7
num_cat=0
split_feature=1 44 62 39 61 21
split_gain=45.813 30.9298 15.7868 14.5452 14.1992 11.802
threshold=0.61158692836761486 0.10004450000000001 0.58333333333333337 1.0000000180025095e-35 0.71158400000000011 0.33000000000000007
decision_type=2 2 2 2 2 2
left_child=1 4 5 -3 -1 -2
right_child=2 3 -4 -5 -6 -7
leaf_value=-0.020064694867885577 -0.0062872335719855697 -0.017301339524561244 -0.0015672304546404854 0.0034506098531696117 0.011090207069018535 0.013096298776303897
leaf_weight=101.58169519231888 19.999629230704159 22.87260960261483 90.465770370065002 123.12962966469786 8.0814169819932413 171.01527636870742
leaf_count=15126 399 1754 2180 4102 243 2365
internal_value=0 -0.00762205 0.00692916 0 -0.0174948 0.0109666
internal_weight=537.146 255.665 281.481 146.002 109.663 191.015
internal_count=26169 21225 4944 5856 15369 2764
is_linear=0
shrinkage=0.025


Tree=95
num_leaves=7
num_cat=0
split_feature=1 44 22 60 34 49
split_gain=44.6066 29.5248 15.7408 14.6028 14.2518 13.9937
threshold=0.61158692836761486 0.10004450000000001 0.41060950000000002 0.68000000000000005 0.29069600000000007 1.0000000180025095e-35
decision_type=2 2 2 2 2 2
left_child=1 2 -1 -2 -5 -3
right_child=3 5 -4 4 -6 -7
leaf_value=-0.021655193718007722 0.010077071430167448 0.0079371355928005601 0.0025030085754747557 -0.023191045765184944 0.0029544739628295977 -0.0073453823584010113
leaf_weight=88.752474232405802 211.51520624189288 68.251469474762416 19.309121671307366 14.31431044905912 54.545006489148363 77.013279167927976
leaf_count=14359 2613 2065 1010 847 1484 3791
internal_value=0 -0.00756467 -0.0173003 0.00684135 -0.00298004 -9.29953e-05
internal_weight=533.701 253.326 108.062 280.375 68.8593 145.265
internal_count=26169 21225 15369 4944 2331 5856
is_linear=0
shrinkage=0.025


Tree=96
num_leaves=7
num_cat=0
split_feature=19 62 60 39 44 2
split_gain=44.0597 23.7191 14.6988 20.313 14.2224 16.2305
threshold=0.68236450000000015 0.75000000000000011 0.68000000000000005 1.0000000180025095e-35 0.43680000000000002 0.66551268100738536
decision_type=2 2 2 2 2 2
left_child=4 2 3 -2 5 -1
right_child=1 -3 -4 -5 -6 -7
leaf_value=-0.020769199223483775 -0.0060831239747996622 -0.010343393873854127 -0.0023058940289735295 0.012680539573773417 0.0012413186407007485 0.0088147708879197512
leaf_weight=86.723348771847668 40.930125100945588 57.377214199615992 83.193601482213126 216.28594993235311 34.236327579150384 11.459182434424291
leaf_count=14575 910 3898 2650 2693 1238 205
internal_value=0 0.00416439 0.00669282 0.00963122 -0.0123552 -0.0170963
internal_weight=530.206 397.787 340.41 257.216 132.419 98.1825
internal_count=26169 10151 6253 3603 16018 14780
is_linear=0
shrinkage=0.025


Tree=97
num_leaves=7
num_cat=0
split_feature=2 60 39 43 34 44
split_gain=42.8278 21.9977 22.7637 16.5786 16.5042 14.3841
threshold=0.46598570048809057 0.68000000000000005 1.0000000180025095e-35 1.0000000180025095e-35 0.29069600000000007 0.047175500000000009
decision_type=2 2 2 2 2 2
left_child=-1 2 3 -2 -3 -4
right_child=1 4 5 -5 -6 -7
leaf_value=-0.019953040171383062 9.6255675478283407e-05 -0.020068042772037241 -0.0025278094783098976 -0.02821834102676889 -0.00024052375288501497 0.011295172680123089
leaf_weight=57.186455922790628 42.612246123127989 36.244909864435613 56.497257261711638 15.669910251235704 84.334739698897465 234.15975244052242
leaf_count=11852 1311 2827 2671 1143 2773 3592
internal_value=0 0.00252305 0.00571037 -0.00822005 -0.00655811 0.0085798
internal_weight=526.705 469.519 348.939 58.2822 120.58 290.657
internal_count=26169 14317 8717 2454 5600 6263
is_linear=0
shrinkage=0.025


Tree=98
num_leaves=7
num_cat=0
split_feature=19 29 47 6 33 1
split_gain=41.5942 22.9024 22.2989 24.3276 13.9471 8.73932
threshold=0.68236450000000015 0.60023650000000017 0.92324450000000013 0.54787700000000006 0.3000000000000001 0.51291579008102428
decision_type=2 2 2 2 2 2
left_child=4 2 3 -2 -1 -6
right_child=1 -3 -4 -5 5 -7
leaf_value=-0.017769701916683558 0.016979582302791715 0.017344417691288139 0.010408336281496521 -0.0065842821676073866 -0.017134000666977834 0.0065300528408832803
leaf_weight=86.920669313887629 29.3144427354855 64.776283358864021 109.36806893534958 191.31159183602722 11.216461557276487 31.180016616854118
leaf_count=13136 938 402 649 8162 1939 943
internal_value=0 0.00403771 0.00128858 -0.00325898 -0.0121689 -0.000141115
internal_weight=524.088 394.77 329.994 220.626 129.317 42.3965
internal_count=26169 10151 9749 9100 16018 2882
is_linear=0
shrinkage=0.025


Tree=99
num_leaves=7
num_cat=0
split_feature=9 29 2 1 0 61
split_gain=40.9855 23.0075 19.7984 16.2198 22.3726 15.2024
threshold=0.75000000000000011 1.0000000180025095e-35 0.67512935400009166 0.48245425522327429 0.46670000000000006 0.70542100000000008
decision_type=2 2 2 2 2 2
left_child=3 2 -2 -1 -5 -6
right_child=1 -3 -4 4 5 -7
leaf_value=-0.022650740311419486 -0.0082182107106918614 0.010954073236006983 0.008926387305588649 0.0075735107209297485 -0.022153435238347081 0.001259879204284918
leaf_weight=45.026893951326201 108.13203988134774 181.43333985490608 65.256947541143745 49.02376949362224 45.722198471376032 25.59339123731479
leaf_count=11732 4326 2596 1248 2118 3484 665
internal_value=0 0.00478685 -0.00168073 -0.0101893 -0.00508939 -0.0138743
internal_weight=520.189 354.822 173.389 165.366 120.339 71.3156
internal_count=26169 8170 5574 17999 6267 4149
is_linear=0
shrinkage=0.025


Tree=100
num_leaves=7
num_cat=0
split_feature=2 29 47 0 15 22
split_gain=39.3201 20.9034 21.4461 18.6519 10.4118 3.86704
threshold=0.46598570048809057 0.9893010000000001 0.98135300000000014 0.48220000000000002 0.50324300000000011 0.40523650000000005
decision_type=2 2 2 2 2 2
left_child=-1 2 3 -2 -4 -3
right_child=1 5 4 -5 -6 -7
leaf_value=-0.019610586223555375 0.0069729724541884603 0.0023652085347100984 -0.012202479563195806 -0.0056237156407065378 0.01608168448487473 0.022511949944719625
leaf_weight=54.428040307979245 101.29120704160596 9.1352818266022933 7.0491664069704703 247.16199975237396 64.717194590833969 32.857894277200103
leaf_count=11852 3826 65 61 9956 299 110
internal_value=0 0.00240233 0.000651489 -0.00191349 0.0128684 0.018705
internal_weight=516.641 462.213 420.22 348.453 71.7664 41.9932
internal_count=26169 14317 14142 13782 360 175
is_linear=0
shrinkage=0.025


Tree=101
num_leaves=7
num_cat=0
split_feature=9 29 61 32 0 19
split_gain=39.2466 21.4787 19.2588 15.1739 15.6395 10.7996
threshold=0.75000000000000011 1.0000000180025095e-35 0.50715900000000003 0.050115000000000007 0.46670000000000006 0.75306550000000005
decision_type=2 2 2 2 2 2
left_child=3 2 -2 5 -5 -1
right_child=1 -3 -4 4 -6 -7
leaf_value=-0.020803497485603055 -0.010206573146272036 0.010682904311333298 0.0063245169824625615 0.009084580633591792 -0.011676403260468558 0.011356503622773066
leaf_weight=69.818380254942895 82.153512479177152 179.63234285298677 88.977272490621544 37.205172245732683 50.016990981253912 5.2489003180526188
leaf_count=13625 3378 2596 2196 1737 2553 84
internal_value=0 0.0046997 -0.00159374 -0.0100749 -0.00271677 -0.0181484
internal_weight=513.053 350.763 171.131 162.289 87.2222 75.0673
internal_count=26169 8170 5574 17999 4290 13709
is_linear=0
shrinkage=0.025


Tree=102
num_leaves=7
num_cat=0
split_feature=2 44 49 60 20 39
split_gain=37.8617 21.7228 16.416 16.0145 20.3487 16.2162
threshold=0.57366925477981578 0.094885000000000011 1.0000000180025095e-35 0.68000000000000005 0.69418650000000015 1.0000000180025095e-35
decision_type=2 2 2 2 2 2
left_child=1 -1 -3 5 -5 -2
right_child=3 2 -4 4 -6 -7
leaf_value=-0.021014980249023832 -0.005489524872981575 0.0075036422627497677 -0.013224389698834056 -0.024478069880385412 0.0022642831195502965 0.010435986708502815
leaf_weight=64.488842453007237 46.343527063741931 48.919143928880658 41.879281008576072 21.222021040397522 67.912802503473358 218.55621707771206
leaf_count=13241 1300 1856 2947 1339 2145 3341
internal_value=0 -0.0101962 -0.00206121 0.0045124 -0.0045014 0.00759186
internal_weight=509.322 155.287 90.7984 354.035 89.1348 264.9
internal_count=26169 18044 4803 8125 3484 4641
is_linear=0
shrinkage=0.025


Tree=103
num_leaves=7
num_cat=0
split_feature=19 62 49 61 33 21
split_gain=36.9688 21.0641 16.5465 14.4677 13.0701 11.2783
threshold=0.68236450000000015 0.58333333333333337 1.0000000180025095e-35 0.71629350000000003 0.3000000000000001 0.33000000000000007
decision_type=2 2 2 2 2 2
left_child=4 5 -3 -4 -1 -2
right_child=1 2 3 -5 -6 -7
leaf_value=-0.017402039252756775 -0.0054799033412145023 0.012032758595831909 -0.011189800966990552 0.0074779959176845424 0 0.011230295982400152
leaf_weight=82.027320299104758 26.862061625928618 34.980618060333654 103.41035301236843 31.837483725044876 41.095790614221187 186.09011660009855
leaf_count=13136 569 1005 4855 844 2882 2878
internal_value=0 0.00383653 -0.00266224 -0.0066759 -0.0117787 0.00904271
internal_weight=506.304 383.181 170.228 135.248 123.123 212.952
internal_count=26169 10151 6704 5699 16018 3447
is_linear=0
shrinkage=0.025


Tree=104
num_leaves=7
num_cat=0
split_feature=19 29 62 1 55 0
split_gain=35.5349 22.3334 18.1319 12.8202 13.8626 10.9473
threshold=0.68236450000000015 0.65961650000000016 0.58333333333333337 0.60792189836502086 1.0000000180025095e-35 0.45106650000000009
decision_type=2 2 2 2 2 2
left_child=3 2 -2 -1 -5 -4
right_child=1 -3 5 4 -6 -7
leaf_value=-0.015998538404163144 0.0065074113530388007 0.017949211406490164 0.0080738718721952134 0.013729027535840561 -0.020935195027351122 -0.0085756355106735467
leaf_weight=93.50870490935813 178.14210046228254 56.293100594077259 28.325145751616219 20.219903673845693 8.0105774015173683 119.27672324619198
leaf_count=15261 3329 318 1122 440 317 5382
internal_value=0 0.00375547 0.00115791 -0.0116237 0.00270517 -0.005241
internal_weight=503.776 382.037 325.744 121.739 28.2305 147.602
internal_count=26169 10151 9833 16018 757 6504
is_linear=0
shrinkage=0.025


Tree=105
num_leaves=7
num_cat=0
split_feature=2 29 62 47 32 22
split_gain=34.9229 20.7759 18.8524 19.9777 11.4476 3.809
threshold=0.46598570048809057 0.9893010000000001 0.41666666666666669 0.8716965000000001 0.15156000000000003 0.42998650000000005
decision_type=2 2 2 2 2 2
left_child=-1 2 4 -4 -2 -3
right_child=1 5 3 -5 -6 -7
leaf_value=-0.019080304429162927 -0.00077476478220407142 0.0038538305321644192 -0.0065926493434034592 0.0061043995229871171 0.018581192574157496 0.02322596310345033
leaf_weight=51.11003176383565 28.911052837269381 10.760665943613274 215.51098120826646 117.24283633138111 48.389933919417672 29.709372641751543
leaf_count=11852 796 71 11630 1008 708 104
internal_value=0 0.00225792 0.000499807 -0.0020807 0.0114348 0.0188026
internal_weight=501.635 450.525 410.055 332.754 77.301 40.47
internal_count=26169 14317 14142 12638 1504 175
is_linear=0
shrinkage=0.025


Tree=106
num_leaves=7
num_cat=0
split_feature=2 29 84 0 61 29
split_gain=34.1789 20.3881 18.2707 19.5448 10.1896 3.14687
threshold=0.46598570048809057 0.9893010000000001 0.96318879855465234 0.48566650000000006 0.49446450000000003 0.31620650000000006
decision_type=2 2 2 2 2 2
left_child=5 2 3 -2 -4 -1
right_child=1 -3 4 -5 -6 -7
leaf_value=-0.0217944617746504 0.0066205616551357691 0.018753245118968618 -0.0035379909378070447 -0.007040764630095721 0.013404064489534035 -0.0028789551211084539
leaf_weight=41.705710494779851 92.946465663575509 39.820562707958743 27.800784439052222 204.2081958207782 82.613433181541041 8.492098403590715
leaf_count=10356 3959 175 409 9311 463 1496
internal_value=0 0.00223129 0.000491228 -0.00271888 0.00907691 -0.0190489
internal_weight=497.587 447.389 407.569 297.155 110.414 50.1978
internal_count=26169 14317 14142 13270 872 11852
is_linear=0
shrinkage=0.025


Tree=107
num_leaves=7
num_cat=0
split_feature=19 29 62 44 2 19
split_gain=33.605 20.3609 18.2892 13.7919 11.2937 10.4602
threshold=0.68236450000000015 0.60023650000000017 0.58333333333333337 0.43680000000000002 0.66551268100738536 0.67059950000000013
decision_type=2 2 2 2 2 2
left_child=3 2 -2 4 -1 -5
right_child=1 -3 -4 5 -6 -7
leaf_value=-0.019943878226745697 0.0064612381742243574 0.01665470775032632 -0.0055220796604884496 0.010054556378213803 0.0064704263671538356 -0.019064255846001424
leaf_weight=75.327986489719478 173.76055671795621 60.465159597893944 142.2952293499402 25.16361422249247 9.8765820816624892 8.1346757326245989
leaf_count=14575 3306 402 6443 991 205 247
internal_value=0 0.00366195 0.00103762 -0.0114704 -0.0166851 0.00186191
internal_weight=495.024 376.521 316.056 118.503 85.2046 33.2983
internal_count=26169 10151 9749 16018 14780 1238
is_linear=0
shrinkage=0.025


Tree=108
num_leaves=7
num_cat=0
split_feature=1 9 0 61 60 20
split_gain=32.8127 19.7897 14.1875 16.1827 13.2393 13.6344
threshold=0.61158692836761486 0.29000000000000009 0.51600000000000013 0.48363350000000005 0.68000000000000005 0.69622600000000012
decision_type=2 2 2 2 2 2
left_child=1 -1 -3 -4 -2 -6
right_child=4 2 3 -5 5 -7
leaf_value=-0.022245062546183594 0.0092231169527508729 0.0041556932228837672 -0.020449696099190427 -0.00062170677415265265 -0.024402436619890475 0.0022464367986645669
leaf_weight=40.416195982423233 197.23458822490647 85.037424414673296 44.158361369296472 59.826533236191608 12.784466498182153 52.407320690195775
leaf_count=11353 2613 3587 4195 2090 605 1726
internal_value=0 -0.00686623 -0.00328484 -0.00940648 0.00601127 -0.00355852
internal_weight=491.865 229.439 189.022 103.985 262.426 65.1918
internal_count=26169 21225 9872 6285 4944 2331
is_linear=0
shrinkage=0.025


Tree=109
num_leaves=7
num_cat=0
split_feature=2 60 39 43 83 2
split_gain=31.8631 19.3756 21.1492 16.0122 13.779 13.5631
threshold=0.46598570048809057 0.68000000000000005 1.0000000180025095e-35 1.0000000180025095e-35 0.98772959951821748 0.75944644212722789
decision_type=2 2 2 2 2 2
left_child=-1 2 3 -2 5 -3
right_child=1 4 -4 -5 -6 -7
leaf_value=-0.018858866355765169 0 -0.014192372109865079 0.0081262927332028494 -0.028425529659219319 0.010508763218602741 0.013976645084105836
leaf_weight=47.788257099728071 40.495234093759791 82.65429681527894 271.54315737602883 15.041036378715942 21.160034262924455 9.8795043537393195
leaf_count=11852 1311 5175 6263 1143 136 289
internal_value=0 0.00213949 0.00523852 -0.00847221 -0.00662152 -0.0108042
internal_weight=488.562 440.773 327.079 55.5363 113.694 92.5338
internal_count=26169 14317 8717 2454 5600 5464
is_linear=0
shrinkage=0.025


Tree=110
num_leaves=7
num_cat=0
split_feature=9 2 29 1 0 6
split_gain=31.3582 16.7228 20.8643 13.4228 20.6918 13.1228
threshold=0.75000000000000011 0.67512935400009166 1.0000000180025095e-35 0.45899933576583868 0.46670000000000006 0.70334900000000011
decision_type=2 2 2 2 2 2
left_child=3 2 -2 -1 -5 -6
right_child=1 -3 -4 4 5 -7
leaf_value=-0.023385700046168155 -0.0081337567912240297 0.011296015461304841 0.0076059072789945578 0.006423868065086622 -0.022703535830210078 -0.000559121073126109
leaf_weight=31.199918051956047 101.19991620912697 127.9486078171758 104.36159731977386 52.109891239611898 40.633059928233706 28.882460945169441
leaf_count=10564 4326 1846 1998 2677 3936 822
internal_value=0 0.00429409 -0.000105452 -0.00928927 -0.00520452 -0.0139632
internal_weight=486.335 333.51 205.562 152.825 121.625 69.5155
internal_count=26169 8170 6324 17999 7435 4758
is_linear=0
shrinkage=0.025


Tree=111
num_leaves=7
num_cat=0
split_feature=1 44 62 22 39 6
split_gain=30.0214 21.5896 12.8695 12.5796 12.3207 10.4701
threshold=0.61158692836761486 0.10004450000000001 0.58333333333333337 0.41060950000000002 1.0000000180025095e-35 0.52384150000000007
decision_type=2 2 2 2 2 2
left_child=1 3 -2 -1 -3 -6
right_child=2 4 -4 -5 5 -7
leaf_value=-0.020433589318469812 0.0096035204420007944 -0.016770697250530531 -0.0021475891699885312 0.001950222519120824 0.015012081199202349 -0.001496221426419811
leaf_weight=72.476286407836596 175.0666617496172 20.844282239528184 83.898899093604996 18.449424669670407 30.739627984683466 82.569796920230146
leaf_count=14359 2764 1754 2180 1010 1231 2871
internal_value=0 -0.00663929 0.00577883 -0.0158675 -0.000144798 0.00313414
internal_weight=484.045 225.079 258.966 90.9257 134.154 113.309
internal_count=26169 21225 4944 15369 5856 4102
is_linear=0
shrinkage=0.025


Tree=112
num_leaves=7
num_cat=0
split_feature=2 29 47 0 61 22
split_gain=29.4442 19.0008 15.7452 17.3817 10.6422 3.13272
threshold=0.46598570048809057 0.9893010000000001 0.98135300000000014 0.48566650000000006 0.47455900000000001 0.40523650000000005
decision_type=2 2 2 2 2 2
left_child=-1 2 3 -2 -4 -3
right_child=1 5 4 -5 -6 -7
leaf_value=-0.018541389851413907 0.0066994022954249615 0.0024642333189043263 -0.017219947858964663 -0.0056326394290001913 0.014378508830642492 0.021995569247671775
leaf_weight=45.71931504897475 100.0180954898824 8.1754602806176973 5.0864243003161382 231.38601153209311 61.038494048174471 29.626057379879057
leaf_count=11852 4050 65 66 9732 294 110
internal_value=0 0.00204201 0.000359012 -0.00186232 0.0112816 0.0184035
internal_weight=481.05 435.331 397.529 331.404 66.1249 37.8015
internal_count=26169 14317 14142 13782 360 175
is_linear=0
shrinkage=0.025


Tree=113
num_leaves=7
num_cat=0
split_feature=9 61 0 32 0 2
split_gain=28.78 21.359 29.4157 12.5804 15.1207 10.8851
threshold=0.75000000000000011 0.49446450000000003 0.51600000000000013 0.050115000000000007 0.46670000000000006 0.70846572518348705
decision_type=2 2 2 2 2 2
left_child=3 2 -2 -1 -5 -3
right_child=1 5 -4 4 -6 -7
leaf_value=-0.017011658647544736 0.0084847997352580831 0.004797513196486046 -0.014263753415729222 0.0092219981510599965 -0.011471011830955814 0.017406484839896673
leaf_weight=65.584327889146152 65.866399319726042 123.21951234826702 71.203913239205576 36.779954228846691 47.541989685254521 68.125869875773787
leaf_count=13709 1509 2603 3174 1737 2553 884
internal_value=0 0.00414009 -0.00331352 -0.00898926 -0.00233861 0.00949849
internal_weight=478.322 328.416 137.07 149.906 84.3219 191.345
internal_count=26169 8170 4683 17999 4290 3487
is_linear=0
shrinkage=0.025


Tree=114
num_leaves=7
num_cat=0
split_feature=2 60 39 43 34 22
split_gain=27.9697 18.8603 18.7152 15.0275 13.3646 12.2717
threshold=0.46598570048809057 0.68000000000000005 1.0000000180025095e-35 1.0000000180025095e-35 0.29069600000000007 0.49268850000000003
decision_type=2 2 2 2 2 2
left_child=-1 2 3 -2 -3 -4
right_child=1 4 5 -5 -6 -7
leaf_value=-0.018317954632773092 0.00015704978347096742 -0.019567975553151484 0.0046471586917392598 -0.027845747128979734 -0.00086188942432473747 0.017304193236648256
leaf_weight=44.502781725754176 39.560369274484401 32.716261587760528 203.42986521395505 14.292086353307239 78.229804638198402 62.942511967034079
leaf_count=11852 1311 2827 5624 1143 2773 639
internal_value=0 0.00198536 0.00507301 -0.00802507 -0.00676481 0.00780359
internal_weight=475.674 431.171 320.225 53.8525 110.946 266.372
internal_count=26169 14317 8717 2454 5600 6263
is_linear=0
shrinkage=0.025


Tree=115
num_leaves=7
num_cat=0
split_feature=1 44 22 62 21 39
split_gain=27.6991 19.5425 11.9984 11.651 11.0104 10.9435
threshold=0.61158692836761486 0.10004450000000001 0.41060950000000002 0.58333333333333337 0.33000000000000007 1.0000000180025095e-35
decision_type=2 2 2 2 2 2
left_child=1 2 -1 4 -2 -3
right_child=3 5 -4 -5 -6 -7
leaf_value=-0.020076944090342955 -0.0076312539895668349 -0.016235579522607773 0.0020174363176343308 -0.0019980979621558505 0.011525346255867101 0.0028237149255441905
leaf_weight=69.237722732537804 19.014931661076844 20.038706511360942 18.114123360341182 82.66304811622831 152.47376465523848 111.38872414642537
leaf_count=14359 399 1754 1010 2180 2365 4102
internal_value=0 -0.00648175 -0.0154692 0.00558841 0.00927181 -0.000265738
internal_weight=472.931 218.779 87.3518 254.152 171.489 131.427
internal_count=26169 21225 15369 4944 2764 5856
is_linear=0
shrinkage=0.025


Tree=116
num_leaves=7
num_cat=0
split_feature=2 29 2 0 15 49
split_gain=27.3132 15.9014 14.2327 12.8255 11.7155 8.883
threshold=0.53135663270950328 0.9893010000000001 0.75098425149917614 0.48566650000000006 0.65596050000000006 1.0000000180025095e-35
decision_type=2 2 2 2 2 2
left_child=4 2 3 -2 -1 -6
right_child=1 -3 -4 -5 5 -7
leaf_value=-0.02006114077248582 0.0077652671104266801 0.018300999795162448 0.015105387664933531 -0.003642328531115336 0.010374792606735822 -0.013466289729511475
leaf_weight=50.292103431649593 80.874510462293983 35.104113213950768 37.957899239961989 232.19467837649427 17.80056365346536 16.228967527975328
leaf_count=13017 2376 156 578 7495 729 1818
internal_value=0 0.00283216 0.00114198 -0.000629528 -0.0126773 -0.000899151
internal_weight=470.453 386.131 351.027 313.069 84.3216 34.0295
internal_count=26169 10605 10449 9871 15564 2547
is_linear=0
shrinkage=0.025


Tree=117
num_leaves=7
num_cat=0
split_feature=1 44 6 22 62 1
split_gain=26.2699 17.898 12.0657 11.7391 11.3078 10.4399
threshold=0.61158692836761486 0.10004450000000001 0.52384150000000007 0.41060950000000002 0.58333333333333337 0.48245425522327429
decision_type=2 2 2 2 2 2
left_child=1 3 5 -1 -2 -3
right_child=4 2 -4 -5 -6 -7
leaf_value=-0.019767299571336071 0.0090931292845134112 -0.010013985647348213 -0.0049655763581747878 0.0021539515385960782 -0.0020373640347049761 0.019408130480258537
leaf_weight=67.228814783968119 170.34794138057623 8.0967702888228796 97.136620046505413 18.070332226285245 82.267770590959117 25.562264514475828
leaf_count=14359 2764 1178 4169 1010 2180 509
internal_value=0 -0.00636006 -0.000421867 -0.0150946 0.00544959 0.0118856
internal_weight=468.711 216.095 130.796 85.2991 252.616 33.659
internal_count=26169 21225 5856 15369 4944 1687
is_linear=0
shrinkage=0.025


Tree=118
num_leaves=7
num_cat=0
split_feature=19 29 62 44 86 2
split_gain=26.2907 18.9243 15.748 12.5002 11.0463 9.74983
threshold=0.68236450000000015 0.91839300000000013 0.75000000000000011 0.43680000000000002 -0.012270400481782627 0.66551268100738536
decision_type=2 2 2 2 2 2
left_child=3 2 4 5 -2 -1
right_child=1 -3 -4 -5 -6 -7
leaf_value=-0.01935480015633061 0.0014586566669258045 0.019904922400472105 -0.011191584124043473 0.0019573473032647531 0.015303647625478959 0.0058800461934282837
leaf_weight=66.681377663026069 231.19402899422857 35.824903381289914 50.434417638280138 32.854859364459116 40.791699879802763 9.354599282902198
leaf_count=14575 5953 159 3856 1238 183 205
internal_value=0 0.00327817 0.00126487 -0.0106165 0.00368744 -0.0160504
internal_weight=467.136 358.245 322.42 108.891 271.986 76.036
internal_count=26169 10151 9992 16018 6136 14780
is_linear=0
shrinkage=0.025


Tree=119
num_leaves=7
num_cat=0
split_feature=2 60 43 61 44 20
split_gain=24.8199 17.6974 17.4323 23.0841 15.262 12.6054
threshold=0.46598570048809057 0.68000000000000005 1.0000000180025095e-35 0.71629350000000003 0.047175500000000009 0.67242050000000009
decision_type=2 2 2 2 2 2
left_child=-1 2 4 -4 -2 -3
right_child=1 5 3 -5 -6 -7
leaf_value=-0.0178570877378556 -0.0047891280100152856 -0.021980601310092919 -0.020166183699541328 0.019328880889896576 0.010048844240696526 -0.0018855328543829566
leaf_weight=41.57730999749765 51.270784967200598 23.521194454879151 31.435895603484823 10.287474857643245 220.93880739496672 85.163716148861567
leaf_count=11852 2908 2263 1771 83 3955 3337
internal_value=0 0.00185147 0.00487259 -0.00968809 0.0072041 -0.00670958
internal_weight=464.195 422.618 313.933 41.7234 272.21 108.685
internal_count=26169 14317 8717 1854 6863 5600
is_linear=0
shrinkage=0.025


Tree=120
num_leaves=7
num_cat=0
split_feature=9 2 29 47 6 85
split_gain=24.7373 16.302 16.4338 13.4877 12.5005 9.09357
threshold=0.57000000000000017 0.72535717487335216 0.91839300000000013 0.94988050000000013 0.70777750000000006 0.012121657361151927
decision_type=2 2 2 2 2 2
left_child=5 2 3 -2 -3 -1
right_child=1 4 -4 -5 -6 -7
leaf_value=0.016621129042475306 -0.0046587370042284878 -0.00057101203720548693 0.016340478836749908 0.0076516503281935577 0.021685140120085957 -0.017855231185373511
leaf_weight=3.0345517333189482 240.0392342158666 23.725570155307651 32.054220595862716 69.416414182109293 39.887969190254807 52.942554502998973
leaf_count=302 10658 293 169 463 577 13707
internal_value=0 0.00218142 0 -0.00183006 0.0135443 -0.0152059
internal_weight=461.101 405.123 341.51 309.456 63.6135 55.9771
internal_count=26169 12160 11290 11121 870 14009
is_linear=0
shrinkage=0.025


Tree=121
num_leaves=7
num_cat=0
split_feature=2 49 60 20 39 43
split_gain=24.2301 18.2748 14.1512 14.9974 12.2391 12.7757
threshold=0.57711473107337963 1.0000000180025095e-35 0.68000000000000005 0.69418650000000015 1.0000000180025095e-35 1.0000000180025095e-35
decision_type=2 2 2 2 2 2
left_child=1 -1 4 -4 5 -2
right_child=2 -3 3 -5 -6 -7
leaf_value=0.00081744924608613805 0.0029061899335914559 -0.016941549707799684 -0.023108030357693349 0.0010741570654028958 0.0094736742636352574 -0.026622486666082374
leaf_weight=66.988424649334775 31.595855699502863 73.578546567056037 18.989584165654378 59.951951602823101 196.54174769861856 9.967343931188223
leaf_count=7243 690 11007 1294 2126 3232 577
internal_value=0 -0.00855079 0.00382835 -0.00516627 0.00686949 -0.00508526
internal_weight=457.613 140.567 317.046 78.9415 238.105 41.5632
internal_count=26169 18250 7919 3420 4499 1267
is_linear=0
shrinkage=0.025


Tree=122
num_leaves=7
num_cat=0
split_feature=1 29 62 61 32 37
split_gain=23.9928 16.1867 16.3605 17.3477 12.1723 2.70657
threshold=0.45557285845279699 0.9893010000000001 0.41666666666666669 0.71629350000000003 0.15156000000000003 1.0000000180025095e-35
decision_type=2 2 2 2 2 2
left_child=5 2 4 -4 -2 -1
right_child=1 -3 3 -5 -6 -7
leaf_value=-0.020474168353342707 -0.0024784697597012065 0.0174868698969665 -0.0050541774872552118 0.0098899282672066727 0.018425418934929827 0
leaf_weight=34.172530947067571 25.593156938499305 34.824901942745782 255.37367537965474 57.128264783415943 44.92472917039413 3.707487041821877
leaf_count=10682 774 185 11239 1820 711 758
internal_value=0 0.00176823 0.000212239 -0.00223767 0.0108938 -0.0184068
internal_weight=455.725 417.845 383.02 312.502 70.5179 37.88
internal_count=26169 14729 14544 13059 1485 11440
is_linear=0
shrinkage=0.025


Tree=123
num_leaves=7
num_cat=0
split_feature=1 60 39 43 22 83
split_gain=23.2247 16.5408 16.152 12.4319 12.2009 11.8448
threshold=0.45557285845279699 0.68000000000000005 1.0000000180025095e-35 1.0000000180025095e-35 0.49268850000000003 0.98772959951821748
decision_type=2 2 2 2 2 2
left_child=-1 2 3 -2 -4 -3
right_child=1 5 4 -5 -6 -7
leaf_value=-0.018273321138063396 0 -0.010548601836010113 0.004005850862972382 -0.026675613800004851 0.016702689444138687 0.009744209988566066
leaf_weight=37.205911743396427 38.112961270919186 87.678947851338307 195.09677765490778 13.003375808679264 62.458225418813527 19.92493828618899
leaf_count=11440 1358 5529 5877 1169 658 138
internal_value=0 0.00173257 0.00468651 -0.0078001 0.00724951 -0.00657559
internal_weight=453.481 416.275 308.671 51.1163 257.555 107.604
internal_count=26169 14729 9062 2527 6535 5667
is_linear=0
shrinkage=0.025


Tree=124
num_leaves=7
num_cat=0
split_feature=2 29 2 60 18 49
split_gain=22.8399 13.9601 12.8101 11.9857 8.78297 9.25772
threshold=0.53135663270950328 1.0000000180025095e-35 0.75098425149917614 0.68000000000000005 0.6336885000000001 1.0000000180025095e-35
decision_type=2 2 2 2 2 2
left_child=4 2 3 -2 -1 -6
right_child=1 -3 -4 -5 5 -7
leaf_value=-0.023236308378612722 -0.00022271919182979935 0.0076906168362428683 0.014830236684979396 -0.014913646889423194 0.0043018642034999806 -0.015619050984183293
leaf_weight=26.33417059025669 127.13651762079098 175.88400515876128 22.316578350786585 45.947374332594336 27.554557211551582 25.610542181035271
leaf_count=10652 4029 3275 408 2893 1628 3284
internal_value=0 0.00262121 -0.00193715 -0.00432927 -0.0119485 -0.00540769
internal_weight=450.784 371.284 195.4 173.084 79.4993 53.1651
internal_count=26169 10605 7330 6922 15564 4912
is_linear=0
shrinkage=0.025


Tree=125
num_leaves=7
num_cat=0
split_feature=2 9 0 44 47 19
split_gain=22.443 18.4871 15.7138 13.2289 13.1542 9.53032
threshold=0.67512935400009166 0.29000000000000009 0.48566650000000006 0.16662500000000002 0.79605500000000007 0.76890650000000005
decision_type=2 2 2 2 2 2
left_child=1 -1 3 -3 -4 -2
right_child=5 2 4 -5 -6 -7
leaf_value=-0.020160352409534704 0.0048160194591085129 -0.0059472982890788105 -0.012450506174512647 0.012850936467798635 0.0012218986817129894 0.021654499794856352
leaf_weight=35.601388960774784 119.50716725358507 33.379312066390412 90.701865079943673 64.509735974585055 80.496276957448572 24.424800362903625
leaf_count=11588 2173 2327 7027 1374 1238 442
internal_value=0 -0.00383928 -0.00148201 0.00636526 -0.00604639 0.00805413
internal_weight=448.621 304.689 269.087 97.889 171.198 143.932
internal_count=26169 23554 11966 3701 8265 2615
is_linear=0
shrinkage=0.025


Tree=126
num_leaves=7
num_cat=0
split_feature=19 29 47 6 44 2
split_gain=21.5401 17.5571 11.7533 18.5843 11.6024 8.61279
threshold=0.68236450000000015 0.60023650000000017 0.92324450000000013 0.54787700000000006 0.43680000000000002 0.66551268100738536
decision_type=2 2 2 2 2 2
left_child=4 2 3 -2 5 -1
right_child=1 -3 -4 -5 -6 -7
leaf_value=-0.018764591895796 0.015238577488370498 0.015810856450516296 0.0078069552814685923 -0.0060379492106385785 0.0022429596831306069 0.0054404958971471162
leaf_weight=61.28929808378598 27.519606999761891 53.607591527281329 91.584085819253232 171.04022370066377 31.848708251702192 8.976710766553877
leaf_count=14575 938 402 649 8162 1238 205
internal_value=0 0.00300359 0.000492542 -0.00289278 -0.00994122 -0.0154714
internal_weight=445.866 343.752 290.144 198.56 102.115 70.266
internal_count=26169 10151 9749 9100 16018 14780
is_linear=0
shrinkage=0.025


Tree=127
num_leaves=7
num_cat=0
split_feature=62 44 61 2 60 48
split_gain=22.0803 15.983 23.8162 10.6381 13.2717 9.87806
threshold=0.75000000000000011 0.094885000000000011 0.71158400000000011 0.75098425149917614 0.68000000000000005 0.66350000000000009
decision_type=2 2 2 2 2 2
left_child=1 2 -1 4 -3 -2
right_child=5 3 -4 -5 -6 -7
leaf_value=-0.012604581759591688 -0.017799548087911374 0.0073279264739756558 0.013826885270800277 0.019776146205970468 -0.0060938109328703659 0.0017269150612646751
leaf_weight=77.687685140779649 52.869991776005918 177.15283917079796 26.46454431861639 28.097310705576092 59.111573954061896 21.197298140672501
leaf_count=8986 9446 3532 477 423 2290 1015
internal_value=0 0.00252251 -0.00563976 0.00579375 0.00390462 -0.0122231
internal_weight=442.581 368.514 104.152 264.362 236.264 74.0673
internal_count=26169 15708 9463 6245 5822 10461
is_linear=0
shrinkage=0.025


Tree=128
num_leaves=7
num_cat=0
split_feature=1 60 39 22 43 83
split_gain=20.6406 15.291 15.1388 11.8182 11.4915 10.3658
threshold=0.45557285845279699 0.68000000000000005 1.0000000180025095e-35 0.49268850000000003 1.0000000180025095e-35 0.93377192982456159
decision_type=2 2 2 2 2 2
left_child=-1 2 4 -4 -2 -3
right_child=1 5 3 -5 -6 -7
leaf_value=-0.017807816311827422 -8.6011080903868186e-05 -0.012140761511929931 0.0037674399558684161 0.016379911542110426 -0.026264796386701518 0.0038507099941177654
leaf_weight=34.778319495686446 37.431570124419522 67.907907978544245 189.87597335201281 61.389612325117923 12.443315892101962 36.985643249281566
leaf_count=11440 1358 5142 5877 658 1169 525
internal_value=0 0.00162495 0.00450073 0.00701443 -0.00772637 -0.00646229
internal_weight=440.812 406.034 301.14 251.266 49.8749 104.894
internal_count=26169 14729 9062 6535 2527 5667
is_linear=0
shrinkage=0.025


Tree=129
num_leaves=7
num_cat=0
split_feature=9 29 2 31 21 62
split_gain=20.7039 15.2724 13.3038 11.4841 11.8876 9.5415
threshold=0.75000000000000011 1.0000000180025095e-35 0.67512935400009166 0.5186845000000001 0.87400000000000011 0.41666666666666669
decision_type=2 2 2 2 2 2
left_child=3 2 -2 4 5 -1
right_child=1 -3 -4 -5 -6 -7
leaf_value=0.0036594488217979726 -0.0077715183819335558 0.0091228001009560963 0.0072333454443252567 0.016365515010528246 0.0038853926435713534 -0.017280300888866781
leaf_weight=14.42669550735445 93.316273729273234 153.08064041484613 57.299881937098689 8.6660415066362457 27.585713324253447 84.018837871499272
leaf_count=1275 4326 2596 1248 682 756 15286
internal_value=0 0.00361613 -0.00198108 -0.00807047 -0.0101044 -0.0141104
internal_weight=438.394 303.697 150.616 134.697 126.031 98.4455
internal_count=26169 8170 5574 17999 17317 16561
is_linear=0
shrinkage=0.025


Tree=130
num_leaves=7
num_cat=0
split_feature=9 61 0 31 21 0
split_gain=20.0695 14.2381 17.0608 11.2719 11.1399 10.2359
threshold=0.75000000000000011 0.50715900000000003 0.51600000000000013 0.5186845000000001 0.87400000000000011 0.85456650000000012
decision_type=2 2 2 2 2 2
left_child=3 2 -2 4 -1 -3
right_child=1 5 -4 -5 -6 -7
leaf_value=-0.013941461380783969 0.0078557524740871174 0.010536296422717337 -0.009137654294970236 0.016137211527389297 0.0035253461757385322 -0.01294922624665102
leaf_weight=97.229136368601758 60.976169983216096 145.76197814158513 85.284152425752836 8.7283948238400608 27.501143577450421 10.163575686747206
leaf_count=16561 1512 2509 3418 682 756 731
internal_value=0 0.00356403 -0.0019813 -0.00798706 -0.0100279 0.00877004
internal_weight=435.645 302.186 146.26 133.459 124.73 155.926
internal_count=26169 8170 4930 17999 17317 3240
is_linear=0
shrinkage=0.025


Tree=131
num_leaves=7
num_cat=0
split_feature=19 29 2 6 44 61
split_gain=19.527 15.249 13.1128 16.0712 10.0134 8.01217
threshold=0.68236450000000015 0.91839300000000013 0.70846572518348705 0.54787700000000006 0.43680000000000002 0.50715900000000003
decision_type=2 2 2 2 2 2
left_child=4 2 3 -2 -1 -4
right_child=1 -3 5 -5 -6 -7
leaf_value=-0.015011398783966116 0.014773408522593798 0.018473824897368221 -0.0095170651274220502 -0.0043742444499128069 0.0016901407394698668 0.013592710905591344
leaf_weight=66.590953894392442 29.015622024176992 32.682019420433789 8.7147085320320894 203.40923322805611 31.220842770548188 61.01181656535482
leaf_count=14780 968 159 231 7739 1238 1054
internal_value=0 0.00287967 0.00102646 -0.00181485 -0.00968389 0.0103538
internal_weight=432.645 334.833 302.151 232.425 97.8118 69.7265
internal_count=26169 10151 9992 8707 16018 1285
is_linear=0
shrinkage=0.025


Tree=132
num_leaves=7
num_cat=0
split_feature=62 61 44 0 8 21
split_gain=19.8581 14.2859 20.6507 12.4467 10.7472 9.53099
threshold=0.75000000000000011 0.56964300000000001 0.049005000000000007 0.48566650000000006 1.0000000180025095e-35 0.77400000000000013
decision_type=2 2 2 2 2 2
left_child=1 2 -1 -4 -3 -6
right_child=-2 4 3 -5 5 -7
leaf_value=-0.015074423526295903 -0.011788880118068341 -0.015376760748899966 0.0099636146675809532 -0.0029282943465705944 -0.012307645043140775 0.013225561907553227
leaf_weight=49.89155454000138 71.596079058341275 7.888254781602881 80.047965954723622 104.67550741248851 7.6698007776867589 108.33094893838279
leaf_count=8041 10461 320 2395 2798 253 1901
internal_value=0 0.00241967 -0.00118566 0.00266999 0.0092049 0.0112395
internal_weight=430.1 358.504 234.615 184.723 123.889 116.001
internal_count=26169 15708 13234 5193 2474 2154
is_linear=0
shrinkage=0.025


Tree=133
num_leaves=7
num_cat=0
split_feature=1 60 39 22 34 47
split_gain=18.9229 14.5654 13.998 11.1892 9.74983 9.65518
threshold=0.45557285845279699 0.68000000000000005 1.0000000180025095e-35 0.49268850000000003 0.29069600000000007 0.93479450000000008
decision_type=2 2 2 2 2 2
left_child=-1 2 5 -4 -3 -2
right_child=1 4 3 -5 -6 -7
leaf_value=-0.017484790291964102 -0.01446508271419961 -0.018024709057267493 0.0036693006122114715 0.016137525687344254 -0.0012172075918675963 0.0082297385154956344
leaf_weight=33.013301164512086 34.381512649277283 29.268946354211948 184.88067684103589 59.346640227362514 72.524093343425193 14.69677301798947
leaf_count=11440 2424 2793 5877 658 2874 103
internal_value=0 0.00156173 0.00440285 0.00686733 -0.00645006 -0.00742986
internal_weight=428.112 395.099 293.306 244.227 101.793 49.0783
internal_count=26169 14729 9062 6535 5667 2527
is_linear=0
shrinkage=0.025


Tree=134
num_leaves=7
num_cat=0
split_feature=62 44 22 20 2 60
split_gain=18.8266 13.6211 18.7781 13.1581 10.3019 14.0964
threshold=0.75000000000000011 0.094885000000000011 0.38540700000000006 0.71564600000000012 0.72535717487335216 0.68000000000000005
decision_type=2 2 2 2 2 2
left_child=1 2 -1 -4 5 -3
right_child=-2 4 3 -5 -6 -7
leaf_value=-0.014763447734112815 -0.011563357089716821 0.0066639352083577574 -0.012033343711318768 0.015457737489352853 0.01613402553116863 -0.0080526979996117659
leaf_weight=55.653989466612984 70.579892658861354 160.15484060236486 13.743775738490511 30.353951749391854 44.041018734220415 51.499765822038171
leaf_count=8319 10461 3401 705 439 616 2228
internal_value=0 0.00236082 -0.00534145 0.006516 0.00542213 0.00299002
internal_weight=426.027 355.447 99.7517 44.0977 255.696 211.655
internal_count=26169 15708 9463 1144 6245 5629
is_linear=0
shrinkage=0.025


Tree=135
num_leaves=7
num_cat=0
split_feature=44 19 62 29 34 61
split_gain=18.5396 25.4988 13.3347 15.0534 9.77363 9.20673
threshold=0.047175500000000009 0.71974850000000001 0.41666666666666669 0.91839300000000013 0.75558900000000007 0.71158400000000011
decision_type=2 2 2 2 2 2
left_child=1 -1 4 -4 -2 -3
right_child=2 5 3 -5 -6 -7
leaf_value=-0.020015459794616233 0.01861010637828801 -0.0048418511141473724 -0.0016521984047305701 0.017673535258413316 -0.0031356838171474966 0.017250627857754022
leaf_weight=56.544987794699409 46.517129763175035 24.084768075379543 236.80395504321496 25.634309341548942 15.786200668837408 18.516783208586276
leaf_count=13683 967 797 10115 160 161 286
internal_value=0 -0.00932623 0.00289688 0.000351422 0.0130568 0.00499059
internal_weight=423.888 99.1465 324.742 262.438 62.3033 42.6016
internal_count=26169 14766 11403 10275 1128 1083
is_linear=0
shrinkage=0.025


Tree=136
num_leaves=7
num_cat=0
split_feature=44 19 62 29 48 34
split_gain=18.3015 23.6202 13.0043 14.125 9.54826 9.45392
threshold=0.047175500000000009 0.71974850000000001 0.41666666666666669 0.91839300000000013 0.66160000000000008 0.75558900000000007
decision_type=2 2 2 2 2 2
left_child=1 -1 5 -4 -3 -2
right_child=2 4 3 -5 -6 -7
leaf_value=-0.019705741284827803 0.018371930293348149 -0.004488845840163876 -0.0015752253150517486 0.017243423041292325 0.018414423523108899 -0.0030395851055673262
leaf_weight=55.742852888830384 46.493938694198732 26.781381961598527 236.36686432710121 25.311186937091406 15.959404298570005 15.731225017108953
leaf_count=13683 967 868 10115 160 215 161
internal_value=0 -0.0093009 0.00287754 0.000357868 0.00441481 0.0129153
internal_weight=422.387 98.4836 323.903 261.678 42.7408 62.2252
internal_count=26169 14766 11403 10275 1083 1128
is_linear=0
shrinkage=0.025


Tree=137
num_leaves=7
num_cat=0
split_feature=44 19 39 60 83 2
split_gain=18.1738 22.0039 13.0754 15.3904 12.1781 11.8396
threshold=0.047175500000000009 0.71974850000000001 1.0000000180025095e-35 0.68000000000000005 0.97241248097412492 0.72535717487335216
decision_type=2 2 2 2 2 2
left_child=1 -1 4 -4 -2 -5
right_child=2 -3 3 5 -6 -7
leaf_value=-0.019414961152601464 -0.016330325088903055 0.0038969153514877316 0.0085562471954115059 -0.0095524442747213275 0.0099325374824438279 0.014423302640333566
leaf_weight=55.175460696940718 34.864828098721773 42.889840204850771 201.62869503386901 59.482454757977393 13.265183011826592 13.670796760357915
leaf_count=13683 2793 1083 4780 3344 106 380
internal_value=0 -0.00928885 0.00287063 0.00500475 -0.00878612 -0.00462766
internal_weight=420.977 98.0653 322.912 274.782 48.13 73.1533
internal_count=26169 14766 11403 8504 2899 3724
is_linear=0
shrinkage=0.025


Tree=138
num_leaves=7
num_cat=0
split_feature=62 61 44 0 48 8
split_gain=18.0393 13.9379 17.1221 11.3712 10.6759 9.91526
threshold=0.75000000000000011 0.56964300000000001 0.049005000000000007 0.48566650000000006 0.66350000000000009 1.0000000180025095e-35
decision_type=2 2 2 2 2 2
left_child=1 2 -1 -4 -2 -3
right_child=4 5 3 -5 -6 -7
leaf_value=-0.014274016704936438 -0.017592236421215195 -0.014703871483271604 0.0091982484044450565 -0.0031745161020335991 0.0030971703012702503 0.011217018328031167
leaf_weight=47.227007249592134 48.604291877367359 7.6262574989814302 79.856241871308157 102.99939276048099 20.521593274286715 110.9492838641163
leaf_count=8041 9446 320 2395 2798 1015 2154
internal_value=0 0.00233225 -0.00123475 0.00223286 -0.0114342 0.00920845
internal_weight=417.784 348.658 230.083 182.856 69.1259 118.576
internal_count=26169 15708 13234 5193 10461 2474
is_linear=0
shrinkage=0.025


Tree=139
num_leaves=7
num_cat=0
split_feature=62 61 44 0 48 21
split_gain=17.9664 13.7413 15.4324 10.2731 10.2206 9.79817
threshold=0.75000000000000011 0.56964300000000001 0.049005000000000007 0.48566650000000006 0.66350000000000009 0.77400000000000013
decision_type=2 2 2 2 2 2
left_child=1 2 -1 -4 -2 -3
right_child=4 5 3 -5 -6 -7
leaf_value=-0.013669420678572949 -0.017517299829194765 -0.013639103189444828 0.0086838308582164007 -0.0030850318543822995 0.0028078311756988502 0.011264890918139462
leaf_weight=46.747673374826263 48.146691097754228 8.4204906997038034 79.824351679504616 102.64264977212588 20.378386977179616 109.64623750781175
leaf_count=8041 9446 312 2395 2798 1015 2162
internal_value=0 0.00232775 -0.00121988 0.002064 -0.0114636 0.00917019
internal_weight=415.806 347.281 229.215 182.467 68.5251 118.067
internal_count=26169 15708 13234 5193 10461 2474
is_linear=0
shrinkage=0.025


Tree=140
num_leaves=7
num_cat=0
split_feature=2 60 44 85 43 19
split_gain=17.4551 13.8787 12.7874 14.1911 12.5251 9.31155
threshold=0.68425273895263683 0.68000000000000005 0.049005000000000007 0.012579113924050636 1.0000000180025095e-35 0.76890650000000005
decision_type=2 2 2 2 2 2
left_child=1 2 3 -1 -4 -2
right_child=5 -3 4 -5 -6 -7
leaf_value=0.015464130658068188 0.0045514192405976556 -0.012103448999072522 0.0056943908967486915 -0.015745599404505827 -0.017986325171198119 0.023086389257611608
leaf_weight=8.8197435972833755 97.781552559579723 77.955173079106316 151.06337591304327 46.132212903066829 12.789412974867444 19.151520052924752
leaf_count=653 1821 7942 4693 9596 1076 388
internal_value=0 -0.00322472 2.7961e-08 -0.0101292 0.00355088 0.00808008
internal_weight=413.693 296.76 218.805 54.952 163.853 116.933
internal_count=26169 23960 16018 10249 5769 2209
is_linear=0
shrinkage=0.025


Tree=141
num_leaves=7
num_cat=0
split_feature=19 39 84 60 44 0
split_gain=17.7384 11.989 14.2978 12.6535 8.86952 7.89361
threshold=0.68236450000000015 1.0000000180025095e-35 0.97545919903643485 0.68000000000000005 0.43680000000000002 0.80776700000000012
decision_type=2 2 2 2 2 2
left_child=4 2 -2 -3 -1 -5
right_child=1 3 -4 5 -6 -7
leaf_value=-0.014830903938497826 -0.016191908477239607 0.0082574655879725997 0.010390498446080958 -0.013097000323885609 0.001120084555874783 0.0031410987514927397
leaf_weight=61.417173778994766 36.597846794538782 195.3135185228748 16.232174492426566 30.230209587760328 31.071453946075053 40.560712678707205
leaf_count=14780 2325 4102 135 1626 1238 1963
internal_value=0 0.00280492 -0.0077658 0.00498886 -0.00949163 -0.00388397
internal_weight=411.423 318.934 52.83 266.104 92.4886 70.7909
internal_count=26169 10151 2460 7691 16018 3589
is_linear=0
shrinkage=0.025


Tree=142
num_leaves=7
num_cat=0
split_feature=2 29 17 22 19 39
split_gain=16.7885 13.4652 11.2532 9.10094 7.74075 7.41475
threshold=0.67512935400009166 0.91839300000000013 0.62125900000000012 0.51730250000000011 0.76890650000000005 1.0000000180025095e-35
decision_type=2 2 2 2 2 2
left_child=1 2 3 -1 -2 -4
right_child=4 -3 5 -5 -6 -7
leaf_value=-0.016428969933350062 0.0042221318418175389 0.014225697790036651 -0.012374652200421336 0.010787879290604464 0.020137612155252598 0.00047721001576413869
leaf_weight=63.939682444619393 109.58885233593173 21.921303147741128 31.499560567342996 6.5481026422348796 21.996856614947319 153.48218950701266
leaf_count=11966 2173 261 3511 294 442 7522
internal_value=0 -0.00348462 -0.00516135 -0.0134978 0.0072738 -0.00180042
internal_weight=408.977 277.391 255.47 70.4878 131.586 184.982
internal_count=26169 23554 23293 12260 2615 11033
is_linear=0
shrinkage=0.025


Tree=143
num_leaves=7
num_cat=0
split_feature=19 39 84 60 9 44
split_gain=16.0222 11.1391 13.6639 11.6428 10.8273 8.1103
threshold=0.68236450000000015 1.0000000180025095e-35 0.97545919903643485 0.68000000000000005 0.9900000000000001 0.43680000000000002
decision_type=2 2 2 2 2 2
left_child=5 2 -2 4 -3 -1
right_child=1 3 -4 -5 -6 -7
leaf_value=-0.01431464065547542 -0.015924240022658999 0.0042552183270936168 0.010266169861798458 -0.0037662066355838189 0.017851336402881772 0.0010039900922689078
leaf_weight=59.865870572279164 35.946050503946026 144.92199186098878 15.944015344408397 70.243713914431282 49.030216282233596 31.007836184158805
leaf_count=14780 2325 3559 135 3589 543 1238
internal_value=0 0.00266915 -0.00761398 0.00477408 0.00792023 -0.00910699
internal_weight=406.96 316.086 51.8901 264.196 193.952 90.8737
internal_count=26169 10151 2460 7691 4102 16018
is_linear=0
shrinkage=0.025


Tree=144
num_leaves=7
num_cat=0
split_feature=62 21 0 16 31 48
split_gain=15.9226 12.4775 14.4076 9.60532 9.13997 8.99594
threshold=0.75000000000000011 0.70400000000000007 0.48220000000000002 0.59306800000000004 0.27463300000000007 0.66350000000000009
decision_type=2 2 2 2 2 2
left_child=1 2 4 -3 -1 -2
right_child=5 3 -4 -5 -6 -7
leaf_value=-0.0047219256264579932 -0.016910302898732688 -0.022144057019785276 -0.013705117888963898 0.0071751019544357393 0.010974175492299898 0.0023374328231692723
leaf_weight=46.664318690389337 45.721286126823543 4.7225290940841651 51.259875026989903 195.80453480189317 40.966786401768331 20.256090261100326
leaf_count=5742 9446 245 4515 3767 1439 1015
internal_value=0 0.00220373 -0.00347917 0.00617735 0.00261965 -0.0110036
internal_weight=405.395 339.418 138.891 200.527 87.6311 65.9774
internal_count=26169 15708 11696 4012 7181 10461
is_linear=0
shrinkage=0.025


Tree=145
num_leaves=7
num_cat=0
split_feature=2 9 0 61 44 19
split_gain=15.8908 12.55 12.9201 11.1162 7.50824 7.15817
threshold=0.67512935400009166 0.29000000000000009 0.48566650000000006 0.48363350000000005 0.16662500000000002 0.76890650000000005
decision_type=2 2 2 2 2 2
left_child=1 -1 4 -4 -3 -2
right_child=5 2 3 -5 -6 -7
leaf_value=-0.018533388885207176 0.0041509784628737893 -0.0037865899771770471 -0.014779955131120254 -0.00079581686125648917 0.011050377833442003 0.019573342781190814
leaf_weight=28.182779093283898 108.8958324881678 30.020392237805936 53.548551027124631 101.87051072728354 58.778967155842111 21.637147401925176
leaf_count=11588 2173 2327 4786 3479 1374 442
internal_value=0 -0.00343249 -0.00148424 -0.00582707 0.00597227 0.00709295
internal_weight=402.934 272.401 244.218 155.419 88.7994 130.533
internal_count=26169 23554 11966 8265 3701 2615
is_linear=0
shrinkage=0.025


Tree=146
num_leaves=7
num_cat=0
split_feature=62 19 0 61 1 44
split_gain=14.9096 11.2808 10.729 14.4141 10.5283 7.98951
threshold=0.58333333333333337 0.64414750000000021 0.43966650000000002 0.71629350000000003 0.60792189836502086 0.16062100000000004
decision_type=2 2 2 2 2 2
left_child=4 -2 5 -4 -1 -3
right_child=1 2 3 -5 -6 -7
leaf_value=-0.0037012544519095972 -0.023773581182601984 -0.0047115565930413647 -0.01075593653240188 0.0087093638243487034 0.0080454178629397587 0.017542865871019438
leaf_weight=66.316018261197314 16.108651908845786 15.040252244772999 102.75455065625283 28.171593560837209 150.65129212010652 21.515845322785026
leaf_count=5417 7094 1893 7418 853 2854 640
internal_value=0 -0.00520558 -0.00304483 -0.00641727 0.00441392 0.0084472
internal_weight=400.558 183.591 167.482 130.926 216.967 36.5561
internal_count=26169 17898 10804 8271 8271 2533
is_linear=0
shrinkage=0.025


Tree=147
num_leaves=7
num_cat=0
split_feature=2 29 44 0 85 19
split_gain=15.0938 12.1814 10.4049 12.4669 12.1265 7.29768
threshold=0.67512935400009166 0.91839300000000013 0.094885000000000011 0.48566650000000006 0.012270400481782597 0.76890650000000005
decision_type=2 2 2 2 2 2
left_child=1 2 4 -4 -1 -2
right_child=5 -3 3 -5 -6 -7
leaf_value=0.011000327227380315 0.0039329125599533513 0.013694709743117043 0.0065742080082978778 -0.0069635539752430226 -0.01639922133041628 0.019473243671037553
leaf_weight=9.6410537517949688 108.97759240496089 21.227979506627889 68.553427713777637 102.6611123799812 66.313665006819065 21.660364062990993
leaf_count=667 2173 261 2883 5122 14621 442
internal_value=0 -0.00338749 -0.00501207 -0.00147613 -0.0125701 0.00689257
internal_weight=399.035 268.397 247.169 171.215 75.9547 130.638
internal_count=26169 23554 23293 8005 15288 2615
is_linear=0
shrinkage=0.025


Tree=148
num_leaves=7
num_cat=0
split_feature=2 49 62 61 47 32
split_gain=15.4383 14.3055 10.3449 14.4221 9.92626 8.99918
threshold=0.57711473107337963 1.0000000180025095e-35 0.41666666666666669 0.71538450000000009 0.98135300000000014 0.15156000000000003
decision_type=2 2 2 2 2 2
left_child=1 -1 5 -4 -3 -2
right_child=2 4 3 -5 -6 -7
leaf_value=0.0013563164124601572 -0.00072575914548630072 -0.019905682814789948 -0.0030934628458723062 0.011328660299180173 0.0067383060607835964 0.018989182736128207
leaf_weight=56.510788929688715 20.74963432806544 51.319680064723798 165.1871206559008 55.853150604525581 8.6114041520049778 38.692013138672337
leaf_count=7243 493 10919 5056 1789 88 581
internal_value=0 -0.00755754 0.00317656 0.000597562 -0.0158206 0.0122144
internal_weight=396.924 116.442 280.482 221.04 59.9311 59.4416
internal_count=26169 18250 7919 6845 11007 1074
is_linear=0
shrinkage=0.025


Tree=149
num_leaves=7
num_cat=0
split_feature=1 49 47 60 20 15
split_gain=14.727 11.2371 10.6574 9.76531 9.30243 8.31008
threshold=0.58794724941253673 1.0000000180025095e-35 0.80572300000000008 0.68000000000000005 0.69622600000000012 0.48619900000000005
decision_type=2 2 2 2 2 2
left_child=1 -1 -3 5 -5 -2
right_child=3 2 -4 4 -6 -7
leaf_value=0.0013124249888286624 -0.0075122343233073666 -0.01884112146999609 0 -0.021469219644159307 0.00051707033797685896 0.0083445538806071404
leaf_weight=65.327156850540632 20.953505297831725 52.05827063821198 27.903493485529907 13.313846974167971 46.804237931326497 168.24788941539009
leaf_count=7495 568 11741 650 853 1941 2921
internal_value=0 -0.00626474 -0.0124134 0.00367668 -0.00487506 0.00646775
internal_weight=394.608 145.289 79.9618 249.319 60.1181 189.201
internal_count=26169 19886 12391 6283 2794 3489
is_linear=0
shrinkage=0.025


Tree=150
num_leaves=7
num_cat=0
split_feature=62 29 62 20 15 0
split_gain=14.5399 10.8311 12.7166 9.86612 8.53856 8.28209
threshold=0.75000000000000011 1.0000000180025095e-35 0.41666666666666669 0.71012100000000011 0.48619900000000005 0.46670000000000006
decision_type=2 2 2 2 2 2
left_child=1 2 -1 5 -4 -3
right_child=-2 3 4 -5 -6 -7
leaf_value=0.0095056589050401506 -0.010689859885529005 0.0089271443001410593 -0.018781220332951574 0.012053762621923413 -0.00268160290239065 -0.0082887454081194672
leaf_weight=41.297784394017071 63.773876640207163 29.147783736079873 23.988073123000504 91.332917982770596 106.88534974615322 36.332912727040821
leaf_count=1542 10461 1923 2108 1153 6918 2064
internal_value=0 0.00213723 -0.00214391 0.00685245 -0.00599487 -0.000450154
internal_weight=392.759 328.985 172.171 156.814 130.873 65.4807
internal_count=26169 15708 10568 5140 9026 3987
is_linear=0
shrinkage=0.025


Tree=151
num_leaves=7
num_cat=0
split_feature=1 60 43 61 9 20
split_gain=14.311 10.3233 11.2849 12.6861 11.2537 8.83885
threshold=0.45557285845279699 0.68000000000000005 1.0000000180025095e-35 0.71629350000000003 0.95350000000000013 0.68995650000000019
decision_type=2 2 2 2 2 2
left_child=-1 2 4 -4 -2 -3
right_child=1 5 3 -5 -6 -7
leaf_value=-0.016481078891604137 0.0024000468303315143 -0.017333575856273785 -0.018223258011729908 0.014203267476907333 0.014739397102098451 -0.00053222544014601869
leaf_weight=27.899556247361033 176.29985438371659 26.119812571181683 24.25712521551759 8.0942545293364656 61.977513375954004 66.094162510940805
leaf_count=11440 6368 2705 1803 85 806 2962
internal_value=0 0.00137136 0.0038484 -0.00942227 0.00576565 -0.00571554
internal_weight=390.742 362.843 270.629 32.3514 238.277 92.214
internal_count=26169 14729 9062 1888 7174 5667
is_linear=0
shrinkage=0.025


Tree=152
num_leaves=7
num_cat=0
split_feature=62 61 44 2 0 48
split_gain=14.0482 10.7406 12.9985 8.84467 8.20072 7.88234
threshold=0.75000000000000011 0.56964300000000001 0.049005000000000007 0.70846572518348705 0.48566650000000006 0.66350000000000009
decision_type=2 2 2 2 2 2
left_child=1 2 -1 -3 -4 -2
right_child=5 3 4 -5 -6 -7
leaf_value=-0.013126686301872898 -0.016396352051407409 0.0020348656342602006 0.0079832096818199562 0.016369206521477032 -0.0028223135150385365 0.0018298180339789472
leaf_weight=42.560200418560271 42.782637375021295 65.102511074277572 75.608200691549428 46.521400815341622 96.640056384138006 20.156901927235594
leaf_count=8041 9446 1703 2395 771 2798 1015
internal_value=0 0.00210457 -0.00114004 0.00831336 0.00191704 -0.0105787
internal_weight=389.372 326.432 214.808 111.624 172.248 62.9395
internal_count=26169 15708 13234 2474 5193 10461
is_linear=0
shrinkage=0.025


Tree=153
num_leaves=7
num_cat=0
split_feature=1 29 62 47 32 19
split_gain=13.631 10.0326 11.8092 11.9085 8.15351 4.35884
threshold=0.45557285845279699 0.60023650000000017 0.41666666666666669 0.8716965000000001 0.15156000000000003 0.68500100000000008
decision_type=2 2 2 2 2 2
left_child=-1 2 4 -4 -2 -3
right_child=1 5 3 -5 -6 -7
leaf_value=-0.016240162936168392 -0.0026172535330445659 -0.0048079399660640385 -0.0068067742457043195 0.0045196752674300979 0.016049165332807834 0.013979224214529452
leaf_weight=27.342942897059402 20.84961140397354 7.144704937527421 161.84495099966443 86.624238587421132 37.769736371003091 45.459601231035776
leaf_count=11440 735 257 11688 991 695 363
internal_value=0 0.00133811 -0.000393789 -0.00281746 0.00943128 0.0111664
internal_weight=387.036 359.693 307.089 248.469 58.6193 52.6043
internal_count=26169 14729 14109 12679 1430 620
is_linear=0
shrinkage=0.025


Tree=154
num_leaves=7
num_cat=0
split_feature=62 21 0 16 61 48
split_gain=13.4152 10.2044 11.7612 9.0612 8.06863 7.18687
threshold=0.75000000000000011 0.70400000000000007 0.48220000000000002 0.59306800000000004 0.72035700000000003 0.66350000000000009
decision_type=2 2 2 2 2 2
left_child=1 2 -1 -3 -5 -2
right_child=5 3 -4 4 -6 -7
leaf_value=0.0024011070159169392 -0.016072337693656829 -0.022015982606274929 -0.012722741825745882 0.003792621187621515 0.016357217065813206 0.0013671642678810035
leaf_weight=83.843751512158633 41.811195835427498 4.576005690090823 48.35388522134599 145.95390570136078 40.583395319059491 20.281489946079091
leaf_count=7181 9446 245 4515 2611 1156 1015
internal_value=0 0.00206343 -0.00319924 0.00574325 0.00675266 -0.0104081
internal_weight=385.404 323.311 132.198 191.113 186.537 62.0927
internal_count=26169 15708 11696 4012 3767 10461
is_linear=0
shrinkage=0.025


Tree=155
num_leaves=7
num_cat=0
split_feature=1 60 43 31 83 19
split_gain=13.7292 11.7602 11.0218 9.58905 8.25634 7.31919
threshold=0.67519137263298046 0.68000000000000005 1.0000000180025095e-35 0.34591200000000005 0.98772959951821748 0.76890650000000005
decision_type=2 2 2 2 2 2
left_child=1 2 3 -1 -3 -2
right_child=5 4 -4 -5 -6 -7
leaf_value=-0.00087970971041311094 0.0045129225605660631 -0.01455528465170434 -0.014868785558362031 0.0117240826885259 0.0072223843029522207 0.022503568663340284
leaf_weight=143.8801946721469 78.237338694627397 63.266309033384459 23.906413063723448 48.01541611290304 10.871142539428545 16.017997423186898
leaf_count=11070 1540 7847 3568 1605 122 417
internal_value=0 -0.00270084 0.000244357 0.00233917 -0.0111163 0.00816319
internal_weight=384.195 289.939 215.802 191.896 74.1375 94.2553
internal_count=26169 24212 16243 12675 7969 1957
is_linear=0
shrinkage=0.025


Tree=156
num_leaves=7
num_cat=0
split_feature=1 49 20 19 62 32
split_gain=13.884 9.27019 10.2304 7.90683 7.68847 7.56865
threshold=0.61158692836761486 1.0000000180025095e-35 0.71564600000000012 0.68892700000000018 0.58333333333333337 0.10193000000000001
decision_type=2 2 2 2 2 2
left_child=1 3 5 -1 -2 -3
right_child=4 2 -4 -5 -6 -7
leaf_value=-0.0061995687085340655 0.0076572197100659633 -0.024709399541431254 0 0.0097397452778036041 -0.0023217170407077914 -0.006214839824951501
leaf_weight=37.50124504242558 139.59995636943495 30.673966391175782 38.406377663610328 35.057432375964709 69.903210418575327 30.278884399092931
leaf_count=6632 2764 9478 1837 1126 2180 2152
internal_value=0 -0.00522447 -0.0101027 0.00145299 0.00429824 -0.0162668
internal_weight=381.421 171.918 99.3592 72.5587 209.503 60.9529
internal_count=26169 21225 13467 7758 4944 11630
is_linear=0
shrinkage=0.025


Tree=157
num_leaves=7
num_cat=0
split_feature=9 29 2 0 1 61
split_gain=13.2792 10.7965 11.2944 9.86286 12.321 9.9622
threshold=0.75000000000000011 1.0000000180025095e-35 0.75098425149917614 0.46670000000000006 0.45899933576583868 0.70270150000000009
decision_type=2 2 2 2 2 2
left_child=3 2 -2 4 -1 -5
right_child=1 -3 -4 5 -6 -7
leaf_value=-0.020273629626933465 -0.0049100750691295648 0.0079512489091074379 0.015653922565348487 -0.021029272212787442 0.0071006303341212204 0
leaf_weight=10.859322176231215 115.48770550699555 134.93099645065377 16.863546188455075 38.648242096820468 41.759460527071496 20.63103434164077
leaf_count=7258 5235 2596 339 7367 2677 697
internal_value=0 0.00302664 -0.00198339 -0.00713766 0.000629152 -0.0139199
internal_weight=379.18 267.282 132.351 111.898 52.6188 59.2793
internal_count=26169 8170 5574 17999 9935 8064
is_linear=0
shrinkage=0.025


Tree=158
num_leaves=7
num_cat=0
split_feature=2 49 47 9 6 61
split_gain=13.2364 12.2154 8.8793 8.48791 10.1728 9.24228
threshold=0.57711473107337963 1.0000000180025095e-35 0.98135300000000014 0.75000000000000011 0.54653700000000016 0.56964300000000001
decision_type=2 2 2 2 2 2
left_child=1 -1 -3 4 -2 -5
right_child=3 2 -4 5 -6 -7
leaf_value=0.0011156750686575337 0.011191680126342687 -0.019349546344908472 0.0063196522714266713 0.00058592426157067499 -0.011071671104477918 0.011212226006511478
leaf_weight=53.999107967574673 15.028993376385186 47.005870646295079 8.3159128954284807 116.65293426760763 44.645568316569552 91.706567679182626
leaf_count=7243 783 10919 88 2353 2439 2344
internal_value=0 -0.00723504 -0.0152332 0.00299049 -0.00509937 0.00538192
internal_weight=377.355 109.321 55.3218 268.034 59.6746 208.36
internal_count=26169 18250 11007 7919 3222 4697
is_linear=0
shrinkage=0.025


Tree=159
num_leaves=7
num_cat=0
split_feature=2 49 47 60 20 43
split_gain=12.688 11.5543 8.23677 8.07387 10.5079 7.91519
threshold=0.57711473107337963 1.0000000180025095e-35 0.98135300000000014 0.68000000000000005 0.67350250000000011 1.0000000180025095e-35
decision_type=2 2 2 2 2 2
left_child=1 -1 -3 5 -5 -2
right_child=3 2 -4 4 -6 -7
leaf_value=0.00098002402588989604 0.007333568584777253 -0.018959890940003173 0.0058415520390651546 -0.02585328623044747 0 -0.0067493253019015285
leaf_weight=54.11085371977606 176.00984954333398 46.354460508508055 8.2788447239436191 9.4109203660191252 55.529097133054165 26.347050368276541
leaf_count=7243 3575 10919 88 924 2496 924
internal_value=0 -0.00710446 -0.0149573 0.00292935 -0.00454606 0.00539726
internal_weight=376.041 108.744 54.6333 267.297 64.94 202.357
internal_count=26169 18250 11007 7919 3420 4499
is_linear=0
shrinkage=0.025


Tree=160
num_leaves=7
num_cat=0
split_feature=1 60 43 9 39 34
split_gain=12.2637 8.95477 9.66679 9.64945 8.67992 7.56278
threshold=0.45557285845279699 0.68000000000000005 1.0000000180025095e-35 0.95350000000000013 1.0000000180025095e-35 0.29069600000000007
decision_type=2 2 2 2 2 2
left_child=-1 2 3 -2 -4 -3
right_child=1 5 4 -5 -6 -7
leaf_value=-0.015883451305819449 0.0022395985759087536 -0.01667850477957257 -0.02527175397070985 0.01388352235044142 0.00061215695749504103 -0.00065227242581858771
leaf_weight=25.629363492498669 170.17297395059722 24.151217998885841 10.168812611591422 59.660303826938616 20.398036461177981 64.239590467361268
leaf_count=11440 6368 2793 1169 806 719 2874
internal_value=0 0.00127186 0.00362239 0.00541667 -0.00899378 -0.00546573
internal_weight=374.42 348.791 260.4 229.833 30.5668 88.3908
internal_count=26169 14729 9062 7174 1888 5667
is_linear=0
shrinkage=0.025


Tree=161
num_leaves=7
num_cat=0
split_feature=62 21 0 16 61 31
split_gain=12.257 9.73632 10.0694 8.1377 7.46149 7.15271
threshold=0.75000000000000011 0.70400000000000007 0.48220000000000002 0.59306800000000004 0.72035700000000003 0.27463300000000007
decision_type=2 2 2 2 2 2
left_child=1 2 5 -3 -5 -1
right_child=-2 3 -4 4 -6 -7
leaf_value=-0.0045614662162642766 -0.010160248336541167 -0.021148081284026659 -0.012174846341784727 0.0037208961575199715 0.015997945813854952 0.0097434078648456143
leaf_weight=44.500301759762806 59.520290911746997 4.3041638872819012 46.673898638720857 140.27546877448913 39.445888879825361 37.892518244567327
leaf_count=5742 10461 245 4515 2611 1156 1439
internal_value=0 0.0019967 -0.0031886 0.00567432 0.00664604 0.00200748
internal_weight=372.613 313.092 129.067 184.026 179.721 82.3928
internal_count=26169 15708 11696 4012 3767 7181
is_linear=0
shrinkage=0.025


Tree=162
num_leaves=7
num_cat=0
split_feature=2 9 0 61 19 61
split_gain=12.0047 10.0796 9.20251 8.89585 7.75529 6.11365
threshold=0.68425273895263683 0.29000000000000009 0.48566650000000006 0.48363350000000005 0.76890650000000005 0.53044100000000005
decision_type=2 2 2 2 2 2
left_child=1 -1 -3 -4 5 -2
right_child=4 2 3 -5 -6 -7
leaf_value=-0.017412167217959497 -0.005334761678407289 0.0052669574299141235 -0.013300067259613616 -0.00053648018935121178 0.021153384880997952 0.0080751841263105289
leaf_weight=24.379354392138339 29.19422962970566 85.16569409135991 49.44405965583428 104.70132651293534 17.559825440868735 60.42923690751195
leaf_count=11607 635 3733 4850 3770 388 1186
internal_value=0 -0.00286794 -0.00118539 -0.00483334 0.0069602 0.00358577
internal_weight=370.874 263.69 239.311 154.145 107.183 89.6235
internal_count=26169 23960 12353 8620 2209 1821
is_linear=0
shrinkage=0.025


Tree=163
num_leaves=7
num_cat=0
split_feature=2 49 20 32 19 61
split_gain=12.0363 8.65598 10.7921 9.68637 9.33747 7.80335
threshold=0.64465811848640453 1.0000000180025095e-35 0.71564600000000012 0.10193000000000001 0.7009645000000001 0.26781650000000007
decision_type=2 2 2 2 2 2
left_child=1 4 3 -3 5 -1
right_child=-2 2 -4 -5 -6 -7
leaf_value=-0.0092138984041973768 0.0047715713313575799 -0.024949164261130297 2.7338186248370037e-05 -0.0051679376623425064 0.013038139785474674 0.012666474114872745
leaf_weight=41.184201972249866 172.96479668503162 30.279839797480236 50.769610141040175 35.09563757423166 28.196423829649575 10.680457525188102
leaf_count=6952 4136 9610 2153 2399 615 304
internal_value=0 -0.00421347 -0.00851839 -0.0150404 0.00199455 -0.00417186
internal_weight=369.171 196.206 116.145 65.3755 80.0611 51.8647
internal_count=26169 22033 14162 12009 7871 7256
is_linear=0
shrinkage=0.025


Tree=164
num_leaves=7
num_cat=0
split_feature=1 31 49 20 32 48
split_gain=11.6908 7.49585 6.7679 8.8832 6.85558 6.24778
threshold=0.61158692836761486 0.66279750000000004 1.0000000180025095e-35 0.71564600000000012 0.10193000000000001 0.37386650000000005
decision_type=2 2 2 2 2 2
left_child=2 5 -1 4 -4 -2
right_child=1 -3 3 -5 -6 -7
leaf_value=0.00082664012639590721 -0.017123370861225558 0.021946535482860449 -0.023674459826379932 0.00015807896745154157 -0.0055335223250541112 0.0036325911251850885
leaf_weight=70.552134201694571 6.9512282696086904 11.246316203381864 27.982834404898313 36.903765359471436 28.955057021616085 184.83406604584889
leaf_count=7758 276 275 9478 1837 2152 4393
internal_value=0 0.00399138 -0.00491543 -0.00923269 -0.0152171 0.0026246
internal_weight=367.425 203.032 164.394 93.8417 56.9379 191.785
internal_count=26169 4944 21225 13467 11630 4669
is_linear=0
shrinkage=0.025


Tree=165
num_leaves=7
num_cat=0
split_feature=2 49 47 29 62 15
split_gain=11.5332 10.093 7.56528 7.5317 10.0032 8.72167
threshold=0.57711473107337963 1.0000000180025095e-35 0.98135300000000014 1.0000000180025095e-35 0.41666666666666669 0.48619900000000005
decision_type=2 2 2 2 2 2
left_child=1 -1 -3 4 -2 -6
right_child=3 2 -4 -5 5 -7
leaf_value=0.00067404342599722983 0.0099643127820916444 -0.018447900806727827 0.0058055126145495177 0.0071829088790126812 -0.019936588817687839 -0.0014792791580827782
leaf_weight=52.783334020226903 34.214256284758449 43.895935401236784 7.8732844842015757 125.14988242211984 17.802324324060464 84.230561742566351
leaf_count=7243 786 10919 88 2467 977 3689
internal_value=0 -0.00692111 -0.0145006 0.00280762 -0.00120525 -0.00518313
internal_weight=365.95 104.553 51.7692 261.397 136.247 102.033
internal_count=26169 18250 11007 7919 5452 4666
is_linear=0
shrinkage=0.025


Tree=166
num_leaves=7
num_cat=0
split_feature=1 60 43 61 44 34
split_gain=11.1964 8.75222 9.28642 11.6343 8.05865 6.79394
threshold=0.45557285845279699 0.68000000000000005 1.0000000180025095e-35 0.71629350000000003 0.047175500000000009 0.29069600000000007
decision_type=2 2 2 2 2 2
left_child=-1 2 4 -4 -2 -3
right_child=1 5 3 -5 -6 -7
leaf_value=-0.015571126637366973 -0.0042512798045323402 -0.016368962671965265 -0.017947737517711251 0.013953495914559031 0.0076041027882489207 -0.00091232682095462945
leaf_weight=24.270577619834512 41.680824446768383 23.261579585778236 21.969474048790293 7.6684227013029149 182.85998464399017 62.82348334769631
leaf_count=11440 3078 2793 1803 85 4096 2874
internal_value=0 0.00121614 0.00356724 -0.00897808 0.00534231 -0.00553182
internal_weight=364.534 340.264 254.179 29.6379 224.541 86.0851
internal_count=26169 14729 9062 1888 7174 5667
is_linear=0
shrinkage=0.025


Tree=167
num_leaves=7
num_cat=0
split_feature=1 31 9 6 44 9
split_gain=11.1781 8.15658 6.78863 7.80686 6.25432 5.58793
threshold=0.61158692836761486 0.66279750000000004 0.29000000000000009 0.52384150000000007 0.16662500000000002 0.78000000000000014
decision_type=2 2 2 2 2 2
left_child=2 5 -1 4 -4 -2
right_child=1 -3 3 -5 -6 -7
leaf_value=-0.017572992871563029 -0.0049539630100058855 0.0224003306937634 -0.0071480655265545026 -0.0058056863921387382 0.015095588693889668 0.0048782521961885459
leaf_weight=20.411171522660879 44.897865374747198 11.554076705651822 9.4287034776061791 110.74587473895008 21.171774224552792 144.42905676178634
leaf_count=11353 1664 275 1431 7797 644 3005
internal_value=0 0.0039176 -0.00485071 -0.00267923 0.00795524 0.00246681
internal_weight=362.639 200.881 161.758 141.346 30.6005 189.327
internal_count=26169 4944 21225 9872 2075 4669
is_linear=0
shrinkage=0.025


Tree=168
num_leaves=7
num_cat=0
split_feature=2 49 61 19 61 31
split_gain=10.9624 7.54661 9.93702 8.23298 8.38 6.2265
threshold=0.64465811848640453 1.0000000180025095e-35 0.48363350000000005 0.68340750000000006 0.28370650000000003 0.66279750000000004
decision_type=2 2 2 2 2 2
left_child=1 3 -3 4 -1 -2
right_child=5 2 -4 -5 -6 -7
leaf_value=-0.012328924062608201 0.0031551346943704708 -0.016283772581825791 -0.0012927481786324504 0.0086833467471045585 0.018097751954395131 0.02207417084794993
leaf_weight=29.264696134549013 160.95280110079329 49.569080892215425 62.88819945960131 44.563563775227522 4.3840204378357148 9.5646002561552432
leaf_count=6383 3894 11537 2625 1331 157 242
internal_value=0 -0.00409372 -0.00818705 0.00175475 -0.00714518 0.00457053
internal_weight=361.187 190.67 112.457 78.2123 33.6487 170.517
internal_count=26169 22033 14162 7871 6540 4136
is_linear=0
shrinkage=0.025


Tree=169
num_leaves=7
num_cat=0
split_feature=1 31 9 6 44 29
split_gain=10.8724 7.64987 6.65766 7.38044 5.91474 5.61288
threshold=0.61158692836761486 0.66279750000000004 0.29000000000000009 0.52384150000000007 0.16662500000000002 1.0000000180025095e-35
decision_type=2 2 2 2 2 2
left_child=2 5 -1 4 -4 -2
right_child=1 -3 3 -5 -6 -7
leaf_value=-0.017587116106397425 -0.0017589916983668406 0.021801378073573196 -0.0070363346538975108 -0.0057305834685249489 0.014698459996769733 0.0067234608630066198
leaf_weight=19.876121349625464 94.64199716814619 11.500888891343491 9.297771522462428 109.41349487676052 20.942987049405929 93.831592531059869
leaf_count=11353 3101 275 1431 7797 644 1568
internal_value=0 0.00386245 -0.00482655 -0.00267151 0.00772165 0.00245091
internal_weight=359.505 199.974 159.53 139.654 30.2408 188.474
internal_count=26169 4944 21225 9872 2075 4669
is_linear=0
shrinkage=0.025


Tree=170
num_leaves=7
num_cat=0
split_feature=2 60 31 58 6 14
split_gain=11.025 9.58778 8.26686 7.99072 5.02427 4.79135
threshold=0.68425273895263683 0.68000000000000005 0.34591200000000005 0.33916700000000005 0.52181500000000003 1.0000000180025095e-35
decision_type=2 2 2 2 2 2
left_child=1 2 3 -1 -4 -3
right_child=-2 5 4 -5 -6 -7
leaf_value=-0.011201107119828302 0.0067330933051051416 -0.001873311205671182 0.02300915527304194 0.0011595466793523094 0.0037164170548238474 -0.01610375221478803
leaf_weight=45.80028948785548 104.68148881394882 26.251483541789639 9.9357173713651701 96.788604499794019 35.473115050248452 39.59731428708983
leaf_count=7944 2209 2416 766 6133 1175 5526
internal_value=0 -0.00281518 5.31363e-05 -0.00287504 0.00910081 -0.0108346
internal_weight=358.528 253.847 187.998 142.589 45.4088 65.8488
internal_count=26169 23960 16018 14077 1941 7942
is_linear=0
shrinkage=0.025


Tree=171
num_leaves=7
num_cat=0
split_feature=2 49 47 60 20 43
split_gain=10.7354 9.6452 7.2978 7.04802 9.25738 6.54737
threshold=0.57711473107337963 1.0000000180025095e-35 0.98135300000000014 0.68000000000000005 0.67350250000000011 1.0000000180025095e-35
decision_type=2 2 2 2 2 2
left_child=1 -1 -3 5 -5 -2
right_child=3 2 -4 4 -6 -7
leaf_value=0.00070430302487133273 0.0068380798605463854 -0.018317835501238663 0.0058896268551635218 -0.025156330254186839 0 -0.0062301814545213871
leaf_weight=51.293975178286928 170.02969638138893 42.226178605713358 7.559184836165513 8.6543886137515056 52.857164355023997 25.131291462632362
leaf_count=7243 3575 10919 88 924 2496 924
internal_value=0 -0.00680304 -0.0143691 0.00271886 -0.00445965 0.00505347
internal_weight=357.752 101.079 49.7854 256.673 61.5116 195.161
internal_count=26169 18250 11007 7919 3420 4499
is_linear=0
shrinkage=0.025


Tree=172
num_leaves=7
num_cat=0
split_feature=60 39 22 31 43 34
split_gain=10.2542 9.96053 10.4942 9.73796 8.62435 7.52365
threshold=0.68000000000000005 1.0000000180025095e-35 0.49268850000000003 0.4765890000000001 1.0000000180025095e-35 0.29069600000000007
decision_type=2 2 2 2 2 2
left_child=1 4 3 -3 -1 -2
right_child=5 2 -4 -5 -6 -7
leaf_value=-0.00078631099961363527 -0.017463457772181102 -0.0012221024650496751 0.014207413251540874 0.014165881259929142 -0.024945421515470186 -0.0020002401544166781
leaf_weight=32.752670039637451 27.613585625920678 140.1206484229624 52.329838249541353 28.722354276593251 10.928119637850612 63.571204723317351
leaf_count=2887 5671 10197 702 1055 2337 3320
internal_value=0 0.00249406 0.00468088 0.00151302 -0.00804316 -0.00711744
internal_weight=356.038 264.854 221.173 168.843 43.6808 91.1848
internal_count=26169 17178 11954 11252 5224 8991
is_linear=0
shrinkage=0.025


Tree=173
num_leaves=7
num_cat=0
split_feature=62 19 21 9 0 61
split_gain=10.3041 8.85827 8.82308 9.03763 8.13935 9.74215
threshold=0.58333333333333337 0.64414750000000021 0.70400000000000007 0.78000000000000014 0.43566650000000001 0.71538450000000009
decision_type=2 2 2 2 2 2
left_child=2 -2 -1 -4 -3 -6
right_child=1 4 3 -5 5 -7
leaf_value=-0.002507788438554287 -0.022924636574885707 0.0078886548841469381 -0.0071416783866713289 0.011201042274885485 -0.0097503924191683668 0.0067469153839493437
leaf_weight=77.739118862391479 12.677658001117377 32.549172371116583 17.772623015029239 97.610615357290953 89.191103599634516 26.978013789048418
leaf_count=5981 7094 2438 470 1820 7454 912
internal_value=0 -0.00462391 0.00387399 0.00820993 -0.00265277 -0.00578405
internal_weight=354.518 161.396 193.122 115.383 148.718 116.169
internal_count=26169 17898 8271 2290 10804 8366
is_linear=0
shrinkage=0.025


Tree=174
num_leaves=7
num_cat=0
split_feature=1 60 43 61 9 20
split_gain=10.0364 8.10995 8.41701 11.1092 6.91894 5.62008
threshold=0.45557285845279699 0.68000000000000005 1.0000000180025095e-35 0.71629350000000003 0.95350000000000013 0.67242050000000009
decision_type=2 2 2 2 2 2
left_child=-1 2 4 -4 -2 -3
right_child=1 5 3 -5 -6 -7
leaf_value=-0.015230205406846588 0.0023906835707206871 -0.017760882850662123 -0.017622307325980188 0.013834719516331343 0.012572882193604338 -0.0018831445264337254
leaf_weight=22.643099713252013 162.31148187352665 15.937778136238192 21.234328600345183 7.5249639949761322 56.047764829738298 67.281854366628977
leaf_count=11440 6368 2249 1803 85 806 3418
internal_value=0 0.00115051 0.00344251 -0.00866338 0.00515657 -0.00545535
internal_weight=352.981 330.338 247.119 28.7593 218.359 83.2196
internal_count=26169 14729 9062 1888 7174 5667
is_linear=0
shrinkage=0.025


Tree=175
num_leaves=7
num_cat=0
split_feature=19 17 39 84 60 22
split_gain=10.3243 8.7657 8.35892 11.7495 8.18306 6.66942
threshold=0.68318650000000003 0.64358250000000006 1.0000000180025095e-35 0.97545919903643485 0.68000000000000005 0.49268850000000003
decision_type=2 2 2 2 2 2
left_child=1 -1 3 -2 5 -4
right_child=2 -3 4 -5 -6 -7
leaf_value=-0.016292005223420173 -0.01582702194593234 0.00011587248953086982 0.0037290458620536943 0.010226982025223114 -0.0033805684592273194 0.014907429057201061
leaf_weight=37.04447587391769 30.150195189627993 39.701901049120352 122.29757498016988 13.695708300729164 61.86432803288335 46.734039347385988
leaf_count=12428 2295 3692 3493 135 3559 567
internal_value=0 -0.0079577 0.00227462 -0.00738732 0.00420633 0.00704289
internal_weight=351.488 76.7464 274.742 43.8459 230.896 169.032
internal_count=26169 16120 10049 2430 7619 4060
is_linear=0
shrinkage=0.025


Tree=176
num_leaves=7
num_cat=0
split_feature=62 61 44 9 41 60
split_gain=10.1437 8.75915 8.07718 7.559 7.11787 6.11902
threshold=0.75000000000000011 0.56964300000000001 0.049005000000000007 0.78000000000000014 1.0000000180025095e-35 0.82000000000000017
decision_type=2 2 2 2 2 2
left_child=1 2 -1 4 -3 -4
right_child=-2 3 5 -5 -6 -7
leaf_value=-0.011361267744387124 -0.0095025823981434599 0.0069478684774484465 0.0033693725067553077 0.01154249552369032 -0.018054829462380781 -0.01017845299011908
leaf_weight=36.819466143930185 56.096580983503372 13.764488012762742 133.94854104386468 76.69550507736858 10.000493616913444 21.951774403671152
leaf_count=8041 10461 331 3895 1738 405 1298
internal_value=0 0.00188318 -0.00120815 0.00778379 -0.00395739 0.00127597
internal_weight=349.277 293.18 192.72 100.46 23.765 155.9
internal_count=26169 15708 13234 2474 736 5193
is_linear=0
shrinkage=0.025


Tree=177
num_leaves=7
num_cat=0
split_feature=1 31 9 6 48 9
split_gain=10.0202 8.07386 6.09034 6.69213 5.27585 4.7671
threshold=0.61158692836761486 0.66279750000000004 0.29000000000000009 0.52384150000000007 0.37386650000000005 0.78000000000000014
decision_type=2 2 2 2 2 2
left_child=2 4 -1 -4 -2 -6
right_child=1 -3 3 -5 5 -7
leaf_value=-0.017329452682236408 -0.016325383207239391 0.021828577830423909 0.0073827594008656324 -0.0056072671765150283 -0.0040846250515563969 0.0054362368795031635
leaf_weight=18.581600223122223 6.5159941039164542 11.958198609412646 29.334640570741612 106.06081462493239 40.019227390323067 136.02363441704074
leaf_count=11353 276 275 2075 7797 1474 2919
internal_value=0 0.00375112 -0.00472296 -0.00264658 0.00224081 0.003196
internal_weight=348.494 194.517 153.977 135.395 182.559 176.043
internal_count=26169 4944 21225 9872 4669 4393
is_linear=0
shrinkage=0.025


Tree=178
num_leaves=7
num_cat=0
split_feature=19 29 6 21 17 19
split_gain=9.70675 8.5797 7.85424 11.106 7.84519 6.00492
threshold=0.68318650000000003 0.60023650000000017 0.53097800000000006 0.77400000000000013 0.64358250000000006 0.6698900000000001
decision_type=2 2 2 2 2 2
left_child=4 2 -2 -4 -1 -6
right_child=1 -3 3 -5 5 -7
leaf_value=-0.015792224545613371 0.015239705433336723 0.012423911481456787 -0.010537742057014902 0.00224320754632471 0.0052165870325070647 -0.016433639699839377
leaf_weight=36.10745587198835 17.571775547781726 40.833855611534091 55.093353552059853 158.1107267386833 31.211422507982206 8.0000655808253196
leaf_count=12428 694 398 3519 5438 3063 629
internal_value=0 0.00221223 0.000254065 -0.00110276 -0.00779236 0
internal_weight=346.929 271.61 230.776 213.204 75.3189 39.2115
internal_count=26169 10049 9651 8957 16120 3692
is_linear=0
shrinkage=0.025


Tree=179
num_leaves=7
num_cat=0
split_feature=62 61 44 9 41 60
split_gain=9.829 7.94883 8.01379 7.49323 6.6978 6.0271
threshold=0.75000000000000011 0.56964300000000001 0.049005000000000007 0.78000000000000014 1.0000000180025095e-35 0.82000000000000017
decision_type=2 2 2 2 2 2
left_child=1 2 -1 4 -3 -4
right_child=-2 3 5 -5 -6 -7
leaf_value=-0.011327953423435696 -0.0093781829732722706 0.0064247180827277928 0.0034660846489363351 0.011274926117913774 -0.017906674747462801 -0.010041281403787509
leaf_weight=36.01982606189631 55.743826292375161 13.661633521434853 132.53641051743398 75.990929439140018 9.9143677075626311 21.723906555565918
leaf_count=8041 10461 331 3895 1738 405 1298
internal_value=0 0.0018684 -0.00109732 0.00750991 -0.00420755 0.00137827
internal_weight=345.591 289.847 190.28 99.5669 23.576 154.26
internal_count=26169 15708 13234 2474 736 5193
is_linear=0
shrinkage=0.025


Tree=180
num_leaves=7
num_cat=0
split_feature=1 29 62 47 34 37
split_gain=9.04843 7.18142 8.11151 8.76424 5.81103 2.25532
threshold=0.45557285845279699 0.91839300000000013 0.41666666666666669 0.77426000000000006 0.75558900000000007 1.0000000180025095e-35
decision_type=2 2 2 2 2 2
left_child=5 2 4 -4 -2 -1
right_child=1 -3 3 -5 -6 -7
leaf_value=-0.017537909421505356 0.012109351654363465 0.012427002873822163 -0.0063522511472903238 0.0032181695049343755 -0.0065782762594161111 0.0026378143557731024
leaf_weight=19.082943281111515 45.27399127620447 29.081316082854755 133.87121957782438 103.11185272588045 10.89927554951282 2.5526931695931117
leaf_count=10682 1324 246 11227 1785 147 758
internal_value=0 0.00109763 -9.22337e-05 -0.00216148 0.00820847 -0.0147683
internal_weight=343.873 322.238 293.156 236.983 56.1733 21.6356
internal_count=26169 14729 14483 13012 1471 11440
is_linear=0
shrinkage=0.025


Tree=181
num_leaves=7
num_cat=0
split_feature=62 61 44 9 41 60
split_gain=9.15036 7.49036 7.74166 7.07021 6.09699 5.78515
threshold=0.75000000000000011 0.56964300000000001 0.049005000000000007 0.78000000000000014 1.0000000180025095e-35 0.82000000000000017
decision_type=2 2 2 2 2 2
left_child=1 2 -1 4 -3 -4
right_child=-2 3 5 -5 -6 -7
leaf_value=-0.011200190554791987 -0.0091129089469707044 0.0060040898243542366 0.0034061100684757125 0.01098707372210291 -0.017356665017034457 -0.0098794411359547241
leaf_weight=35.561252113649971 54.969661762039323 13.546950547141025 131.75778164167787 75.231984489422757 9.6922664103331027 21.521103574650624
leaf_count=8041 10461 331 3895 1738 405 1298
internal_value=0 0.00180709 -0.00107825 0.00731671 -0.00413842 0.00135597
internal_weight=342.281 287.311 188.84 98.4712 23.2392 153.279
internal_count=26169 15708 13234 2474 736 5193
is_linear=0
shrinkage=0.025


Tree=182
num_leaves=7
num_cat=0
split_feature=1 61 44 0 22 21
split_gain=8.61322 6.73763 12.0271 8.22984 4.92822 4.60894
threshold=0.45557285845279699 0.71629350000000003 0.054404500000000001 0.48566650000000006 0.47295250000000005 0.77400000000000013
decision_type=2 2 2 2 2 2
left_child=-1 2 4 -4 -2 -3
right_child=1 5 3 -5 -6 -7
leaf_value=-0.014554550562958506 -0.01380155031402097 -0.011393731671389807 0.0092444987083952438 -0.0011196827217535494 0.0054781028129784774 0.011577769761774492
leaf_weight=21.173428236410473 46.568196463864297 3.7572493078187099 67.268064967829559 147.72430250709658 7.8435920324118333 46.592895549139939
leaf_count=11440 5461 250 1872 5287 245 1614
internal_value=0 0.00106921 -0.000496633 0.00215188 -0.01075 0.00924014
internal_weight=340.928 319.754 269.404 214.992 54.4118 50.3501
internal_count=26169 14729 12865 7159 5706 1864
is_linear=0
shrinkage=0.025


Tree=183
num_leaves=7
num_cat=0
split_feature=19 17 39 84 46 0
split_gain=8.83057 8.96572 7.96793 10.526 7.41795 7.88232
threshold=0.68318650000000003 0.64358250000000006 1.0000000180025095e-35 0.97545919903643485 0.58423250000000004 0.80776700000000012
decision_type=2 2 2 2 2 2
left_child=1 -1 3 -2 -4 -6
right_child=2 -3 4 -5 5 -7
leaf_value=-0.01641106864657264 -0.015598055589440087 0.0005642564953335917 0.006508384452244444 0.0095124096361246871 -0.016194386527558821 0.0031508596772649358
leaf_weight=34.242751523714105 29.019706250364834 38.947888418979346 172.89747524922132 13.12118572834879 18.377491524297511 32.552533552952809
leaf_count=12428 2295 3692 4740 135 1033 1846
internal_value=0 -0.00754189 0.00212632 -0.00748867 0.00403796 -0.004097
internal_weight=339.159 73.1906 265.968 42.1409 223.828 50.93
internal_count=26169 16120 10049 2430 7619 2879
is_linear=0
shrinkage=0.025


Tree=184
num_leaves=7
num_cat=0
split_feature=9 85 61 44 2 0
split_gain=8.60284 7.82769 7.67058 8.89598 9.43317 5.49259
threshold=0.75000000000000011 0.013423423423423427 0.71629350000000003 0.054404500000000001 0.75098425149917614 0.43580000000000002
decision_type=2 2 2 2 2 2
left_child=1 -1 3 -2 -5 -3
right_child=2 5 -4 4 -6 -7
leaf_value=0.0087045525313621426 -0.010599888690745086 -0.0016611395115546442 0.013064429072511874 0.00089755970717180715 0.019764014033751179 -0.014896514707587067
leaf_weight=15.878285073151345 33.768232822258142 37.1460626197495 34.402865209616721 154.76484961887036 16.272164947586134 45.344121643031031
leaf_count=2257 2008 8034 1333 4684 145 7708
internal_value=0 -0.00613268 0.00255926 0.000616138 0.00300177 -0.00926364
internal_weight=337.577 98.3685 239.208 204.805 171.037 82.4902
internal_count=26169 17999 8170 6837 4829 15742
is_linear=0
shrinkage=0.025


Tree=185
num_leaves=7
num_cat=0
split_feature=1 6 60 43 83 31
split_gain=8.78338 8.52039 7.90951 9.23224 8.32669 8.1317
threshold=0.72051924467086803 0.70910850000000014 0.68000000000000005 1.0000000180025095e-35 0.98772959951821748 0.34591200000000005
decision_type=2 2 2 2 2 2
left_child=2 -2 3 5 -4 -1
right_child=1 -3 4 -5 -6 -7
leaf_value=-0.00024525948427395319 -0.0043245355173320973 0.019123815571905702 -0.012110524660643319 -0.012752086994626459 0.0085096613812750653 0.010994127555287654
leaf_weight=147.46102264123328 13.051930930814704 24.516777902143076 62.395640974325943 24.702518369211248 12.679130444972541 52.052784300365602
leaf_count=11368 239 482 8480 3673 142 1785
internal_value=0 0.0109976 -0.00146015 0.000875949 -0.00835324 0.00274353
internal_weight=336.86 37.5687 299.291 224.216 75.0748 199.514
internal_count=26169 721 25448 16826 8622 13153
is_linear=0
shrinkage=0.025


Tree=186
num_leaves=7
num_cat=0
split_feature=2 9 19 0 47 2
split_gain=8.4068 8.63231 6.79879 6.55762 7.15829 5.96958
threshold=0.68425273895263683 0.29000000000000009 0.77163700000000002 0.48566650000000006 0.80572300000000008 0.75944644212722789
decision_type=2 2 2 2 2 2
left_child=1 -1 5 -3 -5 -2
right_child=2 3 -4 4 -6 -7
leaf_value=-0.017591640555215466 -0.0011702472350889257 0.0046292145509334824 0.020808183208764465 -0.0093985624694696551 0.0017615177368618823 0.012981734710811592
leaf_weight=19.268552498651843 60.668303960730555 78.635303021357686 14.097728135995565 75.007134463758121 63.641725773108192 23.621434870379744
leaf_count=11607 1394 3733 343 7392 1228 472
internal_value=0 -0.00255403 0.00605177 -0.000995764 -0.00427347 0.0029546
internal_weight=334.94 236.553 98.3875 217.284 138.649 84.2897
internal_count=26169 23960 2209 12353 8620 1866
is_linear=0
shrinkage=0.025


Tree=187
num_leaves=7
num_cat=0
split_feature=9 85 61 62 0 21
split_gain=8.30311 7.34602 7.16613 7.1175 9.0966 5.90074
threshold=0.75000000000000011 0.016001024065540197 0.56964300000000001 0.58333333333333337 0.8454330000000001 0.77400000000000013
decision_type=2 2 2 2 2 2
left_child=1 -1 -2 5 -5 -4
right_child=2 -3 3 4 -6 -7
leaf_value=0.0049325536268579606 -0.00082402838455667305 -0.010091758638893215 -0.013599254772417536 0.0057298116250822104 -0.022352626556198168 0.016161326057653427
leaf_weight=25.374255163915223 147.01797803217778 71.864397416848078 2.3546603585127732 32.499870529049076 6.579147025011479 47.827129802666605
leaf_count=5035 5428 12964 121 897 573 1151
internal_value=0 -0.0060581 0.00253049 0.00802285 0 0.0140197
internal_weight=333.517 97.2387 236.279 89.2608 39.079 50.1818
internal_count=26169 17999 8170 2742 1470 1272
is_linear=0
shrinkage=0.025


Tree=188
num_leaves=7
num_cat=0
split_feature=29 62 47 15 32 0
split_gain=8.53911 8.32964 11.4507 7.08813 6.333 5.97341
threshold=0.31620650000000006 0.41666666666666669 0.74025750000000012 0.64275650000000006 0.10618000000000001 0.39753350000000004
decision_type=2 2 2 2 2 2
left_child=1 4 3 -3 -1 -6
right_child=-2 2 -4 -5 5 -7
leaf_value=-0.0058094552973819748 0.0064365662557410389 -0.016142306021797958 0.0020064125199567629 -0.0031476090000448955 -0.0034658756174948489 0.019036688306307677
leaf_weight=14.53540789146791 90.714198161564127 55.505518333688087 85.684465955127962 54.291459845917416 8.5726345064467768 22.939260500701494
leaf_count=1197 3419 13395 1956 5461 261 480
internal_value=0 -0.00245864 -0.00473865 -0.0100078 0.00678589 0.0128529
internal_weight=332.243 241.529 195.481 109.797 46.0473 31.5119
internal_count=26169 22750 20812 18856 1938 741
is_linear=0
shrinkage=0.025


Tree=189
num_leaves=7
num_cat=0
split_feature=1 31 39 19 6 2
split_gain=8.11526 7.34704 5.87431 5.84036 6.78144 4.43609
threshold=0.61158692836761486 0.66279750000000004 1.0000000180025095e-35 0.6857795000000001 0.52181500000000003 0.75944644212722789
decision_type=2 2 2 2 2 2
left_child=2 5 -1 -4 -5 -2
right_child=1 -3 3 4 -6 -7
leaf_value=-0.015026685967217793 0.00017517488650594965 0.020064056454037096 -0.008817764519224584 0.018718449792909264 -0.00089386661041476734 0.011513795351081173
leaf_weight=24.385641413187841 149.87022518981394 12.89406682300614 45.068319429195981 10.584216898860175 64.59304150211392 23.051563213113695
leaf_count=6034 4197 275 11374 420 3397 472
internal_value=0 0.00343707 -0.00439916 -0.00191047 0.00226828 0.00187911
internal_weight=330.447 185.816 144.631 120.246 75.1773 172.922
internal_count=26169 4944 21225 15191 3817 4669
is_linear=0
shrinkage=0.025


Tree=190
num_leaves=7
num_cat=0
split_feature=9 0 61 1 29 2
split_gain=7.90519 7.22771 8.73903 8.43341 7.15313 8.19208
threshold=0.75000000000000011 0.46670000000000006 0.70270150000000009 0.45899933576583868 1.0000000180025095e-35 0.67512935400009166
decision_type=2 2 2 2 2 2
left_child=1 3 -3 -1 5 -2
right_child=4 2 -4 -5 -6 -7
leaf_value=-0.018721252844071289 -0.0069460315277536031 -0.019962991435538827 0.00095374193926605526 0.006287701300260619 0.0068512906735090223 0.0062740785016984248
leaf_weight=8.0899554025272646 72.689424181400682 31.125022503234504 18.282595109310932 38.171098991981125 115.52145966867101 45.13775845640339
leaf_count=7258 4326 7367 697 2677 2596 1248
internal_value=0 -0.00596131 -0.0123813 0.000999168 0.00248131 -0.00178376
internal_weight=329.017 95.6687 49.4076 46.2611 233.349 117.827
internal_count=26169 17999 8064 9935 8170 5574
is_linear=0
shrinkage=0.025


Tree=191
num_leaves=7
num_cat=0
split_feature=39 84 22 44 85 60
split_gain=7.83878 10.143 9.40322 8.09753 10.5876 5.25293
threshold=1.0000000180025095e-35 0.97545919903643485 0.49268850000000003 0.054404500000000001 0.012579113924050636 0.82000000000000017
decision_type=2 2 2 2 2 2
left_child=1 -1 3 4 -2 -4
right_child=2 -3 5 -5 -6 -7
leaf_value=-0.015051927018940738 0.010968753132893272 0.0088432187444845069 0.013090709441872567 0.0019203215779097821 -0.014768494266153037 -0.0038062792331739503
leaf_weight=38.306881722151957 10.506322759880275 12.868990160233805 53.352557256992441 157.96640691317589 41.91359617773378 12.337869900096846
leaf_count=6619 767 177 877 6291 10184 1254
internal_value=0 -0.00874808 0.00168557 -0.000881276 -0.00918626 0.00976563
internal_weight=327.253 51.1759 276.077 210.386 52.4199 65.6904
internal_count=26169 6796 19373 17242 10951 2131
is_linear=0
shrinkage=0.025


Tree=192
num_leaves=7
num_cat=0
split_feature=1 31 9 48 47 84
split_gain=7.83281 7.05567 5.23501 5.21712 4.60956 4.25902
threshold=0.61158692836761486 0.66279750000000004 0.41000000000000009 0.33583350000000006 0.79605500000000007 0.96407056798623081
decision_type=2 2 2 2 2 2
left_child=2 5 -1 -4 -5 -2
right_child=1 -3 3 4 -6 -7
leaf_value=-0.016129069896637146 -0.00057050782046785527 0.019694535775659661 0.006922278341337202 -0.0089345686233100585 0.0020863315422911875 0.008017423104341689
leaf_weight=18.108367327580709 123.38359047549602 12.865263647807295 26.793341390570276 63.191917303869559 34.123358948534587 47.465352522558533
leaf_count=11993 4262 275 2203 6130 899 407
internal_value=0 0.00339065 -0.00436291 -0.00229245 -0.00502699 0.00184614
internal_weight=325.931 183.714 142.217 124.109 97.3153 170.849
internal_count=26169 4944 21225 9232 7029 4669
is_linear=0
shrinkage=0.025


Tree=193
num_leaves=7
num_cat=0
split_feature=60 39 22 31 20 43
split_gain=7.6869 8.29883 8.59378 8.13072 7.25804 7.15515
threshold=0.68000000000000005 1.0000000180025095e-35 0.49268850000000003 0.4765890000000001 0.67242050000000009 1.0000000180025095e-35
decision_type=2 2 2 2 2 2
left_child=1 5 3 -3 -2 -1
right_child=4 2 -4 -5 -6 -7
leaf_value=-0.00088039650241280697 -0.018878767199969993 -0.0013365825751359022 0.013300283753915038 0.013113043720612486 -0.0019132079735428794 -0.024092059232959769
leaf_weight=29.752234763906017 19.568258511833847 127.82280499800254 48.002772121340968 27.291005063176272 62.811687496912782 9.6178377932155836
leaf_count=2887 5336 10197 702 1055 3655 2337
internal_value=0 0.00224635 0.00431952 0.00131786 -0.00648359 -0.00785975
internal_weight=324.867 242.487 203.117 155.114 82.3799 39.3701
internal_count=26169 17178 11954 11252 8991 5224
is_linear=0
shrinkage=0.025


Tree=194
num_leaves=7
num_cat=0
split_feature=29 1 47 22 19 61
split_gain=7.73589 7.79404 6.99455 8.23851 6.30039 6.06683
threshold=0.91839300000000013 0.67171064019203197 0.94988050000000013 0.27243050000000008 0.76890650000000005 0.47455900000000001
decision_type=2 2 2 2 2 2
left_child=1 2 3 -1 -3 -4
right_child=-2 4 5 -5 -6 -7
leaf_value=0.0015182553768689315 0.012154130422506369 0.0018262411362899177 -0.014952705472825437 -0.0094962725377378265 0.020020355694065357 0.01010392590395663
leaf_weight=62.362287917079811 27.263370288656006 65.300638288172195 4.7790458272211245 119.0000782156676 12.653991722501813 32.036602657928597
leaf_count=11386 321 1584 120 12029 424 305
internal_value=0 -0.00121135 -0.00365445 -0.00569214 0.00541869 0.00588478
internal_weight=323.396 296.133 218.178 181.362 77.9546 36.8156
internal_count=26169 25848 23840 23415 2008 425
is_linear=0
shrinkage=0.025


Tree=195
num_leaves=7
num_cat=0
split_feature=19 17 20 62 0 48
split_gain=7.56804 8.25317 7.48198 5.95668 6.02862 6.20512
threshold=0.7009645000000001 0.64358250000000006 0.67972750000000015 0.58333333333333337 0.84440000000000015 0.66160000000000008
decision_type=2 2 2 2 2 2
left_child=1 -1 -3 -2 5 -5
right_child=3 2 -4 4 -6 -7
leaf_value=-0.012949116187518634 0.0065879962600995925 0.0078986149193911483 -0.0082931773223530545 -0.0049432907515919063 -0.016627507861546726 0.0085007817775743198
leaf_weight=46.426275390042065 114.92627181732678 36.66521445165381 30.150895676837536 47.373768151548575 12.03625056187593 34.951747734114178
leaf_count=13966 2529 3608 1267 2876 1082 841
internal_value=0 -0.00514056 0.000430221 0.00280932 -0.00175377 0.000743628
internal_weight=322.53 113.242 66.8161 209.288 94.3618 82.3255
internal_count=26169 18841 4875 7328 4799 3717
is_linear=0
shrinkage=0.025


Tree=196
num_leaves=7
num_cat=0
split_feature=29 1 47 0 19 17
split_gain=7.32186 6.64754 6.9382 11.3651 6.27453 5.24279
threshold=0.60023650000000017 0.67171064019203197 0.79605500000000007 0.48220000000000002 0.76890650000000005 0.68798100000000006
decision_type=2 2 2 2 2 2
left_child=1 2 3 -1 -3 -4
right_child=-2 4 5 -5 -6 -7
leaf_value=-0.00016522616161599127 0.0092399239849710879 0.0010832423136570664 0.0068186440917468857 -0.014670855173320714 0.019597973203958372 -0.0075646869938204844
leaf_weight=72.466700032489825 43.542504764405749 61.173447223613039 49.417785662255483 62.893765012966469 12.038243167335166 20.014233654481359
leaf_count=11165 996 1541 1018 10581 421 447
internal_value=0 -0.00151666 -0.00384396 -0.0071124 0.0047898 0.0024321
internal_weight=321.547 278.004 204.792 135.36 73.2117 69.432
internal_count=26169 25173 23211 21746 1962 1465
is_linear=0
shrinkage=0.025


Tree=197
num_leaves=7
num_cat=0
split_feature=62 21 16 0 61 0
split_gain=7.42406 6.33103 6.65138 6.39093 5.20639 5.07317
threshold=0.75000000000000011 0.70400000000000007 0.59306800000000004 0.48220000000000002 0.72035700000000003 0.41233350000000007
decision_type=2 2 2 2 2 2
left_child=1 3 -3 5 -4 -1
right_child=-2 2 4 -5 -6 -7
leaf_value=-0.0022030223779164713 -0.0084751993166014613 -0.02044735043828471 0.0031884598931300858 -0.010729796122247027 0.014264936663718081 0.012517681330594367
leaf_weight=53.720051895073993 51.387417150042893 3.7176230229379135 121.77802587149199 38.619547930960834 33.675374390149955 17.100586278102128
leaf_count=5810 10461 245 2611 4515 1156 1371
internal_value=0 0.00168457 0.00485654 -0.00285603 0.00583112 0.00153776
internal_weight=319.999 268.611 159.171 109.44 155.453 70.8206
internal_count=26169 15708 4012 11696 3767 7181
is_linear=0
shrinkage=0.025


Tree=198
num_leaves=7
num_cat=0
split_feature=60 9 20 83 85 29
split_gain=7.39766 6.6646 6.2585 5.47668 5.87129 5.30241
threshold=0.68000000000000005 0.95350000000000013 0.67242050000000009 1.0000000180025095e-35 0.18333333333333338 1.0000000180025095e-35
decision_type=2 2 2 2 2 2
left_child=1 3 -2 -1 -5 -4
right_child=2 -3 5 4 -6 -7
leaf_value=0.0063629371165607757 -0.018150658676730214 0.0094254660493513671 -0.0086691297692650382 -0.0066765779713780756 0.0045191704693646282 0.0054187011400529351
leaf_weight=53.320691987602913 18.91638552846598 57.718269276490901 33.486347901613044 86.205139992003751 40.665841311420081 28.198495540651493
leaf_count=3057 5336 1078 2584 12518 525 1071
internal_value=0 0.00222264 -0.00643006 -0.000134048 -0.0030024 -0.0021325
internal_weight=318.511 237.91 80.6012 180.192 126.871 61.6848
internal_count=26169 17178 8991 16100 13043 3655
is_linear=0
shrinkage=0.025


Tree=199
num_leaves=7
num_cat=0
split_feature=60 39 22 31 43 20
split_gain=7.22202 7.62917 7.83426 7.57828 6.92407 6.23053
threshold=0.68000000000000005 1.0000000180025095e-35 0.49268850000000003 0.4765890000000001 1.0000000180025095e-35 0.67242050000000009
decision_type=2 2 2 2 2 2
left_child=1 4 3 -3 -1 -2
right_child=5 2 -4 -5 -6 -7
leaf_value=-0.00067854056149152281 -0.018140320618801525 -0.0012768785563487047 0.01289569617193796 0.012747369453529398 -0.023848017093259767 -0.0020895386137088877
leaf_weight=28.77605822444275 18.689263727794241 125.81611368615268 46.654288771096617 27.000824567767268 9.2681296507817006 61.43463602711563
leaf_count=2887 5336 10197 702 1055 2337 3655
internal_value=0 0.00219454 0.00418917 0.00130999 -0.00766124 -0.00637496
internal_weight=317.639 237.515 199.471 152.817 38.0442 80.1239
internal_count=26169 17178 11954 11252 5224 8991
is_linear=0
shrinkage=0.025


Tree=200
num_leaves=7
num_cat=0
split_feature=9 0 1 61 61 44
split_gain=7.19964 6.84495 7.61514 7.10851 6.53574 6.05219
threshold=0.75000000000000011 0.46670000000000006 0.48245425522327429 0.70270150000000009 0.71629350000000003 0.054404500000000001
decision_type=2 2 2 2 2 2
left_child=1 2 -1 -3 5 -2
right_child=4 3 -4 -5 -6 -7
leaf_value=-0.015772775444543141 -0.0090806474572234768 -0.019464277409574755 0.0067065327517588499 0 0.01248343102406157 0.0025699541651189087
leaf_weight=10.00727612869923 30.943367827567272 28.800467406865209 35.144312140379043 17.639672245190013 31.760936636477709 162.18556660009199
leaf_count=7817 2008 7367 2118 697 1333 4829
internal_value=0 -0.00581604 0.000974539 -0.0123095 0.00240662 0.000566363
internal_weight=316.482 91.5917 45.1516 46.4401 224.89 193.129
internal_count=26169 17999 9935 8064 8170 6837
is_linear=0
shrinkage=0.025


Tree=201
num_leaves=7
num_cat=0
split_feature=9 0 2 2 6 19
split_gain=6.99788 6.37838 6.94508 5.92077 6.70208 5.35309
threshold=0.75000000000000011 0.46670000000000006 0.53312915563583385 0.71935179829597484 0.70910850000000014 0.73203450000000003
decision_type=2 2 2 2 2 2
left_child=1 2 -1 -2 5 -5
right_child=3 -3 -4 4 -6 -7
leaf_value=-0.011280045324291568 0.0003204073708671041 -0.012070795199726982 0.0079990545954142858 0.0098361108162143863 0.018813612785630832 -0.014043625419979864
leaf_weight=15.89593823520954 182.17140768409445 45.910317920281159 29.217624096112559 10.805816910695286 23.33700204687193 7.9487184360623351
leaf_count=8444 7354 8064 1491 154 523 139
internal_value=0 -0.00575411 0.000786624 0.00237317 0.0105452 -0.000334536
internal_weight=315.287 91.0239 45.1136 224.263 42.0915 18.7545
internal_count=26169 17999 9935 8170 816 293
is_linear=0
shrinkage=0.025


Tree=202
num_leaves=7
num_cat=0
split_feature=19 17 29 18 6 2
split_gain=7.10458 7.20626 6.97518 6.8253 5.71325 7.81562
threshold=0.68318650000000003 0.64358250000000006 0.91839300000000013 0.64187500000000008 0.53097800000000006 0.71935179829597484
decision_type=2 2 2 2 2 2
left_child=1 -1 4 -3 -2 -6
right_child=2 3 -4 -5 5 -7
leaf_value=-0.015643061790601813 0.013862996941961967 0.01134007691924087 0.014615173556326438 -0.0086935627359987465 -0.0031181632398990552 0.0085333235603383354
leaf_weight=30.04754043887624 16.054994267949951 16.872086294022665 22.171505388338119 20.99517648586334 165.16092659241258 43.198135707119945
leaf_count=12428 705 2022 157 1670 8192 995
internal_value=0 -0.00701158 0.00198213 0.000165336 0.000548184 -0.000588484
internal_weight=314.5 67.9148 246.586 37.8673 224.414 208.359
internal_count=26169 16120 10049 3692 9892 9187
is_linear=0
shrinkage=0.025


Tree=203
num_leaves=7
num_cat=0
split_feature=60 39 31 61 43 20
split_gain=6.69417 6.85336 6.9799 9.28129 6.58852 5.71601
threshold=0.68000000000000005 1.0000000180025095e-35 0.31505900000000003 0.71629350000000003 1.0000000180025095e-35 0.68995650000000019
decision_type=2 2 2 2 2 2
left_child=1 4 3 -3 -1 -2
right_child=5 2 -4 -5 -6 -7
leaf_value=-0.00051075681676511313 -0.015735615806314818 -0.0025220993149481195 0.010518482634683607 0.014182688089134638 -0.023386840541377591 -0.0013275943419368465
leaf_weight=28.582870369114971 24.094901502256107 107.77130496223799 65.797014201110869 23.065006990684196 8.8842592249566206 54.739990550129733
leaf_count=2887 5884 9406 2168 380 2337 3107
internal_value=0 0.00212691 0.0040317 0.000567852 -0.00727767 -0.00618712
internal_weight=312.935 234.1 196.633 130.836 37.4671 78.8349
internal_count=26169 17178 11954 9786 5224 8991
is_linear=0
shrinkage=0.025


Tree=204
num_leaves=7
num_cat=0
split_feature=29 62 47 16 49 0
split_gain=6.81587 7.26498 8.15743 5.95164 5.52861 4.40057
threshold=0.91839300000000013 0.41666666666666669 0.8716965000000001 0.68085450000000003 1.0000000180025095e-35 0.38213350000000007
decision_type=2 2 2 2 2 2
left_child=1 5 4 -4 -3 -1
right_child=-2 2 3 -5 -6 -7
leaf_value=-0.0056667339947020215 0.011726869321017281 0.00025904935419252158 -0.0054194965936696718 0.0088707053164419451 -0.0094160466508092025 0.010678699537444318
leaf_weight=10.932942232357162 25.714896371904615 52.776190720829618 25.864628388560959 47.256943378219148 107.42585710065032 41.474379500396026
leaf_count=845 321 6969 477 599 15564 1394
internal_value=0 -0.00114794 -0.00307154 0.0036882 -0.00621994 0.00700668
internal_weight=311.446 285.731 233.324 73.1216 160.202 52.4073
internal_count=26169 25848 23609 1076 22533 2239
is_linear=0
shrinkage=0.025


Tree=205
num_leaves=7
num_cat=0
split_feature=1 29 32 0 61 19
split_gain=6.63576 5.40306 4.58628 7.26797 6.70907 2.55604
threshold=0.45557285845279699 0.65961650000000016 0.43975000000000003 0.85073300000000007 0.71629350000000003 0.68500100000000008
decision_type=2 2 2 2 2 2
left_child=-1 2 4 -4 -2 -3
right_child=1 5 3 -5 -6 -7
leaf_value=-0.013818959988231405 -0.0046448259119118108 -0.0040564227417879623 0.0078162432565850159 -0.017828281509945778 0.0071633440674699249 0.012154325287184681
leaf_weight=17.817488582924852 153.86529542177959 5.1968730406952082 61.637489089072915 5.1945988025981924 34.432276874722447 31.918744881055318
leaf_count=11440 10492 205 1618 499 1620 295
internal_value=0 0.000952574 -0.000344868 0.0051258 -0.00237414 0.0095509
internal_weight=310.063 292.245 255.13 66.8321 188.298 37.1156
internal_count=26169 14729 14229 2117 12112 500
is_linear=0
shrinkage=0.025


Tree=206
num_leaves=7
num_cat=0
split_feature=21 0 2 62 16 43
split_gain=6.6586 7.72831 6.53557 6.05855 7.46678 5.70289
threshold=0.70400000000000007 0.48566650000000006 0.53312915563583385 0.58333333333333337 0.63735150000000018 1.0000000180025095e-35
decision_type=2 2 2 2 2 2
left_child=1 2 -1 4 -2 -5
right_child=3 -3 -4 5 -6 -7
leaf_value=-0.0093705130671260413 -0.0086455775107865222 -0.012012930184755098 0.0052955044190971775 0.00040033137894570725 0.0098607004236586117 -0.019447101697125657
leaf_weight=25.78500322407308 13.587077984746427 47.692597793407913 55.000081782476627 72.245682007443975 86.747404833149631 7.713331071783613
leaf_count=10029 394 7178 2228 3418 1896 1026
internal_value=0 -0.00430236 0.000368577 0.00308279 0.00712028 -0.00193971
internal_weight=308.771 128.478 80.7851 180.293 100.334 79.959
internal_count=26169 19435 12257 6734 2290 4444
is_linear=0
shrinkage=0.025


Tree=207
num_leaves=7
num_cat=0
split_feature=21 0 2 62 16 43
split_gain=6.41496 7.43293 6.44872 5.75807 6.76951 5.51009
threshold=0.70400000000000007 0.48566650000000006 0.53312915563583385 0.58333333333333337 0.63735150000000018 1.0000000180025095e-35
decision_type=2 2 2 2 2 2
left_child=1 2 -1 4 -2 -5
right_child=3 -3 -4 5 -6 -7
leaf_value=-0.0094048993308311086 -0.0080651981975928492 -0.011829973720417655 0.0052059854488210365 0.0004166618907257987 0.0095859746959715639 -0.019204858961065892
leaf_weight=25.493249164788722 13.521288723815813 47.31700978725712 55.210759644462087 72.14325209321396 86.447458762588212 7.581713761734135
leaf_count=10029 394 7178 2228 3418 1896 1026
internal_value=0 -0.00423048 0.000341542 0.00303066 0.00697465 -0.00187008
internal_weight=307.715 128.021 80.704 179.694 99.9687 79.725
internal_count=26169 19435 12257 6734 2290 4444
is_linear=0
shrinkage=0.025


Tree=208
num_leaves=7
num_cat=0
split_feature=39 84 60 22 31 20
split_gain=6.44629 7.24929 7.04613 6.9892 6.73331 4.36486
threshold=1.0000000180025095e-35 0.97545919903643485 0.68000000000000005 0.49268850000000003 0.4765890000000001 0.67242050000000009
decision_type=2 2 2 2 2 2
left_child=1 -1 3 4 -2 -4
right_child=2 -3 5 -5 -6 -7
leaf_value=-0.013924280066430048 -0.0012175028578683166 0.007070235820832653 -0.016115451478547087 0.012431116297401231 0.012202231118543135 -0.0013596771892595289
leaf_weight=34.686409099929733 122.15183991134109 11.813609964621717 14.979783545028111 44.468600643507671 26.106569819421566 52.023292821832001
leaf_count=6619 10197 177 4199 702 1055 3220
internal_value=0 -0.00832333 0.00155529 0.00400135 0.00125068 -0.0052455
internal_weight=306.23 46.5 259.73 192.727 148.258 67.0031
internal_count=26169 6796 19373 11954 11252 7419
is_linear=0
shrinkage=0.025


Tree=209
num_leaves=7
num_cat=0
split_feature=29 62 9 32 48 0
split_gain=6.38255 6.45085 7.01892 6.20563 5.69627 4.80927
threshold=0.91839300000000013 0.41666666666666669 0.73000000000000009 0.17192500000000002 0.67393350000000007 0.39753350000000004
decision_type=2 2 2 2 2 2
left_child=1 3 -3 -1 -4 -5
right_child=-2 2 4 5 -6 -7
leaf_value=-0.003490364695479151 0.011450547156645615 -0.010579864321071449 -0.003117051554477807 -0.0025735131456378459 0.0069955782175380975 0.018525481079888034
leaf_weight=20.521356744488003 25.205085474426596 54.495713454958604 129.15656328513069 7.4494115962006644 44.700925986166112 23.445820635293785
leaf_count=1522 321 15419 6382 230 1808 487
internal_value=0 -0.00112388 -0.00295941 0.00662507 -0.000405044 0.0133643
internal_weight=304.975 279.77 228.353 51.4166 173.857 30.8952
internal_count=26169 25848 23609 2239 8190 717
is_linear=0
shrinkage=0.025


Tree=210
num_leaves=7
num_cat=0
split_feature=29 1 60 83 83 32
split_gain=6.3687 6.33751 6.10982 5.03601 4.17187 4.17097
threshold=0.91839300000000013 0.67171064019203197 0.68000000000000005 1.0000000180025095e-35 0.86512474012474028 0.49415000000000003
decision_type=2 2 2 2 2 2
left_child=1 2 3 -1 -4 -3
right_child=-2 5 4 -5 -6 -7
leaf_value=0.0060757086340891796 0.011412787416227105 0.0011289603113471738 -0.016931044003253511 -0.0037060666660795175 -0.0021961470276122903 0.014414305988515112
leaf_weight=43.886599160730839 25.308546693202516 55.283640268695308 27.57297597847537 109.06358595966776 23.95856047610323 18.83615714876214
leaf_count=2911 321 1669 6878 13066 985 339
internal_value=0 -0.00112903 -0.00341892 -0.000790482 -0.0106609 0.00497954
internal_weight=303.91 278.602 204.482 152.95 51.5315 74.1198
internal_count=26169 25848 23840 15977 7863 2008
is_linear=0
shrinkage=0.025


Tree=211
num_leaves=7
num_cat=0
split_feature=29 62 19 50 61 44
split_gain=6.25689 5.9636 6.08819 4.81166 4.7819 6.97295
threshold=0.60023650000000017 0.58333333333333337 0.71974850000000001 1.0000000180025095e-35 0.71629350000000003 0.15442000000000003
decision_type=2 2 2 2 2 2
left_child=1 2 3 -1 5 -3
right_child=-2 4 -4 -5 -6 -7
leaf_value=-0.0052871080590160572 0.0087829188031880289 -0.01553405137500816 0.0069602257285054482 0.014873310763019166 0.0050231556333695318 -0.0019473235088786119
leaf_weight=65.924092719345936 41.033740290200512 40.194127325119553 72.308179708139505 5.7026306846455546 19.433491911913734 58.600502313602192
leaf_count=5771 996 12282 1912 245 820 4143
internal_value=0 -0.00144468 0.00191837 -0.00311649 -0.00556639 -0.00780836
internal_weight=303.197 262.163 143.935 71.6267 118.228 98.7946
internal_count=26169 25173 7928 6016 17245 16425
is_linear=0
shrinkage=0.025


Tree=212
num_leaves=7
num_cat=0
split_feature=39 84 60 22 31 20
split_gain=6.20251 6.76004 6.72588 6.55039 6.43898 4.28768
threshold=1.0000000180025095e-35 0.97545919903643485 0.68000000000000005 0.49268850000000003 0.4765890000000001 0.67242050000000009
decision_type=2 2 2 2 2 2
left_child=1 -1 3 4 -2 -4
right_child=2 -3 5 -5 -6 -7
leaf_value=-0.013713411560694642 -0.0011625149673082946 0.0067526677345403525 -0.016079731509464148 0.012161056264923998 0.012055014253923531 -0.0013012384116900374
leaf_weight=33.946552284163772 121.02006772375717 11.552406939568753 14.591035589770398 43.748206841468345 25.658716439415002 51.142944891937077
leaf_count=6619 10197 177 4199 702 1055 3220
internal_value=0 -0.00825362 0.0015316 0.00393043 0.00125427 -0.00517882
internal_weight=301.66 45.499 256.161 190.427 146.679 65.734
internal_count=26169 6796 19373 11954 11252 7419
is_linear=0
shrinkage=0.025


Tree=213
num_leaves=7
num_cat=0
split_feature=21 0 31 59 62 16
split_gain=6.22659 6.83882 5.5727 6.60846 5.53998 6.29635
threshold=0.70400000000000007 0.48566650000000006 0.31926400000000005 1.0000000180025095e-35 0.58333333333333337 0.63735150000000018
decision_type=2 2 2 2 2 2
left_child=1 2 3 -1 5 -2
right_child=4 -3 -4 -5 -6 -7
leaf_value=-0.014511460647627712 -0.0076077632292962521 -0.011617975383734661 0.0088000852634604974 0.002851902432360701 -0.0018442095840424111 0.0094789193829856802
leaf_weight=21.183893082601571 13.438407965863005 45.975805585661874 28.092450675174405 29.483357230565161 78.069024526354042 84.539523334504338
leaf_count=7160 394 7178 1578 3519 4444 1896
internal_value=0 -0.00422601 0.000206027 -0.00458411 0.00301153 0.00691729
internal_weight=300.782 124.736 78.7597 50.6673 176.047 97.9779
internal_count=26169 19435 12257 10679 6734 2290
is_linear=0
shrinkage=0.025


Tree=214
num_leaves=7
num_cat=0
split_feature=39 29 62 84 15 19
split_gain=6.16646 6.71824 8.0476 6.33211 6.1902 5.78977
threshold=1.0000000180025095e-35 1.0000000180025095e-35 0.41666666666666669 0.97545919903643485 0.48619900000000005 0.6478155000000001
decision_type=2 2 2 2 2 2
left_child=3 2 -2 -1 -4 -3
right_child=1 5 4 -5 -6 -7
leaf_value=-0.013571167414114325 0.0086592815346982835 -0.014622411035200709 -0.016352214910140838 0.0063413555968243485 -0.001959484508943325 0.0075913960276269565
leaf_weight=33.61519831593796 31.618948615017871 5.3398943204119851 21.977976868742189 11.406419815553816 91.184903907245825 104.69051072260845
leaf_count=6619 1287 1972 3342 177 9415 3357
internal_value=0 0.00152806 -0.00195813 -0.00827392 -0.00512345 0.00613467
internal_weight=299.834 254.812 144.782 45.0216 113.163 110.03
internal_count=26169 19373 14044 6796 12757 5329
is_linear=0
shrinkage=0.025


Tree=215
num_leaves=7
num_cat=0
split_feature=39 60 22 43 31 47
split_gain=6.29459 6.55978 6.34764 6.17153 6.01966 4.52649
threshold=1.0000000180025095e-35 0.68000000000000005 0.49268850000000003 1.0000000180025095e-35 0.4765890000000001 0.93479450000000008
decision_type=2 2 2 2 2 2
left_child=3 2 4 5 -2 -1
right_child=1 -3 -4 -5 -6 -7
leaf_value=-0.0089595679946596635 -0.0010869284206794954 -0.0051350491283511466 0.012002733607905658 -0.024368647520464304 0.011743730322958536 0.0083508358112907299
leaf_weight=23.729236620081792 120.00868003108189 64.768200386995886 43.814468675467651 9.1022384389398194 25.427030275306606 12.013440924230961
leaf_count=4186 10197 7419 702 2500 1055 110
internal_value=0 0.00154583 0.00391504 -0.00837543 0.0012577 -0.00274702
internal_weight=298.863 254.018 189.25 44.8449 145.436 35.7427
internal_count=26169 19373 11954 6796 11252 4296
is_linear=0
shrinkage=0.025


Tree=216
num_leaves=7
num_cat=0
split_feature=19 17 20 84 1 0
split_gain=5.91945 7.19123 6.52344 5.18584 5.29833 5.29328
threshold=0.7009645000000001 0.64358250000000006 0.67972750000000015 0.13263674165689307 0.72051924467086803 0.77950000000000008
decision_type=2 2 2 2 2 2
left_child=1 -1 -3 -2 -5 -6
right_child=3 2 -4 4 5 -7
leaf_value=-0.012498081867780175 0.012591437370415605 0.007779865798077751 -0.0078001930698935965 -0.0010775200115763896 -0.0026362726532619418 0.018467865864656628
leaf_weight=41.489821071005281 25.380277378120809 34.166511212370096 28.359325953948428 141.26968010166456 10.205742483260112 16.524627262959257
leaf_count=13966 974 3608 1267 5785 218 351
internal_value=0 -0.00474331 0.000550579 0.00257931 0.000852984 0.0105746
internal_weight=297.396 104.016 62.5258 193.38 168 26.7304
internal_count=26169 18841 4875 7328 6354 569
is_linear=0
shrinkage=0.025


Tree=217
num_leaves=7
num_cat=0
split_feature=21 0 1 62 16 17
split_gain=5.7839 6.69783 5.26784 5.19299 6.14873 5.10407
threshold=0.70400000000000007 0.48566650000000006 0.50750878453254711 0.58333333333333337 0.63735150000000018 0.71674700000000013
decision_type=2 2 2 2 2 2
left_child=1 2 -1 4 -2 -6
right_child=3 -3 -4 -5 5 -7
leaf_value=-0.01003985687028199 -0.0077115965684548815 -0.011471324308609534 0.004226890001930687 -0.0018012604434284392 0.013253748577659687 0
leaf_weight=19.537397365713332 13.210599413199814 45.303204731670121 57.895171436517558 77.117443027411355 57.77837053622352 25.448130628559738
leaf_count=9784 394 7178 2473 4444 1493 403
internal_value=0 -0.00410693 0.000316284 0.00292145 0.00673657 0.00929001
internal_weight=296.29 122.736 77.4326 173.555 96.4371 83.2265
internal_count=26169 19435 12257 6734 2290 1896
is_linear=0
shrinkage=0.025


Tree=218
num_leaves=7
num_cat=0
split_feature=39 60 84 22 31 14
split_gain=5.85654 6.28605 5.78941 5.48583 5.4594 4.27324
threshold=1.0000000180025095e-35 0.68000000000000005 0.97545919903643485 0.49268850000000003 0.4765890000000001 1.0000000180025095e-35
decision_type=2 2 2 2 2 2
left_child=2 3 -1 4 -2 -5
right_child=1 -3 -4 5 -6 -7
leaf_value=-0.013284849683197883 -0.00090211659190658983 -0.0050741915193117113 0.0059362073821826273 0.00079954011915841497 0.011382410853322904 0.017319483696309236
leaf_weight=32.803154579221882 118.76380382877505 64.118078484321813 11.162793327734105 16.989482159726322 25.100982390235004 26.185643863456789
leaf_count=6619 10197 7419 177 372 1055 330
internal_value=0 0.0014947 -0.00815957 0.00382993 0.00133927 0.01141
internal_weight=295.124 251.158 43.9659 187.04 143.865 43.1751
internal_count=26169 19373 6796 11954 11252 702
is_linear=0
shrinkage=0.025


Tree=219
num_leaves=7
num_cat=0
split_feature=39 60 9 43 61 84
split_gain=5.69423 6.14882 6.41107 5.67851 5.32522 4.38136
threshold=1.0000000180025095e-35 0.68000000000000005 0.9900000000000001 1.0000000180025095e-35 0.71629350000000003 0.97545919903643485
decision_type=2 2 2 2 2 2
left_child=3 2 4 5 -2 -1
right_child=1 -3 -4 -5 -6 -7
leaf_value=-0.0082838688855876984 -0.00082039115760782367 -0.0050276391034915074 0.012222037685855952 -0.0237551878418409 0.012023940824116494 0.0094117617357574908
leaf_weight=24.878714055699675 124.04385152381474 63.994201035604419 41.103058863111073 8.6595791812123917 21.351465979591012 10.150876288418656
leaf_count=4173 10831 7419 736 2500 387 123
internal_value=0 0.00147369 0.00378782 -0.00807186 0.00117802 -0.00263751
internal_weight=294.182 250.493 186.498 43.6892 145.395 35.0296
internal_count=26169 19373 11954 6796 11218 4296
is_linear=0
shrinkage=0.025


Tree=220
num_leaves=7
num_cat=0
split_feature=39 43 60 9 84 0
split_gain=6.04649 6.0581 5.93427 5.39534 4.82455 4.48328
threshold=1.0000000180025095e-35 1.0000000180025095e-35 0.68000000000000005 0.9900000000000001 0.23820649755229198 0.80776700000000012
decision_type=2 2 2 2 2 2
left_child=1 -1 3 4 -2 -4
right_child=2 -3 5 -5 -6 -7
leaf_value=-0.0026679189159059843 0.010211061024392573 -0.024376606328396441 -0.01127507589635246 0.011537182592892983 -0.00085820722779154229 0.0014314648592482081
leaf_weight=34.78244367534171 28.271598571875074 8.802485542431894 31.367233024078814 41.142947862506844 116.5027209853306 32.422341426834464
leaf_count=4296 2862 2500 5221 736 8356 2198
internal_value=0 -0.00832664 0.0015215 0.00379794 0.00138063 -0.0048743
internal_weight=293.292 43.5849 249.707 185.917 144.774 63.7896
internal_count=26169 6796 19373 11954 11218 7419
is_linear=0
shrinkage=0.025


Tree=221
num_leaves=7
num_cat=0
split_feature=39 43 60 9 84 0
split_gain=5.7423 5.83256 5.724 5.10226 5.15445 4.49289
threshold=1.0000000180025095e-35 1.0000000180025095e-35 0.68000000000000005 0.9900000000000001 0.23820649755229198 0.80776700000000012
decision_type=2 2 2 2 2 2
left_child=1 -1 3 4 -2 -4
right_child=2 -3 5 -5 -6 -7
leaf_value=-0.0026119539571700465 0.010298057847438861 -0.024076602604516738 -0.011243693111980761 0.011264468002803917 -0.0009974141367716299 0.0014924600600162152
leaf_weight=34.702756983417203 29.370402800755983 8.5899026473234681 31.201866304892974 40.940967193309916 115.58962688318206 32.411567491129972
leaf_count=4296 2862 2500 5221 736 8356 2198
internal_value=0 -0.00814386 0.00147979 0.0037142 0.00136762 -0.00481111
internal_weight=292.807 43.2927 249.514 185.901 144.96 63.6134
internal_count=26169 6796 19373 11954 11218 7419
is_linear=0
shrinkage=0.025


Tree=222
num_leaves=7
num_cat=0
split_feature=39 43 19 29 6 17
split_gain=5.60509 5.77012 5.61811 5.05964 5.85534 4.7455
threshold=1.0000000180025095e-35 1.0000000180025095e-35 0.68318650000000003 0.75473800000000013 0.53097800000000006 0.62125900000000012
decision_type=2 2 2 2 2 2
left_child=1 -1 5 4 -4 -2
right_child=2 -3 3 -5 -6 -7
leaf_value=-0.0026342454983647461 -0.015791901719408322 -0.024255322717745709 0.015992216573105698 0.013850204608261946 0.00027868820446909647 -0.00013710442892414138
leaf_weight=34.659365347999483 16.112162048100799 8.2358349474998231 14.027304499264572 23.320011192350648 157.53496619639191 38.061061260143106
leaf_count=4296 7606 2500 565 203 6851 4148
internal_value=0 -0.00808539 0.00145907 0.00346546 0.00182497 -0.00543877
internal_weight=291.951 42.8952 249.056 194.882 171.562 54.1732
internal_count=26169 6796 19373 7619 7416 11754
is_linear=0
shrinkage=0.025


Tree=223
num_leaves=7
num_cat=0
split_feature=19 17 20 47 84 1
split_gain=5.50629 6.62563 6.55748 4.68148 4.62537 5.39563
threshold=0.7009645000000001 0.64358250000000006 0.67972750000000015 0.72273750000000014 0.13263674165689307 0.71458289027214061
decision_type=2 2 2 2 2 2
left_child=1 3 -3 -1 -2 -6
right_child=4 2 -4 -5 5 -7
leaf_value=-0.016793486388052739 0.011994510238909115 0.0077783209495994503 -0.0079255047372264412 0.0016740323659281805 -0.0012997989261864847 0.010002083419068167
leaf_weight=30.274116949474774 25.217633927066345 33.673761732477942 28.125991013090243 9.9318238368505245 133.27116897317319 30.113354735774919
leaf_count=13553 974 3608 1267 413 5715 639
internal_value=0 -0.00461397 0.000464927 -0.0121957 0.00252318 0.000849846
internal_weight=290.608 102.006 61.7998 40.2059 188.602 163.385
internal_count=26169 18841 4875 13966 7328 6354
is_linear=0
shrinkage=0.025


Tree=224
num_leaves=7
num_cat=0
split_feature=21 0 62 16 1 61
split_gain=5.46708 6.70851 5.08844 6.06215 4.63978 4.60475
threshold=0.70400000000000007 0.48220000000000002 0.58333333333333337 0.63735150000000018 0.50750878453254711 0.44871700000000009
decision_type=2 2 2 2 2 2
left_child=1 4 3 -2 -1 -6
right_child=2 -3 -4 -5 5 -7
leaf_value=-0.0094767611121685559 -0.0078305161120134446 -0.011305795660484209 -0.0018550307938914904 0.009250417631398531 0.0069910402188920195 -0.012543202815167348
leaf_weight=18.338607374340427 12.835138141628702 45.731216883414163 75.285566029542679 81.443865442415699 49.865921923086717 6.2064399478258556
leaf_count=9116 394 7923 4444 1896 1914 482
internal_value=0 -0.00403319 0.00287473 0.0066924 0.000544826 0.00423639
internal_weight=289.707 120.142 169.565 94.279 74.411 56.0724
internal_count=26169 19435 6734 2290 11512 2396
is_linear=0
shrinkage=0.025


Tree=225
num_leaves=7
num_cat=0
split_feature=60 1 49 31 8 17
split_gain=5.41326 5.17495 5.65129 5.23824 4.84068 6.23538
threshold=0.82000000000000017 0.58794724941253673 1.0000000180025095e-35 0.66932700000000012 1.0000000180025095e-35 0.63418550000000007
decision_type=2 2 2 2 2 2
left_child=1 2 -1 -3 -2 -6
right_child=4 3 -4 -5 5 -7
leaf_value=0.0024685418928882194 -0.019939939493333437 0.0027065502114340199 -0.010474085738044637 0.01889023610047795 0.006881927247507795 -0.011617667714763575
leaf_weight=43.046642918643556 11.466018501310826 146.12327862552775 36.131935438181245 11.680562444904352 20.05512321911192 20.174193895489225
leaf_count=6502 3196 3783 9269 331 1091 1997
internal_value=0 0.00161465 -0.00347032 0.00423496 -0.00713493 -0.00232741
internal_weight=288.678 236.982 79.1786 157.804 51.6953 40.2293
internal_count=26169 19885 15771 4114 6284 3088
is_linear=0
shrinkage=0.025


Tree=226
num_leaves=7
num_cat=0
split_feature=62 21 0 31 61 32
split_gain=5.20702 5.46043 5.34123 4.18268 4.13862 7.32503
threshold=0.91666666666666685 0.70400000000000007 0.48220000000000002 0.31926400000000005 0.72035700000000003 0.48273500000000008
decision_type=2 2 2 2 2 2
left_child=1 2 3 -1 5 -3
right_child=-2 4 -4 -5 -6 -7
leaf_value=-0.0037271993981429462 -0.011406159026958613 -0.0021377888173869674 -0.010334066763388288 0.0083972342162988538 0.011331520632281301 0.01098267102231182
leaf_weight=43.502358777161135 20.544451610883698 88.820763654744951 39.252901700638176 26.24479130702457 34.484515592281241 34.767151294872747
leaf_count=7824 5453 3172 6222 1343 1408 747
internal_value=0 0.000975057 -0.00324269 0.000846632 0.00394314 0.00162837
internal_weight=287.617 267.072 109 69.7472 158.072 123.588
internal_count=26169 20716 15389 9167 5327 3919
is_linear=0
shrinkage=0.025


Tree=227
num_leaves=7
num_cat=0
split_feature=60 1 49 31 22 20
split_gain=5.35661 4.85005 5.22974 5.07209 4.87285 4.56251
threshold=0.82000000000000017 0.58794724941253673 1.0000000180025095e-35 0.66932700000000012 0.41060950000000002 0.69749450000000013
decision_type=2 2 2 2 2 2
left_child=1 2 -1 -3 -4 -2
right_child=5 3 4 -5 -6 -7
leaf_value=0.0023714883358819726 -0.015911556618714164 0.0026373593885151056 -0.017451679160312577 0.018587079787843613 0.00018539347859510219 -0.00069845802451111091
leaf_weight=42.877637100207721 19.49436258636706 145.38801382266684 20.352528348696069 11.640823511697816 15.353512018853506 31.522653095733403
leaf_count=6502 4315 3783 7991 331 1278 1969
internal_value=0 0.00160629 -0.00333473 0.00414734 -0.0101229 -0.00714685
internal_weight=286.63 235.613 78.5837 157.029 35.706 51.017
internal_count=26169 19885 15771 4114 9269 6284
is_linear=0
shrinkage=0.025


Tree=228
num_leaves=7
num_cat=0
split_feature=60 48 9 24 43 29
split_gain=5.35041 4.7827 6.31647 5.81776 6.22624 5.94088
threshold=0.82000000000000017 0.67393350000000007 0.78000000000000014 0.25000000000000006 1.0000000180025095e-35 0.31620650000000006
decision_type=2 2 2 2 2 2
left_child=1 3 -3 5 -5 -1
right_child=-2 2 -4 4 -6 -7
leaf_value=-0.0094979429469068902 -0.0071540895127226167 -0.011488445610766821 0.015197918311002765 0.0052053635655770628 -0.010803361352742045 0.0066617857486035636
leaf_weight=54.069068645152583 50.852344389730206 4.5480906564916976 26.14582138689002 119.20316503848153 14.693870199607771 16.351468140370343
leaf_count=9052 6284 202 467 6543 2432 1189
internal_value=0 0.00160703 0.0104126 0.000132011 0.0032186 -0.00552595
internal_weight=285.864 235.011 30.6939 204.318 133.897 70.4205
internal_count=26169 19885 669 19216 8975 10241
is_linear=0
shrinkage=0.025


Tree=229
num_leaves=7
num_cat=0
split_feature=19 17 20 84 1 0
split_gain=5.19944 6.13982 6.2381 4.50917 4.7095 5.11271
threshold=0.7009645000000001 0.64358250000000006 0.67972750000000015 0.13263674165689307 0.71458289027214061 0.77950000000000008
decision_type=2 2 2 2 2 2
left_child=1 -1 -3 -2 -5 -6
right_child=3 2 -4 4 5 -7
leaf_value=-0.011974605485998158 0.011895552844020505 0.0075903495695160269 -0.0078440677255827273 -0.0012236628535276424 -0.0028702966053879854 0.016906694652689205
leaf_weight=38.87756649723633 24.772624459525105 32.986524353955247 27.774452500183543 130.78909140013639 11.334021124872381 18.24535759491846
leaf_count=13966 974 3608 1267 5715 244 395
internal_value=0 -0.00453893 0.000365632 0.00247067 0.00080081 0.0094228
internal_weight=284.78 99.6385 60.761 185.141 160.368 29.5794
internal_count=26169 18841 4875 7328 6354 639
is_linear=0
shrinkage=0.025


Tree=230
num_leaves=7
num_cat=0
split_feature=60 48 9 31 58 8
split_gain=5.2239 4.79132 6.15199 5.4885 8.8738 4.63939
threshold=0.82000000000000017 0.67393350000000007 0.78000000000000014 0.4765890000000001 0.31583350000000004 1.0000000180025095e-35
decision_type=2 2 2 2 2 2
left_child=1 3 -3 4 -1 -2
right_child=5 2 -4 -5 -6 -7
leaf_value=-0.010274763518434211 -0.01976028182413448 -0.011286786242707462 0.015104716119506421 0.0093481499207696602 0.0019621250565257458 -0.0023192449011842837
leaf_weight=49.943537473282959 11.177420703587812 4.5137764942337553 26.174905936291907 31.411309053131845 121.89023947026726 39.39983599651714
leaf_count=9585 3196 202 467 1410 8221 3088
internal_value=0 0.00159112 0.0104015 0.000108057 -0.00164068 -0.0070877
internal_weight=284.511 233.934 30.6887 203.245 171.834 50.5773
internal_count=26169 19885 669 19216 17806 6284
is_linear=0
shrinkage=0.025


Tree=231
num_leaves=7
num_cat=0
split_feature=61 44 2 0 62 0
split_gain=5.11032 6.40095 6.22105 6.94941 5.34722 5.86778
threshold=0.72035700000000003 0.15442000000000003 0.75098425149917614 0.48566650000000006 0.58333333333333337 0.80880000000000007
decision_type=2 2 2 2 2 2
left_child=1 4 3 -3 5 -1
right_child=-2 2 -4 -5 -6 -7
leaf_value=-0.0046769807306115815 0.008221892338959402 0.0069799723842474612 0.016882023586656511 -0.004161475617175195 -0.012497888057010251 0.016870999773552477
leaf_weight=36.622927998098021 38.094508124573622 53.699606201134884 12.66232836130075 90.198099163641018 44.607300325786127 7.3822623448650111
leaf_count=4697 1754 2382 155 4320 12764 97
internal_value=0 -0.0013476 0.0016502 0 -0.00664009 -0.000161348
internal_weight=283.267 245.173 156.56 143.898 88.6125 44.0052
internal_count=26169 24415 6857 6702 17558 4794
is_linear=0
shrinkage=0.025


Tree=232
num_leaves=7
num_cat=0
split_feature=61 44 2 0 19 22
split_gain=4.94144 6.01417 5.94814 6.56422 5.25933 4.04185
threshold=0.72035700000000003 0.15442000000000003 0.75098425149917614 0.48566650000000006 0.75306550000000005 0.49268850000000003
decision_type=2 2 2 2 2 2
left_child=1 4 3 -3 5 -1
right_child=-2 2 -4 -5 -6 -7
leaf_value=-0.011550268540448971 0.0080899193529981005 0.0067551749277437803 0.016579751184594992 -0.0040834640790893256 0.0062233488833871942 0.0038576400805994692
leaf_weight=63.221448438277548 38.027614683029242 53.646378533703682 12.458883766317738 89.88819323800999 14.350997036701299 10.483644972904584
leaf_count=16712 1754 2382 155 4320 400 446
internal_value=0 -0.00132981 0.00157754 0 -0.00647824 -0.0091892
internal_weight=282.077 244.05 155.993 143.535 88.0561 73.7051
internal_count=26169 24415 6857 6702 17558 17158
is_linear=0
shrinkage=0.025


Tree=233
num_leaves=7
num_cat=0
split_feature=60 1 49 31 20 22
split_gain=5.07608 4.7483 4.96852 4.71923 4.38655 4.20591
threshold=0.82000000000000017 0.58794724941253673 1.0000000180025095e-35 0.66932700000000012 0.69749450000000013 0.41060950000000002
decision_type=2 2 2 2 2 2
left_child=1 2 -1 -3 -2 -4
right_child=4 3 5 -5 -6 -7
leaf_value=0.0022517864313095462 -0.015706784971445727 0.0026372977676108961 -0.016966778296632502 0.018155890369883462 -0.00064175978259623173 0
leaf_weight=42.142933679994712 19.059108355764693 142.76346971001476 19.744764663282695 11.432116707030216 30.949442544722842 15.303772499464683
leaf_count=6502 4315 3783 7991 331 1969 1278
internal_value=0 0.001577 -0.00335308 0.004115 -0.00702439 -0.0100267
internal_weight=281.396 231.387 77.1915 154.196 50.0086 35.0485
internal_count=26169 19885 15771 4114 6284 9269
is_linear=0
shrinkage=0.025


Tree=234
num_leaves=7
num_cat=0
split_feature=39 29 62 19 15 47
split_gain=4.93566 4.98353 6.26339 4.88615 4.73463 4.68148
threshold=1.0000000180025095e-35 1.0000000180025095e-35 0.41666666666666669 0.6478155000000001 0.48619900000000005 0.93479450000000008
decision_type=2 2 2 2 2 2
left_child=5 2 -2 -3 -4 -1
right_child=1 3 4 -5 -6 -7
leaf_value=-0.013036420547918476 0.0079227645089073231 -0.013995853977609966 -0.014753147698785583 0.0068619660057060968 -0.0017289248941583628 0.0041685722265273296
leaf_weight=28.630361804911445 29.697080789446773 4.9864846701111665 20.429120351376696 98.733412789042632 85.92231901066134 12.075836545118362
leaf_count=6632 1287 1972 3342 3357 9415 164
internal_value=0 0.0013882 -0.00170382 0.00547101 -0.00459252 -0.00778402
internal_weight=280.475 239.768 136.049 103.72 106.351 40.7062
internal_count=26169 19373 14044 5329 12757 6796
is_linear=0
shrinkage=0.025


Tree=235
num_leaves=7
num_cat=0
split_feature=60 19 1 39 0 83
split_gain=4.9316 4.44134 6.48407 5.29869 6.32644 4.37269
threshold=0.82000000000000017 0.76890650000000005 0.67976158857345592 1.0000000180025095e-35 0.80776700000000012 0.88146743978590558
decision_type=2 2 2 2 2 2
left_child=1 3 -3 -1 -5 -2
right_child=5 2 -4 4 -6 -7
leaf_value=-0.0094981982211551838 -0.012804597065174365 0 0.024102672232929487 -0.00020568576781102669 0.012016378583665756 0.001541097516611012
leaf_weight=27.133572018688028 29.196547209858181 14.440085502108561 10.201997847296296 148.60555970135465 29.352433015534189 20.324563910475263
leaf_count=5106 5704 339 106 13601 733 580
internal_value=0 0.0015585 0.0110707 0.000253888 0.00190028 -0.0069575
internal_weight=279.255 229.734 24.6421 205.092 177.958 49.5211
internal_count=26169 19885 445 19440 14334 6284
is_linear=0
shrinkage=0.025


Tree=236
num_leaves=7
num_cat=0
split_feature=60 1 49 31 22 22
split_gain=4.91699 4.28328 4.72603 4.56414 4.07075 4.06992
threshold=0.82000000000000017 0.58794724941253673 1.0000000180025095e-35 0.66932700000000012 0.38669450000000005 0.41060950000000002
decision_type=2 2 2 2 2 2
left_child=1 2 -1 4 -3 -4
right_child=-2 3 5 -5 -6 -7
leaf_value=0.002325703015609588 -0.0069509642166339205 -0.0024000812729235025 -0.016637174417249666 0.017845739652242131 0.0060198432721284018 0
leaf_weight=41.800522242832812 49.447083914215 58.016199915582547 19.313274024307248 11.31275316007668 83.308943966112565 15.227975966525262
leaf_count=6502 6284 2004 7991 331 1779 1278
internal_value=0 0.00155989 -0.00314527 0.00398234 0.00252086 -0.00971238
internal_weight=278.427 228.98 76.3418 152.638 141.325 34.5412
internal_count=26169 19885 15771 4114 3783 9269
is_linear=0
shrinkage=0.025


Tree=237
num_leaves=7
num_cat=0
split_feature=60 8 17 15 28 48
split_gain=4.9419 4.31777 5.30276 5.10669 4.38203 4.22509
threshold=0.82000000000000017 1.0000000180025095e-35 0.63418550000000007 0.63613300000000017 1.0000000180025095e-35 0.72016650000000004
decision_type=2 2 2 2 2 2
left_child=5 -2 3 -3 -4 -1
right_child=1 2 4 -5 -6 -7
leaf_value=0.00020022124100029382 -0.019428139245191448 -0.011126291695241508 0.0053213780036950181 0.01353322278040928 -0.017840974040980711 0.010239606311866855
leaf_weight=200.32934759895943 10.738238276891932 5.0525014190425308 5.3225711732629888 14.459593222563852 13.853689746058079 28.017379202996381
leaf_count=19266 3196 493 371 598 1626 619
internal_value=0 -0.00696843 -0.00232838 0.00621189 -0.0111361 0.00156748
internal_weight=277.773 49.4266 38.6884 19.5121 19.1763 228.347
internal_count=26169 6284 3088 1091 1997 19885
is_linear=0
shrinkage=0.025


Tree=238
num_leaves=7
num_cat=0
split_feature=62 61 49 21 47 8
split_gain=4.76278 4.95346 5.28844 6.36924 5.64087 5.16278
threshold=0.91666666666666685 0.53044100000000005 1.0000000180025095e-35 0.51000000000000012 0.77426000000000006 1.0000000180025095e-35
decision_type=2 2 2 2 2 2
left_child=1 2 3 -1 -4 -3
right_child=-2 5 4 -5 -6 -7
leaf_value=-0.00015635041203872492 -0.011106965008276371 -0.013641471118466345 -0.010868711906379284 0.018312335025128069 0.0011462944231903928 0.0070599351766743789
leaf_weight=56.916260450738264 19.726381472011781 5.6408736594603388 51.5543449645902 11.884640690705053 41.575627186335623 89.501132090954343
leaf_count=6054 5453 422 9974 415 868 2983
internal_value=0 0.000951053 -0.00166697 0.00344142 -0.00552366 0.00542511
internal_weight=276.799 257.073 161.931 68.8009 93.13 95.142
internal_count=26169 20716 17311 6469 10842 3405
is_linear=0
shrinkage=0.025


Tree=239
num_leaves=7
num_cat=0
split_feature=39 22 43 17 1 16
split_gain=4.6973 4.60592 4.48451 4.47359 4.8301 3.93841
threshold=1.0000000180025095e-35 0.49268850000000003 1.0000000180025095e-35 0.60436650000000014 0.73073196411132824 0.69551200000000013
decision_type=2 2 2 2 2 2
left_child=2 3 -1 4 -2 -5
right_child=1 -3 -4 5 -6 -7
leaf_value=-0.0026419518425280886 -0.012040940985792262 0.0075874279595197994 -0.022567696535800763 0.0044784969918353597 0.0090669889843907059 -0.0039580796332954376
leaf_weight=32.403925188438734 31.019243393714532 54.298676581049222 7.4201910763231345 93.716701280415691 6.0534999135415992 50.801848415572749
leaf_count=4296 7014 2131 2500 8298 82 1848
internal_value=0 0.00136264 -0.00767507 -0.000528898 -0.00801811 0.00143644
internal_weight=275.714 235.89 39.8241 181.591 37.0727 144.519
internal_count=26169 19373 6796 17242 7096 10146
is_linear=0
shrinkage=0.025


end of trees

feature_importances:
Column_9=103
Column_62=103
Column_2=102
Column_1=90
Column_29=90
Column_60=81
Column_0=78
Column_44=73
Column_19=72
Column_61=72
Column_39=64
Column_47=52
Column_43=41
Column_22=33
Column_31=33
Column_20=32
Column_21=32
Column_83=32
Column_49=28
Column_16=24
Column_84=24
Column_6=23
Column_15=22
Column_48=22
Column_17=15
Column_32=15
Column_34=15
Column_85=12
Column_18=8
Column_24=8
Column_33=7
Column_8=6
Column_46=6
Column_55=4
Column_41=3
Column_86=3
Column_14=2
Column_28=2
Column_37=2
Column_58=2
Column_26=1
Column_30=1
Column_50=1
Column_59=1

parameters:
[boosting: gbdt]
[objective: lambdarank]
[metric: ndcg]
[tree_learner: serial]
[device_type: cpu]
[data_sample_strategy: bagging]
[data: ]
[valid: ]
[num_iterations: 240]
[learning_rate: 0.025]
[num_leaves: 7]
[num_threads: 6]
[seed: 20260902]
[deterministic: 0]
[force_col_wise: 0]
[force_row_wise: 0]
[histogram_pool_size: -1]
[max_depth: 4]
[min_data_in_leaf: 28]
[min_sum_hessian_in_leaf: 0.001]
[bagging_fraction: 1]
[pos_bagging_fraction: 1]
[neg_bagging_fraction: 1]
[bagging_freq: 0]
[bagging_seed: 23741]
[bagging_by_query: 0]
[feature_fraction: 0.9]
[feature_fraction_bynode: 1]
[feature_fraction_seed: 21436]
[extra_trees: 0]
[extra_seed: 2579]
[early_stopping_round: 0]
[early_stopping_min_delta: 0]
[first_metric_only: 0]
[max_delta_step: 0]
[lambda_l1: 0.35]
[lambda_l2: 2.5]
[linear_lambda: 0]
[min_gain_to_split: 0]
[drop_rate: 0.1]
[max_drop: 50]
[skip_drop: 0.5]
[xgboost_dart_mode: 0]
[uniform_drop: 0]
[drop_seed: 28913]
[top_rate: 0.2]
[other_rate: 0.1]
[min_data_per_group: 100]
[max_cat_threshold: 32]
[cat_l2: 10]
[cat_smooth: 10]
[max_cat_to_onehot: 4]
[top_k: 20]
[monotone_constraints: ]
[monotone_constraints_method: basic]
[monotone_penalty: 0]
[feature_contri: ]
[forcedsplits_filename: ]
[refit_decay_rate: 0.9]
[cegb_tradeoff: 1]
[cegb_penalty_split: 0]
[cegb_penalty_feature_lazy: ]
[cegb_penalty_feature_coupled: ]
[path_smooth: 0]
[interaction_constraints: ]
[verbosity: -1]
[saved_feature_importance_type: 0]
[use_quantized_grad: 0]
[num_grad_quant_bins: 4]
[quant_train_renew_leaf: 0]
[stochastic_rounding: 1]
[linear_tree: 0]
[max_bin: 255]
[max_bin_by_feature: ]
[min_data_in_bin: 3]
[bin_construct_sample_cnt: 200000]
[data_random_seed: 5027]
[is_enable_sparse: 1]
[enable_bundle: 1]
[use_missing: 1]
[zero_as_missing: 0]
[feature_pre_filter: 1]
[pre_partition: 0]
[two_round: 0]
[header: 0]
[label_column: ]
[weight_column: ]
[group_column: ]
[ignore_column: ]
[categorical_feature: ]
[forcedbins_filename: ]
[precise_float_parser: 0]
[parser_config_file: ]
[objective_seed: 17236]
[num_class: 1]
[is_unbalance: 0]
[scale_pos_weight: 1]
[sigmoid: 1]
[boost_from_average: 1]
[reg_sqrt: 0]
[alpha: 0.9]
[fair_c: 1]
[poisson_max_delta_step: 0.7]
[tweedie_variance_power: 1.5]
[lambdarank_truncation_level: 5]
[lambdarank_norm: 1]
[label_gain: ]
[lambdarank_position_bias_regularization: 0]
[eval_at: 1,2,3,4,5]
[multi_error_top_k: 1]
[auc_mu_weights: ]
[num_machines: 1]
[local_listen_port: 12400]
[time_out: 120]
[machine_list_filename: ]
[machines: ]
[gpu_platform_id: -1]
[gpu_device_id: -1]
[gpu_device_id_list: ]
[gpu_use_dp: 0]
[num_gpu: 1]

end of parameters

pandas_categorical:null
